push_n,fell,recovered,recovery_time_s,max_tilt_deg,velocity_loss,pre_push_vel_err,feet_in_contact_at_push,peak_dv,direction_deg
700.0,True,False,nan,50.028724670410156,0.14016462862491608,0.9039769172668457,3.0,3.731736421585083,0.0
700.0,True,False,nan,50.50749969482422,0.1435825526714325,0.827788233757019,5.0,3.7614753246307373,0.0
700.0,True,False,nan,48.34210205078125,0.15152065455913544,0.9821332693099976,5.0,3.9316563606262207,0.0
700.0,True,False,nan,55.0318603515625,0.11871903389692307,1.2261921167373657,3.0,3.9508185386657715,0.0
700.0,True,False,nan,46.939300537109375,0.1542491763830185,0.8013080358505249,4.0,3.7103936672210693,0.0
700.0,True,False,nan,54.21294403076172,0.13671982288360596,0.9776537418365479,6.0,3.823835611343384,0.0
700.0,True,False,nan,48.11384201049805,0.13236361742019653,0.9236356616020203,6.0,3.546947956085205,0.0
700.0,True,False,nan,46.95614242553711,0.16369903087615967,0.806501567363739,7.0,3.664149045944214,0.0
700.0,True,False,nan,47.005348205566406,0.1464143842458725,0.7544422745704651,9.0,3.361288070678711,0.0
700.0,True,False,nan,47.01042556762695,0.14456237852573395,0.8099169135093689,4.0,3.4568183422088623,0.0
700.0,True,False,nan,45.66119384765625,0.13953492045402527,1.1322249174118042,5.0,3.70682692527771,0.0
700.0,True,False,nan,45.14765930175781,0.1500093936920166,0.8036584258079529,6.0,3.406630516052246,0.0
700.0,True,False,nan,47.620906829833984,0.16593265533447266,0.9397261142730713,3.0,3.5373663902282715,0.0
700.0,True,False,nan,46.87163162231445,0.15159878134727478,0.7972997426986694,4.0,3.4578323364257812,0.0
700.0,True,False,nan,45.345157623291016,0.32964298129081726,0.6825004816055298,12.0,3.507035493850708,0.0
700.0,True,False,nan,46.946929931640625,0.38943707942962646,0.7583759427070618,9.0,3.416924238204956,0.0
700.0,True,False,nan,49.445682525634766,0.3723432123661041,0.8935040235519409,3.0,3.6378672122955322,0.0
700.0,True,False,nan,45.581756591796875,0.35200604796409607,0.7330493927001953,9.0,3.37127423286438,0.0
700.0,True,False,nan,49.15046691894531,0.35875967144966125,0.7618188261985779,2.0,3.5441510677337646,0.0
700.0,True,False,nan,50.69856262207031,0.3278432786464691,0.8564293384552002,7.0,3.5294578075408936,0.0
700.0,True,False,nan,46.543235778808594,0.40267765522003174,0.7422242164611816,4.0,3.713543653488159,0.0
700.0,True,False,nan,45.13235855102539,0.3451853394508362,0.8477683067321777,4.0,3.569488286972046,0.0
700.0,True,False,nan,46.73078918457031,0.08518542349338531,1.7052149772644043,14.0,3.735891819000244,0.0
700.0,True,False,nan,51.15895080566406,0.4395435154438019,1.0554293394088745,4.0,3.47240948677063,0.0
700.0,True,False,nan,45.397705078125,0.3990294933319092,0.9995847940444946,4.0,3.499724864959717,0.0
700.0,True,False,nan,46.75852966308594,0.44833096861839294,0.7863118052482605,9.0,3.548279047012329,0.0
700.0,True,False,nan,51.944461822509766,0.2292473167181015,1.4675357341766357,11.0,3.455923557281494,0.0
700.0,True,False,nan,49.42095947265625,0.29045912623405457,1.0060791969299316,8.0,3.397522211074829,0.0
700.0,True,False,nan,50.472137451171875,0.46991556882858276,0.8075136542320251,3.0,3.233637809753418,0.0
700.0,True,False,nan,46.11852264404297,0.49410074949264526,0.7162058353424072,5.0,3.967319965362549,0.0
700.0,True,False,nan,47.07146453857422,0.49406835436820984,0.7033312320709229,5.0,3.6719613075256348,0.0
700.0,True,False,nan,45.98054885864258,0.3120236396789551,1.086586833000183,5.0,3.437694787979126,0.0
700.0,True,False,nan,45.35234832763672,0.25499626994132996,1.1987345218658447,7.0,3.6065163612365723,0.0
700.0,True,False,nan,45.730525970458984,0.48901429772377014,0.7890413403511047,5.0,3.7341485023498535,0.0
700.0,True,False,nan,46.88346862792969,0.42295709252357483,1.5019830465316772,11.0,3.1043903827667236,0.0
700.0,True,False,nan,45.37161636352539,0.5754691362380981,1.104893445968628,5.0,3.537900924682617,0.0
700.0,True,False,nan,47.678749084472656,0.33285951614379883,1.5584824085235596,5.0,3.274543046951294,0.0
700.0,True,False,nan,46.965091705322266,0.6013059616088867,1.3192687034606934,5.0,3.460913896560669,0.0
700.0,True,False,nan,45.957332611083984,0.14291557669639587,2.0220797061920166,5.0,3.097025156021118,0.0
700.0,True,False,nan,49.26613998413086,0.19809895753860474,1.5024358034133911,9.0,3.5333163738250732,0.0
700.0,True,False,nan,50.762603759765625,0.3940998315811157,1.3825801610946655,8.0,3.504293203353882,0.0
700.0,True,False,nan,46.33420944213867,0.28465861082077026,1.6327334642410278,7.0,3.500624418258667,0.0
700.0,False,True,0.6200000047683716,29.171180725097656,0.6255916357040405,1.0641586780548096,6.0,3.336149215698242,0.0
700.0,False,True,0.85999995470047,39.856353759765625,0.5194596648216248,1.3673827648162842,10.0,3.663059949874878,0.0
700.0,False,True,0.5999999642372131,27.26897430419922,0.3812403678894043,1.4491900205612183,5.0,3.388856887817383,0.0
700.0,False,True,0.8199999928474426,29.849275588989258,1.3270580768585205,0.9568633437156677,5.0,3.3067286014556885,0.0
700.0,False,True,0.6200000047683716,36.78244400024414,0.5956998467445374,1.0579519271850586,6.0,3.770433187484741,0.0
700.0,False,True,0.2199999988079071,31.97725486755371,0.12556971609592438,1.6996550559997559,14.0,3.5357820987701416,0.0
700.0,False,True,1.3600000143051147,40.1436653137207,0.5798476934432983,1.4057420492172241,9.0,3.272966146469116,0.0
700.0,False,True,0.7599999904632568,31.58007049560547,0.4371553063392639,1.6794750690460205,7.0,3.427936553955078,0.0
700.0,False,True,0.6200000047683716,41.58143615722656,0.5840023159980774,1.1873303651809692,7.0,3.6185643672943115,0.0
700.0,False,True,0.6200000047683716,26.915491104125977,0.49140018224716187,1.350175380706787,5.0,3.2956907749176025,0.0
700.0,False,True,0.5199999809265137,38.7275505065918,0.2499331533908844,1.5000132322311401,14.0,3.2640247344970703,0.0
700.0,False,True,0.7999999523162842,37.117103576660156,0.35041943192481995,1.6332272291183472,13.0,3.2233242988586426,0.0
700.0,False,True,0.29999998211860657,34.12701416015625,0.11981204152107239,1.7798172235488892,14.0,3.3784942626953125,0.0
700.0,False,True,0.8999999761581421,35.85530090332031,0.8215345740318298,0.9564846158027649,6.0,3.76969313621521,0.0
700.0,False,True,0.29999998211860657,35.1669921875,0.1725519299507141,1.5992180109024048,14.0,3.5606236457824707,0.0
700.0,False,True,0.8399999737739563,33.08766174316406,1.07813560962677,0.9888467192649841,6.0,3.6186904907226562,0.0
700.0,False,True,0.7199999690055847,26.88094711303711,0.5460972785949707,1.6626800298690796,6.0,3.2183685302734375,0.0
700.0,False,True,0.8999999761581421,42.53046798706055,0.9659354090690613,0.9080726504325867,5.0,3.6252729892730713,0.0
700.0,False,True,0.8799999952316284,42.00069046020508,0.618151068687439,1.2549691200256348,8.0,3.642206907272339,0.0
700.0,False,True,0.6200000047683716,31.980398178100586,0.7536081671714783,0.9426248073577881,6.0,3.465416431427002,0.0
700.0,False,True,0.2800000011920929,36.7476692199707,0.17491945624351501,1.5625072717666626,14.0,3.6833038330078125,0.0
700.0,False,True,0.8399999737739563,38.04677200317383,0.36353757977485657,1.5299923419952393,14.0,3.1954610347747803,0.0
700.0,True,False,nan,54.21302032470703,0.1367199569940567,0.9776507616043091,6.0,3.82382869720459,0.0
700.0,True,False,nan,50.507240295410156,0.14358234405517578,0.827786922454834,5.0,3.7614715099334717,0.0
700.0,True,False,nan,55.02987289428711,0.11871941387653351,1.2262407541275024,3.0,3.950951099395752,0.0
700.0,True,False,nan,46.483253479003906,0.16562233865261078,0.8061226606369019,6.0,3.650690793991089,0.0
700.0,True,False,nan,50.0288200378418,0.1401650309562683,0.9039754271507263,3.0,3.7317347526550293,0.0
700.0,True,False,nan,48.342124938964844,0.15151967108249664,0.9821437001228333,5.0,3.931657314300537,0.0
700.0,True,False,nan,47.638099670410156,0.16787810623645782,0.9396623373031616,4.0,3.5615129470825195,0.0
700.0,True,False,nan,48.1137580871582,0.13236184418201447,0.9236392378807068,6.0,3.5469605922698975,0.0
700.0,True,False,nan,46.93915557861328,0.15424755215644836,0.8013174533843994,4.0,3.7103865146636963,0.0
700.0,True,False,nan,45.35694122314453,0.14240866899490356,1.118619441986084,5.0,3.6867871284484863,0.0
700.0,True,False,nan,47.00507736206055,0.14641372859477997,0.7544429302215576,9.0,3.3613061904907227,0.0
700.0,True,False,nan,47.009647369384766,0.1445634365081787,0.8099138736724854,4.0,3.456784963607788,0.0
700.0,True,False,nan,46.871421813964844,0.15159937739372253,0.7972932457923889,4.0,3.457840919494629,0.0
700.0,True,False,nan,45.3393440246582,0.3274405002593994,0.6906862854957581,12.0,3.5066211223602295,0.0
700.0,True,False,nan,46.9466552734375,0.3894396424293518,0.7583770751953125,9.0,3.4169304370880127,0.0
700.0,True,False,nan,50.69926834106445,0.3278596103191376,0.8563687205314636,7.0,3.529477834701538,0.0
700.0,True,False,nan,49.4456901550293,0.372344046831131,0.893502950668335,3.0,3.6378684043884277,0.0
700.0,True,False,nan,49.15040969848633,0.35876208543777466,0.7618155479431152,2.0,3.5441391468048096,0.0
700.0,True,False,nan,45.581607818603516,0.3520054221153259,0.7330499887466431,9.0,3.371272325515747,0.0
700.0,True,False,nan,46.5128288269043,0.40247610211372375,0.7423107028007507,4.0,3.7150609493255615,0.0
700.0,True,False,nan,45.133567810058594,0.34518465399742126,0.847769558429718,4.0,3.5694971084594727,0.0
700.0,True,False,nan,51.158721923828125,0.4395447373390198,1.0554289817810059,4.0,3.4724087715148926,0.0
700.0,True,False,nan,45.37141799926758,0.3992595076560974,0.9994598627090454,4.0,3.4990949630737305,0.0
700.0,True,False,nan,51.941287994384766,0.22916944324970245,1.4679844379425049,11.0,3.4555234909057617,0.0
700.0,True,False,nan,46.729026794433594,0.08518911898136139,1.7052009105682373,14.0,3.735905647277832,0.0
700.0,True,False,nan,41.356849670410156,0.40620115399360657,0.7863141894340515,9.0,3.5482707023620605,0.0
700.0,True,False,nan,2.6872968673706055,0.0,0.7162108421325684,5.0,0.5200982689857483,0.0
700.0,True,False,nan,8.843846321105957,0.0037470434326678514,1.5584933757781982,5.0,2.092991352081299,0.0
700.0,True,False,nan,1.9561474323272705,0.0,0.8036447763442993,6.0,0.3984210789203644,0.0
700.0,True,False,nan,35.800540924072266,0.06221812590956688,1.5021406412124634,11.0,3.1048271656036377,0.0
700.0,True,False,nan,2.4712424278259277,0.0010336685227230191,0.7033266425132751,5.0,0.5539045929908752,0.0
700.0,True,False,nan,43.87923049926758,0.2251584529876709,1.0866855382919312,4.0,3.437868356704712,0.0
700.0,True,False,nan,39.95991516113281,0.1476113200187683,1.1048930883407593,5.0,3.5379018783569336,0.0
700.0,True,False,nan,35.736515045166016,0.3137948513031006,0.8075265288352966,3.0,3.2336392402648926,0.0
700.0,True,False,nan,50.89499282836914,0.3904625475406647,0.9776486754417419,6.0,2.7414710521698,90.0
700.0,True,False,nan,49.82405471801758,0.6202380657196045,0.7544460296630859,9.0,3.452242851257324,90.0
700.0,True,False,nan,45.19511795043945,0.6475670337677002,0.8099191784858704,4.0,3.3858437538146973,90.0
700.0,True,False,nan,51.19317626953125,0.41694971919059753,0.8277884125709534,5.0,2.7989094257354736,90.0
700.0,True,False,nan,45.63780975341797,0.5355516672134399,1.5584887266159058,5.0,3.682497978210449,90.0
700.0,True,False,nan,45.5701904296875,0.5420099496841431,1.4057763814926147,9.0,3.657470941543579,90.0
700.0,True,False,nan,48.559696197509766,0.5828784704208374,0.8036578893661499,6.0,3.5437166690826416,90.0
700.0,True,False,nan,45.448455810546875,0.44053781032562256,1.7052001953125,14.0,3.345309257507324,90.0
700.0,True,False,nan,47.75817108154297,0.6686602830886841,0.797294557094574,4.0,3.597543239593506,90.0
700.0,True,False,nan,50.511905670166016,0.6012553572654724,1.0865823030471802,5.0,3.622220993041992,90.0
700.0,True,False,nan,46.522865295410156,0.4640403091907501,1.5299906730651855,14.0,3.757066011428833,90.0
700.0,True,False,nan,47.119422912597656,0.4640733599662781,2.022097110748291,5.0,3.6576032638549805,90.0
700.0,True,False,nan,47.735286712646484,0.4251694977283478,1.4674408435821533,14.0,3.343440294265747,90.0
700.0,True,False,nan,45.62163162231445,0.5345116257667542,1.132225513458252,5.0,3.4592394828796387,90.0
700.0,True,False,nan,46.17778015136719,0.5255792737007141,0.9397240281105042,3.0,3.1649725437164307,90.0
700.0,True,False,nan,46.15753936767578,0.519508957862854,1.500008225440979,14.0,3.663938283920288,90.0
700.0,True,False,nan,48.4171257019043,0.5656693577766418,1.6327004432678223,7.0,3.505901575088501,90.0
700.0,True,False,nan,45.42985916137695,0.6954008936882019,1.5019804239273071,11.0,3.777477741241455,90.0
700.0,True,False,nan,47.56442642211914,0.5454950332641602,0.6904655694961548,12.0,2.779250383377075,90.0
700.0,True,False,nan,45.589805603027344,0.4433654546737671,0.8060926198959351,6.0,2.606314182281494,90.0
700.0,True,False,nan,45.511478424072266,0.34002670645713806,1.2262334823608398,3.0,2.641861915588379,90.0
700.0,True,False,nan,46.990745544433594,1.002350091934204,0.8563677072525024,7.0,2.8233442306518555,90.0
700.0,True,False,nan,45.27717971801758,1.7086371183395386,1.6794705390930176,7.0,3.403465986251831,90.0
700.0,True,False,nan,47.61726379394531,1.0561033487319946,0.7618140578269958,2.0,2.6505229473114014,90.0
700.0,True,False,nan,49.20835876464844,0.8562152981758118,0.9236430525779724,6.0,2.8727402687072754,90.0
700.0,True,False,nan,45.369964599609375,1.7954045534133911,1.5024281740188599,9.0,3.3372950553894043,90.0
700.0,True,False,nan,45.76029586791992,1.0972943305969238,0.7330539226531982,9.0,2.7188398838043213,90.0
700.0,True,False,nan,46.686214447021484,1.620864987373352,1.662674069404602,6.0,3.372124195098877,90.0
700.0,True,False,nan,45.864051818847656,1.4291434288024902,1.1049044132232666,5.0,3.498081684112549,90.0
700.0,True,False,nan,46.45355224609375,2.0319907665252686,1.350174903869629,5.0,3.3620479106903076,90.0
700.0,True,False,nan,45.225502014160156,1.7054874897003174,0.7863044738769531,9.0,2.668788433074951,90.0
700.0,True,False,nan,49.053890228271484,0.8737002611160278,0.8477857112884521,4.0,2.8515381813049316,90.0
700.0,True,False,nan,47.983394622802734,1.287940502166748,0.7583664655685425,9.0,2.77577805519104,90.0
700.0,False,True,1.3199999332427979,40.03007125854492,1.2627898454666138,0.9021707773208618,3.0,2.7646381855010986,90.0
700.0,False,True,2.1399998664855957,22.697465896606445,2.756833791732788,1.064164400100708,6.0,3.3150362968444824,90.0
700.0,False,True,2.1399998664855957,29.52972984313965,2.7010786533355713,1.366604208946228,9.0,3.4639217853546143,90.0
700.0,False,False,nan,36.58613586425781,3.6150481700897217,1.198732614517212,7.0,3.490386962890625,90.0
700.0,False,True,1.159999966621399,31.627666473388672,1.4337396621704102,0.7162044644355774,5.0,2.8408925533294678,90.0
700.0,False,False,nan,43.427032470703125,5.589529514312744,1.4491897821426392,5.0,3.496751308441162,90.0
700.0,False,True,1.7799999713897705,34.119468688964844,1.076335072517395,0.9821186065673828,5.0,2.5556700229644775,90.0
700.0,False,True,2.3399999141693115,43.09614944458008,4.041475772857666,1.3825782537460327,8.0,3.511864423751831,90.0
700.0,False,True,1.0799999237060547,25.881967544555664,0.8301742672920227,0.8877749443054199,3.0,2.550006866455078,90.0
700.0,False,True,0.8399999737739563,26.63458251953125,1.0280760526657104,0.7890372276306152,5.0,2.8635873794555664,90.0
700.0,False,True,2.1599998474121094,27.175960540771484,3.5081400871276855,0.9568612575531006,5.0,3.2556583881378174,90.0
700.0,False,False,nan,27.410125732421875,3.6776673793792725,1.0579397678375244,6.0,3.52250337600708,90.0
700.0,False,False,nan,35.55557632446289,4.153149604797363,1.3192709684371948,5.0,3.4480936527252197,90.0
700.0,False,True,1.459999918937683,22.969152450561523,2.5887277126312256,1.6996564865112305,14.0,3.4685592651367188,90.0
700.0,False,True,1.2400000095367432,27.9813175201416,1.4359406232833862,0.7422207593917847,4.0,2.7344422340393066,90.0
700.0,False,True,1.5799999237060547,39.70308303833008,2.767568588256836,1.1873469352722168,7.0,3.590761423110962,90.0
700.0,False,True,1.2599999904632568,35.65352249145508,1.3688963651657104,0.8013120889663696,4.0,2.824157476425171,90.0
700.0,False,True,0.6800000071525574,20.917322158813477,0.7230424880981445,1.0554280281066895,4.0,2.8101017475128174,90.0
700.0,False,True,2.5,32.332557678222656,3.0669500827789307,1.0060877799987793,8.0,3.1288342475891113,90.0
700.0,False,True,1.7799999713897705,25.68414306640625,1.6220744848251343,0.7033408880233765,5.0,2.8369240760803223,90.0
700.0,False,True,1.4800000190734863,36.060020446777344,2.6511387825012207,1.6332200765609741,13.0,3.5548152923583984,90.0
700.0,False,True,1.5,31.851932525634766,2.81217360496521,1.779810905456543,14.0,3.426851272583008,90.0
700.0,False,True,1.6799999475479126,25.731740951538086,1.5756256580352783,0.9564766883850098,6.0,3.3012876510620117,90.0
700.0,False,True,1.5,33.39574432373047,2.9103612899780273,1.5992316007614136,14.0,3.584383487701416,90.0
700.0,False,True,1.7599999904632568,22.445112228393555,1.5919116735458374,0.9888374209403992,6.0,3.165438652038574,90.0
700.0,False,True,1.1200000047683716,31.091236114501953,1.5870485305786133,0.908094584941864,5.0,3.364119291305542,90.0
700.0,False,True,1.5399999618530273,33.487213134765625,2.8599283695220947,1.2549679279327393,8.0,3.5745832920074463,90.0
700.0,False,True,1.1399999856948853,34.20814895629883,0.9153308868408203,0.9995858669281006,4.0,2.990135431289673,90.0
700.0,False,True,1.2599999904632568,31.53071403503418,1.493719458580017,0.9426020979881287,6.0,3.2301783561706543,90.0
700.0,False,True,1.4800000190734863,25.605194091796875,2.7914938926696777,1.5625064373016357,14.0,3.54512095451355,90.0
700.0,False,True,0.9399999976158142,17.109682083129883,0.7967865467071533,0.8075209856033325,3.0,2.8750922679901123,90.0
700.0,True,False,nan,50.894927978515625,0.39046144485473633,0.9776513576507568,6.0,2.741474151611328,90.0
700.0,True,False,nan,50.60967254638672,0.6007637977600098,1.0868760347366333,5.0,3.6170783042907715,90.0
700.0,True,False,nan,45.2409782409668,0.44055235385894775,1.696730375289917,11.0,3.3381075859069824,90.0
700.0,True,False,nan,45.6295166015625,0.5355024337768555,1.558509111404419,5.0,3.6818466186523438,90.0
700.0,True,False,nan,29.004302978515625,0.39373284578323364,2.0220634937286377,5.0,3.657599449157715,90.0
700.0,True,False,nan,34.82809829711914,0.3972867727279663,0.8277857303619385,5.0,2.7988951206207275,90.0
700.0,True,False,nan,34.935943603515625,0.498959481716156,1.6327306032180786,7.0,3.5057146549224854,90.0
700.0,True,False,nan,5.547753810882568,0.014529494568705559,1.2262343168258667,3.0,1.712857961654663,90.0
700.0,True,False,nan,3.787652015686035,0.0,1.467690110206604,14.0,0.9961392879486084,90.0
700.0,True,False,nan,39.36167526245117,0.5443929433822632,1.4057304859161377,9.0,3.6589837074279785,90.0
700.0,True,False,nan,3.917466640472412,0.0,0.7618146538734436,7.0,0.0,90.0
700.0,True,False,nan,26.411479949951172,0.46158021688461304,1.5021418333053589,11.0,3.7772111892700195,90.0
700.0,True,False,nan,19.596256256103516,0.4989643394947052,0.7973002791404724,4.0,3.5975422859191895,90.0
700.0,True,False,nan,21.671218872070312,0.24470561742782593,0.6904484033584595,21.0,2.7792458534240723,90.0
700.0,True,False,nan,2.7713518142700195,0.0,0.9236259460449219,6.0,0.4958655536174774,90.0
700.0,True,False,nan,14.953818321228027,0.17049524188041687,0.8061268329620361,6.0,2.6063144207000732,90.0
700.0,True,False,nan,11.90646743774414,0.12966959178447723,0.8563547730445862,7.0,2.5953519344329834,90.0
700.0,True,False,nan,16.204303741455078,0.15682944655418396,1.5299944877624512,14.0,3.4771063327789307,90.0
700.0,True,False,nan,47.86383056640625,0.4351593554019928,0.7583650350570679,9.0,3.6582834720611572,180.0
700.0,True,False,nan,50.819759368896484,0.422944575548172,0.8277879953384399,5.0,4.118927001953125,180.0
700.0,True,False,nan,51.37932205200195,0.44233834743499756,0.9397172331809998,3.0,3.9335899353027344,180.0
700.0,True,False,nan,46.731510162353516,0.4239504635334015,0.8061273694038391,6.0,3.862180471420288,180.0
700.0,True,False,nan,52.049583435058594,0.4451299011707306,0.8563640117645264,7.0,3.785276412963867,180.0
700.0,True,False,nan,45.45566177368164,0.44681021571159363,1.382562279701233,8.0,3.8716304302215576,180.0
700.0,True,False,nan,45.103858947753906,0.40557754039764404,1.632717490196228,7.0,3.7936601638793945,180.0
700.0,True,False,nan,45.99739074707031,0.4135156571865082,1.5584914684295654,5.0,3.7881667613983154,180.0
700.0,True,False,nan,46.20162582397461,0.4497765600681305,1.1322219371795654,5.0,3.7395761013031006,180.0
700.0,True,False,nan,46.36097717285156,0.4946832060813904,0.6906893253326416,12.0,3.7694954872131348,180.0
700.0,True,False,nan,50.903568267822266,0.5128961801528931,0.847786009311676,4.0,3.8003249168395996,180.0
700.0,True,False,nan,46.93587112426758,0.3767324984073639,2.02207088470459,5.0,3.4969396591186523,180.0
700.0,True,False,nan,50.61351776123047,0.5138484835624695,1.1987253427505493,7.0,3.776939630508423,180.0
700.0,True,False,nan,50.12931823730469,0.4480031132698059,1.467530369758606,11.0,4.007463455200195,180.0
700.0,True,False,nan,47.912044525146484,0.4890497624874115,1.4057374000549316,9.0,3.7526776790618896,180.0
700.0,True,False,nan,50.037147521972656,0.4330317974090576,1.7052087783813477,14.0,3.699516773223877,180.0
700.0,True,False,nan,47.37425231933594,0.545329213142395,1.0060845613479614,8.0,3.883589506149292,180.0
700.0,True,False,nan,49.88734436035156,0.5188466906547546,1.0865710973739624,5.0,3.8378634452819824,180.0
700.0,True,False,nan,49.89329528808594,0.4850059747695923,0.9995834827423096,4.0,3.5835540294647217,180.0
700.0,True,False,nan,49.302215576171875,0.49352362751960754,1.5024383068084717,9.0,3.799941062927246,180.0
700.0,True,False,nan,50.06959533691406,0.5002044439315796,1.4491963386535645,5.0,3.7647526264190674,180.0
700.0,True,False,nan,46.148780822753906,0.5788239240646362,0.7330523133277893,9.0,3.804898500442505,180.0
700.0,True,False,nan,47.05038070678711,0.516352653503418,1.3192754983901978,5.0,3.7027454376220703,180.0
700.0,True,False,nan,50.854278564453125,0.5511508584022522,0.7618153095245361,2.0,3.8730552196502686,180.0
700.0,True,False,nan,46.52534484863281,0.5214000344276428,1.3501631021499634,5.0,3.769604444503784,180.0
700.0,True,False,nan,49.092872619628906,0.4860512316226959,0.9236344695091248,6.0,3.5643224716186523,180.0
700.0,True,False,nan,47.07345962524414,0.5428063273429871,1.502149224281311,11.0,3.520639657974243,180.0
700.0,True,False,nan,46.77396774291992,0.4715220034122467,0.9776431918144226,6.0,3.8165481090545654,180.0
700.0,True,False,nan,46.62576675415039,0.6081778407096863,1.1048935651779175,5.0,3.6481595039367676,180.0
700.0,True,False,nan,46.764461517333984,0.569657027721405,1.5299901962280273,14.0,4.277721881866455,180.0
700.0,True,False,nan,46.286190032958984,0.6383873224258423,0.9018142819404602,3.0,3.4410839080810547,180.0
700.0,True,False,nan,48.617984771728516,0.6041024327278137,1.6794724464416504,7.0,3.4592530727386475,180.0
700.0,True,False,nan,45.37196731567383,0.898895263671875,0.797295331954956,4.0,3.6721913814544678,180.0
700.0,True,False,nan,50.04805374145508,0.5847948789596558,1.6626760959625244,6.0,3.5038442611694336,180.0
700.0,True,False,nan,45.14714050292969,1.1216319799423218,0.7544419765472412,9.0,3.627444267272949,180.0
700.0,True,False,nan,46.01649856567383,1.0838282108306885,0.8099117875099182,4.0,3.5503604412078857,180.0
700.0,True,False,nan,46.5398063659668,1.2013829946517944,0.803661584854126,6.0,3.788581132888794,180.0
700.0,True,False,nan,48.325931549072266,1.3632272481918335,1.2261838912963867,3.0,3.5671563148498535,180.0
700.0,True,False,nan,46.012569427490234,1.8187990188598633,1.5000181198120117,14.0,3.7583043575286865,180.0
700.0,True,False,nan,45.11385726928711,2.3833417892456055,1.6332226991653442,13.0,3.556225538253784,180.0
700.0,False,True,1.2999999523162842,21.67383575439453,1.9412713050842285,0.7863107323646545,9.0,3.808286428451538,180.0
700.0,False,True,1.3199999332427979,18.41998291015625,2.0154716968536377,1.0641615390777588,6.0,3.762342691421509,180.0
700.0,False,False,nan,32.932613372802734,4.667850017547607,1.3666107654571533,9.0,3.330421209335327,180.0
700.0,False,True,1.5999999046325684,22.74553871154785,2.608370780944824,0.716200590133667,5.0,3.6747870445251465,180.0
700.0,False,True,0.9599999785423279,13.903853416442871,1.396152377128601,0.9821435809135437,5.0,3.594133138656616,180.0
700.0,False,True,1.5199999809265137,20.05164909362793,1.6828001737594604,0.89350426197052,3.0,3.7828917503356934,180.0
700.0,False,True,1.100000023841858,18.00909996032715,1.80439293384552,0.789034903049469,5.0,3.478952646255493,180.0
700.0,False,True,0.9399999976158142,14.450899124145508,1.4598925113677979,0.956857442855835,5.0,3.6343352794647217,180.0
700.0,False,True,1.5199999809265137,22.680204391479492,2.4132840633392334,1.0578750371932983,6.0,3.6404032707214355,180.0
700.0,False,True,1.1399999856948853,25.434558868408203,1.8340364694595337,1.699655294418335,14.0,3.4658806324005127,180.0
700.0,False,True,1.559999942779541,25.754165649414062,2.585918664932251,0.7422196865081787,4.0,3.782832145690918,180.0
700.0,False,True,2.119999885559082,34.136898040771484,4.221241474151611,1.1873432397842407,7.0,3.587661027908325,180.0
700.0,False,True,1.3600000143051147,24.51793670654297,2.364304304122925,0.8013174533843994,4.0,3.43532657623291,180.0
700.0,False,True,1.2400000095367432,20.647016525268555,0.9952958822250366,1.0554306507110596,4.0,3.537231206893921,180.0
700.0,False,True,1.1399999856948853,17.202510833740234,1.8022730350494385,0.7033255100250244,5.0,3.5472946166992188,180.0
700.0,False,True,2.0999999046325684,31.651779174804688,3.4435689449310303,1.779850959777832,14.0,3.504420280456543,180.0
700.0,False,True,1.2799999713897705,20.600069046020508,2.0200843811035156,0.9564766883850098,6.0,3.558852434158325,180.0
700.0,False,True,1.4399999380111694,29.272022247314453,2.462467908859253,1.5992321968078613,14.0,3.4256651401519775,180.0
700.0,False,True,0.9799999594688416,17.043485641479492,1.5908308029174805,0.9888344407081604,6.0,3.400181531906128,180.0
700.0,False,True,1.5199999809265137,23.219629287719727,2.273233413696289,0.9080768823623657,5.0,3.492640733718872,180.0
700.0,False,True,1.7999999523162842,30.972503662109375,2.7868545055389404,1.254966378211975,8.0,3.5588555335998535,180.0
700.0,False,True,1.3600000143051147,19.514827728271484,2.146430015563965,0.9425983428955078,6.0,3.7703869342803955,180.0
700.0,False,True,1.4399999380111694,26.941612243652344,2.1950314044952393,1.5625083446502686,14.0,3.444657325744629,180.0
700.0,False,True,1.1200000047683716,16.853336334228516,1.470296025276184,0.8075222969055176,3.0,3.6122188568115234,180.0
700.0,True,False,nan,50.81914138793945,0.42294588685035706,0.8277896046638489,5.0,4.118940353393555,180.0
700.0,True,False,nan,51.37914276123047,0.44233694672584534,0.9397223591804504,3.0,3.9335947036743164,180.0
700.0,True,False,nan,52.05012130737305,0.44511115550994873,0.8564296960830688,7.0,3.785247802734375,180.0
700.0,True,False,nan,47.863739013671875,0.4351538121700287,0.75837242603302,9.0,3.658294200897217,180.0
700.0,True,False,nan,47.606536865234375,0.4206707775592804,0.810040295124054,5.0,3.8565239906311035,180.0
700.0,True,False,nan,50.90376281738281,0.5128883719444275,0.8477859497070312,4.0,3.800325632095337,180.0
700.0,True,False,nan,45.45566940307617,0.4468086361885071,1.3825668096542358,8.0,3.8716259002685547,180.0
700.0,True,False,nan,46.278167724609375,0.4947519302368164,0.6904432773590088,12.0,3.769310712814331,180.0
700.0,True,False,nan,45.103633880615234,0.405577689409256,1.6327205896377563,7.0,3.793668746948242,180.0
700.0,True,False,nan,45.99745559692383,0.4135158956050873,1.5585018396377563,5.0,3.7881717681884766,180.0
700.0,True,False,nan,46.20148849487305,0.44977450370788574,1.1322336196899414,5.0,3.739572763442993,180.0
700.0,True,False,nan,50.61338424682617,0.5138484239578247,1.1987258195877075,7.0,3.776937961578369,180.0
700.0,True,False,nan,51.13528060913086,0.43735378980636597,1.696730375289917,11.0,3.7004237174987793,180.0
700.0,True,False,nan,50.12944793701172,0.4480012059211731,1.4675365686416626,11.0,4.007460594177246,180.0
700.0,True,False,nan,50.85451126098633,0.5511497259140015,0.7618156671524048,2.0,3.873058319091797,180.0
700.0,True,False,nan,47.37441635131836,0.5453296303749084,1.0060871839523315,8.0,3.88358736038208,180.0
700.0,True,False,nan,49.887332916259766,0.5188451409339905,1.0865727663040161,5.0,3.8378639221191406,180.0
700.0,True,False,nan,46.93552017211914,0.3767305612564087,2.0221052169799805,5.0,3.4969377517700195,180.0
700.0,True,False,nan,49.83683776855469,0.4851093590259552,0.9992952942848206,4.0,3.5837008953094482,180.0
700.0,True,False,nan,46.14773941040039,0.5788257718086243,0.7330496907234192,9.0,3.8049049377441406,180.0
700.0,True,False,nan,47.91238021850586,0.4890550374984741,1.4057427644729614,9.0,3.752613067626953,180.0
700.0,True,False,nan,49.30216979980469,0.49352604150772095,1.502437949180603,9.0,3.7999420166015625,180.0
700.0,True,False,nan,50.069793701171875,0.5002061724662781,1.4491848945617676,5.0,3.7647488117218018,180.0
700.0,True,False,nan,47.05093002319336,0.5163558125495911,1.3192716836929321,5.0,3.7027454376220703,180.0
700.0,True,False,nan,46.525962829589844,0.5214027762413025,1.3501702547073364,5.0,3.7696104049682617,180.0
700.0,True,False,nan,46.77375411987305,0.471521258354187,0.9776521325111389,6.0,3.816540479660034,180.0
700.0,True,False,nan,47.0733642578125,0.5428112745285034,1.5021369457244873,11.0,3.520629644393921,180.0
700.0,True,False,nan,46.6259765625,0.6081746816635132,1.104906439781189,5.0,3.6481571197509766,180.0
700.0,True,False,nan,46.76454544067383,0.5696557760238647,1.5299934148788452,14.0,4.27772331237793,180.0
700.0,True,False,nan,49.092796325683594,0.4860512614250183,0.9236353039741516,6.0,3.5643234252929688,180.0
700.0,True,False,nan,45.37129592895508,0.8988925218582153,0.7972972393035889,4.0,3.672173023223877,180.0
700.0,True,False,nan,18.083786010742188,0.3047594428062439,0.9039788842201233,3.0,3.404118061065674,180.0
700.0,True,False,nan,39.644989013671875,0.8256973028182983,0.7544457912445068,9.0,3.6274302005767822,180.0
700.0,True,False,nan,38.039337158203125,0.8141911625862122,0.8099204897880554,4.0,3.5503625869750977,180.0
700.0,True,False,nan,3.5579843521118164,0.02159027010202408,1.226220726966858,8.0,2.3218040466308594,180.0
700.0,True,False,nan,22.90032196044922,0.4207608699798584,0.8036583662033081,6.0,3.788581609725952,180.0
700.0,True,False,nan,12.922804832458496,0.28652700781822205,1.6794744729995728,7.0,3.459264039993286,180.0
700.0,True,False,nan,30.90836524963379,0.4220758080482483,1.6626689434051514,6.0,3.503835678100586,180.0
700.0,True,False,nan,46.80023193359375,0.25293171405792236,0.8277844786643982,5.0,2.9897146224975586,270.0
700.0,True,False,nan,48.88038635253906,0.28026074171066284,0.9397174119949341,3.0,3.3318207263946533,270.0
700.0,True,False,nan,46.33721923828125,0.1736924946308136,1.7052125930786133,14.0,3.528445243835449,270.0
700.0,True,False,nan,45.7645149230957,0.23568667471408844,0.8065033555030823,7.0,2.922201633453369,270.0
700.0,True,False,nan,53.29816818237305,0.26196765899658203,0.856362521648407,7.0,3.214989423751831,270.0
700.0,True,False,nan,51.27102279663086,0.2463941127061844,0.7583708167076111,9.0,2.9654958248138428,270.0
700.0,True,False,nan,47.56103515625,0.33094263076782227,0.9017955660820007,3.0,2.97007155418396,270.0
700.0,True,False,nan,48.72465896606445,0.20408031344413757,0.9776473045349121,6.0,2.4015002250671387,270.0
700.0,True,False,nan,49.05841827392578,0.2308809906244278,0.690447211265564,12.0,2.8637173175811768,270.0
700.0,True,False,nan,50.125335693359375,0.3331892192363739,0.9236407279968262,6.0,3.1184163093566895,270.0
700.0,True,False,nan,49.71459197998047,0.2787218391895294,0.8495699167251587,4.0,3.288106918334961,270.0
700.0,True,False,nan,48.91618728637695,0.24785125255584717,1.2262389659881592,3.0,2.6298351287841797,270.0
700.0,True,False,nan,45.2458381652832,0.2663014233112335,1.4675335884094238,11.0,3.319939613342285,270.0
700.0,True,False,nan,47.010765075683594,0.35472366213798523,1.132222294807434,5.0,3.345984697341919,270.0
700.0,True,False,nan,49.511199951171875,0.44099265336990356,0.8036608099937439,6.0,3.2125511169433594,270.0
700.0,True,False,nan,47.51671600341797,0.25701773166656494,2.0220611095428467,5.0,3.218942403793335,270.0
700.0,True,False,nan,47.00445556640625,0.41990506649017334,1.405738115310669,9.0,3.2616279125213623,270.0
700.0,True,False,nan,46.44112014770508,0.43363499641418457,1.530000925064087,14.0,3.466221809387207,270.0
700.0,True,False,nan,46.02430725097656,0.8565396666526794,1.5024363994598389,9.0,3.4694085121154785,270.0
700.0,True,False,nan,48.88100051879883,1.2231650352478027,1.6327340602874756,7.0,3.330533504486084,270.0
700.0,True,False,nan,46.76138687133789,0.7747780680656433,0.7618124485015869,2.0,2.896406650543213,270.0
700.0,True,False,nan,54.456260681152344,0.8484708070755005,1.384009838104248,8.0,3.401167154312134,270.0
700.0,False,True,0.6200000047683716,19.84685707092285,0.5359903573989868,0.7863214612007141,9.0,2.924778461456299,270.0
700.0,False,True,0.7999999523162842,40.42124938964844,0.6915087699890137,0.754443347454071,9.0,3.169807195663452,270.0
700.0,False,True,0.7999999523162842,18.753477096557617,0.7823659181594849,1.0641753673553467,6.0,3.3037519454956055,270.0
700.0,False,True,0.7999999523162842,36.30192565917969,1.0831855535507202,1.3673717975616455,10.0,3.3296992778778076,270.0
700.0,False,True,0.7599999904632568,25.551342010498047,0.6710246205329895,0.8099192976951599,4.0,3.297889232635498,270.0
700.0,False,True,0.9199999570846558,36.45805740356445,1.415682315826416,1.198732614517212,7.0,3.3799033164978027,270.0
700.0,False,True,0.85999995470047,23.916248321533203,0.6455559730529785,0.7162060737609863,5.0,3.1722168922424316,270.0
700.0,False,True,0.8199999928474426,24.504379272460938,0.829241931438446,1.4491980075836182,5.0,3.2739124298095703,270.0
700.0,False,True,0.6200000047683716,26.01622772216797,0.4656056761741638,0.9821392893791199,5.0,2.786344051361084,270.0
700.0,False,True,1.1200000047683716,39.66339874267578,0.7506006956100464,0.8935073614120483,3.0,2.7999393939971924,270.0
700.0,False,True,1.4199999570846558,44.804630279541016,1.4224599599838257,1.5585029125213623,5.0,3.1732468605041504,270.0
700.0,False,True,0.8199999928474426,27.219467163085938,0.8011861443519592,0.7890287637710571,5.0,3.2651360034942627,270.0
700.0,False,True,1.4399999380111694,27.012680053710938,1.4741287231445312,0.9568653702735901,5.0,3.394810676574707,270.0
700.0,False,True,0.85999995470047,31.162242889404297,0.46778395771980286,0.7330470085144043,9.0,2.9832065105438232,270.0
700.0,False,True,0.9599999785423279,23.738510131835938,1.252546787261963,1.0578800439834595,6.0,3.346067190170288,270.0
700.0,False,True,0.7999999523162842,26.87431526184082,0.8912904262542725,1.3192627429962158,5.0,3.272625207901001,270.0
700.0,False,True,0.85999995470047,29.266469955444336,1.0954036712646484,1.6996510028839111,14.0,3.367091655731201,270.0
700.0,False,True,0.5999999642372131,22.104637145996094,0.521866500377655,0.7423145174980164,4.0,2.9035587310791016,270.0
700.0,False,True,0.7799999713897705,26.59892463684082,1.0174566507339478,1.6794759035110474,7.0,3.3837289810180664,270.0
700.0,False,True,1.3600000143051147,34.9969482421875,1.9001768827438354,1.1873348951339722,7.0,3.395390033721924,270.0
700.0,False,True,1.2200000286102295,32.658782958984375,1.8159308433532715,1.50215744972229,11.0,3.8003623485565186,270.0
700.0,False,True,0.8399999737739563,35.73772048950195,0.6013441681861877,0.8013131022453308,4.0,2.908323049545288,270.0
700.0,False,True,0.5199999809265137,27.012439727783203,0.5123719573020935,1.0554184913635254,4.0,3.042745590209961,270.0
700.0,False,True,0.7999999523162842,25.377309799194336,0.716118335723877,1.350166916847229,5.0,3.3375236988067627,270.0
700.0,False,True,2.440000057220459,42.81207275390625,3.414560079574585,1.5000020265579224,14.0,3.5489323139190674,270.0
700.0,False,True,0.8199999928474426,41.25557327270508,0.7558382153511047,0.7972991466522217,4.0,3.2279183864593506,270.0
700.0,False,True,0.7599999904632568,30.484039306640625,0.7537353038787842,1.0060746669769287,8.0,3.3804140090942383,270.0
700.0,False,True,0.8399999737739563,26.307796478271484,0.6484904289245605,0.7033305168151855,5.0,3.1120784282684326,270.0
700.0,False,True,1.4399999380111694,38.333229064941406,1.9817450046539307,1.6332201957702637,13.0,3.3878893852233887,270.0
700.0,False,True,0.7999999523162842,33.01982116699219,1.1516103744506836,1.7798490524291992,14.0,3.311117649078369,270.0
700.0,False,True,0.7999999523162842,25.21120262145996,1.0557469129562378,0.956482470035553,6.0,3.3755199909210205,270.0
700.0,False,True,0.85999995470047,31.10124969482422,1.4134846925735474,1.5993155241012573,14.0,3.4033939838409424,270.0
700.0,False,True,0.8799999952316284,26.61622428894043,1.3096741437911987,0.9888597130775452,6.0,3.3841195106506348,270.0
700.0,False,True,0.7599999904632568,25.587589263916016,0.9113653898239136,1.662670612335205,6.0,3.378966808319092,270.0
700.0,False,True,0.7599999904632568,37.995033264160156,0.9168148040771484,1.0868853330612183,5.0,3.127549648284912,270.0
700.0,False,True,0.7799999713897705,24.734914779663086,0.9176958799362183,1.1049000024795532,5.0,3.2814486026763916,270.0
700.0,False,True,0.8199999928474426,27.18887710571289,1.1824219226837158,0.9080759286880493,5.0,3.288567304611206,270.0
700.0,False,True,1.4399999380111694,36.3628044128418,1.9617172479629517,1.2549582719802856,8.0,3.523042678833008,270.0
700.0,False,True,0.7799999713897705,36.33454132080078,0.913507342338562,0.9994504451751709,4.0,3.351933479309082,270.0
700.0,False,True,0.7799999713897705,19.01748275756836,0.7097287774085999,0.9426116347312927,6.0,3.247532606124878,270.0
700.0,False,True,0.8399999737739563,32.226558685302734,1.1406513452529907,1.5625065565109253,14.0,3.325383186340332,270.0
700.0,False,True,0.5799999833106995,27.432096481323242,0.5876913070678711,0.8075215816497803,3.0,3.1516761779785156,270.0
700.0,True,False,nan,46.80008316040039,0.2529333531856537,0.8277900218963623,5.0,2.989710569381714,270.0
700.0,True,False,nan,53.2977409362793,0.2619685232639313,0.8563633561134338,7.0,3.2149882316589355,270.0
700.0,True,False,nan,48.87968826293945,0.28025931119918823,0.9397249817848206,3.0,3.3318161964416504,270.0
700.0,True,False,nan,45.76384735107422,0.23568974435329437,0.8064998388290405,7.0,2.922210454940796,270.0
700.0,True,False,nan,47.5604248046875,0.33094725012779236,0.9018067121505737,3.0,2.9700722694396973,270.0
700.0,True,False,nan,51.27051544189453,0.2463955134153366,0.7583735585212708,9.0,2.965496301651001,270.0
700.0,True,False,nan,50.12637710571289,0.33318835496902466,0.9236292839050293,6.0,3.1184117794036865,270.0
700.0,True,False,nan,48.72468185424805,0.2040829062461853,0.9776470065116882,6.0,2.4015114307403564,270.0
700.0,True,False,nan,46.33641052246094,0.17369569838047028,1.7052090167999268,14.0,3.5284438133239746,270.0
700.0,True,False,nan,1.9194867610931396,0.0,1.226241111755371,8.0,0.0,270.0
700.0,True,False,nan,38.344879150390625,0.24879290163516998,1.4675332307815552,11.0,3.31994891166687,270.0
700.0,True,False,nan,25.383899688720703,0.19193926453590393,1.13222074508667,5.0,3.34598445892334,270.0
700.0,True,False,nan,6.385585308074951,0.08813510090112686,0.6904605627059937,12.0,2.402273178100586,270.0
750.0,True,False,nan,52.11811828613281,0.1497870683670044,0.9039826989173889,3.0,3.957873821258545,0.0
750.0,True,False,nan,53.11152267456055,0.1550002247095108,0.827792227268219,5.0,4.15920352935791,0.0
750.0,True,False,nan,51.13494110107422,0.16188643872737885,0.9821433424949646,5.0,4.175417900085449,0.0
750.0,True,False,nan,57.108646392822266,0.12971313297748566,1.2262279987335205,3.0,4.202144622802734,0.0
750.0,True,False,nan,46.48778533935547,0.17324098944664001,0.8935040235519409,3.0,3.859165668487549,0.0
750.0,True,False,nan,45.95746994018555,0.1635233461856842,0.7618146538734436,2.0,3.755781650543213,0.0
750.0,True,False,nan,46.20100021362305,0.14116829633712769,0.9397210478782654,3.0,3.749976873397827,0.0
750.0,True,False,nan,50.26512145996094,0.16155019402503967,0.8013144135475159,4.0,3.86570405960083,0.0
750.0,True,False,nan,55.91788101196289,0.14369826018810272,0.9776526093482971,6.0,3.994342803955078,0.0
750.0,True,False,nan,45.153038024902344,0.17573371529579163,0.6904664635658264,12.0,3.7163450717926025,0.0
750.0,True,False,nan,50.49599838256836,0.14298437535762787,0.9236343502998352,6.0,3.762986183166504,0.0
750.0,True,False,nan,49.175621032714844,0.17474670708179474,0.8061293959617615,6.0,3.875385284423828,0.0
750.0,True,False,nan,45.286251068115234,0.15973617136478424,0.8563635349273682,7.0,3.786644458770752,0.0
750.0,True,False,nan,48.10382843017578,0.15372996032238007,0.7544386982917786,9.0,3.5158886909484863,0.0
750.0,True,False,nan,48.463829040527344,0.1514260172843933,0.8099221587181091,4.0,3.570443868637085,0.0
750.0,True,False,nan,47.70989227294922,0.15064677596092224,1.1322298049926758,5.0,3.872844696044922,0.0
750.0,True,False,nan,47.98459243774414,0.15567880868911743,0.8036534190177917,6.0,3.52180552482605,0.0
750.0,True,False,nan,45.383663177490234,0.1366117298603058,1.1873375177383423,7.0,3.7841908931732178,0.0
750.0,True,False,nan,48.7996826171875,0.15623174607753754,0.7972984313964844,4.0,3.568021059036255,0.0
750.0,True,False,nan,45.40106964111328,0.12354104220867157,1.0865765810012817,5.0,3.578568458557129,0.0
750.0,True,False,nan,48.00551223754883,0.39135807752609253,0.7583672404289246,9.0,3.6522302627563477,0.0
750.0,True,False,nan,45.631187438964844,0.3509714603424072,0.7330490946769714,9.0,3.5738003253936768,0.0
750.0,True,False,nan,45.72989273071289,0.4047561585903168,0.7423081398010254,4.0,3.7316067218780518,0.0
750.0,True,False,nan,45.86382293701172,0.44881176948547363,1.0554301738739014,4.0,3.654874086380005,0.0
750.0,True,False,nan,48.05442810058594,0.41633665561676025,0.7863124012947083,9.0,3.722571611404419,0.0
750.0,True,False,nan,46.74076843261719,0.0977935791015625,1.7052116394042969,14.0,3.9216535091400146,0.0
750.0,True,False,nan,47.90363693237305,0.29929065704345703,1.0060811042785645,8.0,3.5833301544189453,0.0
750.0,True,False,nan,54.7480583190918,0.358025461435318,0.84778892993927,4.0,3.7988474369049072,0.0
750.0,True,False,nan,49.645973205566406,0.39904898405075073,0.9994577765464783,4.0,3.7028870582580566,0.0
750.0,True,False,nan,47.4529914855957,0.48732078075408936,0.8075295090675354,3.0,3.4809939861297607,0.0
750.0,True,False,nan,45.26781463623047,0.2710243761539459,1.1987358331680298,7.0,3.810076951980591,0.0
750.0,True,False,nan,48.685855865478516,0.46910783648490906,0.7161996960639954,5.0,4.150976181030273,0.0
750.0,True,False,nan,46.76613998413086,0.4723913371562958,0.7888627648353577,5.0,3.9445698261260986,0.0
750.0,True,False,nan,55.165103912353516,0.24782079458236694,1.467531442642212,11.0,3.6107425689697266,0.0
750.0,True,False,nan,51.96002960205078,0.47585615515708923,0.7033325433731079,5.0,3.862652540206909,0.0
750.0,True,False,nan,51.413047790527344,0.16155879199504852,1.5023912191390991,9.0,3.623898506164551,0.0
750.0,True,False,nan,47.423377990722656,0.20434243977069855,1.3746196031570435,6.0,3.7173073291778564,0.0
750.0,True,False,nan,47.83949279785156,0.14076189696788788,1.6327307224273682,7.0,3.6327452659606934,0.0
750.0,True,False,nan,46.94550323486328,0.402702271938324,1.1049110889434814,5.0,3.6961724758148193,0.0
750.0,True,False,nan,46.131736755371094,0.21441330015659332,1.5299880504608154,14.0,3.298454999923706,0.0
750.0,True,False,nan,45.87681198120117,0.23965053260326385,1.4057403802871704,9.0,3.3527698516845703,0.0
750.0,True,False,nan,45.274627685546875,0.26144710183143616,1.5584934949874878,5.0,3.3629658222198486,0.0
750.0,True,False,nan,46.47547149658203,0.3825201690196991,1.5019804239273071,11.0,3.228567361831665,0.0
750.0,True,False,nan,46.57061767578125,0.4664265215396881,1.3192660808563232,5.0,3.6545629501342773,0.0
750.0,True,False,nan,45.92998123168945,0.15428726375102997,2.022080421447754,5.0,3.2273855209350586,0.0
750.0,True,False,nan,47.98046875,0.5670993328094482,1.4491972923278809,5.0,3.6058998107910156,0.0
750.0,True,False,nan,48.28728103637695,0.9032800793647766,1.3501765727996826,5.0,3.402778148651123,0.0
750.0,False,True,0.6200000047683716,31.508472442626953,0.7724671363830566,1.0641703605651855,6.0,3.566788673400879,0.0
750.0,False,True,1.0,42.35068130493164,0.6384972929954529,1.366611361503601,9.0,3.872593641281128,0.0
750.0,False,True,1.399999976158142,33.2226676940918,1.452817678451538,0.9568702578544617,5.0,3.470181941986084,0.0
750.0,False,True,0.8999999761581421,39.04016876220703,0.8667987585067749,1.0579341650009155,6.0,3.9638712406158447,0.0
750.0,False,True,0.2800000011920929,34.462223052978516,0.15732601284980774,1.699661374092102,14.0,3.742543935775757,0.0
750.0,False,True,0.7199999690055847,33.345157623291016,0.4605071544647217,1.6794750690460205,7.0,3.591036558151245,0.0
750.0,False,True,0.5999999642372131,40.27516555786133,0.37658992409706116,1.5000041723251343,14.0,3.4920332431793213,0.0
750.0,False,True,0.5399999618530273,40.21873092651367,0.43218761682510376,1.6332248449325562,13.0,3.4713852405548096,0.0
750.0,False,True,0.5,38.05506134033203,0.14644305408000946,1.7798609733581543,14.0,3.5759732723236084,0.0
750.0,False,True,0.8799999952316284,38.452579498291016,0.9455395936965942,0.9564791321754456,6.0,4.00954008102417,0.0
750.0,False,True,0.5,36.993370056152344,0.2698192298412323,1.599231243133545,14.0,3.676685094833374,0.0
750.0,False,True,0.85999995470047,34.37639617919922,1.1438252925872803,0.9888465404510498,6.0,3.6160216331481934,0.0
750.0,False,True,0.699999988079071,28.5786190032959,0.8603954315185547,1.6626718044281006,6.0,3.4623899459838867,0.0
750.0,False,True,0.85999995470047,43.93648147583008,1.1152758598327637,0.9080897569656372,5.0,3.7639126777648926,0.0
750.0,False,True,1.0,44.01219940185547,0.7747142314910889,1.2549606561660767,8.0,3.7822933197021484,0.0
750.0,False,True,0.8999999761581421,33.150569915771484,0.9293743371963501,0.9425883293151855,6.0,3.5904858112335205,0.0
750.0,False,True,0.5199999809265137,40.390159606933594,0.26308897137641907,1.5625098943710327,14.0,3.854466199874878,0.0
750.0,True,False,nan,53.1116943359375,0.1550004780292511,0.8277876973152161,5.0,4.159209728240967,0.0
750.0,True,False,nan,57.10793685913086,0.12970834970474243,1.2262523174285889,3.0,4.202158451080322,0.0
750.0,True,False,nan,55.918087005615234,0.14369890093803406,0.9776450991630554,6.0,3.9943346977233887,0.0
750.0,True,False,nan,49.17570114135742,0.17474745213985443,0.8061246275901794,6.0,3.875385046005249,0.0
750.0,True,False,nan,45.285980224609375,0.1597379595041275,0.856357753276825,7.0,3.7866146564483643,0.0
750.0,True,False,nan,52.11811828613281,0.1497877538204193,0.9039770364761353,3.0,3.9578771591186523,0.0
750.0,True,False,nan,51.13456344604492,0.1618863046169281,0.9821379780769348,5.0,4.175405502319336,0.0
750.0,True,False,nan,45.2075080871582,0.1735687553882599,0.887775182723999,3.0,3.787341833114624,0.0
750.0,True,False,nan,46.20095443725586,0.14116932451725006,0.9397225379943848,3.0,3.7499821186065674,0.0
750.0,True,False,nan,45.13224411010742,0.17647573351860046,0.6825001239776611,12.0,3.7169861793518066,0.0
750.0,True,False,nan,50.495853424072266,0.14298325777053833,0.9236347675323486,6.0,3.763000249862671,0.0
750.0,True,False,nan,45.957550048828125,0.16352355480194092,0.7618173956871033,2.0,3.755791425704956,0.0
750.0,True,False,nan,50.26542663574219,0.16155047714710236,0.8013179302215576,4.0,3.8657166957855225,0.0
750.0,True,False,nan,47.71005630493164,0.1506468504667282,1.1322295665740967,5.0,3.872845411300659,0.0
750.0,True,False,nan,48.10385513305664,0.15372978150844574,0.7544457912445068,9.0,3.515887498855591,0.0
750.0,True,False,nan,48.463748931884766,0.15142814815044403,0.8099108338356018,4.0,3.5704314708709717,0.0
750.0,True,False,nan,48.79938507080078,0.15622979402542114,0.7973005771636963,4.0,3.5680463314056396,0.0
750.0,True,False,nan,48.005271911621094,0.3913573622703552,0.7583704590797424,9.0,3.6522154808044434,0.0
750.0,True,False,nan,47.98472595214844,0.1556771993637085,0.8036543130874634,6.0,3.5218007564544678,0.0
750.0,True,False,nan,45.408626556396484,0.12348145246505737,1.0868771076202393,5.0,3.5793392658233643,0.0
750.0,True,False,nan,45.63105010986328,0.3509715497493744,0.7330491542816162,9.0,3.573798656463623,0.0
750.0,True,False,nan,45.86318588256836,0.4488116502761841,1.0554296970367432,4.0,3.654869556427002,0.0
750.0,True,False,nan,45.7617301940918,0.4048648476600647,0.7422183752059937,4.0,3.730818748474121,0.0
750.0,True,False,nan,54.74895095825195,0.35802632570266724,0.8477929830551147,4.0,3.798854351043701,0.0
750.0,True,False,nan,49.65317916870117,0.39883774518966675,0.9995868802070618,4.0,3.703486919403076,0.0
750.0,True,False,nan,46.74055862426758,0.09779725968837738,1.7052116394042969,14.0,3.921631097793579,0.0
750.0,True,False,nan,47.453529357910156,0.48730480670928955,0.8075686693191528,3.0,3.4810104370117188,0.0
750.0,True,False,nan,48.05329895019531,0.4163348972797394,0.7863112688064575,9.0,3.722590684890747,0.0
750.0,True,False,nan,53.93117141723633,0.2493719458580017,1.4676913022994995,14.0,3.6135334968566895,0.0
750.0,True,False,nan,47.90294647216797,0.2992923855781555,1.00608491897583,8.0,3.5833017826080322,0.0
750.0,True,False,nan,51.96050262451172,0.47585785388946533,0.7033259868621826,5.0,3.862661123275757,0.0
750.0,True,False,nan,48.6861457824707,0.46910667419433594,0.7162054181098938,5.0,4.150981426239014,0.0
750.0,True,False,nan,45.61018753051758,0.47298458218574524,0.789038896560669,5.0,3.9480247497558594,0.0
750.0,True,False,nan,45.26752471923828,0.2710283100605011,1.1987221240997314,7.0,3.8100788593292236,0.0
750.0,True,False,nan,33.73539733886719,0.019649185240268707,2.022080898284912,5.0,3.2273993492126465,0.0
750.0,True,False,nan,1.7312184572219849,0.0,1.50244140625,9.0,0.6567941308021545,0.0
750.0,True,False,nan,1.280236005783081,0.0,1.6327320337295532,7.0,0.0,0.0
750.0,True,False,nan,38.78048324584961,0.13743315637111664,1.5584903955459595,5.0,3.362915277481079,0.0
750.0,True,False,nan,34.884246826171875,0.16785243153572083,1.3192657232284546,5.0,3.6545567512512207,0.0
750.0,True,False,nan,28.703289031982422,0.07034708559513092,1.4057403802871704,8.0,3.1061630249023438,0.0
750.0,True,False,nan,38.257930755615234,0.3336790204048157,1.5021437406539917,11.0,3.2289867401123047,0.0
750.0,True,False,nan,42.656795501708984,0.36836400628089905,1.1049081087112427,5.0,3.696176767349243,0.0
750.0,True,False,nan,48.27241897583008,0.3977758586406708,0.977649986743927,6.0,2.8661158084869385,90.0
750.0,True,False,nan,45.31321716308594,0.5264871120452881,1.086875319480896,5.0,3.826672315597534,90.0
750.0,True,False,nan,50.664955139160156,0.6404284238815308,0.7544395327568054,9.0,3.583193778991699,90.0
750.0,True,False,nan,45.33136749267578,0.6530408263206482,0.8099176287651062,4.0,3.5303115844726562,90.0
750.0,True,False,nan,54.241844177246094,0.4510277509689331,0.8277913928031921,5.0,2.9970107078552246,90.0
750.0,True,False,nan,47.18487548828125,0.5287054181098938,1.5585048198699951,5.0,3.9697909355163574,90.0
750.0,True,False,nan,45.478187561035156,0.5192044973373413,1.132224678993225,5.0,3.6297006607055664,90.0
750.0,True,False,nan,45.69378662109375,0.5311725735664368,1.4057388305664062,9.0,3.884850263595581,90.0
750.0,True,False,nan,48.60316848754883,0.5864551663398743,0.8036547899246216,6.0,3.663823366165161,90.0
750.0,True,False,nan,48.14558792114258,0.5348759889602661,0.939720094203949,3.0,3.5545997619628906,90.0
750.0,True,False,nan,47.996761322021484,0.455517053604126,1.7052102088928223,14.0,3.7107062339782715,90.0
750.0,True,False,nan,45.838104248046875,0.6643508076667786,0.7973020672798157,4.0,3.729017972946167,90.0
750.0,True,False,nan,45.6575927734375,0.4868793487548828,1.5302026271820068,14.0,3.921712636947632,90.0
750.0,True,False,nan,52.90998458862305,0.48400700092315674,2.0220775604248047,5.0,3.8466880321502686,90.0
750.0,True,False,nan,46.74036407470703,0.46641072630882263,0.9021713137626648,3.0,2.9903218746185303,90.0
750.0,True,False,nan,52.19670104980469,0.5434443950653076,1.6327369213104248,7.0,3.7905473709106445,90.0
750.0,True,False,nan,50.70674133300781,0.4586637616157532,1.467528223991394,11.0,3.7066967487335205,90.0
750.0,True,False,nan,48.723716735839844,0.5545868873596191,1.5000017881393433,14.0,3.865647077560425,90.0
750.0,True,False,nan,45.70767593383789,0.4850532114505768,0.923632800579071,6.0,3.0577192306518555,90.0
750.0,True,False,nan,46.43960189819336,0.3427533805370331,1.2261719703674316,3.0,2.8630428314208984,90.0
750.0,True,False,nan,48.17039489746094,0.665566086769104,1.319271206855774,5.0,3.8202335834503174,90.0
750.0,True,False,nan,45.80221939086914,0.5996679067611694,0.7618141174316406,2.0,2.8517005443573,90.0
750.0,True,False,nan,49.2418212890625,0.705146312713623,1.5021352767944336,11.0,4.042194366455078,90.0
750.0,True,False,nan,45.40648651123047,0.5861636996269226,0.8013171553611755,4.0,2.983710527420044,90.0
750.0,True,False,nan,47.26187515258789,0.5364437103271484,1.6332192420959473,13.0,3.720627546310425,90.0
750.0,True,False,nan,48.05339431762695,0.5835322737693787,0.682496964931488,12.0,2.980501413345337,90.0
750.0,True,False,nan,47.23796463012695,0.4855571687221527,0.8065016865730286,7.0,2.825996160507202,90.0
750.0,True,False,nan,50.32566833496094,0.5234287977218628,0.8563638925552368,7.0,3.029663562774658,90.0
750.0,True,False,nan,48.89888000488281,0.6963390111923218,1.1048996448516846,5.0,3.734365940093994,90.0
750.0,True,False,nan,47.685943603515625,0.49535125494003296,0.7583767175674438,9.0,2.9754698276519775,90.0
750.0,True,False,nan,45.385494232177734,0.6296417117118835,0.7330485582351685,9.0,2.911567449569702,90.0
750.0,True,False,nan,46.18547058105469,0.6798191070556641,1.1873453855514526,7.0,3.8499033451080322,90.0
750.0,True,False,nan,45.773563385009766,0.560584306716919,0.9994606971740723,4.0,3.2174811363220215,90.0
750.0,True,False,nan,49.05054473876953,0.9734898805618286,1.5023797750473022,9.0,3.6644978523254395,90.0
750.0,True,False,nan,45.73210144042969,1.474868655204773,1.7798476219177246,14.0,3.676370859146118,90.0
750.0,True,False,nan,45.4665412902832,1.7120496034622192,1.599229335784912,14.0,3.8582558631896973,90.0
750.0,True,False,nan,55.91342544555664,1.4225242137908936,1.0060824155807495,8.0,3.4452080726623535,90.0
750.0,True,False,nan,45.97868728637695,1.1449577808380127,0.8477882146835327,4.0,3.02181077003479,90.0
750.0,True,False,nan,46.605133056640625,1.4692825078964233,0.7863077521324158,9.0,2.8591227531433105,90.0
750.0,True,False,nan,45.96884536743164,1.121686577796936,0.9821423292160034,5.0,2.757694721221924,90.0
750.0,True,False,nan,50.44097900390625,1.4550164937973022,0.7422225475311279,4.0,2.8922863006591797,90.0
750.0,True,False,nan,45.91891860961914,1.915747046470642,1.6794787645339966,7.0,3.6515424251556396,90.0
750.0,True,False,nan,45.44808578491211,1.6073132753372192,0.7162082195281982,5.0,3.0271339416503906,90.0
750.0,True,False,nan,45.348541259765625,1.8016347885131836,1.6626639366149902,6.0,3.6150383949279785,90.0
750.0,True,False,nan,46.06082534790039,2.090789794921875,1.3825721740722656,8.0,3.7039895057678223,90.0
750.0,True,False,nan,48.975059509277344,1.7291104793548584,1.1987264156341553,7.0,3.609161138534546,90.0
750.0,True,False,nan,48.81708908081055,1.5480997562408447,0.9564806222915649,6.0,3.5482192039489746,90.0
750.0,True,False,nan,45.158233642578125,1.602038025856018,0.9425991177558899,6.0,3.4366822242736816,90.0
750.0,True,False,nan,49.00419616699219,2.1685256958007812,1.5625061988830566,14.0,3.7733256816864014,90.0
750.0,True,False,nan,46.67688751220703,2.1341638565063477,1.3501670360565186,5.0,3.5997204780578613,90.0
750.0,True,False,nan,45.08614730834961,2.358910083770752,1.4491897821426392,5.0,3.690706253051758,90.0
750.0,True,False,nan,45.79618835449219,2.7558999061584473,1.2549556493759155,8.0,3.8296546936035156,90.0
750.0,True,False,nan,52.04176330566406,1.3304901123046875,0.8935033679008484,3.0,2.736330509185791,90.0
750.0,False,True,2.2200000286102295,26.38092803955078,3.485851764678955,1.0641779899597168,6.0,3.530402183532715,90.0
750.0,False,False,nan,37.44366455078125,3.4213781356811523,1.3673204183578491,10.0,3.6301279067993164,90.0
750.0,False,True,1.1399999856948853,34.63521194458008,1.3861757516860962,0.7890436053276062,5.0,3.0424888134002686,90.0
750.0,False,True,1.6799999475479126,22.75918197631836,2.3576760292053223,0.9568685293197632,5.0,3.5090267658233643,90.0
750.0,False,True,2.180000066757202,37.01287078857422,3.8600642681121826,1.0578786134719849,6.0,3.72370982170105,90.0
750.0,False,True,2.0199999809265137,28.85213279724121,3.4075779914855957,1.6996456384658813,14.0,3.7443196773529053,90.0
750.0,False,True,0.8199999928474426,23.12754249572754,0.8250160813331604,1.0554159879684448,4.0,2.9812755584716797,90.0
750.0,False,True,1.7599999904632568,28.042251586914062,1.9784170389175415,0.7033318281173706,5.0,2.9202029705047607,90.0
750.0,False,True,1.7400000095367432,30.94391632080078,2.0280702114105225,0.9888501763343811,6.0,3.3778696060180664,90.0
750.0,False,True,1.159999966621399,35.82463836669922,1.4888702630996704,0.9080808758735657,5.0,3.5802581310272217,90.0
750.0,False,True,1.5,22.593523025512695,1.0800371170043945,0.807563066482544,3.0,3.0646097660064697,90.0
750.0,True,False,nan,48.27324295043945,0.39777329564094543,0.9776486158370972,6.0,2.8661162853240967,90.0
750.0,True,False,nan,54.239830017089844,0.4510238468647003,0.8277884125709534,5.0,2.9970428943634033,90.0
750.0,True,False,nan,47.18532180786133,0.5287082195281982,1.5584995746612549,5.0,3.969834327697754,90.0
750.0,True,False,nan,45.16659164428711,0.5071945786476135,0.9387522339820862,7.0,3.270519733428955,90.0
750.0,True,False,nan,52.02077102661133,0.5850701928138733,1.086562156677246,5.0,3.8312668800354004,90.0
750.0,True,False,nan,45.69378662109375,0.5311563611030579,1.405739426612854,9.0,3.885087013244629,90.0
750.0,True,False,nan,47.99687957763672,0.4555187523365021,1.705199122428894,14.0,3.710707426071167,90.0
750.0,True,False,nan,52.90998840332031,0.48400506377220154,2.022080898284912,5.0,3.8466999530792236,90.0
750.0,True,False,nan,52.19548416137695,0.543447732925415,1.632728099822998,7.0,3.790517568588257,90.0
750.0,True,False,nan,46.46236038208008,0.3427545726299286,1.226237177848816,3.0,2.8630893230438232,90.0
750.0,True,False,nan,45.838863372802734,0.6643483638763428,0.7973071336746216,4.0,3.729034662246704,90.0
750.0,True,False,nan,45.478092193603516,0.5192029476165771,1.1322308778762817,5.0,3.62969970703125,90.0
750.0,True,False,nan,45.62511444091797,0.48710066080093384,1.5299984216690063,14.0,3.922957181930542,90.0
750.0,True,False,nan,12.1131010055542,0.32807520031929016,0.9039822220802307,3.0,3.0149405002593994,90.0
750.0,True,False,nan,19.123437881469727,0.2831123471260071,0.7583664059638977,9.0,2.9754621982574463,90.0
750.0,True,False,nan,18.880786895751953,0.3178769052028656,0.7544451355934143,9.0,3.5666964054107666,90.0
750.0,True,False,nan,31.510549545288086,0.5753278732299805,1.502435564994812,9.0,3.6644976139068604,90.0
750.0,True,False,nan,15.953597068786621,0.17522770166397095,0.7330496907234192,9.0,2.7716782093048096,90.0
750.0,True,False,nan,31.850223541259766,0.5744526982307434,1.3192821741104126,5.0,3.8201446533203125,90.0
750.0,True,False,nan,14.865312576293945,0.30852001905441284,1.4675368070602417,10.0,3.706696033477783,90.0
750.0,True,False,nan,4.778687477111816,0.04963601008057594,0.8036683797836304,6.0,1.7970527410507202,90.0
750.0,True,False,nan,4.861234664916992,0.020315270870923996,0.7618141174316406,7.0,1.1619493961334229,90.0
750.0,True,False,nan,1.4897717237472534,0.0,1.1873478889465332,7.0,0.0,90.0
750.0,True,False,nan,43.454307556152344,0.7090234756469727,1.5021427869796753,11.0,4.04217004776001,90.0
750.0,True,False,nan,2.757899045944214,0.01062353141605854,0.8013128042221069,6.0,1.0592812299728394,90.0
750.0,True,False,nan,28.131820678710938,0.4507536292076111,1.5000100135803223,14.0,3.865659236907959,90.0
750.0,True,False,nan,7.1351213455200195,0.0783371776342392,1.0060839653015137,8.0,2.397827386856079,90.0
750.0,True,False,nan,20.87685203552246,0.2201087474822998,1.633225917816162,13.0,3.715989589691162,90.0
750.0,True,False,nan,28.51108169555664,0.40516018867492676,0.6904441118240356,21.0,2.9792754650115967,90.0
750.0,True,False,nan,8.614156723022461,0.08357446640729904,0.9236401915550232,6.0,2.4740819931030273,90.0
750.0,True,False,nan,16.94544219970703,0.32111746072769165,0.8061306476593018,6.0,2.814821481704712,90.0
750.0,True,False,nan,9.501770973205566,0.06291068345308304,1.7798514366149902,14.0,2.7265548706054688,90.0
750.0,True,False,nan,14.89502239227295,0.23355454206466675,0.8563580513000488,7.0,3.008395195007324,90.0
750.0,True,False,nan,3.3662736415863037,0.0,1.1049132347106934,5.0,0.5445194244384766,90.0
750.0,True,False,nan,45.775814056396484,0.42963990569114685,0.8277882933616638,5.0,4.511687278747559,180.0
750.0,True,False,nan,47.52913284301758,0.4464413523674011,0.9397207498550415,3.0,4.227478981018066,180.0
750.0,True,False,nan,48.804317474365234,0.44405102729797363,0.8563677072525024,7.0,4.026208877563477,180.0
750.0,True,False,nan,52.10445785522461,0.46621787548065186,0.7583683729171753,9.0,3.84981632232666,180.0
750.0,True,False,nan,47.628196716308594,0.46702679991722107,1.1322270631790161,5.0,4.116330146789551,180.0
750.0,True,False,nan,45.316810607910156,0.5017001032829285,0.690449059009552,12.0,4.045111179351807,180.0
750.0,True,False,nan,52.34281921386719,0.4528714120388031,0.8061281442642212,6.0,4.07218599319458,180.0
750.0,True,False,nan,48.61015319824219,0.5162394642829895,0.847787618637085,4.0,4.0489726066589355,180.0
750.0,True,False,nan,45.09712600708008,0.49068260192871094,1.0868752002716064,5.0,4.281917572021484,180.0
750.0,True,False,nan,48.214752197265625,0.38591524958610535,2.0220673084259033,5.0,3.8588550090789795,180.0
750.0,True,False,nan,48.3484001159668,0.5159506797790527,1.1987364292144775,7.0,4.056225299835205,180.0
750.0,True,False,nan,45.45333480834961,0.4711047410964966,1.502374529838562,9.0,4.0622429847717285,180.0
750.0,True,False,nan,48.021690368652344,0.48628541827201843,1.383967399597168,8.0,4.106833457946777,180.0
750.0,True,False,nan,50.3743782043457,0.4440688192844391,1.6327368021011353,7.0,4.106045722961426,180.0
750.0,True,False,nan,49.090675354003906,0.4505716562271118,1.5585122108459473,5.0,3.9939141273498535,180.0
750.0,True,False,nan,45.34947204589844,0.535033643245697,0.7330495715141296,9.0,4.087932109832764,180.0
750.0,True,False,nan,50.66542053222656,0.4583401381969452,1.4675345420837402,11.0,4.252933502197266,180.0
750.0,True,False,nan,45.1589241027832,0.5011411905288696,1.4057459831237793,9.0,4.045537948608398,180.0
750.0,True,False,nan,47.88836669921875,0.4428749084472656,1.7052106857299805,14.0,3.8918542861938477,180.0
750.0,True,False,nan,45.28102111816406,0.4888410270214081,1.350173830986023,5.0,4.066807746887207,180.0
750.0,True,False,nan,46.40525436401367,0.5486775636672974,1.0060796737670898,8.0,4.112009525299072,180.0
750.0,True,False,nan,50.74851989746094,0.48291999101638794,0.9236381649971008,6.0,4.057332515716553,180.0
750.0,True,False,nan,47.88454055786133,0.48587095737457275,0.9995846748352051,4.0,3.7384393215179443,180.0
750.0,True,False,nan,47.27439880371094,0.49011099338531494,1.5299850702285767,14.0,4.4053850173950195,180.0
750.0,True,False,nan,48.369510650634766,0.5088901519775391,1.4491997957229614,5.0,3.988295078277588,180.0
750.0,True,False,nan,51.36167907714844,0.5157504081726074,1.31926691532135,5.0,3.975057363510132,180.0
750.0,True,False,nan,50.26934051513672,0.5455869436264038,0.761817455291748,2.0,4.1343207359313965,180.0
750.0,True,False,nan,46.615413665771484,0.43980732560157776,0.9776542782783508,6.0,4.05328369140625,180.0
750.0,True,False,nan,47.49018478393555,0.5581570863723755,1.1049072742462158,5.0,3.9406917095184326,180.0
750.0,True,False,nan,53.59449768066406,0.5454557538032532,0.9039878845214844,3.0,3.7981765270233154,180.0
750.0,True,False,nan,50.2228889465332,0.6610825061798096,0.803653359413147,6.0,4.074251651763916,180.0
750.0,True,False,nan,46.52567672729492,0.6572024822235107,0.7972967624664307,4.0,3.9755795001983643,180.0
750.0,True,False,nan,45.183414459228516,0.6886904835700989,0.8099165558815002,4.0,3.886805295944214,180.0
750.0,True,False,nan,45.37997055053711,0.45362117886543274,1.2262334823608398,3.0,3.759054660797119,180.0
750.0,True,False,nan,46.451759338378906,0.6010475754737854,1.501982569694519,11.0,3.715712547302246,180.0
750.0,True,False,nan,49.969993591308594,0.5773960947990417,1.7798548936843872,14.0,4.17507791519165,180.0
750.0,True,False,nan,47.09516906738281,0.7578539848327637,0.7544413805007935,9.0,3.9115705490112305,180.0
750.0,True,False,nan,46.30494689941406,0.744233250617981,0.7423073649406433,4.0,3.9654386043548584,180.0
750.0,True,False,nan,45.85202407836914,0.5489594340324402,1.6794754266738892,7.0,3.634693145751953,180.0
750.0,True,False,nan,48.1860237121582,0.6352375745773315,1.6332206726074219,13.0,4.044126033782959,180.0
750.0,True,False,nan,46.016746520996094,0.5148113369941711,1.6626619100570679,6.0,3.6851797103881836,180.0
750.0,True,False,nan,46.117835998535156,0.8393070101737976,1.366612434387207,9.0,3.7694015502929688,180.0
750.0,True,False,nan,45.621665954589844,1.224558711051941,1.500014305114746,14.0,4.044753551483154,180.0
750.0,True,False,nan,45.90046310424805,1.9613561630249023,1.1873340606689453,7.0,3.746095657348633,180.0
750.0,True,False,nan,46.657623291015625,2.087120294570923,1.2549594640731812,8.0,3.7041566371917725,180.0
750.0,True,False,nan,46.018856048583984,2.3498525619506836,0.8013161420822144,4.0,3.6550824642181396,180.0
750.0,False,True,2.059999942779541,36.577049255371094,3.7268667221069336,0.7863140106201172,9.0,4.014889240264893,180.0
750.0,False,True,1.8600000143051147,30.314281463623047,3.495969295501709,1.0641604661941528,6.0,4.017580986022949,180.0
750.0,False,True,1.6799999475479126,25.05208396911621,2.9506137371063232,0.7162013053894043,5.0,3.8184304237365723,180.0
750.0,False,True,1.4399999380111694,19.115222930908203,1.8051393032073975,0.9821441769599915,5.0,3.63388729095459,180.0
750.0,False,True,1.4800000190734863,26.452983856201172,2.044198751449585,0.8935059309005737,3.0,3.936668872833252,180.0
750.0,False,True,1.2599999904632568,22.24489402770996,2.2271249294281006,0.7890401482582092,5.0,3.6471409797668457,180.0
750.0,False,True,1.2400000095367432,16.042343139648438,1.9331225156784058,0.9568536281585693,5.0,3.840968132019043,180.0
750.0,False,True,1.959999918937683,30.37400245666504,3.6377148628234863,1.057875633239746,6.0,3.820613145828247,180.0
750.0,False,True,1.4399999380111694,27.577028274536133,2.3745481967926025,1.6996667385101318,14.0,3.673112392425537,180.0
750.0,False,True,1.2400000095367432,21.587034225463867,1.1876134872436523,1.0554418563842773,4.0,3.6526920795440674,180.0
750.0,False,True,1.3600000143051147,21.16839599609375,2.258016347885132,0.7033302187919617,5.0,3.6921629905700684,180.0
750.0,False,True,1.7599999904632568,25.20698356628418,2.9559237957000732,0.9564858078956604,6.0,3.650130271911621,180.0
750.0,False,False,nan,35.530269622802734,5.221611976623535,1.5992226600646973,14.0,3.6473255157470703,180.0
750.0,False,True,1.1799999475479126,20.05668830871582,1.953649640083313,0.9888448119163513,6.0,3.5399887561798096,180.0
750.0,False,True,1.899999976158142,28.62799072265625,3.276651382446289,0.908082127571106,5.0,3.718670129776001,180.0
750.0,False,True,1.8799999952316284,30.245891571044922,3.364720106124878,0.9425953030586243,6.0,4.031972408294678,180.0
750.0,False,True,2.0999999046325684,35.42217254638672,3.687401056289673,1.5625017881393433,14.0,3.6140568256378174,180.0
750.0,False,True,1.5799999237060547,25.574785232543945,2.205064058303833,0.8075291514396667,3.0,3.826453685760498,180.0
750.0,True,False,nan,45.775726318359375,0.42963907122612,0.8277897834777832,5.0,4.511680603027344,180.0
750.0,True,False,nan,47.52922821044922,0.44644033908843994,0.9397231936454773,3.0,4.227474689483643,180.0
750.0,True,False,nan,48.80415344238281,0.4440537393093109,0.856353223323822,7.0,4.026211738586426,180.0
750.0,True,False,nan,52.104095458984375,0.4662126302719116,0.7583779692649841,9.0,3.8498244285583496,180.0
750.0,True,False,nan,47.30339050292969,0.46500545740127563,1.1186270713806152,5.0,4.101572036743164,180.0
750.0,True,False,nan,52.3427848815918,0.452870637178421,0.8061253428459167,6.0,4.072190284729004,180.0
750.0,True,False,nan,48.610660552978516,0.5162336230278015,0.8477836847305298,4.0,4.04896879196167,180.0
750.0,True,False,nan,45.317989349365234,0.5016946196556091,0.6904656887054443,12.0,4.045158386230469,180.0
750.0,True,False,nan,45.09727096557617,0.4906826317310333,1.086876630783081,5.0,4.281899452209473,180.0
750.0,True,False,nan,49.281707763671875,0.48587074875831604,1.3746070861816406,6.0,4.094076156616211,180.0
750.0,True,False,nan,50.3742790222168,0.4440687596797943,1.632737636566162,7.0,4.106052875518799,180.0
750.0,True,False,nan,46.40481948852539,0.548677921295166,1.0060741901397705,8.0,4.112009525299072,180.0
750.0,True,False,nan,50.748863220214844,0.4829292595386505,0.9236282110214233,6.0,4.057329177856445,180.0
750.0,True,False,nan,48.21454620361328,0.38591545820236206,2.0220675468444824,5.0,3.858858585357666,180.0
750.0,True,False,nan,48.34847640991211,0.5159528255462646,1.1987309455871582,7.0,4.056227684020996,180.0
750.0,True,False,nan,49.09130859375,0.4505745470523834,1.5584862232208252,5.0,3.993919610977173,180.0
750.0,True,False,nan,45.34955596923828,0.5350338220596313,0.7330518364906311,9.0,4.087933540344238,180.0
750.0,True,False,nan,50.665462493896484,0.4583394527435303,1.4675365686416626,11.0,4.252931594848633,180.0
750.0,True,False,nan,45.28092575073242,0.48884353041648865,1.3501770496368408,5.0,4.0668044090271,180.0
750.0,True,False,nan,45.45292282104492,0.47108766436576843,1.502443552017212,9.0,4.062241077423096,180.0
750.0,True,False,nan,51.36089324951172,0.5157474875450134,1.319277286529541,5.0,3.975037097930908,180.0
750.0,True,False,nan,50.2691535949707,0.5455881953239441,0.7618132829666138,2.0,4.134317874908447,180.0
750.0,True,False,nan,47.88726043701172,0.4428771138191223,1.7052006721496582,14.0,3.891834020614624,180.0
750.0,True,False,nan,46.55201721191406,0.4839470088481903,0.9994567632675171,4.0,3.714729070663452,180.0
750.0,True,False,nan,48.37006759643555,0.508894145488739,1.449188232421875,5.0,3.9883103370666504,180.0
750.0,True,False,nan,45.15894317626953,0.5011416077613831,1.40574312210083,9.0,4.045542240142822,180.0
750.0,True,False,nan,46.61558151245117,0.4398084580898285,0.9776496887207031,6.0,4.053280830383301,180.0
750.0,True,False,nan,47.49003601074219,0.5581568479537964,1.1049070358276367,5.0,3.9406981468200684,180.0
750.0,True,False,nan,47.27486038208008,0.4901094138622284,1.529992938041687,14.0,4.405307292938232,180.0
750.0,True,False,nan,49.97048568725586,0.5773955583572388,1.7798548936843872,14.0,4.175079345703125,180.0
750.0,True,False,nan,50.22372817993164,0.6610774993896484,0.8036590814590454,6.0,4.07423734664917,180.0
750.0,True,False,nan,45.184234619140625,0.6886894106864929,0.8099192976951599,4.0,3.886828660964966,180.0
750.0,True,False,nan,46.45635223388672,0.6010700464248657,1.502143144607544,11.0,3.715390682220459,180.0
750.0,True,False,nan,48.540836334228516,0.706506609916687,0.7973014116287231,4.0,3.9346890449523926,180.0
750.0,True,False,nan,53.04806900024414,0.5545492768287659,0.9018137454986572,3.0,3.902024269104004,180.0
750.0,True,False,nan,46.058197021484375,0.7446474432945251,0.7422098517417908,4.0,3.967118740081787,180.0
750.0,True,False,nan,48.18629837036133,0.6352384090423584,1.633225440979004,13.0,4.044156551361084,180.0
750.0,True,False,nan,47.09530258178711,0.7578567266464233,0.7544400691986084,9.0,3.911567449569702,180.0
750.0,True,False,nan,26.979509353637695,0.529074490070343,1.3666120767593384,9.0,3.7703306674957275,180.0
750.0,True,False,nan,22.73377227783203,0.36637866497039795,1.2261708974838257,3.0,3.758936882019043,180.0
750.0,True,False,nan,41.462127685546875,0.5473108291625977,1.6794805526733398,7.0,3.6346912384033203,180.0
750.0,True,False,nan,1.4899030923843384,0.0,1.1873714923858643,7.0,0.0,180.0
750.0,True,False,nan,4.728452205657959,0.16843444108963013,1.5000028610229492,14.0,3.807088613510132,180.0
750.0,True,False,nan,42.307735443115234,0.5123215913772583,1.6626704931259155,6.0,3.685157060623169,180.0
750.0,True,False,nan,47.46846389770508,0.2694675028324127,0.8277860283851624,5.0,3.1918137073516846,270.0
750.0,True,False,nan,47.59110641479492,0.18571002781391144,1.705204963684082,14.0,3.7730932235717773,270.0
750.0,True,False,nan,45.579933166503906,0.28593769669532776,0.8563660383224487,7.0,3.464184045791626,270.0
750.0,True,False,nan,45.198463439941406,0.2680385410785675,0.7583667635917664,9.0,3.194438934326172,270.0
750.0,True,False,nan,49.95368576049805,0.30532315373420715,0.9397201538085938,3.0,3.5803699493408203,270.0
750.0,True,False,nan,46.89468765258789,0.2517038881778717,0.8061245083808899,6.0,3.128054141998291,270.0
750.0,True,False,nan,47.57659149169922,0.273245632648468,1.467530369758606,11.0,3.529268503189087,270.0
750.0,True,False,nan,45.17951965332031,0.3294348418712616,1.1186273097991943,5.0,3.58640456199646,270.0
750.0,True,False,nan,45.22146224975586,0.2546060383319855,0.6904650926589966,12.0,3.119560480117798,270.0
750.0,True,False,nan,45.08015060424805,0.3522782623767853,0.92362380027771,6.0,3.360982894897461,270.0
750.0,True,False,nan,45.016700744628906,0.3648695945739746,0.9018100500106812,3.0,3.165558338165283,270.0
750.0,True,False,nan,46.70975875854492,0.2390754371881485,1.633040428161621,7.0,3.565676212310791,270.0
750.0,True,False,nan,48.644222259521484,0.22640535235404968,0.9776511192321777,6.0,2.614194631576538,270.0
750.0,True,False,nan,53.116275787353516,0.3030635714530945,0.8477758169174194,4.0,3.5311758518218994,270.0
750.0,True,False,nan,46.02678298950195,0.260848730802536,1.2262327671051025,3.0,2.7785611152648926,270.0
750.0,True,False,nan,47.726768493652344,0.34639662504196167,1.0865843296051025,5.0,3.3441667556762695,270.0
750.0,True,False,nan,46.929351806640625,0.303318053483963,0.893502950668335,3.0,3.03428053855896,270.0
750.0,True,False,nan,46.63008499145508,0.30265727639198303,0.7330543398857117,9.0,3.155100107192993,270.0
750.0,True,False,nan,47.422386169433594,0.37308913469314575,1.405737042427063,9.0,3.387244939804077,270.0
750.0,True,False,nan,51.922183990478516,0.44892066717147827,0.8036558628082275,6.0,3.170820474624634,270.0
750.0,True,False,nan,47.225460052490234,0.30247607827186584,0.7618100643157959,2.0,3.103264808654785,270.0
750.0,True,False,nan,48.328102111816406,0.38792288303375244,0.999459445476532,4.0,3.587066888809204,270.0
750.0,True,False,nan,47.35041427612305,0.23979498445987701,2.0220768451690674,5.0,3.434171438217163,270.0
750.0,True,False,nan,50.72645950317383,0.4274505078792572,0.7544529438018799,9.0,3.236732006072998,270.0
750.0,True,False,nan,49.540103912353516,0.32104846835136414,1.5584968328475952,5.0,3.3808979988098145,270.0
750.0,True,False,nan,48.31326675415039,0.3858910799026489,0.8013126850128174,4.0,3.1288416385650635,270.0
750.0,True,False,nan,52.64547348022461,0.43892210721969604,0.7973012328147888,4.0,3.1555984020233154,270.0
750.0,True,False,nan,45.158077239990234,0.4449768364429474,1.5000065565109253,14.0,3.6531178951263428,270.0
750.0,True,False,nan,46.80024337768555,0.41612425446510315,1.5299981832504272,14.0,3.4369184970855713,270.0
750.0,True,False,nan,47.123043060302734,0.3984985947608948,1.1987299919128418,7.0,3.613145351409912,270.0
750.0,True,False,nan,45.79758071899414,0.5022056102752686,1.6332252025604248,13.0,3.497138261795044,270.0
750.0,True,False,nan,45.41044616699219,0.8774287700653076,0.7890284657478333,5.0,3.5156285762786865,270.0
750.0,True,False,nan,46.348899841308594,1.3078982830047607,0.9821406602859497,5.0,2.9686930179595947,270.0
750.0,True,False,nan,46.11819076538086,1.0956413745880127,1.3825619220733643,8.0,3.6566333770751953,270.0
750.0,False,True,0.6200000047683716,22.550657272338867,0.5712568163871765,0.7863068580627441,9.0,3.1261680126190186,270.0
750.0,False,True,0.9399999976158142,20.961700439453125,1.202949047088623,1.0641591548919678,6.0,3.5587618350982666,270.0
750.0,False,True,2.119999885559082,42.04345703125,2.2610113620758057,1.3666058778762817,9.0,3.5725200176239014,270.0
750.0,False,True,1.6399999856948853,43.801239013671875,1.1702708005905151,0.809916079044342,4.0,3.216779947280884,270.0
750.0,False,True,0.8399999737739563,26.212060928344727,0.7028104066848755,0.7162075638771057,5.0,3.307512044906616,270.0
750.0,False,True,0.9599999785423279,42.13668441772461,1.0047428607940674,1.502436637878418,9.0,3.719238758087158,270.0
750.0,False,True,0.8199999928474426,32.11178207397461,1.0419942140579224,1.4491887092590332,5.0,3.525722026824951,270.0
750.0,False,True,1.3799999952316284,30.367401123046875,1.8670412302017212,0.9568585753440857,5.0,3.6401891708374023,270.0
750.0,False,True,1.3799999952316284,30.04207420349121,1.8300726413726807,1.0578769445419312,6.0,3.5860841274261475,270.0
750.0,False,True,0.8199999928474426,35.714263916015625,1.1291868686676025,1.3192672729492188,5.0,3.532912492752075,270.0
750.0,False,True,0.8399999737739563,35.364479064941406,1.4864041805267334,1.6996570825576782,14.0,3.6147468090057373,270.0
750.0,False,True,0.8799999952316284,27.036827087402344,0.6208066940307617,0.7422195672988892,4.0,3.108952283859253,270.0
750.0,False,True,1.1999999284744263,31.92924690246582,1.404632806777954,1.6794756650924683,7.0,3.6367170810699463,270.0
750.0,False,True,2.119999885559082,41.51777648925781,3.3631629943847656,1.1873325109481812,7.0,3.5633044242858887,270.0
750.0,False,True,2.1399998664855957,43.16579055786133,3.88025164604187,1.5021464824676514,11.0,3.895582675933838,270.0
750.0,False,True,0.5600000023841858,29.82535743713379,0.5427696108818054,1.055431842803955,4.0,3.2268033027648926,270.0
750.0,False,True,0.8199999928474426,29.30681800842285,0.9397863745689392,1.3501721620559692,5.0,3.591421604156494,270.0
750.0,False,True,1.3799999952316284,34.63294982910156,0.9418045878410339,1.0060853958129883,8.0,3.6453797817230225,270.0
750.0,False,True,0.7799999713897705,28.909082412719727,0.7365834712982178,0.7033386826515198,5.0,3.343477487564087,270.0
750.0,False,True,1.4199999570846558,40.925472259521484,1.873241901397705,1.7798476219177246,14.0,3.526273727416992,270.0
750.0,False,True,1.3399999141693115,28.773387908935547,1.5567831993103027,0.9564745426177979,6.0,3.5995142459869385,270.0
750.0,False,True,1.2400000095367432,38.91324234008789,1.7153853178024292,1.5992326736450195,14.0,3.529409646987915,270.0
750.0,False,True,1.2999999523162842,32.00496292114258,1.9103116989135742,0.9888362288475037,6.0,3.6465582847595215,270.0
750.0,False,True,1.1200000047683716,31.176910400390625,1.3246972560882568,1.662670612335205,6.0,3.640489339828491,270.0
750.0,False,True,0.7999999523162842,29.676612854003906,1.2693228721618652,1.104905605316162,5.0,3.477085828781128,270.0
750.0,False,True,1.2599999904632568,33.90463638305664,1.5956121683120728,0.9080796241760254,5.0,3.5135371685028076,270.0
750.0,False,True,2.1399998664855957,44.41911315917969,3.516563653945923,1.2549614906311035,8.0,3.577847480773926,270.0
750.0,False,True,0.8199999928474426,20.835039138793945,1.026955485343933,0.9425907135009766,6.0,3.5084826946258545,270.0
750.0,False,True,1.1799999475479126,38.99977111816406,1.6353681087493896,1.5625065565109253,14.0,3.5616307258605957,270.0
750.0,False,True,0.7799999713897705,31.577512741088867,0.6914138197898865,0.8074807524681091,3.0,3.3816981315612793,270.0
750.0,True,False,nan,47.468204498291016,0.26946958899497986,0.8277865052223206,5.0,3.1918084621429443,270.0
750.0,True,False,nan,45.57971954345703,0.28593558073043823,0.8563454151153564,7.0,3.4641833305358887,270.0
750.0,True,False,nan,49.95359802246094,0.30532026290893555,0.9397314190864563,3.0,3.5803704261779785,270.0
750.0,True,False,nan,46.04524230957031,0.25374263525009155,0.8064991235733032,7.0,3.115103006362915,270.0
750.0,True,False,nan,45.19840621948242,0.26803770661354065,0.7583754658699036,9.0,3.194436550140381,270.0
750.0,True,False,nan,47.59131622314453,0.18570762872695923,1.7052127122879028,14.0,3.773092746734619,270.0
750.0,True,False,nan,45.08030700683594,0.35228171944618225,0.9236288666725159,6.0,3.3609941005706787,270.0
750.0,True,False,nan,45.01663589477539,0.3648712635040283,0.9018086791038513,3.0,3.165560483932495,270.0
750.0,True,False,nan,47.57639694213867,0.2732442319393158,1.467535138130188,11.0,3.529262065887451,270.0
750.0,True,False,nan,48.64341735839844,0.22641028463840485,0.9776538014411926,6.0,2.6142237186431885,270.0
750.0,True,False,nan,45.25709533691406,0.25544002652168274,0.6824995279312134,12.0,3.1154704093933105,270.0
750.0,True,False,nan,45.17951202392578,0.3294353485107422,1.118626594543457,5.0,3.58640718460083,270.0
750.0,True,False,nan,46.02741622924805,0.26083579659461975,1.2262415885925293,3.0,2.778571128845215,270.0
750.0,True,False,nan,46.7062873840332,0.23912379145622253,1.6327344179153442,7.0,3.5656936168670654,270.0
750.0,True,False,nan,47.66731643676758,0.373077392578125,1.4057857990264893,9.0,3.3892710208892822,270.0
750.0,True,False,nan,48.353660583496094,0.38761386275291443,0.9995887279510498,4.0,3.586773633956909,270.0
750.0,True,False,nan,36.10249328613281,0.20832622051239014,2.022101402282715,5.0,3.4341652393341064,270.0
750.0,True,False,nan,2.722179412841797,0.030722346156835556,0.7544443607330322,9.0,1.6766146421432495,270.0
750.0,True,False,nan,43.76212692260742,0.3174360692501068,1.5584979057312012,5.0,3.3808956146240234,270.0
750.0,True,False,nan,32.155155181884766,0.36198171973228455,0.8036563396453857,6.0,3.170820474624634,270.0
750.0,True,False,nan,2.1125736236572266,0.0,0.8013114333152771,4.0,0.5630223155021667,270.0
750.0,True,False,nan,20.801868438720703,0.22414082288742065,1.5000098943710327,14.0,3.403515338897705,270.0
750.0,True,False,nan,26.287883758544922,0.24858105182647705,0.8477753400802612,4.0,3.53118896484375,270.0
750.0,True,False,nan,35.67470169067383,0.33519744873046875,1.086880087852478,4.0,3.369067907333374,270.0
750.0,True,False,nan,34.70744705200195,0.3399355113506317,1.529996633529663,14.0,3.4369099140167236,270.0
800.0,True,False,nan,45.08379364013672,0.13102969527244568,0.982140064239502,5.0,4.338048458099365,0.0
800.0,True,False,nan,45.1571044921875,0.14595410227775574,0.89350426197052,3.0,4.107439994812012,0.0
800.0,True,False,nan,46.001747131347656,0.1154773086309433,0.9776483178138733,6.0,4.08068323135376,0.0
800.0,True,False,nan,46.60818862915039,0.14507058262825012,0.8060942888259888,6.0,4.098699569702148,0.0
800.0,True,False,nan,53.971282958984375,0.15960124135017395,0.9018058180809021,3.0,4.262004852294922,0.0
800.0,True,False,nan,45.6876220703125,0.17157843708992004,0.7863091826438904,9.0,3.9305741786956787,0.0
800.0,True,False,nan,45.45926284790039,0.1285528987646103,0.8099122643470764,4.0,3.6337690353393555,0.0
800.0,True,False,nan,46.995784759521484,0.1808670461177826,0.7162029147148132,5.0,4.2818732261657715,0.0
800.0,True,False,nan,54.78509521484375,0.16228526830673218,0.8277894854545593,5.0,4.3254218101501465,0.0
800.0,True,False,nan,58.84682846069336,0.1369151771068573,1.226224660873413,3.0,4.382808208465576,0.0
800.0,True,False,nan,45.02941131591797,0.18058368563652039,0.78904128074646,5.0,4.161019325256348,0.0
800.0,True,False,nan,45.39297103881836,0.1699109822511673,0.7330485582351685,9.0,3.790085554122925,0.0
800.0,True,False,nan,46.387413024902344,0.17509767413139343,0.7422181963920593,4.0,3.912006139755249,0.0
800.0,True,False,nan,47.75637435913086,0.17421990633010864,0.7618179321289062,2.0,3.970425605773926,0.0
800.0,True,False,nan,48.11418151855469,0.15171174705028534,0.9397264122962952,3.0,3.9341604709625244,0.0
800.0,True,False,nan,51.70259475708008,0.17037060856819153,0.8013115525245667,4.0,4.079005718231201,0.0
800.0,True,False,nan,46.030555725097656,0.1877518594264984,0.7033386826515198,5.0,3.8858137130737305,0.0
800.0,True,False,nan,46.92094421386719,0.1874632090330124,0.6825002431869507,12.0,3.9449501037597656,0.0
800.0,True,False,nan,52.87062454223633,0.15320686995983124,0.9236373901367188,6.0,3.9722230434417725,0.0
800.0,True,False,nan,48.095062255859375,0.1690913587808609,0.8563678860664368,7.0,3.997556686401367,0.0
800.0,True,False,nan,48.74179458618164,0.15815894305706024,0.7544436454772949,9.0,3.5786755084991455,0.0
800.0,True,False,nan,48.49198913574219,0.1454949826002121,1.198725700378418,7.0,3.9413864612579346,0.0
800.0,True,False,nan,49.70201110839844,0.16321325302124023,1.1186290979385376,5.0,4.013145923614502,0.0
800.0,True,False,nan,48.525699615478516,0.16224540770053864,0.8036566376686096,6.0,3.6345107555389404,0.0
800.0,True,False,nan,46.850624084472656,0.1453399509191513,1.1873456239700317,7.0,3.96504807472229,0.0
800.0,True,False,nan,45.67918395996094,0.21795184910297394,1.055416226387024,4.0,3.8475232124328613,0.0
800.0,True,False,nan,50.29354476928711,0.1632324755191803,0.7973009347915649,4.0,3.7262771129608154,0.0
800.0,True,False,nan,45.26881790161133,0.20275479555130005,0.8477696180343628,4.0,3.998894214630127,0.0
800.0,True,False,nan,47.29022979736328,0.12837959825992584,1.0865869522094727,5.0,3.686664342880249,0.0
800.0,True,False,nan,45.35593032836914,0.13326634466648102,1.1049034595489502,5.0,3.979311466217041,0.0
800.0,True,False,nan,47.52806854248047,0.19742780923843384,0.9080969095230103,5.0,3.9948151111602783,0.0
800.0,True,False,nan,45.037288665771484,0.1407332569360733,1.2549718618392944,8.0,3.9689085483551025,0.0
800.0,True,False,nan,46.683250427246094,0.13759580254554749,1.4675294160842896,11.0,3.787062644958496,0.0
800.0,True,False,nan,45.51161193847656,0.352556049823761,0.7583717107772827,9.0,3.8861124515533447,0.0
800.0,True,False,nan,47.84083557128906,0.1082233116030693,1.7052090167999268,14.0,4.080480575561523,0.0
800.0,True,False,nan,47.63606262207031,0.3115299344062805,1.0060847997665405,8.0,3.8096425533294678,0.0
800.0,True,False,nan,49.319156646728516,0.40529072284698486,0.999457597732544,4.0,3.9158034324645996,0.0
800.0,True,False,nan,45.50922393798828,0.5054789185523987,0.8075288534164429,3.0,3.6325137615203857,0.0
800.0,True,False,nan,46.44485092163086,0.17819517850875854,1.5024410486221313,9.0,3.838036298751831,0.0
800.0,True,False,nan,47.84226608276367,0.2104896456003189,1.3825666904449463,8.0,3.9187026023864746,0.0
800.0,True,False,nan,45.28213119506836,0.3149145245552063,1.3666129112243652,9.0,4.018440246582031,0.0
800.0,True,False,nan,47.2568359375,0.1331159770488739,1.632723093032837,7.0,3.7258756160736084,0.0
800.0,True,False,nan,54.5036735534668,0.4912967085838318,0.9888466596603394,6.0,3.6654372215270996,0.0
800.0,True,False,nan,47.29411697387695,0.23784779012203217,1.529995322227478,14.0,3.4709270000457764,0.0
800.0,True,False,nan,48.6339111328125,0.3148862421512604,1.3192671537399292,5.0,3.824756383895874,0.0
800.0,True,False,nan,48.864261627197266,0.2398647964000702,1.4057427644729614,9.0,3.5090532302856445,0.0
800.0,True,False,nan,48.64411926269531,0.46011340618133545,0.9564810395240784,6.0,4.215907096862793,0.0
800.0,True,False,nan,49.95018005371094,0.23175953328609467,1.5585006475448608,5.0,3.455514430999756,0.0
800.0,True,False,nan,45.07801818847656,0.44732481241226196,1.0578885078430176,6.0,4.12175178527832,0.0
800.0,True,False,nan,45.35793685913086,0.49931254982948303,0.9425933957099915,6.0,3.8040151596069336,0.0
800.0,True,False,nan,49.0507698059082,0.3849533200263977,1.5019913911819458,11.0,3.358132839202881,0.0
800.0,True,False,nan,48.7358283996582,0.1559143215417862,2.02207612991333,5.0,3.360283136367798,0.0
800.0,True,False,nan,46.72602081298828,0.39494258165359497,1.449193000793457,5.0,3.794074535369873,0.0
800.0,True,False,nan,46.12443923950195,0.4127795100212097,1.3501733541488647,5.0,3.597177028656006,0.0
800.0,False,True,0.8799999952316284,33.72831344604492,0.9648972749710083,1.0641794204711914,6.0,3.785674571990967,0.0
800.0,False,True,1.399999976158142,34.415584564208984,1.5999311208724976,0.9568539261817932,5.0,3.586811065673828,0.0
800.0,False,True,0.47999998927116394,37.7271614074707,0.2301323562860489,1.6996546983718872,14.0,4.112441539764404,0.0
800.0,False,True,0.7199999690055847,36.044368743896484,0.6147941946983337,1.6794732809066772,7.0,3.8217155933380127,0.0
800.0,False,True,0.85999995470047,41.14792251586914,0.58542400598526,1.5000135898590088,14.0,3.627201557159424,0.0
800.0,False,True,0.85999995470047,41.038326263427734,0.5231038331985474,1.6332248449325562,13.0,3.657707929611206,0.0
800.0,False,True,0.5799999833106995,40.009098052978516,0.23497700691223145,1.7798182964324951,14.0,3.7435569763183594,0.0
800.0,False,True,0.5999999642372131,38.50389099121094,0.37968143820762634,1.5993231534957886,14.0,3.7758684158325195,0.0
800.0,False,True,2.0799999237060547,30.57048988342285,2.129075050354004,1.6626745462417603,6.0,3.712380886077881,0.0
800.0,False,True,0.5999999642372131,42.260719299316406,0.38386663794517517,1.5625022649765015,14.0,3.967353105545044,0.0
800.0,True,False,nan,46.00168228149414,0.11547714471817017,0.9776474833488464,6.0,4.0806884765625,0.0
800.0,True,False,nan,46.08970642089844,0.14435014128684998,0.8065008521080017,7.0,4.108516216278076,0.0
800.0,True,False,nan,54.78494644165039,0.16228532791137695,0.8277851939201355,5.0,4.325423717498779,0.0
800.0,True,False,nan,58.84651184082031,0.1369050294160843,1.226171612739563,3.0,4.382561683654785,0.0
800.0,True,False,nan,45.15704345703125,0.14595386385917664,0.8935056924819946,3.0,4.107436180114746,0.0
800.0,True,False,nan,53.970802307128906,0.15956442058086395,0.9021714925765991,3.0,4.261951923370361,0.0
800.0,True,False,nan,45.08378219604492,0.1310288906097412,0.9821526408195496,5.0,4.338053226470947,0.0
800.0,True,False,nan,48.11443328857422,0.15171295404434204,0.9397204518318176,3.0,3.9341659545898438,0.0
800.0,True,False,nan,47.009639739990234,0.18690459430217743,0.6904470920562744,12.0,3.941871404647827,0.0
800.0,True,False,nan,48.09476852416992,0.1690867692232132,0.8564213514328003,7.0,3.9975483417510986,0.0
800.0,True,False,nan,47.756412506103516,0.17422015964984894,0.7618167400360107,2.0,3.97043514251709,0.0
800.0,True,False,nan,51.70280456542969,0.17037123441696167,0.801311194896698,4.0,4.079005241394043,0.0
800.0,True,False,nan,52.870567321777344,0.15320555865764618,0.9236423373222351,6.0,3.9722354412078857,0.0
800.0,True,False,nan,45.392974853515625,0.16991044580936432,0.7330520153045654,9.0,3.7900853157043457,0.0
800.0,True,False,nan,49.67394256591797,0.1605534553527832,1.132228970527649,5.0,4.004631519317627,0.0
800.0,True,False,nan,46.386871337890625,0.17509564757347107,0.7422188520431519,4.0,3.9118683338165283,0.0
800.0,True,False,nan,45.67904281616211,0.2179519236087799,1.0554271936416626,4.0,3.847545623779297,0.0
800.0,True,False,nan,46.0300407409668,0.18774990737438202,0.7033324241638184,5.0,3.885776996612549,0.0
800.0,True,False,nan,45.2695426940918,0.20275571942329407,0.8477805852890015,4.0,3.998922348022461,0.0
800.0,True,False,nan,45.68803405761719,0.17158086597919464,0.786302924156189,9.0,3.930591344833374,0.0
800.0,True,False,nan,45.45950698852539,0.12855264544487,0.809913694858551,4.0,3.6337766647338867,0.0
800.0,True,False,nan,46.996337890625,0.18086841702461243,0.7162116169929504,5.0,4.281874656677246,0.0
800.0,True,False,nan,45.02935791015625,0.18058419227600098,0.7890333533287048,5.0,4.161019325256348,0.0
800.0,True,False,nan,48.49196243286133,0.14549411833286285,1.1987309455871582,7.0,3.9413862228393555,0.0
800.0,True,False,nan,46.675106048583984,0.13755708932876587,1.467997431755066,11.0,3.786578416824341,0.0
800.0,True,False,nan,50.29315185546875,0.16323146224021912,0.7972986698150635,4.0,3.726289987564087,0.0
800.0,True,False,nan,45.511653900146484,0.3525581359863281,0.7583668231964111,9.0,3.8861191272735596,0.0
800.0,True,False,nan,48.74177932739258,0.1581573188304901,0.7544495463371277,9.0,3.5786924362182617,0.0
800.0,True,False,nan,48.525630950927734,0.16224747896194458,0.8036462664604187,6.0,3.634509325027466,0.0
800.0,True,False,nan,47.30116653442383,0.12830178439617157,1.0868804454803467,5.0,3.686974287033081,0.0
800.0,True,False,nan,45.355987548828125,0.13326707482337952,1.1048930883407593,5.0,3.9793004989624023,0.0
800.0,True,False,nan,49.31512451171875,0.4051295518875122,0.9995872974395752,4.0,3.916395425796509,0.0
800.0,True,False,nan,47.479469299316406,0.10825778543949127,1.6967233419418335,11.0,4.0964508056640625,0.0
800.0,True,False,nan,47.636207580566406,0.3115277588367462,1.0060877799987793,8.0,3.809638738632202,0.0
800.0,True,False,nan,45.50840759277344,0.5054857730865479,0.8075277209281921,3.0,3.6324968338012695,0.0
800.0,True,False,nan,46.444786071777344,0.17819653451442719,1.5024371147155762,9.0,3.8380286693573,0.0
800.0,True,False,nan,47.82677459716797,0.21064743399620056,1.3782057762145996,6.0,3.921910047531128,0.0
800.0,True,False,nan,47.257083892822266,0.1331120729446411,1.6327346563339233,7.0,3.725870132446289,0.0
800.0,True,False,nan,47.29423141479492,0.2378423511981964,1.530005931854248,14.0,3.470935344696045,0.0
800.0,True,False,nan,48.63337707519531,0.31488385796546936,1.3192682266235352,5.0,3.824749231338501,0.0
800.0,True,False,nan,48.86400604248047,0.23986569046974182,1.4057340621948242,9.0,3.5090713500976562,0.0
800.0,True,False,nan,49.95099639892578,0.23175382614135742,1.5585076808929443,5.0,3.4555087089538574,0.0
800.0,True,False,nan,49.050838470458984,0.38496583700180054,1.5019745826721191,11.0,3.3581202030181885,0.0
800.0,True,False,nan,35.61893844604492,0.03838005289435387,2.0220847129821777,5.0,3.360283136367798,0.0
800.0,True,False,nan,3.770761013031006,0.0,1.4491897821426392,5.0,1.4472612142562866,0.0
800.0,True,False,nan,2.7234017848968506,0.0,0.9888409376144409,5.0,0.0,0.0
800.0,True,False,nan,1.3876209259033203,0.0,0.9080827832221985,5.0,0.0,0.0
800.0,True,False,nan,46.921905517578125,0.6267176270484924,0.7544345259666443,9.0,3.8078219890594482,90.0
800.0,True,False,nan,53.156288146972656,0.45074260234832764,0.827790379524231,5.0,3.157975912094116,90.0
800.0,True,False,nan,46.81080627441406,0.5041566491127014,1.5584968328475952,5.0,4.2052202224731445,90.0
800.0,True,False,nan,45.03205490112305,0.5113464593887329,1.132236123085022,5.0,3.6849658489227295,90.0
800.0,True,False,nan,45.28451156616211,0.5101592540740967,1.4057551622390747,9.0,4.0971808433532715,90.0
800.0,True,False,nan,45.02602005004883,0.584284782409668,0.8036535382270813,6.0,3.9094934463500977,90.0
800.0,True,False,nan,52.649593353271484,0.5154932737350464,0.9397228956222534,3.0,3.659421920776367,90.0
800.0,True,False,nan,46.799217224121094,0.44314712285995483,1.7052043676376343,14.0,3.911881685256958,90.0
800.0,True,False,nan,51.15309524536133,0.42978256940841675,0.9776202440261841,6.0,3.1126253604888916,90.0
800.0,True,False,nan,46.92428970336914,0.6520976424217224,0.7973037958145142,4.0,3.976118564605713,90.0
800.0,True,False,nan,46.55948257446289,0.5027914643287659,0.8564258813858032,7.0,3.271714448928833,90.0
800.0,True,False,nan,50.58928298950195,0.5599507689476013,1.0865840911865234,5.0,3.8657267093658447,90.0
800.0,True,False,nan,50.375850677490234,0.4811328053474426,2.022090196609497,5.0,4.095999240875244,90.0
800.0,True,False,nan,47.485984802246094,0.4722532629966736,0.9018081426620483,3.0,3.1798503398895264,90.0
800.0,True,False,nan,49.50429153442383,0.6967830061912537,0.8099089860916138,4.0,3.7965452671051025,90.0
800.0,True,False,nan,50.57340621948242,0.5330544710159302,1.6327369213104248,7.0,4.013285160064697,90.0
800.0,True,False,nan,51.8896369934082,0.4740602970123291,1.4675335884094238,11.0,3.9190077781677246,90.0
800.0,True,False,nan,45.496742248535156,0.5733973979949951,0.8013172149658203,4.0,3.221346378326416,90.0
800.0,True,False,nan,48.9522590637207,0.5529773235321045,1.5000061988830566,14.0,4.0629119873046875,90.0
800.0,True,False,nan,45.2708740234375,0.4722161293029785,0.8061268329620361,6.0,2.9887712001800537,90.0
800.0,True,False,nan,45.9208984375,0.6600509881973267,1.1049162149429321,5.0,3.8316831588745117,90.0
800.0,True,False,nan,48.39532470703125,0.5256718397140503,1.5301814079284668,14.0,4.05864953994751,90.0
800.0,True,False,nan,49.017112731933594,0.5256047248840332,0.7583743929862976,9.0,3.1563761234283447,90.0
800.0,True,False,nan,50.782310485839844,0.6159003973007202,1.1987295150756836,7.0,3.826242208480835,90.0
800.0,True,False,nan,45.24846649169922,0.35655269026756287,1.2261865139007568,3.0,3.0163958072662354,90.0
800.0,True,False,nan,49.83664321899414,0.6833294034004211,1.3192754983901978,5.0,4.10060453414917,90.0
800.0,True,False,nan,49.19172286987305,0.6497541069984436,1.1873390674591064,7.0,4.001494407653809,90.0
800.0,True,False,nan,48.9985466003418,0.6859256029129028,1.5019769668579102,11.0,4.289054870605469,90.0
800.0,True,False,nan,50.10576629638672,0.5514834523200989,1.63321852684021,13.0,3.970862865447998,90.0
800.0,True,False,nan,48.80065155029297,0.5924085378646851,0.6906859874725342,12.0,3.190133571624756,90.0
800.0,True,False,nan,51.743072509765625,0.519363522529602,0.9236355423927307,6.0,3.1254663467407227,90.0
800.0,True,False,nan,47.9910888671875,0.564109742641449,1.3673691749572754,10.0,3.7602908611297607,90.0
800.0,True,False,nan,47.89829635620117,0.72130286693573,0.7162113189697266,5.0,3.2464423179626465,90.0
800.0,True,False,nan,49.40227508544922,0.6498720645904541,1.5023785829544067,9.0,3.853756904602051,90.0
800.0,True,False,nan,48.7368049621582,0.7042148113250732,1.3781297206878662,6.0,4.031337261199951,90.0
800.0,True,False,nan,45.83060073852539,0.648591160774231,0.7330511212348938,9.0,3.113211154937744,90.0
800.0,True,False,nan,47.49066162109375,0.6811880469322205,0.7422232031822205,4.0,3.03170108795166,90.0
800.0,True,False,nan,47.5163688659668,0.6255391240119934,0.761817216873169,2.0,3.082906723022461,90.0
800.0,True,False,nan,45.90673828125,0.5528770685195923,1.7798123359680176,14.0,3.8881919384002686,90.0
800.0,True,False,nan,46.316978454589844,0.6580041646957397,1.5992432832717896,14.0,4.089299201965332,90.0
800.0,True,False,nan,48.358062744140625,0.6298816204071045,0.8495684266090393,4.0,3.2163615226745605,90.0
800.0,True,False,nan,46.6072998046875,0.6975760459899902,1.2549598217010498,8.0,4.070571422576904,90.0
800.0,True,False,nan,46.46198654174805,0.526755154132843,0.9821383953094482,5.0,2.9141530990600586,90.0
800.0,True,False,nan,46.12751007080078,0.6936781406402588,0.7890305519104004,5.0,3.2625787258148193,90.0
800.0,True,False,nan,47.94725036621094,0.5762131214141846,0.9992963671684265,4.0,3.3723583221435547,90.0
800.0,True,False,nan,45.037193298339844,1.4432178735733032,1.057883620262146,6.0,4.0048699378967285,90.0
800.0,True,False,nan,46.11936569213867,1.6875660419464111,1.449191689491272,5.0,4.025961399078369,90.0
800.0,True,False,nan,46.80989456176758,1.6705031394958496,1.5625097751617432,14.0,4.012650012969971,90.0
800.0,True,False,nan,45.438594818115234,1.6890647411346436,1.6996437311172485,14.0,3.980591297149658,90.0
800.0,True,False,nan,48.7856559753418,1.4101598262786865,1.0060802698135376,8.0,3.5910727977752686,90.0
800.0,True,False,nan,47.083099365234375,1.066075325012207,0.8877750635147095,3.0,2.8965816497802734,90.0
800.0,True,False,nan,50.37807846069336,1.554623007774353,0.7863085865974426,9.0,3.061776876449585,90.0
800.0,True,False,nan,48.19216537475586,1.958444356918335,1.6794756650924683,7.0,3.9230661392211914,90.0
800.0,True,False,nan,46.829769134521484,1.6259549856185913,0.9564862251281738,6.0,3.7128958702087402,90.0
800.0,True,False,nan,52.59366226196289,1.2009395360946655,0.8075292110443115,3.0,3.248934745788574,90.0
800.0,True,False,nan,46.825653076171875,1.5362802743911743,0.9888447523117065,6.0,3.566018581390381,90.0
800.0,True,False,nan,45.41024398803711,1.9329875707626343,1.662678837776184,6.0,3.8602523803710938,90.0
800.0,True,False,nan,48.1488037109375,2.225651264190674,1.3501691818237305,5.0,3.7920217514038086,90.0
800.0,True,False,nan,49.080081939697266,1.6364837884902954,0.703335165977478,5.0,3.1700549125671387,90.0
800.0,True,False,nan,45.55925369262695,1.7181448936462402,0.9080789089202881,5.0,3.7218523025512695,90.0
800.0,False,True,2.180000066757202,30.99095916748047,3.349330186843872,1.0641629695892334,6.0,3.7378458976745605,90.0
800.0,False,True,1.6999999284744263,24.332765579223633,2.4166903495788574,0.9568573832511902,5.0,3.7198634147644043,90.0
800.0,False,True,1.0,28.26253890991211,1.0972119569778442,1.0554382801055908,4.0,3.147472858428955,90.0
800.0,False,True,1.7799999713897705,30.929122924804688,2.576359748840332,0.942596971988678,6.0,3.6093556880950928,90.0
800.0,True,False,nan,53.15613555908203,0.4507397413253784,0.8277882933616638,5.0,3.157971143722534,90.0
800.0,True,False,nan,52.64897537231445,0.5154909491539001,0.9397227764129639,3.0,3.659383773803711,90.0
800.0,True,False,nan,51.15290451049805,0.42977967858314514,0.9776493310928345,6.0,3.112596273422241,90.0
800.0,True,False,nan,50.588619232177734,0.5599498152732849,1.0865864753723145,5.0,3.8657257556915283,90.0
800.0,True,False,nan,46.79973220825195,0.4431460499763489,1.7052057981491089,14.0,3.911876678466797,90.0
800.0,True,False,nan,46.923866271972656,0.6520980596542358,0.7972946166992188,4.0,3.9760918617248535,90.0
800.0,True,False,nan,46.55595016479492,0.5028060674667358,0.8563605546951294,7.0,3.27164626121521,90.0
800.0,True,False,nan,46.92230987548828,0.6267184019088745,0.7544506192207336,9.0,3.807852029800415,90.0
800.0,True,False,nan,46.813758850097656,0.504167914390564,1.5584968328475952,5.0,4.205348014831543,90.0
800.0,True,False,nan,45.235076904296875,0.5122361779212952,1.1186195611953735,5.0,3.656245231628418,90.0
800.0,True,False,nan,45.285926818847656,0.5101674199104309,1.4057402610778809,9.0,4.097231864929199,90.0
800.0,True,False,nan,50.37568664550781,0.48114311695098877,2.022073745727539,5.0,4.096010684967041,90.0
800.0,True,False,nan,50.571327209472656,0.5329746603965759,1.6330456733703613,7.0,4.013420581817627,90.0
800.0,True,False,nan,53.60824966430664,0.46885767579078674,1.4674444198608398,14.0,3.887472152709961,90.0
800.0,True,False,nan,48.952266693115234,0.5529749989509583,1.5000137090682983,14.0,4.062916278839111,90.0
800.0,True,False,nan,48.39685821533203,0.5256792902946472,1.5301798582077026,14.0,4.058625221252441,90.0
800.0,True,False,nan,45.27021408081055,0.47221601009368896,0.8061263561248779,6.0,2.988766670227051,90.0
800.0,True,False,nan,49.83539962768555,0.6833265423774719,1.3192732334136963,5.0,4.100576400756836,90.0
800.0,True,False,nan,49.00239181518555,0.6858230233192444,1.502142310142517,11.0,4.288484573364258,90.0
800.0,True,False,nan,45.26247787475586,0.3565365672111511,1.2262367010116577,3.0,3.0162839889526367,90.0
800.0,True,False,nan,47.48538589477539,0.472251832485199,0.9018024206161499,3.0,3.179842710494995,90.0
800.0,True,False,nan,47.274017333984375,0.587433397769928,0.6904628872871399,12.0,3.187485694885254,90.0
800.0,True,False,nan,49.016395568847656,0.5255977511405945,0.7583726644515991,9.0,3.1563942432403564,90.0
800.0,True,False,nan,49.40142059326172,0.649872362613678,1.5023727416992188,9.0,3.8537445068359375,90.0
800.0,True,False,nan,7.356954097747803,0.061282478272914886,0.7863231897354126,9.0,1.9148352146148682,90.0
800.0,True,False,nan,16.135089874267578,0.21580281853675842,0.8099164366722107,4.0,3.1359500885009766,90.0
800.0,True,False,nan,37.24462127685547,0.591324508190155,1.1987403631210327,7.0,3.8261547088623047,90.0
800.0,True,False,nan,11.721631050109863,0.1514018326997757,0.716214120388031,5.0,2.8702890872955322,90.0
800.0,True,False,nan,20.328264236450195,0.3643306791782379,1.449202537536621,5.0,3.5402462482452393,90.0
800.0,True,False,nan,15.023433685302734,0.21788710355758667,0.9821493029594421,10.0,2.867288827896118,90.0
800.0,True,False,nan,38.68101501464844,0.6497457027435303,1.3825610876083374,8.0,3.8680896759033203,90.0
800.0,True,False,nan,4.8443603515625,0.053858522325754166,0.7890397906303406,5.0,1.9133566617965698,90.0
800.0,True,False,nan,7.118825912475586,0.06164554879069328,0.7330479621887207,9.0,1.8597735166549683,90.0
800.0,True,False,nan,2.0015430450439453,0.0,1.057880163192749,6.0,0.6861299276351929,90.0
800.0,True,False,nan,15.039576530456543,0.13244277238845825,1.6996519565582275,14.0,3.2460672855377197,90.0
800.0,True,False,nan,17.3467960357666,0.3249061107635498,0.8036608695983887,6.0,3.9094996452331543,90.0
800.0,True,False,nan,3.718153476715088,0.0012372469063848257,0.7422153949737549,4.0,0.6254600882530212,90.0
800.0,True,False,nan,20.14881706237793,0.40593796968460083,0.7618154287338257,2.0,3.0829126834869385,90.0
800.0,True,False,nan,1.4899030923843384,0.0,1.1873503923416138,7.0,0.0,90.0
800.0,True,False,nan,14.117237091064453,0.3565305471420288,0.8013126254081726,4.0,3.2213258743286133,90.0
800.0,True,False,nan,5.011453151702881,0.04802590608596802,1.0060755014419556,8.0,1.9763805866241455,90.0
800.0,True,False,nan,34.97194290161133,0.503068745136261,1.6332224607467651,13.0,3.970856189727783,90.0
800.0,True,False,nan,20.252878189086914,0.41439947485923767,0.9236330986022949,6.0,3.1254501342773438,90.0
800.0,True,False,nan,15.730101585388184,0.2902424931526184,1.7798572778701782,14.0,3.8484630584716797,90.0
800.0,True,False,nan,21.29090690612793,0.43686777353286743,1.5992218255996704,14.0,3.880441427230835,90.0
800.0,True,False,nan,15.579610824584961,0.2737952470779419,0.8477821350097656,4.0,3.211047649383545,90.0
800.0,True,False,nan,19.022010803222656,0.43070662021636963,1.10490882396698,5.0,3.829655647277832,90.0
800.0,True,False,nan,18.46354103088379,0.4163169264793396,1.254957914352417,7.0,3.708897352218628,90.0
800.0,True,False,nan,6.1708550453186035,0.06998710334300995,0.9992994070053101,4.0,2.369509696960449,90.0
800.0,True,False,nan,16.34022331237793,0.23397822678089142,1.562502145767212,14.0,3.61720609664917,90.0
800.0,True,False,nan,50.71379470825195,0.4620879888534546,0.758368730545044,9.0,4.081421852111816,180.0
800.0,True,False,nan,51.795169830322266,0.4620656669139862,0.8277879357337952,5.0,4.847052574157715,180.0
800.0,True,False,nan,51.76631164550781,0.47206899523735046,0.9397215843200684,3.0,4.415291786193848,180.0
800.0,True,False,nan,49.05228042602539,0.45328038930892944,0.806499719619751,7.0,4.258761882781982,180.0
800.0,True,False,nan,54.26309585571289,0.47182273864746094,0.8563546538352966,7.0,4.24894380569458,180.0
800.0,True,False,nan,45.721832275390625,0.5122040510177612,0.8477785587310791,4.0,4.2717604637146,180.0
800.0,True,False,nan,45.17601776123047,0.4977589249610901,1.0868782997131348,5.0,4.656127452850342,180.0
800.0,True,False,nan,46.04471969604492,0.40143561363220215,2.0220813751220703,5.0,4.196170806884766,180.0
800.0,True,False,nan,45.27445983886719,0.5181375741958618,1.1987360715866089,7.0,4.3049445152282715,180.0
800.0,True,False,nan,46.63368225097656,0.4797057807445526,1.502437710762024,9.0,4.321474075317383,180.0
800.0,True,False,nan,46.41455841064453,0.4823152422904968,1.449184775352478,5.0,4.235098361968994,180.0
800.0,True,False,nan,45.61503601074219,0.4918348789215088,1.3825703859329224,8.0,4.35322904586792,180.0
800.0,True,False,nan,46.930545806884766,0.45714229345321655,1.632713794708252,7.0,4.395218372344971,180.0
800.0,True,False,nan,47.25547409057617,0.4712866544723511,1.5584989786148071,5.0,4.393255233764648,180.0
800.0,True,False,nan,45.41749954223633,0.5463045835494995,0.7330484986305237,9.0,4.34108829498291,180.0
800.0,True,False,nan,47.477783203125,0.4682713449001312,1.467685580253601,14.0,4.4433979988098145,180.0
800.0,True,False,nan,55.02246856689453,0.500548779964447,1.1322262287139893,5.0,4.434309959411621,180.0
800.0,True,False,nan,46.3819465637207,0.5075833797454834,1.4057849645614624,9.0,4.658811092376709,180.0
800.0,True,False,nan,45.73914337158203,0.4973757863044739,1.3501681089401245,5.0,4.339481353759766,180.0
800.0,True,False,nan,51.47659683227539,0.5435139536857605,0.6825045943260193,12.0,4.292089939117432,180.0
800.0,True,False,nan,48.408748626708984,0.48731157183647156,0.9236400127410889,6.0,4.4709696769714355,180.0
800.0,True,False,nan,45.13776779174805,0.4867083728313446,0.9995893836021423,4.0,3.9491448402404785,180.0
800.0,True,False,nan,45.571861267089844,0.4872671961784363,1.530003547668457,14.0,4.556326866149902,180.0
800.0,True,False,nan,45.37282943725586,0.5187638401985168,0.9039769172668457,3.0,4.172379970550537,180.0
800.0,True,False,nan,49.645320892333984,0.5293310880661011,1.319267988204956,5.0,4.241842269897461,180.0
800.0,True,False,nan,48.08791732788086,0.5495972633361816,0.7618165016174316,2.0,4.364896297454834,180.0
800.0,True,False,nan,45.93609619140625,0.4527219235897064,1.679476261138916,7.0,3.836402654647827,180.0
800.0,True,False,nan,46.68234634399414,0.5093705654144287,1.502144455909729,11.0,4.187275409698486,180.0
800.0,True,False,nan,52.64256286621094,0.48038458824157715,1.7052041292190552,14.0,4.149341106414795,180.0
800.0,True,False,nan,47.42965316772461,0.5417433977127075,1.500014066696167,14.0,4.697209358215332,180.0
800.0,True,False,nan,51.36187744140625,0.5818684101104736,1.0060756206512451,8.0,4.3380513191223145,180.0
800.0,True,False,nan,47.637813568115234,0.5023205876350403,1.6332224607467651,13.0,4.200613975524902,180.0
800.0,True,False,nan,49.10597229003906,0.5590522885322571,1.104901909828186,5.0,4.239706516265869,180.0
800.0,True,False,nan,49.16176223754883,0.6221371293067932,0.8099148273468018,4.0,4.322109699249268,180.0
800.0,True,False,nan,49.91942596435547,0.6617764234542847,0.8036539554595947,6.0,4.361352443695068,180.0
800.0,True,False,nan,49.61079025268555,0.4754753112792969,0.9776513576507568,6.0,4.27428674697876,180.0
800.0,True,False,nan,51.084014892578125,0.6526232957839966,0.7972942590713501,4.0,4.368382930755615,180.0
800.0,True,False,nan,51.47431564331055,0.5289168357849121,1.7798516750335693,14.0,4.346607685089111,180.0
800.0,True,False,nan,47.272369384765625,0.4576534926891327,1.6626777648925781,6.0,3.8376224040985107,180.0
800.0,True,False,nan,46.219139099121094,0.6291690468788147,1.3666114807128906,9.0,4.3277177810668945,180.0
800.0,True,False,nan,49.99442672729492,0.45917195081710815,1.2261688709259033,3.0,3.9822604656219482,180.0
800.0,True,False,nan,48.15455627441406,0.7075781226158142,0.9426015615463257,6.0,4.304107666015625,180.0
800.0,True,False,nan,46.60152816772461,0.7842615842819214,0.7863150238990784,9.0,4.149500846862793,180.0
800.0,True,False,nan,46.26534652709961,0.8136070966720581,0.7544485330581665,9.0,4.254122734069824,180.0
800.0,True,False,nan,45.90538787841797,0.7206164002418518,1.6996656656265259,14.0,4.118197441101074,180.0
800.0,True,False,nan,46.141502380371094,0.8677870035171509,1.0641624927520752,6.0,4.268154144287109,180.0
800.0,True,False,nan,45.101600646972656,0.9022348523139954,0.8013125658035278,4.0,4.11132287979126,180.0
800.0,True,False,nan,47.50761032104492,0.9874224662780762,0.988848865032196,6.0,3.762335777282715,180.0
800.0,True,False,nan,47.11581802368164,1.029289960861206,1.5625048875808716,14.0,3.902864933013916,180.0
800.0,True,False,nan,47.2740364074707,1.2478575706481934,1.1873371601104736,7.0,4.052469253540039,180.0
800.0,True,False,nan,45.782447814941406,1.2519437074661255,1.2549668550491333,8.0,3.959784507751465,180.0
800.0,True,False,nan,45.71947479248047,1.3086453676223755,1.5992190837860107,14.0,4.012563705444336,180.0
800.0,True,False,nan,48.20522689819336,2.3690640926361084,0.9080743193626404,5.0,3.9989686012268066,180.0
800.0,False,True,1.899999976158142,31.568384170532227,3.6539525985717773,0.7162081003189087,5.0,3.9708430767059326,180.0
800.0,False,True,1.5399999618530273,29.657657623291016,2.633937358856201,0.9821348786354065,5.0,3.834563732147217,180.0
800.0,False,True,1.8199999332427979,37.157711029052734,3.0171220302581787,0.8877802491188049,3.0,4.129233360290527,180.0
800.0,False,True,1.4199999570846558,25.039756774902344,2.790525436401367,0.7890338897705078,5.0,3.7920751571655273,180.0
800.0,False,True,1.559999942779541,20.37179946899414,2.6669390201568604,0.9568637609481812,5.0,3.969162702560425,180.0
800.0,False,True,2.1399998664855957,35.72459030151367,4.5903120040893555,1.0578701496124268,6.0,3.9592390060424805,180.0
800.0,False,False,nan,40.0334358215332,5.674840450286865,0.7422149181365967,4.0,4.161092281341553,180.0
800.0,False,True,0.9799999594688416,19.47466278076172,1.4012792110443115,1.0554319620132446,4.0,3.8421833515167236,180.0
800.0,False,True,1.5799999237060547,27.19723892211914,2.8856968879699707,0.703329861164093,5.0,3.8560426235198975,180.0
800.0,False,True,2.119999885559082,30.17940330505371,4.214656829833984,0.9564819931983948,6.0,3.8035547733306885,180.0
800.0,False,True,2.059999942779541,31.7305965423584,2.951190948486328,0.8057403564453125,3.0,3.968473434448242,180.0
800.0,True,False,nan,51.795509338378906,0.461963951587677,0.8282817006111145,5.0,4.847049713134766,180.0
800.0,True,False,nan,51.76646423339844,0.47207051515579224,0.9397158026695251,3.0,4.415284156799316,180.0
800.0,True,False,nan,50.71367645263672,0.46208682656288147,0.7583692669868469,9.0,4.081423759460449,180.0
800.0,True,False,nan,48.42607116699219,0.45308008790016174,0.8061269521713257,6.0,4.253912448883057,180.0
800.0,True,False,nan,54.263206481933594,0.47182130813598633,0.8563617467880249,7.0,4.248937129974365,180.0
800.0,True,False,nan,45.721771240234375,0.5122054815292358,0.8477766513824463,4.0,4.271761894226074,180.0
800.0,True,False,nan,54.77264404296875,0.5005462169647217,1.1186254024505615,5.0,4.436514377593994,180.0
800.0,True,False,nan,45.17637252807617,0.49775949120521545,1.08687424659729,5.0,4.656129360198975,180.0
800.0,True,False,nan,47.20484924316406,0.46843549609184265,1.4676079750061035,14.0,4.469091892242432,180.0
800.0,True,False,nan,51.36851119995117,0.5414498448371887,0.6904436349868774,12.0,4.292802333831787,180.0
800.0,True,False,nan,48.40779113769531,0.48731398582458496,0.9236299395561218,6.0,4.4709696769714355,180.0
800.0,True,False,nan,46.10321807861328,0.40171748399734497,2.022087335586548,5.0,4.187465190887451,180.0
800.0,True,False,nan,45.27437973022461,0.5181379914283752,1.1987289190292358,7.0,4.30495023727417,180.0
800.0,True,False,nan,46.633766174316406,0.4797068238258362,1.5024383068084717,9.0,4.321462631225586,180.0
800.0,True,False,nan,46.41463088989258,0.48231127858161926,1.4491969347000122,5.0,4.235105991363525,180.0
800.0,True,False,nan,45.614646911621094,0.49183592200279236,1.3825654983520508,8.0,4.353227138519287,180.0
800.0,True,False,nan,47.5900764465332,0.45694971084594727,1.6327301263809204,7.0,4.414523124694824,180.0
800.0,True,False,nan,47.255653381347656,0.4712854325771332,1.5585023164749146,5.0,4.393246173858643,180.0
800.0,True,False,nan,45.417171478271484,0.54630446434021,0.7330499887466431,9.0,4.341096878051758,180.0
800.0,True,False,nan,47.032623291015625,0.5065833926200867,1.4057313203811646,9.0,4.707930564880371,180.0
800.0,True,False,nan,45.73934555053711,0.4973754584789276,1.3501722812652588,5.0,4.339483261108398,180.0
800.0,True,False,nan,45.13798141479492,0.4867078959941864,0.9995885491371155,4.0,3.949145793914795,180.0
800.0,True,False,nan,46.918182373046875,0.518104612827301,0.901808500289917,3.0,4.216724872589111,180.0
800.0,True,False,nan,49.645179748535156,0.5293324589729309,1.3192684650421143,5.0,4.2418365478515625,180.0
800.0,True,False,nan,52.643795013427734,0.4803842008113861,1.7052079439163208,14.0,4.149334907531738,180.0
800.0,True,False,nan,51.361541748046875,0.5818650126457214,1.0060878992080688,8.0,4.338045597076416,180.0
800.0,True,False,nan,45.577091217041016,0.48721641302108765,1.5301811695098877,14.0,4.555612564086914,180.0
800.0,True,False,nan,48.08793640136719,0.549597442150116,0.7618147134780884,2.0,4.364898681640625,180.0
800.0,True,False,nan,49.10581970214844,0.5590518116950989,1.1049017906188965,5.0,4.2397074699401855,180.0
800.0,True,False,nan,46.67850875854492,0.5093791484832764,1.501988410949707,11.0,4.187847137451172,180.0
800.0,True,False,nan,49.61068344116211,0.47547510266304016,0.9776488542556763,6.0,4.274295330047607,180.0
800.0,True,False,nan,47.429203033447266,0.5417451858520508,1.5000072717666626,14.0,4.697181224822998,180.0
800.0,True,False,nan,49.161869049072266,0.6221360564231873,0.8099188208580017,4.0,4.3221211433410645,180.0
800.0,True,False,nan,49.91858673095703,0.6617807745933533,0.803652286529541,6.0,4.361387729644775,180.0
800.0,True,False,nan,51.084007263183594,0.6526212096214294,0.7972978353500366,4.0,4.368402481079102,180.0
800.0,True,False,nan,47.638145446777344,0.5023194551467896,1.633224368095398,13.0,4.200610160827637,180.0
800.0,True,False,nan,51.47438430786133,0.5289178490638733,1.7798494100570679,14.0,4.346606254577637,180.0
800.0,True,False,nan,45.93589782714844,0.45272213220596313,1.6794711351394653,7.0,3.8363921642303467,180.0
800.0,True,False,nan,48.1543083190918,0.7075787782669067,0.9426061511039734,6.0,4.30410623550415,180.0
800.0,True,False,nan,46.276485443115234,0.6293021440505981,1.3666126728057861,9.0,4.326369762420654,180.0
800.0,True,False,nan,47.272647857666016,0.45765256881713867,1.6626770496368408,6.0,3.8376336097717285,180.0
800.0,True,False,nan,49.990570068359375,0.45911550521850586,1.2262463569641113,3.0,3.9824070930480957,180.0
800.0,True,False,nan,46.2655143737793,0.8136057257652283,0.7544500231742859,9.0,4.254093647003174,180.0
800.0,True,False,nan,45.9034309387207,0.7206366062164307,1.699653148651123,14.0,4.118130683898926,180.0
800.0,True,False,nan,46.60137939453125,0.7842627763748169,0.7863110303878784,9.0,4.149501323699951,180.0
800.0,True,False,nan,45.09931564331055,0.9022216796875,0.8013113141059875,6.0,4.111285209655762,180.0
800.0,True,False,nan,42.99236297607422,0.8617247343063354,1.064164161682129,9.0,4.268157005310059,180.0
800.0,True,False,nan,26.88319969177246,0.6509982347488403,1.1873478889465332,7.0,4.052473068237305,180.0
800.0,True,False,nan,26.29704475402832,0.6458540558815002,0.9888490438461304,6.0,3.7623512744903564,180.0
800.0,True,False,nan,8.047423362731934,0.3158046007156372,1.2549632787704468,7.0,3.9597694873809814,180.0
800.0,True,False,nan,5.492977142333984,0.24327081441879272,1.5625132322311401,14.0,3.8812270164489746,180.0
800.0,True,False,nan,46.97121047973633,0.2690790891647339,0.8277894854545593,5.0,3.4186644554138184,270.0
800.0,True,False,nan,45.43753433227539,0.315371036529541,0.9397234916687012,3.0,3.7641031742095947,270.0
800.0,True,False,nan,45.64012908935547,0.201976478099823,1.7052090167999268,14.0,3.9801716804504395,270.0
800.0,True,False,nan,45.25815200805664,0.2992287576198578,0.8564281463623047,7.0,3.6893067359924316,270.0
800.0,True,False,nan,46.09833526611328,0.28825315833091736,0.7583732604980469,9.0,3.3928589820861816,270.0
800.0,True,False,nan,45.397377014160156,0.23890353739261627,1.6327401399612427,7.0,3.7918944358825684,270.0
800.0,True,False,nan,45.375587463378906,0.2843675911426544,1.4675343036651611,11.0,3.737921953201294,270.0
800.0,True,False,nan,46.646366119384766,0.27013784646987915,0.8061308860778809,6.0,3.3276336193084717,270.0
800.0,True,False,nan,47.348289489746094,0.27871981263160706,1.5024428367614746,9.0,3.9272921085357666,270.0
800.0,True,False,nan,49.991676330566406,0.3375929892063141,1.1322263479232788,5.0,3.8201231956481934,270.0
800.0,True,False,nan,45.335594177246094,0.2707994282245636,0.6904454231262207,12.0,3.3092827796936035,270.0
800.0,True,False,nan,47.17946243286133,0.3730871081352234,0.923625111579895,6.0,3.5919957160949707,270.0
800.0,True,False,nan,47.09040069580078,0.3813416361808777,0.902172863483429,3.0,3.3711585998535156,270.0
800.0,True,False,nan,45.20304870605469,0.3613281548023224,1.1987295150756836,7.0,3.864529848098755,270.0
800.0,True,False,nan,48.45368194580078,0.24273328483104706,0.977653980255127,6.0,2.823350429534912,270.0
800.0,True,False,nan,52.459686279296875,0.33344829082489014,0.8477790355682373,4.0,3.8011555671691895,270.0
800.0,True,False,nan,48.54316329956055,0.36289453506469727,1.0865825414657593,5.0,3.5717718601226807,270.0
800.0,True,False,nan,45.9005126953125,0.3979880213737488,0.999453067779541,4.0,3.841046094894409,270.0
800.0,True,False,nan,45.48307418823242,0.22780846059322357,2.0220882892608643,5.0,3.6556506156921387,270.0
800.0,True,False,nan,46.31450271606445,0.3265755772590637,1.3786088228225708,6.0,3.888302803039551,270.0
800.0,True,False,nan,48.333309173583984,0.27824780344963074,1.226184368133545,3.0,2.997126817703247,270.0
800.0,True,False,nan,46.03734588623047,0.3635442554950714,1.4057490825653076,9.0,3.5538442134857178,270.0
800.0,True,False,nan,46.05324935913086,0.4684738218784332,0.8036671280860901,6.0,3.335308790206909,270.0
800.0,True,False,nan,45.996849060058594,0.310672789812088,0.7618138194084167,2.0,3.2777469158172607,270.0
800.0,True,False,nan,48.44709014892578,0.3331988751888275,0.8877769708633423,3.0,3.2114531993865967,270.0
800.0,True,False,nan,50.316097259521484,0.3207137882709503,1.5585033893585205,5.0,3.5732951164245605,270.0
800.0,True,False,nan,49.69996643066406,0.3328961730003357,0.733049750328064,9.0,3.4199841022491455,270.0
800.0,True,False,nan,45.68772888183594,0.40723103284835815,0.8013201951980591,4.0,3.3268465995788574,270.0
800.0,True,False,nan,48.3329963684082,0.4639660120010376,0.7973055243492126,4.0,3.3492300510406494,270.0
800.0,True,False,nan,53.460323333740234,0.45257893204689026,0.7544394731521606,9.0,3.313107490539551,270.0
800.0,True,False,nan,46.229095458984375,0.4446643888950348,0.8099199533462524,4.0,3.358893871307373,270.0
800.0,True,False,nan,46.084774017333984,0.3675241470336914,0.9821321964263916,5.0,3.1815431118011475,270.0
800.0,True,False,nan,46.605525970458984,0.4770212173461914,0.7890360951423645,5.0,3.7548422813415527,270.0
800.0,True,False,nan,46.59038543701172,0.4092402458190918,1.5299981832504272,14.0,3.549997568130493,270.0
800.0,True,False,nan,45.95489501953125,0.46784624457359314,1.500009298324585,14.0,3.7747678756713867,270.0
800.0,True,False,nan,45.79664611816406,0.4766175150871277,1.6332213878631592,13.0,3.651611328125,270.0
800.0,True,False,nan,48.03771209716797,0.4446733593940735,0.8075230121612549,3.0,3.6462738513946533,270.0
800.0,True,False,nan,48.97016906738281,0.5053492188453674,1.5021493434906006,11.0,3.985828161239624,270.0
800.0,True,False,nan,46.64988708496094,0.41383758187294006,1.0554356575012207,4.0,3.463542938232422,270.0
800.0,True,False,nan,46.739688873291016,0.48635151982307434,0.7033347487449646,5.0,3.5953500270843506,270.0
800.0,True,False,nan,45.9837532043457,0.4214182496070862,1.779866337776184,14.0,3.724546432495117,270.0
800.0,True,False,nan,45.739349365234375,0.4526653289794922,1.366602897644043,9.0,3.788780689239502,270.0
800.0,True,False,nan,47.31816482543945,0.5609503984451294,1.187388300895691,7.0,3.760962963104248,270.0
800.0,True,False,nan,46.180328369140625,0.5127895474433899,1.599236011505127,14.0,3.7450616359710693,270.0
800.0,True,False,nan,47.22769546508789,0.5584408640861511,1.2549614906311035,8.0,3.7853524684906006,270.0
800.0,True,False,nan,45.269142150878906,0.501815915107727,1.319273829460144,5.0,3.7455954551696777,270.0
800.0,True,False,nan,48.37173080444336,1.0427486896514893,0.7422160506248474,4.0,3.3469150066375732,270.0
800.0,False,True,0.8799999952316284,27.909690856933594,0.6914461255073547,0.7863104343414307,9.0,3.326347589492798,270.0
800.0,False,True,1.4199999570846558,26.37971305847168,1.6776052713394165,1.0641624927520752,6.0,3.800553321838379,270.0
800.0,False,True,1.399999976158142,44.85939407348633,1.340401291847229,0.716206967830658,5.0,3.5372817516326904,270.0
800.0,False,True,1.3799999952316284,42.101436614990234,1.7908982038497925,1.4491921663284302,5.0,3.781709671020508,270.0
800.0,False,True,2.200000047683716,35.94252014160156,3.178171396255493,0.9568595886230469,5.0,3.8643486499786377,270.0
800.0,False,True,2.1399998664855957,38.26057052612305,3.0964179039001465,1.0578919649124146,6.0,3.8132922649383545,270.0
800.0,False,True,1.4199999570846558,40.858951568603516,1.8978432416915894,1.6996594667434692,14.0,3.833005905151367,270.0
800.0,False,True,1.6999999284744263,39.4997673034668,2.2419450283050537,1.6794781684875488,7.0,3.8709282875061035,270.0
800.0,False,True,0.8399999737739563,33.95948791503906,1.1706987619400024,1.3501719236373901,5.0,3.8490641117095947,270.0
800.0,False,True,0.8199999928474426,41.54914093017578,1.0448118448257446,1.0060889720916748,8.0,3.871260166168213,270.0
800.0,False,True,2.0399999618530273,35.189979553222656,2.436753749847412,0.9564834833145142,6.0,3.839007616043091,270.0
800.0,False,True,2.0399999618530273,37.34160614013672,2.3798232078552246,0.9888404011726379,6.0,3.8688745498657227,270.0
800.0,False,True,1.8399999141693115,38.77910614013672,2.468255043029785,1.6626821756362915,6.0,3.904555559158325,270.0
800.0,False,True,1.9199999570846558,37.810115814208984,2.080706834793091,1.104900598526001,5.0,3.726802110671997,270.0
800.0,False,True,1.0799999237060547,42.60520935058594,1.1054606437683105,0.9080807566642761,5.0,3.7237322330474854,270.0
800.0,False,True,1.4399999380111694,24.87046241760254,1.5277457237243652,0.9425928592681885,6.0,3.7664926052093506,270.0
800.0,False,True,1.7599999904632568,44.19221878051758,2.307427167892456,1.5625032186508179,14.0,3.763781785964966,270.0
800.0,True,False,nan,46.971309661865234,0.26907697319984436,0.8277876973152161,5.0,3.418660879135132,270.0
800.0,True,False,nan,45.44052505493164,0.31538116931915283,0.9397232532501221,3.0,3.764103889465332,270.0
800.0,True,False,nan,45.63995361328125,0.20198224484920502,1.7052072286605835,14.0,3.9801743030548096,270.0
800.0,True,False,nan,45.25814437866211,0.2992278039455414,0.856426477432251,7.0,3.689316987991333,270.0
800.0,True,False,nan,46.09856033325195,0.28825104236602783,0.7583763599395752,9.0,3.3928589820861816,270.0
800.0,True,False,nan,46.64596939086914,0.27014291286468506,0.8061215877532959,6.0,3.327644109725952,270.0
800.0,True,False,nan,45.375648498535156,0.28436607122421265,1.4675372838974,11.0,3.7379162311553955,270.0
800.0,True,False,nan,45.39841842651367,0.23891089856624603,1.632723331451416,7.0,3.7919068336486816,270.0
800.0,True,False,nan,49.99116134643555,0.3375932574272156,1.1322187185287476,5.0,3.820115089416504,270.0
800.0,True,False,nan,45.336421966552734,0.2707970142364502,0.6904454827308655,12.0,3.3092739582061768,270.0
800.0,True,False,nan,47.179786682128906,0.3730820417404175,0.9236389994621277,6.0,3.5920050144195557,270.0
800.0,True,False,nan,52.460182189941406,0.33344414830207825,0.8477864265441895,4.0,3.801154613494873,270.0
800.0,True,False,nan,47.09043502807617,0.3814269006252289,0.9018204212188721,3.0,3.3711769580841064,270.0
800.0,True,False,nan,48.45262145996094,0.24274185299873352,0.977648138999939,6.0,2.823361396789551,270.0
800.0,True,False,nan,48.54344177246094,0.362890362739563,1.086583137512207,5.0,3.5717732906341553,270.0
800.0,True,False,nan,45.901065826416016,0.39798977971076965,0.9994621276855469,4.0,3.841062307357788,270.0
800.0,True,False,nan,48.330711364746094,0.2782495617866516,1.226235270500183,3.0,2.9970815181732178,270.0
800.0,True,False,nan,46.053733825683594,0.46848398447036743,0.8036583065986633,6.0,3.3353137969970703,270.0
800.0,True,False,nan,45.4821662902832,0.22781065106391907,2.0220797061920166,5.0,3.655643939971924,270.0
800.0,True,False,nan,46.0391731262207,0.3635413646697998,1.4057387113571167,9.0,3.5537753105163574,270.0
800.0,True,False,nan,45.99665069580078,0.31067219376564026,0.7618182897567749,2.0,3.2777557373046875,270.0
800.0,True,False,nan,48.33232879638672,0.46396806836128235,0.7973066568374634,4.0,3.3492207527160645,270.0
800.0,True,False,nan,50.318424224853516,0.32071247696876526,1.5585098266601562,5.0,3.5732932090759277,270.0
800.0,True,False,nan,48.44676208496094,0.3331986367702484,0.8877739906311035,3.0,3.211461305618286,270.0
800.0,True,False,nan,47.34884262084961,0.27872270345687866,1.5024333000183105,9.0,3.9272992610931396,270.0
800.0,True,False,nan,45.20259475708008,0.36132606863975525,1.1987439393997192,7.0,3.8645379543304443,270.0
800.0,True,False,nan,46.591400146484375,0.40924227237701416,1.529996633529663,14.0,3.5499982833862305,270.0
800.0,True,False,nan,33.31056213378906,0.45025596022605896,0.7544457912445068,9.0,3.31311297416687,270.0
800.0,True,False,nan,3.631408452987671,0.0,0.8099204301834106,9.0,0.0,270.0
800.0,True,False,nan,2.0872228145599365,0.0,0.982144832611084,5.0,0.6585209965705872,270.0
800.0,True,False,nan,33.271053314208984,0.2911602854728699,1.3782058954238892,6.0,3.884121894836426,270.0
800.0,True,False,nan,12.943663597106934,0.16468515992164612,0.7330513000488281,9.0,3.4199886322021484,270.0
800.0,True,False,nan,3.5924861431121826,0.0,1.1873379945755005,7.0,1.1198551654815674,270.0
800.0,True,False,nan,33.7479362487793,0.38958752155303955,1.501982569694519,11.0,3.985650062561035,270.0
800.0,True,False,nan,2.1125736236572266,0.0,0.8013125061988831,4.0,0.5990323424339294,270.0
800.0,True,False,nan,38.4874153137207,0.4377041161060333,1.5000052452087402,14.0,3.774772882461548,270.0
800.0,True,False,nan,34.39381408691406,0.3831239938735962,1.63321852684021,13.0,3.6515910625457764,270.0
850.0,True,False,nan,46.77011489868164,0.13706092536449432,0.9821444749832153,5.0,4.5185980796813965,0.0
850.0,True,False,nan,45.220863342285156,0.10575740039348602,1.2262275218963623,3.0,4.1143293380737305,0.0
850.0,True,False,nan,45.49193572998047,0.15444537997245789,0.8877789974212646,3.0,4.251265525817871,0.0
850.0,True,False,nan,46.27646255493164,0.14606092870235443,0.7618163228034973,2.0,4.151192665100098,0.0
850.0,True,False,nan,47.549949645996094,0.1222890317440033,0.9776508808135986,6.0,4.279097080230713,0.0
850.0,True,False,nan,46.31669235229492,0.15797582268714905,0.6904680728912354,12.0,4.137344837188721,0.0
850.0,True,False,nan,48.382781982421875,0.15379934012889862,0.8061283826828003,6.0,4.306701183319092,0.0
850.0,True,False,nan,55.65937805175781,0.16770635545253754,0.9039735198020935,3.0,4.474205017089844,0.0
850.0,True,False,nan,47.447383880615234,0.18241718411445618,0.7863106727600098,9.0,4.17823600769043,0.0
850.0,True,False,nan,46.852439880371094,0.1334201991558075,0.8099188804626465,4.0,3.733403205871582,0.0
850.0,True,False,nan,46.3465690612793,0.12604920566082,1.1987407207489014,7.0,4.259565353393555,0.0
850.0,True,False,nan,48.8874626159668,0.19101488590240479,0.716208279132843,5.0,4.463099479675293,0.0
850.0,True,False,nan,56.46611404418945,0.17057086527347565,0.8277884125709534,5.0,4.523265838623047,0.0
850.0,True,False,nan,47.12603759765625,0.1913381665945053,0.7890241146087646,5.0,4.3885674476623535,0.0
850.0,True,False,nan,47.41817855834961,0.17729036509990692,0.7330493330955505,9.0,3.984038829803467,0.0
850.0,True,False,nan,45.37144088745117,0.13102754950523376,1.1186244487762451,5.0,4.17429256439209,0.0
850.0,True,False,nan,48.171478271484375,0.18577620387077332,0.7422183752059937,4.0,4.144628524780273,0.0
850.0,True,False,nan,50.08670425415039,0.15982291102409363,0.9397246837615967,3.0,4.121612548828125,0.0
850.0,True,False,nan,54.6678466796875,0.17680290341377258,0.8013154864311218,4.0,4.373217582702637,0.0
850.0,True,False,nan,45.81255340576172,0.1890774965286255,1.0554094314575195,4.0,3.9672348499298096,0.0
850.0,True,False,nan,48.2419548034668,0.19835330545902252,0.7033283710479736,5.0,4.101044654846191,0.0
850.0,True,False,nan,54.306846618652344,0.16428767144680023,0.9236289262771606,6.0,4.206386089324951,0.0
850.0,True,False,nan,50.612403869628906,0.1798166185617447,0.8563475012779236,7.0,4.210835933685303,0.0
850.0,True,False,nan,47.64006042480469,0.1776076704263687,0.8477854132652283,4.0,4.221033096313477,0.0
850.0,True,False,nan,48.043296813964844,0.16527117788791656,0.9080976247787476,5.0,4.214351177215576,0.0
850.0,True,False,nan,45.05137252807617,0.16437679529190063,0.9994567632675171,4.0,4.1366801261901855,0.0
850.0,True,False,nan,45.502967834472656,0.2498297542333603,0.7583839893341064,9.0,3.9881374835968018,0.0
850.0,True,False,nan,49.8572998046875,0.16606684029102325,0.7544487714767456,9.0,3.727850914001465,0.0
850.0,True,False,nan,48.306270599365234,0.14040841162204742,1.3673821687698364,10.0,4.184975624084473,0.0
850.0,True,False,nan,45.03263473510742,0.17809152603149414,1.0578668117523193,6.0,4.27436637878418,0.0
850.0,True,False,nan,49.46575164794922,0.16957539319992065,0.8036547303199768,6.0,3.7661585807800293,0.0
850.0,True,False,nan,48.1148796081543,0.15187370777130127,1.1873266696929932,7.0,4.107696056365967,0.0
850.0,True,False,nan,46.37636184692383,0.10173092037439346,1.7052001953125,14.0,4.2020955085754395,0.0
850.0,True,False,nan,51.696842193603516,0.166148841381073,0.7972960472106934,4.0,3.8237364292144775,0.0
850.0,True,False,nan,48.81686019897461,0.1311747133731842,1.0865706205368042,5.0,3.758537769317627,0.0
850.0,True,False,nan,47.48169708251953,0.13717299699783325,1.1049206256866455,5.0,4.0575151443481445,0.0
850.0,True,False,nan,48.79390335083008,0.14951011538505554,1.2549653053283691,8.0,4.135776042938232,0.0
850.0,True,False,nan,45.011749267578125,0.08479095995426178,1.6327383518218994,7.0,3.8204574584960938,0.0
850.0,True,False,nan,49.60759735107422,0.14944982528686523,1.4675297737121582,11.0,3.9625070095062256,0.0
850.0,True,False,nan,48.32339859008789,0.3087269961833954,1.0060843229293823,8.0,3.8524115085601807,0.0
850.0,True,False,nan,45.83984375,0.49752533435821533,0.8075262308120728,3.0,3.862110137939453,0.0
850.0,True,False,nan,49.619319915771484,0.18095490336418152,1.5024410486221313,9.0,3.9755430221557617,0.0
850.0,True,False,nan,47.90834426879883,0.22143085300922394,1.3839939832687378,8.0,4.097735404968262,0.0
850.0,True,False,nan,46.2155647277832,0.23831462860107422,1.4057304859161377,9.0,3.556709051132202,0.0
850.0,True,False,nan,49.66329574584961,0.45647644996643066,0.9564704298973083,6.0,4.413222312927246,0.0
850.0,True,False,nan,57.07073974609375,0.4924052655696869,0.9888403415679932,6.0,3.854844093322754,0.0
850.0,True,False,nan,49.45206832885742,0.4125313460826874,0.942617654800415,6.0,3.916433334350586,0.0
850.0,True,False,nan,49.93770217895508,0.2570365369319916,1.5300003290176392,14.0,3.633772373199463,0.0
850.0,True,False,nan,45.453861236572266,0.2055256962776184,1.5584957599639893,5.0,3.608919143676758,0.0
850.0,True,False,nan,46.376426696777344,0.5752093195915222,0.9572064876556396,5.0,3.7518813610076904,0.0
850.0,True,False,nan,49.227901458740234,0.3209754228591919,1.3192611932754517,5.0,3.9660305976867676,0.0
850.0,True,False,nan,47.05047607421875,0.295907199382782,1.449193000793457,5.0,3.9696192741394043,0.0
850.0,True,False,nan,47.17827606201172,0.28479865193367004,1.502143144607544,11.0,3.4419028759002686,0.0
850.0,True,False,nan,49.638797760009766,0.32360172271728516,1.3501683473587036,5.0,3.780017375946045,0.0
850.0,True,False,nan,46.07247543334961,0.3094073534011841,1.6332173347473145,13.0,3.803635358810425,0.0
850.0,True,False,nan,48.142704010009766,0.09088484942913055,2.0220837593078613,5.0,3.4589931964874268,0.0
850.0,True,False,nan,47.695865631103516,0.30624693632125854,1.5000174045562744,14.0,3.7436559200286865,0.0
850.0,True,False,nan,45.2733039855957,0.24760523438453674,1.5625028610229492,14.0,4.101321697235107,0.0
850.0,True,False,nan,47.692535400390625,0.7455313801765442,1.0641698837280273,6.0,3.991945505142212,0.0
850.0,True,False,nan,47.145591735839844,1.2596547603607178,1.6626684665679932,6.0,3.975328207015991,0.0
850.0,True,False,nan,51.91583251953125,1.0324989557266235,1.5992237329483032,14.0,3.936046600341797,0.0
850.0,False,True,0.5999999642372131,40.906314849853516,0.3732620179653168,1.699653148651123,14.0,4.287074089050293,0.0
850.0,False,True,0.9599999785423279,37.4347038269043,0.7316200733184814,1.679479956626892,7.0,4.035572528839111,0.0
850.0,False,True,0.8199999928474426,41.99095153808594,0.3898620307445526,1.7798173427581787,14.0,3.888072967529297,0.0
850.0,True,False,nan,47.5501708984375,0.12228940427303314,0.9776513576507568,6.0,4.279097557067871,0.0
850.0,True,False,nan,45.22111892700195,0.10575723648071289,1.2262351512908936,3.0,4.114327430725098,0.0
850.0,True,False,nan,48.38269805908203,0.15379948914051056,0.8061239123344421,6.0,4.306692600250244,0.0
850.0,True,False,nan,56.465980529785156,0.1705707311630249,0.8277884125709534,5.0,4.5232768058776855,0.0
850.0,True,False,nan,46.77008819580078,0.13706074655056,0.982140064239502,5.0,4.5186333656311035,0.0
850.0,True,False,nan,45.36287307739258,0.15428678691387177,0.8935027122497559,3.0,4.22999906539917,0.0
850.0,True,False,nan,46.33466339111328,0.15862618386745453,0.6824968457221985,12.0,4.13940954208374,0.0
850.0,True,False,nan,50.612640380859375,0.17981411516666412,0.8563603162765503,7.0,4.210838317871094,0.0
850.0,True,False,nan,55.65947341918945,0.16770587861537933,0.9039771556854248,3.0,4.474207878112793,0.0
850.0,True,False,nan,45.50299072265625,0.24983039498329163,0.7583780884742737,9.0,3.988145351409912,0.0
850.0,True,False,nan,46.27625274658203,0.1460607498884201,0.761810839176178,2.0,4.151185035705566,0.0
850.0,True,False,nan,50.086585998535156,0.15982386469841003,0.9397201538085938,3.0,4.121618747711182,0.0
850.0,True,False,nan,54.6678581237793,0.17680273950099945,0.8013147711753845,4.0,4.373213768005371,0.0
850.0,True,False,nan,54.30662155151367,0.16428594291210175,0.9236348867416382,6.0,4.206363677978516,0.0
850.0,True,False,nan,47.64091491699219,0.17760983109474182,0.847777783870697,4.0,4.221062660217285,0.0
850.0,True,False,nan,46.34666061401367,0.12605032324790955,1.1987308263778687,7.0,4.259565830230713,0.0
850.0,True,False,nan,47.41810989379883,0.17729008197784424,0.7330490946769714,9.0,3.984034299850464,0.0
850.0,True,False,nan,45.367881774902344,0.12828956544399261,1.1322240829467773,5.0,4.143815040588379,0.0
850.0,True,False,nan,48.172054290771484,0.1857766956090927,0.7422130107879639,4.0,4.144723892211914,0.0
850.0,True,False,nan,45.81235122680664,0.18907657265663147,1.0554182529449463,4.0,3.96724009513855,0.0
850.0,True,False,nan,48.24156188964844,0.19835133850574493,0.7033268809318542,5.0,4.101001262664795,0.0
850.0,True,False,nan,45.05141830444336,0.16437624394893646,0.9994582533836365,4.0,4.136687278747559,0.0
850.0,True,False,nan,47.447635650634766,0.18241795897483826,0.7863149046897888,9.0,4.178232192993164,0.0
850.0,True,False,nan,48.88749694824219,0.19101618230342865,0.7162016034126282,5.0,4.463094234466553,0.0
850.0,True,False,nan,47.12640380859375,0.1913374811410904,0.7890291810035706,5.0,4.388565540313721,0.0
850.0,True,False,nan,46.37580871582031,0.10173223912715912,1.7052029371261597,14.0,4.202077388763428,0.0
850.0,True,False,nan,46.85222625732422,0.1334204375743866,0.8099203705787659,4.0,3.733393907546997,0.0
850.0,True,False,nan,49.60782241821289,0.14944985508918762,1.4675331115722656,11.0,3.962510824203491,0.0
850.0,True,False,nan,49.4661750793457,0.1695772409439087,0.8036569356918335,6.0,3.766169786453247,0.0
850.0,True,False,nan,48.04336166381836,0.1652718037366867,0.9080954194068909,5.0,4.214354991912842,0.0
850.0,True,False,nan,49.85747146606445,0.1660657376050949,0.7544533014297485,9.0,3.7278456687927246,0.0
850.0,True,False,nan,48.30628204345703,0.14040958881378174,1.3673689365386963,10.0,4.184974670410156,0.0
850.0,True,False,nan,51.6968879699707,0.16614776849746704,0.797304630279541,4.0,3.823746681213379,0.0
850.0,True,False,nan,48.81685256958008,0.1311725378036499,1.0865802764892578,5.0,3.7585272789001465,0.0
850.0,True,False,nan,47.481727600097656,0.1371738314628601,1.1049007177352905,5.0,4.05751895904541,0.0
850.0,True,False,nan,48.79386520385742,0.14950904250144958,1.2549628019332886,8.0,4.135758876800537,0.0
850.0,True,False,nan,45.01176834106445,0.08478980511426926,1.6327369213104248,7.0,3.8204448223114014,0.0
850.0,True,False,nan,48.11457824707031,0.15187110006809235,1.187343716621399,7.0,4.107695579528809,0.0
850.0,True,False,nan,48.32344055175781,0.30872565507888794,1.0060818195343018,8.0,3.852426528930664,0.0
850.0,True,False,nan,52.8951416015625,0.5165824294090271,0.8057159185409546,3.0,3.902698516845703,0.0
850.0,True,False,nan,49.61913299560547,0.18096846342086792,1.50238835811615,9.0,3.9755260944366455,0.0
850.0,True,False,nan,47.66655731201172,0.22467085719108582,1.378171443939209,6.0,4.1009650230407715,0.0
850.0,True,False,nan,57.07072830200195,0.4924015998840332,0.9888520836830139,6.0,3.8548450469970703,0.0
850.0,True,False,nan,49.663028717041016,0.456474632024765,0.9564821720123291,6.0,4.413203239440918,0.0
850.0,True,False,nan,49.45319747924805,0.41254010796546936,0.9425860643386841,6.0,3.9164106845855713,0.0
850.0,True,False,nan,49.937740325927734,0.25703758001327515,1.5299931764602661,14.0,3.6337857246398926,0.0
850.0,True,False,nan,46.24334716796875,0.23852606117725372,1.40578293800354,9.0,3.558619737625122,0.0
850.0,True,False,nan,49.22749328613281,0.3209698498249054,1.3192676305770874,5.0,3.966034173965454,0.0
850.0,True,False,nan,45.454429626464844,0.20553526282310486,1.558485507965088,5.0,3.6088905334472656,0.0
850.0,True,False,nan,47.189117431640625,0.2849888205528259,1.501976490020752,11.0,3.44183611869812,0.0
850.0,True,False,nan,48.143192291259766,0.09088392555713654,2.022090435028076,5.0,3.4589877128601074,0.0
850.0,True,False,nan,34.869361877441406,0.25528857111930847,1.4491881132125854,5.0,3.9696288108825684,0.0
850.0,True,False,nan,20.372957229614258,0.09336932003498077,1.0579462051391602,6.0,3.197209596633911,0.0
850.0,True,False,nan,32.586639404296875,0.2708031237125397,1.3501689434051514,5.0,3.780019998550415,0.0
850.0,True,False,nan,50.275550842285156,0.28097790479660034,0.9397261738777161,3.0,3.430510997772217,90.0
850.0,True,False,nan,48.14362716674805,0.4467300772666931,0.8277876973152161,5.0,3.3337085247039795,90.0
850.0,True,False,nan,45.60985565185547,0.48083198070526123,1.405733585357666,9.0,4.3326191902160645,90.0
850.0,True,False,nan,49.582462310791016,0.42594075202941895,1.69672429561615,11.0,4.2020182609558105,90.0
850.0,True,False,nan,48.36469268798828,0.5406754612922668,1.0865683555603027,5.0,4.063985347747803,90.0
850.0,True,False,nan,48.84150695800781,0.4629960060119629,2.0220754146575928,5.0,4.303811550140381,90.0
850.0,True,False,nan,45.3111572265625,0.46749380230903625,0.903982937335968,3.0,3.3101282119750977,90.0
850.0,True,False,nan,54.03986740112305,0.6677058935165405,0.754446804523468,9.0,3.9930262565612793,90.0
850.0,True,False,nan,50.456871032714844,0.68094801902771,0.809914767742157,4.0,3.840337038040161,90.0
850.0,True,False,nan,50.050357818603516,0.5267435312271118,1.632736086845398,7.0,4.202459812164307,90.0
850.0,True,False,nan,53.498390197753906,0.5382500886917114,1.5584869384765625,5.0,4.410760879516602,90.0
850.0,True,False,nan,52.49260711669922,0.4637448787689209,1.4676101207733154,14.0,4.145125389099121,90.0
850.0,True,False,nan,51.774356842041016,0.5423535108566284,1.1322259902954102,5.0,3.7457122802734375,90.0
850.0,True,False,nan,51.916316986083984,0.6250588297843933,0.803653359413147,6.0,4.092422962188721,90.0
850.0,True,False,nan,45.10744094848633,0.574364423751831,1.5019831657409668,11.0,4.474121570587158,90.0
850.0,True,False,nan,48.7214241027832,0.5764995217323303,0.8013108968734741,4.0,3.3919122219085693,90.0
850.0,True,False,nan,53.40559768676758,0.4621819257736206,0.9776512384414673,6.0,3.3052830696105957,90.0
850.0,True,False,nan,48.524837493896484,0.5385149121284485,1.5000115633010864,14.0,4.237379550933838,90.0
850.0,True,False,nan,53.52504348754883,0.6839427351951599,0.7972965836524963,4.0,4.0691046714782715,90.0
850.0,True,False,nan,46.613590240478516,0.5496236085891724,0.6904489398002625,12.0,3.320511817932129,90.0
850.0,True,False,nan,45.52436447143555,0.4992627203464508,0.9236280918121338,6.0,3.297940731048584,90.0
850.0,True,False,nan,53.855010986328125,0.5268547534942627,0.8563714027404785,7.0,3.379767894744873,90.0
850.0,True,False,nan,45.24513244628906,0.6462254524230957,1.1049065589904785,5.0,4.053985595703125,90.0
850.0,True,False,nan,47.423667907714844,0.5078621506690979,1.5299932956695557,14.0,4.2490386962890625,90.0
850.0,True,False,nan,46.62836456298828,0.5205532908439636,0.7583761811256409,9.0,3.3089301586151123,90.0
850.0,True,False,nan,50.49588394165039,0.5631082057952881,1.367368221282959,10.0,3.885807752609253,90.0
850.0,True,False,nan,54.42659378051758,0.6364762187004089,1.1987282037734985,7.0,4.149779319763184,90.0
850.0,True,False,nan,46.306697845458984,0.7045996189117432,0.7162042856216431,5.0,3.40054988861084,90.0
850.0,True,False,nan,50.55100631713867,0.6066141724586487,1.5024566650390625,9.0,4.20129919052124,90.0
850.0,True,False,nan,46.000396728515625,0.645531415939331,1.3786109685897827,6.0,4.268081188201904,90.0
850.0,True,False,nan,46.03599548339844,0.6408334970474243,0.7330493330955505,9.0,3.343360662460327,90.0
850.0,True,False,nan,51.83281707763672,0.666769802570343,1.3192625045776367,5.0,4.286736488342285,90.0
850.0,True,False,nan,51.60921096801758,0.655825138092041,1.1873401403427124,7.0,4.158142566680908,90.0
850.0,True,False,nan,47.84328079223633,0.5580668449401855,1.6332255601882935,13.0,4.265491485595703,90.0
850.0,True,False,nan,51.4585075378418,0.49493348598480225,0.8100501298904419,5.0,3.186821937561035,90.0
850.0,True,False,nan,45.7354850769043,0.5348976850509644,1.779814600944519,14.0,4.136131763458252,90.0
850.0,True,False,nan,45.11954116821289,0.6054516434669495,1.5992237329483032,14.0,4.315061092376709,90.0
850.0,True,False,nan,47.62030029296875,0.5649170875549316,0.9995878338813782,4.0,3.543447256088257,90.0
850.0,True,False,nan,46.267208099365234,0.5226999521255493,0.9821407794952393,5.0,3.099421977996826,90.0
850.0,True,False,nan,49.62944412231445,0.38558608293533325,1.2261945009231567,3.0,3.2480173110961914,90.0
850.0,True,False,nan,46.49235153198242,0.6853916645050049,0.7422190308570862,4.0,3.2655093669891357,90.0
850.0,True,False,nan,49.871803283691406,0.6391634345054626,0.7618134021759033,2.0,3.3365235328674316,90.0
850.0,True,False,nan,51.153968811035156,0.7277423739433289,1.0060802698135376,8.0,3.9910852909088135,90.0
850.0,True,False,nan,50.424930572509766,0.6530627608299255,0.8477897644042969,4.0,3.3661768436431885,90.0
850.0,True,False,nan,48.0786018371582,0.7179490923881531,0.9080894589424133,5.0,3.884038209915161,90.0
850.0,True,False,nan,50.00355911254883,0.7081934213638306,1.2549421787261963,8.0,4.310827732086182,90.0
850.0,True,False,nan,45.194942474365234,0.6386662125587463,1.5624982118606567,14.0,4.172228813171387,90.0
850.0,True,False,nan,47.31357955932617,0.7037445306777954,0.7863074541091919,9.0,3.226152181625366,90.0
850.0,True,False,nan,49.66807556152344,0.7588385939598083,1.449187159538269,5.0,4.273740768432617,90.0
850.0,True,False,nan,46.537147521972656,0.5658370852470398,0.8935032486915588,3.0,3.074079990386963,90.0
850.0,True,False,nan,50.57775115966797,0.7139866948127747,0.7888693809509277,5.0,3.39658522605896,90.0
850.0,True,False,nan,48.78221893310547,0.7785379886627197,1.0578774213790894,6.0,4.117242336273193,90.0
850.0,True,False,nan,45.63467025756836,0.6735573410987854,1.6996562480926514,14.0,4.2179107666015625,90.0
850.0,True,False,nan,45.54258346557617,0.7555935382843018,1.3501722812652588,5.0,4.096017837524414,90.0
850.0,True,False,nan,46.21759033203125,0.7473595142364502,0.703326940536499,5.0,3.34871244430542,90.0
850.0,True,False,nan,46.87478256225586,0.7523203492164612,0.9564697742462158,6.0,3.8412532806396484,90.0
850.0,True,False,nan,45.81491470336914,0.5684950947761536,1.6626708507537842,6.0,4.1304931640625,90.0
850.0,True,False,nan,47.50440216064453,1.7421945333480835,1.6794767379760742,7.0,4.198927402496338,90.0
850.0,True,False,nan,53.05242919921875,1.7027919292449951,0.9425920844078064,6.0,3.8391189575195312,90.0
850.0,True,False,nan,48.24897003173828,1.1879481077194214,0.8057085275650024,3.0,3.4227564334869385,90.0
850.0,True,False,nan,45.16285705566406,1.5266658067703247,0.9888449907302856,6.0,3.7360429763793945,90.0
850.0,True,False,nan,48.10273361206055,1.7634344100952148,0.9568665027618408,5.0,3.9327831268310547,90.0
850.0,True,False,nan,48.85721969604492,1.2896267175674438,1.0554232597351074,4.0,3.3178164958953857,90.0
850.0,False,False,nan,35.69210433959961,6.349709987640381,1.0641655921936035,6.0,3.9019041061401367,90.0
850.0,True,False,nan,50.275306701660156,0.280977725982666,0.9397234916687012,3.0,3.430501937866211,90.0
850.0,True,False,nan,48.14244079589844,0.44672778248786926,0.827786922454834,5.0,3.333723306655884,90.0
850.0,True,False,nan,49.48593521118164,0.42588335275650024,1.7052102088928223,14.0,4.199632167816162,90.0
850.0,True,False,nan,48.494571685791016,0.5414012670516968,1.0868732929229736,5.0,4.065511703491211,90.0
850.0,True,False,nan,54.04158020019531,0.6677119135856628,0.7544400691986084,9.0,3.9930357933044434,90.0
850.0,True,False,nan,51.99502182006836,0.46754977107048035,1.467535138130188,11.0,4.154244899749756,90.0
850.0,True,False,nan,51.7743034362793,0.5423560738563538,1.1322234869003296,5.0,3.745728015899658,90.0
850.0,True,False,nan,45.60984802246094,0.4808272123336792,1.4057382345199585,9.0,4.332613945007324,90.0
850.0,True,False,nan,51.9157829284668,0.6250622272491455,0.8036563396453857,6.0,4.09246826171875,90.0
850.0,True,False,nan,53.40485763549805,0.4621712267398834,0.9776516556739807,6.0,3.3052830696105957,90.0
850.0,True,False,nan,53.52510070800781,0.683942437171936,0.7972967028617859,4.0,4.069092750549316,90.0
850.0,True,False,nan,53.8554573059082,0.5268439650535583,0.8564295172691345,7.0,3.3797447681427,90.0
850.0,True,False,nan,48.84141159057617,0.4629974067211151,2.0220675468444824,5.0,4.3037872314453125,90.0
850.0,True,False,nan,50.456878662109375,0.6809499859809875,0.8099133968353271,4.0,3.840329170227051,90.0
850.0,True,False,nan,50.05039596557617,0.5267431735992432,1.6327311992645264,7.0,4.202452659606934,90.0
850.0,True,False,nan,53.498260498046875,0.5382506251335144,1.5584841966629028,5.0,4.410771369934082,90.0
850.0,True,False,nan,48.721336364746094,0.576507031917572,0.8013145327568054,4.0,3.3918845653533936,90.0
850.0,True,False,nan,48.524009704589844,0.5385146141052246,1.5000085830688477,14.0,4.237349510192871,90.0
850.0,True,False,nan,47.423370361328125,0.5078632235527039,1.5299912691116333,14.0,4.249045372009277,90.0
850.0,True,False,nan,45.67454528808594,0.47541722655296326,0.9021759629249573,3.0,3.3612072467803955,90.0
850.0,True,False,nan,54.42656326293945,0.6364739537239075,1.1987295150756836,7.0,4.14976692199707,90.0
850.0,True,False,nan,46.61307144165039,0.549626350402832,0.6904479265213013,12.0,3.320511817932129,90.0
850.0,True,False,nan,45.524269104003906,0.49926501512527466,0.9236245155334473,6.0,3.2979586124420166,90.0
850.0,True,False,nan,45.245792388916016,0.6462233066558838,1.1049113273620605,5.0,4.053948879241943,90.0
850.0,True,False,nan,50.550140380859375,0.6066122055053711,1.5024393796920776,9.0,4.201316833496094,90.0
850.0,True,False,nan,51.83247756958008,0.6667687296867371,1.319266676902771,5.0,4.286761283874512,90.0
850.0,True,False,nan,51.610103607177734,0.6558200120925903,1.1873399019241333,7.0,4.1580963134765625,90.0
850.0,True,False,nan,45.107444763183594,0.5743625164031982,1.5019865036010742,11.0,4.47411584854126,90.0
850.0,True,False,nan,47.84292221069336,0.558063805103302,1.6332272291183472,13.0,4.265511989593506,90.0
850.0,True,False,nan,49.83573532104492,0.493042916059494,0.8065010905265808,7.0,3.1783432960510254,90.0
850.0,True,False,nan,46.863975524902344,0.6417486667633057,1.3825788497924805,8.0,4.262661457061768,90.0
850.0,True,False,nan,45.11919021606445,0.6054514646530151,1.5992157459259033,14.0,4.315060615539551,90.0
850.0,True,False,nan,49.62792205810547,0.3855629563331604,1.2262330055236816,3.0,3.247736692428589,90.0
850.0,True,False,nan,46.53680419921875,0.5658349394798279,0.8935012221336365,3.0,3.074077606201172,90.0
850.0,True,False,nan,46.62889099121094,0.5205565690994263,0.7583742737770081,9.0,3.3089308738708496,90.0
850.0,True,False,nan,46.03462600708008,0.6408290266990662,0.7330483198165894,9.0,3.3433594703674316,90.0
850.0,True,False,nan,45.73597717285156,0.5348979830741882,1.7798184156417847,14.0,4.136115074157715,90.0
850.0,True,False,nan,49.87274932861328,0.6391655206680298,0.7618162035942078,2.0,3.3365323543548584,90.0
850.0,True,False,nan,51.15374755859375,0.7277425527572632,1.0060694217681885,8.0,3.991086721420288,90.0
850.0,True,False,nan,14.826791763305664,0.16828185319900513,0.7863115668296814,9.0,3.169748544692993,90.0
850.0,True,False,nan,5.775975704193115,0.05404532328248024,1.3665989637374878,9.0,2.424299478530884,90.0
850.0,True,False,nan,15.745941162109375,0.42971521615982056,0.7162002325057983,9.0,3.2738959789276123,90.0
850.0,True,False,nan,44.43336868286133,0.7682778835296631,1.4491990804672241,5.0,4.273744106292725,90.0
850.0,True,False,nan,5.390888690948486,0.03689957037568092,0.9821447730064392,5.0,1.8583760261535645,90.0
850.0,True,False,nan,16.8116455078125,0.3506782054901123,0.7890334129333496,5.0,3.305462598800659,90.0
850.0,True,False,nan,37.138919830322266,0.6457560062408447,1.699654221534729,14.0,4.217904090881348,90.0
850.0,True,False,nan,17.237716674804688,0.3209685683250427,0.7422164678573608,9.0,3.265515089035034,90.0
850.0,True,False,nan,13.766122817993164,0.23921525478363037,1.6794798374176025,7.0,3.722020149230957,90.0
850.0,True,False,nan,25.33277702331543,0.5858960747718811,1.350167989730835,5.0,4.0960211753845215,90.0
850.0,True,False,nan,2.8008604049682617,0.027501069009304047,0.703328549861908,5.0,1.3124240636825562,90.0
850.0,True,False,nan,13.420056343078613,0.1207030788064003,1.6626774072647095,6.0,3.4146206378936768,90.0
850.0,True,False,nan,15.871312141418457,0.3785250782966614,0.8495702147483826,4.0,3.3624720573425293,90.0
850.0,True,False,nan,1.3876209259033203,0.0,0.9080737829208374,5.0,0.727798581123352,90.0
850.0,True,False,nan,22.856311798095703,0.5227148532867432,1.2549571990966797,8.0,4.094282150268555,90.0
850.0,True,False,nan,18.435894012451172,0.3336213231086731,0.9994574785232544,4.0,3.3359742164611816,90.0
850.0,True,False,nan,26.496028900146484,0.5360876321792603,1.5625027418136597,14.0,4.172250270843506,90.0
850.0,True,False,nan,8.244287490844727,0.10747680068016052,0.8075215816497803,3.0,2.752875566482544,90.0
850.0,True,False,nan,46.61945724487305,0.45713481307029724,0.7583729028701782,9.0,4.307933330535889,180.0
850.0,True,False,nan,46.61844253540039,0.4554297924041748,0.8277912139892578,5.0,5.091973781585693,180.0
850.0,True,False,nan,47.221900939941406,0.4325503408908844,1.558485984802246,5.0,4.681427478790283,180.0
850.0,True,False,nan,45.95647048950195,0.4338478147983551,1.5021469593048096,11.0,4.535187244415283,180.0
850.0,True,False,nan,45.04016876220703,0.5112800002098083,0.7973053455352783,4.0,4.813826084136963,180.0
850.0,True,False,nan,48.537540435791016,0.4672136902809143,0.8563666343688965,7.0,4.459092617034912,180.0
850.0,True,False,nan,48.197696685791016,0.4897676706314087,1.0865883827209473,5.0,4.928029537200928,180.0
850.0,True,False,nan,45.94211196899414,0.41039109230041504,2.0220868587493896,5.0,4.490257740020752,180.0
850.0,True,False,nan,46.79402160644531,0.49119701981544495,1.449189305305481,5.0,4.510780334472656,180.0
850.0,True,False,nan,46.50565719604492,0.5575841665267944,0.7330436110496521,9.0,4.581481456756592,180.0
850.0,True,False,nan,47.3331413269043,0.49815070629119873,1.1186318397521973,5.0,4.736860275268555,180.0
850.0,True,False,nan,45.3539924621582,0.5076944828033447,1.4057343006134033,9.0,4.987167835235596,180.0
850.0,True,False,nan,45.05657958984375,0.5346841812133789,0.7618160247802734,2.0,4.5490875244140625,180.0
850.0,True,False,nan,53.315914154052734,0.49984559416770935,0.9397194385528564,3.0,4.575081825256348,180.0
850.0,True,False,nan,47.726478576660156,0.49925243854522705,1.3501704931259155,5.0,4.563551425933838,180.0
850.0,True,False,nan,49.44508743286133,0.5457339286804199,0.6904504895210266,12.0,4.529944896697998,180.0
850.0,True,False,nan,54.27752685546875,0.47449228167533875,0.810039758682251,5.0,4.4563307762146,180.0
850.0,True,False,nan,48.982540130615234,0.5371963381767273,0.8495693206787109,4.0,4.467406749725342,180.0
850.0,True,False,nan,46.08403778076172,0.5300688743591309,0.9021744728088379,3.0,4.852817058563232,180.0
850.0,True,False,nan,51.30198287963867,0.5480644702911377,1.1987346410751343,7.0,4.543735980987549,180.0
850.0,True,False,nan,51.9128303527832,0.5097037553787231,1.5024361610412598,9.0,4.543501377105713,180.0
850.0,True,False,nan,49.5959587097168,0.5314468741416931,1.3785982131958008,6.0,4.648634910583496,180.0
850.0,True,False,nan,51.24830627441406,0.49019917845726013,1.6327153444290161,7.0,4.674053192138672,180.0
850.0,True,False,nan,48.69987869262695,0.5324190258979797,1.31926691532135,5.0,4.500090599060059,180.0
850.0,True,False,nan,52.55450439453125,0.5010825991630554,1.468784213066101,11.0,4.6177473068237305,180.0
850.0,True,False,nan,49.30340576171875,0.5901390910148621,0.8036606311798096,6.0,4.844413757324219,180.0
850.0,True,False,nan,47.0216178894043,0.4575400948524475,1.679479718208313,7.0,4.010964393615723,180.0
850.0,True,False,nan,46.63193130493164,0.4808316230773926,1.7052055597305298,14.0,4.425533771514893,180.0
850.0,True,False,nan,46.81608581542969,0.5807628631591797,1.0060774087905884,8.0,4.535699367523193,180.0
850.0,True,False,nan,46.05107498168945,0.4960700571537018,1.6332212686538696,13.0,4.4302473068237305,180.0
850.0,True,False,nan,53.7799186706543,0.5240446329116821,0.9236304759979248,6.0,4.8046555519104,180.0
850.0,True,False,nan,53.02219009399414,0.5275405645370483,0.9994596838951111,4.0,4.187187671661377,180.0
850.0,True,False,nan,52.662017822265625,0.5136486887931824,1.5300008058547974,14.0,4.763252258300781,180.0
850.0,True,False,nan,50.40686798095703,0.5744432210922241,1.3666167259216309,9.0,4.433245658874512,180.0
850.0,True,False,nan,47.62316131591797,0.6306657791137695,0.8099214434623718,4.0,4.552923679351807,180.0
850.0,True,False,nan,46.98265838623047,0.48899683356285095,0.9776489734649658,6.0,4.537267208099365,180.0
850.0,True,False,nan,52.531883239746094,0.5729150176048279,1.5000115633010864,14.0,4.74950647354126,180.0
850.0,True,False,nan,50.68428039550781,0.5283406376838684,1.779815673828125,14.0,4.618035316467285,180.0
850.0,True,False,nan,54.03571319580078,0.4742341637611389,1.6626754999160767,6.0,3.986668109893799,180.0
850.0,True,False,nan,50.32780456542969,0.6013713479042053,1.1049089431762695,5.0,4.484346866607666,180.0
850.0,True,False,nan,51.29191589355469,0.6840341687202454,1.0641779899597168,6.0,4.5290961265563965,180.0
850.0,True,False,nan,49.19272232055664,0.6609774827957153,0.8013142943382263,4.0,4.595850944519043,180.0
850.0,True,False,nan,50.859619140625,0.6990125179290771,0.9425991177558899,6.0,4.481324672698975,180.0
850.0,True,False,nan,50.9269905090332,0.5253713130950928,1.2262293100357056,3.0,4.48955774307251,180.0
850.0,True,False,nan,48.320587158203125,0.6523448824882507,0.8877825736999512,3.0,4.298535346984863,180.0
850.0,True,False,nan,51.7935676574707,0.638733446598053,1.6996499300003052,14.0,4.2480010986328125,180.0
850.0,True,False,nan,47.99092483520508,0.733222246170044,0.7422199845314026,4.0,4.363889217376709,180.0
850.0,True,False,nan,48.284610748291016,0.6736080646514893,1.5992218255996704,14.0,4.6727213859558105,180.0
850.0,True,False,nan,46.869140625,0.6637445688247681,1.5625115633010864,14.0,4.51138973236084,180.0
850.0,True,False,nan,47.0679817199707,0.7779111266136169,0.7863110303878784,9.0,4.397699356079102,180.0
850.0,True,False,nan,46.20853042602539,0.8018962740898132,1.057916283607483,6.0,4.272560119628906,180.0
850.0,True,False,nan,46.76992416381836,0.8522550463676453,0.7544434070587158,9.0,4.465851306915283,180.0
850.0,True,False,nan,45.91903305053711,0.8067107200622559,0.9888349771499634,6.0,3.9446868896484375,180.0
850.0,True,False,nan,45.29085159301758,1.0543338060379028,0.7162131667137146,5.0,4.227104663848877,180.0
850.0,True,False,nan,48.4101676940918,0.9946510195732117,0.7890352606773376,5.0,4.02793025970459,180.0
850.0,True,False,nan,47.46097183227539,1.0023550987243652,1.1873383522033691,7.0,4.32952880859375,180.0
850.0,True,False,nan,47.12617111206055,1.096330165863037,1.2549481391906738,8.0,4.2068705558776855,180.0
850.0,True,False,nan,46.015254974365234,1.363288164138794,0.9080960154533386,5.0,4.301462173461914,180.0
850.0,True,False,nan,46.58599090576172,1.4066145420074463,0.9564772844314575,6.0,4.02668571472168,180.0
850.0,True,False,nan,46.240657806396484,1.5508476495742798,0.8057148456573486,3.0,4.049264907836914,180.0
850.0,True,False,nan,46.53340530395508,1.9572010040283203,0.7033233046531677,5.0,4.07593297958374,180.0
850.0,False,True,2.0799999237060547,35.689720153808594,3.6252615451812744,0.9821415543556213,5.0,4.298459529876709,180.0
850.0,False,False,nan,42.54833984375,5.906638145446777,0.956869900226593,5.0,4.063716888427734,180.0
850.0,False,True,1.8199999332427979,23.485408782958984,2.5985279083251953,1.0554280281066895,4.0,4.055909156799316,180.0
850.0,True,False,nan,46.619327545166016,0.45713499188423157,0.7583743929862976,9.0,4.3079328536987305,180.0
850.0,True,False,nan,46.61848831176758,0.45543038845062256,0.8277879357337952,5.0,5.091969013214111,180.0
850.0,True,False,nan,48.53742218017578,0.4672158658504486,0.856357753276825,7.0,4.459110260009766,180.0
850.0,True,False,nan,53.31599426269531,0.4998443126678467,0.9397282600402832,3.0,4.575083255767822,180.0
850.0,True,False,nan,53.47212600708008,0.4792487919330597,0.806123673915863,6.0,4.47849178314209,180.0
850.0,True,False,nan,47.22126388549805,0.4325481057167053,1.5584994554519653,5.0,4.681390285491943,180.0
850.0,True,False,nan,47.333499908447266,0.4981525242328644,1.118618130683899,5.0,4.736871719360352,180.0
850.0,True,False,nan,45.04022979736328,0.5112799406051636,0.7972986698150635,4.0,4.813828468322754,180.0
850.0,True,False,nan,49.44507598876953,0.5457358360290527,0.6904424428939819,12.0,4.52994441986084,180.0
850.0,True,False,nan,48.95858383178711,0.5373048782348633,0.8477828502655029,4.0,4.4707560539245605,180.0
850.0,True,False,nan,48.1469841003418,0.4896507263183594,1.0868768692016602,5.0,4.927979946136475,180.0
850.0,True,False,nan,46.7942008972168,0.49119576811790466,1.4491894245147705,5.0,4.51078462600708,180.0
850.0,True,False,nan,45.9565315246582,0.4338482618331909,1.5021499395370483,11.0,4.535178184509277,180.0
850.0,True,False,nan,47.726829528808594,0.4992547035217285,1.3501744270324707,5.0,4.563557147979736,180.0
850.0,True,False,nan,53.780155181884766,0.5240472555160522,0.9236235022544861,6.0,4.804646968841553,180.0
850.0,True,False,nan,45.94239044189453,0.410391628742218,2.0220837593078613,5.0,4.490278244018555,180.0
850.0,True,False,nan,46.084007263183594,0.5300688147544861,0.9021774530410767,3.0,4.8528218269348145,180.0
850.0,True,False,nan,51.30227279663086,0.5480657815933228,1.1987239122390747,7.0,4.543728351593018,180.0
850.0,True,False,nan,51.91280746459961,0.5097190737724304,1.5023754835128784,9.0,4.543496131896973,180.0
850.0,True,False,nan,48.160423278808594,0.5298470258712769,1.3825606107711792,8.0,4.636823654174805,180.0
850.0,True,False,nan,51.2484130859375,0.4901982545852661,1.632719874382019,7.0,4.674037933349609,180.0
850.0,True,False,nan,46.50579071044922,0.5575838088989258,0.7330507040023804,9.0,4.5814738273620605,180.0
850.0,True,False,nan,48.69953918457031,0.5324199795722961,1.31926691532135,5.0,4.500076770782471,180.0
850.0,True,False,nan,52.57136154174805,0.5009413957595825,1.4675354957580566,11.0,4.730310916900635,180.0
850.0,True,False,nan,50.573097229003906,0.541083037853241,1.4057586193084717,9.0,4.971746921539307,180.0
850.0,True,False,nan,49.303627014160156,0.5901395082473755,0.8036566972732544,6.0,4.844419002532959,180.0
850.0,True,False,nan,45.056678771972656,0.5346804857254028,0.7618186473846436,2.0,4.549081325531006,180.0
850.0,True,False,nan,46.631771087646484,0.4808291494846344,1.705214500427246,14.0,4.425536155700684,180.0
850.0,True,False,nan,46.816192626953125,0.5807620882987976,1.0060865879058838,8.0,4.535705089569092,180.0
850.0,True,False,nan,52.43901443481445,0.5270311832427979,0.999297559261322,4.0,4.193292617797852,180.0
850.0,True,False,nan,52.66206741333008,0.5136499404907227,1.5300021171569824,14.0,4.76322603225708,180.0
850.0,True,False,nan,50.32770538330078,0.6013725996017456,1.1048996448516846,5.0,4.484350681304932,180.0
850.0,True,False,nan,50.37120819091797,0.5744310021400452,1.3666086196899414,9.0,4.435209274291992,180.0
850.0,True,False,nan,47.02173614501953,0.4575399160385132,1.6794791221618652,7.0,4.0109663009643555,180.0
850.0,True,False,nan,46.98321533203125,0.488996684551239,0.9776462316513062,6.0,4.537263870239258,180.0
850.0,True,False,nan,52.53157424926758,0.5729170441627502,1.500008225440979,14.0,4.749547004699707,180.0
850.0,True,False,nan,46.05097198486328,0.49607205390930176,1.6332197189331055,13.0,4.430232048034668,180.0
850.0,True,False,nan,50.68458557128906,0.5283331274986267,1.7798484563827515,14.0,4.618031978607178,180.0
850.0,True,False,nan,54.0360107421875,0.4742381274700165,1.6626724004745483,6.0,3.9866716861724854,180.0
850.0,True,False,nan,51.29243469238281,0.6840312480926514,1.0641911029815674,6.0,4.529097080230713,180.0
850.0,True,False,nan,47.62346649169922,0.6306678652763367,0.8099135756492615,4.0,4.552909851074219,180.0
850.0,True,False,nan,50.85922622680664,0.6990100741386414,0.942609429359436,6.0,4.481329441070557,180.0
850.0,True,False,nan,49.19301986694336,0.6609777212142944,0.8013163208961487,4.0,4.595851898193359,180.0
850.0,True,False,nan,51.79345703125,0.6387358903884888,1.6996536254882812,14.0,4.2480573654174805,180.0
850.0,True,False,nan,47.84828186035156,0.6572866439819336,0.8935002684593201,3.0,4.277523040771484,180.0
850.0,True,False,nan,47.99061584472656,0.7332208752632141,0.7422189116477966,4.0,4.363884925842285,180.0
850.0,True,False,nan,48.28542709350586,0.6735813617706299,1.5993263721466064,14.0,4.672713756561279,180.0
850.0,True,False,nan,46.86905288696289,0.6637486219406128,1.562497854232788,14.0,4.511382579803467,180.0
850.0,True,False,nan,50.91501235961914,0.5255034565925598,1.2261849641799927,3.0,4.490073204040527,180.0
850.0,True,False,nan,47.06791687011719,0.7779104113578796,0.7863110899925232,9.0,4.397701740264893,180.0
850.0,True,False,nan,46.76999282836914,0.8522517085075378,0.7544496059417725,9.0,4.465854167938232,180.0
850.0,True,False,nan,46.58234405517578,1.2091646194458008,1.057883381843567,6.0,4.18474006652832,180.0
850.0,True,False,nan,47.46049118041992,1.002352237701416,1.1873408555984497,7.0,4.329539775848389,180.0
850.0,True,False,nan,45.91934585571289,0.8067078590393066,0.988853931427002,6.0,3.944688081741333,180.0
850.0,True,False,nan,32.73762130737305,0.7797300815582275,0.7162033319473267,5.0,4.227095127105713,180.0
850.0,True,False,nan,34.184295654296875,0.8087212443351746,0.7890335917472839,5.0,4.0279340744018555,180.0
850.0,True,False,nan,4.790642738342285,0.18329225480556488,0.7033265829086304,5.0,3.590299367904663,180.0
850.0,True,False,nan,5.09731388092041,0.30962494015693665,0.9564887285232544,6.0,4.013345718383789,180.0
850.0,True,False,nan,11.26736068725586,0.49391090869903564,0.9080807566642761,5.0,4.301468849182129,180.0
850.0,True,False,nan,39.33536911010742,0.9143856167793274,1.2549662590026855,7.0,4.206859111785889,180.0
850.0,True,False,nan,5.8180365562438965,0.2615502178668976,0.8075229525566101,3.0,4.094894886016846,180.0
850.0,True,False,nan,50.73274230957031,0.29036545753479004,0.8277941942214966,5.0,3.5995333194732666,270.0
850.0,True,False,nan,45.89030838012695,0.3295044004917145,1.1322263479232788,5.0,4.05087947845459,270.0
850.0,True,False,nan,49.92289733886719,0.33489421010017395,0.9397173523902893,3.0,3.98897123336792,270.0
850.0,True,False,nan,50.01585388183594,0.22180533409118652,1.7052052021026611,14.0,4.1738176345825195,270.0
850.0,True,False,nan,45.0842170715332,0.34512123465538025,0.923632025718689,6.0,3.815066337585449,270.0
850.0,True,False,nan,45.04977798461914,0.2754386067390442,0.8061251044273376,6.0,3.5352625846862793,270.0
850.0,True,False,nan,49.55175018310547,0.3230285048484802,0.8563602566719055,7.0,3.8924717903137207,270.0
850.0,True,False,nan,45.892066955566406,0.3714037835597992,0.9021743535995483,3.0,3.5870256423950195,270.0
850.0,True,False,nan,50.80223846435547,0.3045831322669983,0.7583680152893066,9.0,3.597198247909546,270.0
850.0,True,False,nan,50.835166931152344,0.29158616065979004,1.5023783445358276,9.0,4.148135185241699,270.0
850.0,True,False,nan,50.87961196899414,0.26592206954956055,1.6326889991760254,7.0,3.996483564376831,270.0
850.0,True,False,nan,51.24848175048828,0.30226045846939087,1.4675309658050537,11.0,3.9330947399139404,270.0
850.0,True,False,nan,46.0225715637207,0.28817883133888245,0.6904649138450623,12.0,3.5107369422912598,270.0
850.0,True,False,nan,45.75680160522461,0.3463127911090851,0.8477823138237,4.0,4.014737129211426,270.0
850.0,True,False,nan,46.7362174987793,0.23310570418834686,2.022089719772339,5.0,3.858261823654175,270.0
850.0,True,False,nan,47.112213134765625,0.3686090111732483,1.1987297534942627,7.0,4.069851398468018,270.0
850.0,True,False,nan,48.36959457397461,0.32764333486557007,1.3782027959823608,6.0,4.079882621765137,270.0
850.0,True,False,nan,46.759033203125,0.28189557790756226,1.2262239456176758,3.0,3.1995646953582764,270.0
850.0,True,False,nan,45.74120330810547,0.3118201494216919,1.558504581451416,5.0,3.77774715423584,270.0
850.0,True,False,nan,47.00063705444336,0.36456960439682007,1.405745267868042,9.0,3.720536708831787,270.0
850.0,True,False,nan,46.28978729248047,0.45860567688941956,0.8036637306213379,6.0,3.492478370666504,270.0
850.0,True,False,nan,47.52351379394531,0.25880637764930725,0.9776507019996643,6.0,3.033612012863159,270.0
850.0,True,False,nan,49.51693344116211,0.37422141432762146,1.0865734815597534,5.0,3.7390048503875732,270.0
850.0,True,False,nan,48.10329055786133,0.40084850788116455,0.9994627237319946,4.0,4.070127010345459,270.0
850.0,True,False,nan,47.52684020996094,0.33328914642333984,0.7330502271652222,9.0,3.6101324558258057,270.0
850.0,True,False,nan,47.17335891723633,0.32979682087898254,0.7618167400360107,2.0,3.522980213165283,270.0
850.0,True,False,nan,47.781211853027344,0.3988993465900421,1.5000137090682983,14.0,3.82810378074646,270.0
850.0,True,False,nan,46.429656982421875,0.3913213610649109,1.0060845613479614,8.0,4.101702690124512,270.0
850.0,True,False,nan,45.05013656616211,0.38455089926719666,1.5300068855285645,14.0,3.6569488048553467,270.0
850.0,True,False,nan,46.77434158325195,0.45649051666259766,0.7544348239898682,9.0,3.3123886585235596,270.0
850.0,True,False,nan,45.54206085205078,0.37829697132110596,1.3666083812713623,9.0,4.014982223510742,270.0
850.0,True,False,nan,48.378814697265625,0.3574272692203522,0.8935051560401917,3.0,3.4723260402679443,270.0
850.0,True,False,nan,46.2419319152832,0.4228973388671875,0.801318347454071,4.0,3.526451349258423,270.0
850.0,True,False,nan,47.84487533569336,0.48091259598731995,0.7972987294197083,4.0,3.5337014198303223,270.0
850.0,True,False,nan,46.86156463623047,0.4655642807483673,0.8099152445793152,4.0,3.5300040245056152,270.0
850.0,True,False,nan,49.94026184082031,0.3781903088092804,0.9821468591690063,5.0,3.4026100635528564,270.0
850.0,True,False,nan,50.544857025146484,0.4934576153755188,0.7890298366546631,5.0,3.988464832305908,270.0
850.0,True,False,nan,45.617427825927734,0.48861944675445557,1.1873414516448975,7.0,3.9541804790496826,270.0
850.0,True,False,nan,46.09435272216797,0.4237543046474457,1.502150058746338,11.0,3.924164295196533,270.0
850.0,True,False,nan,45.7633171081543,0.44637617468833923,1.63322114944458,13.0,3.8932857513427734,270.0
850.0,True,False,nan,49.26949691772461,0.5115471482276917,0.9080721139907837,5.0,3.966543674468994,270.0
850.0,True,False,nan,53.474422454833984,0.4578506052494049,0.8075219988822937,3.0,3.888292074203491,270.0
850.0,True,False,nan,46.925167083740234,0.48879584670066833,0.7162101864814758,5.0,3.7689619064331055,270.0
850.0,True,False,nan,45.40236282348633,0.43482011556625366,1.3192667961120605,5.0,3.9793598651885986,270.0
850.0,True,False,nan,46.975162506103516,0.4277789890766144,0.7423180341720581,4.0,3.577402353286743,270.0
850.0,True,False,nan,51.12159729003906,0.43447762727737427,1.0554299354553223,4.0,3.696842908859253,270.0
850.0,True,False,nan,51.41521453857422,0.5104649662971497,0.7033315896987915,5.0,3.8160059452056885,270.0
850.0,True,False,nan,45.30598068237305,0.46516159176826477,1.599212646484375,14.0,3.9350218772888184,270.0
850.0,True,False,nan,47.23910903930664,0.4415201246738434,1.449183702468872,5.0,4.010056972503662,270.0
850.0,True,False,nan,49.26102066040039,0.4335706830024719,1.7798489332199097,14.0,3.940798759460449,270.0
850.0,True,False,nan,46.16189193725586,0.46230828762054443,1.1049089431762695,5.0,3.9261491298675537,270.0
850.0,True,False,nan,47.04081726074219,0.5392159819602966,1.254949688911438,8.0,3.9670512676239014,270.0
850.0,True,False,nan,47.19312286376953,0.4878789782524109,1.6996608972549438,14.0,4.064176082611084,270.0
850.0,True,False,nan,48.29636764526367,0.5027421712875366,1.5625104904174805,14.0,3.9744527339935303,270.0
850.0,True,False,nan,45.371665954589844,0.6047225594520569,1.0578714609146118,6.0,4.062953472137451,270.0
850.0,True,False,nan,45.97071838378906,0.5099327564239502,1.6794742345809937,7.0,4.1092848777771,270.0
850.0,True,False,nan,45.121681213378906,0.41782185435295105,1.6626849174499512,6.0,4.152318477630615,270.0
850.0,True,False,nan,45.798587799072266,1.1081751585006714,0.786316990852356,9.0,3.554689884185791,270.0
850.0,False,True,1.3600000143051147,31.180397033691406,2.162447929382324,1.064176082611084,6.0,4.050788879394531,270.0
850.0,False,True,2.0999999046325684,41.4089241027832,3.0804636478424072,0.9568748474121094,5.0,4.070685863494873,270.0
850.0,False,True,1.2999999523162842,40.637290954589844,1.5332342386245728,1.3501713275909424,5.0,4.069950580596924,270.0
850.0,False,True,2.4800000190734863,42.22708511352539,4.303528308868408,0.9564774036407471,6.0,4.071345329284668,270.0
850.0,False,True,2.0799999237060547,44.56669616699219,3.0221705436706543,0.9888374209403992,6.0,4.120139122009277,270.0
850.0,False,True,1.8399999141693115,29.96607208251953,2.1263821125030518,0.9426077008247375,6.0,4.005268096923828,270.0
850.0,True,False,nan,50.73297882080078,0.2903626561164856,0.8277844786643982,5.0,3.599522829055786,270.0
850.0,True,False,nan,49.92698669433594,0.33487188816070557,0.9397192597389221,3.0,3.9889633655548096,270.0
850.0,True,False,nan,50.016361236572266,0.2218065708875656,1.705203652381897,14.0,4.173825263977051,270.0
850.0,True,False,nan,49.551490783691406,0.32302922010421753,0.8563525676727295,7.0,3.892481565475464,270.0
850.0,True,False,nan,45.89049530029297,0.32950517535209656,1.1322273015975952,5.0,4.0508856773376465,270.0
850.0,True,False,nan,45.049842834472656,0.27543970942497253,0.8061240911483765,6.0,3.535261392593384,270.0
850.0,True,False,nan,50.80155944824219,0.30458778142929077,0.758368730545044,9.0,3.5972111225128174,270.0
850.0,True,False,nan,50.874507904052734,0.2658741772174835,1.6327362060546875,7.0,3.996471405029297,270.0
850.0,True,False,nan,50.905052185058594,0.3016372323036194,1.4676836729049683,14.0,3.9256460666656494,270.0
850.0,True,False,nan,46.02338790893555,0.2881779968738556,0.6904459595680237,12.0,3.5107409954071045,270.0
850.0,True,False,nan,45.08452224731445,0.3451216220855713,0.9236267805099487,6.0,3.815072536468506,270.0
850.0,True,False,nan,45.75669860839844,0.34631162881851196,0.8477850556373596,4.0,4.014740467071533,270.0
850.0,True,False,nan,46.986209869384766,0.36075684428215027,0.9039823412895203,3.0,3.579411268234253,270.0
850.0,True,False,nan,50.835723876953125,0.2915862500667572,1.5023776292800903,9.0,4.148129463195801,270.0
850.0,True,False,nan,47.523189544677734,0.2588050067424774,0.9776467084884644,6.0,3.0336132049560547,270.0
850.0,True,False,nan,49.5167236328125,0.3742225170135498,1.086570382118225,5.0,3.738997459411621,270.0
850.0,True,False,nan,48.09864044189453,0.4007914364337921,0.999586284160614,4.0,4.0695672035217285,270.0
850.0,True,False,nan,46.735870361328125,0.23310591280460358,2.022080183029175,5.0,3.8582568168640137,270.0
850.0,True,False,nan,46.75901412963867,0.28190216422080994,1.2262400388717651,3.0,3.1995763778686523,270.0
850.0,True,False,nan,45.74104690551758,0.31181979179382324,1.5585029125213623,5.0,3.7777507305145264,270.0
850.0,True,False,nan,47.121559143066406,0.36467310786247253,1.4057745933532715,9.0,3.7231695652008057,270.0
850.0,True,False,nan,46.29024887084961,0.4586126506328583,0.8036553263664246,6.0,3.4924838542938232,270.0
850.0,True,False,nan,47.1124382019043,0.3686085641384125,1.1987314224243164,7.0,4.069850444793701,270.0
850.0,True,False,nan,47.52683639526367,0.33329081535339355,0.7330466508865356,9.0,3.6101348400115967,270.0
850.0,True,False,nan,47.17338943481445,0.32979410886764526,0.7618165612220764,2.0,3.5229811668395996,270.0
850.0,True,False,nan,46.774070739746094,0.4564790427684784,0.7544481754302979,9.0,3.312389850616455,270.0
850.0,True,False,nan,47.7783088684082,0.3988947868347168,1.5000100135803223,14.0,3.8280184268951416,270.0
850.0,True,False,nan,47.845130920410156,0.48091721534729004,0.7972915768623352,4.0,3.5336925983428955,270.0
850.0,True,False,nan,45.04877471923828,0.3845495581626892,1.5299961566925049,14.0,3.6569089889526367,270.0
850.0,True,False,nan,48.37846755981445,0.3574301302433014,0.8935007452964783,3.0,3.472339391708374,270.0
850.0,True,False,nan,46.24220657348633,0.42289507389068604,0.8013136982917786,4.0,3.5264527797698975,270.0
850.0,True,False,nan,49.94041442871094,0.37818849086761475,0.982146680355072,5.0,3.4026169776916504,270.0
850.0,True,False,nan,46.093631744384766,0.4237525463104248,1.5021452903747559,11.0,3.9241631031036377,270.0
850.0,True,False,nan,45.76350021362305,0.44637683033943176,1.6332221031188965,13.0,3.8932974338531494,270.0
850.0,True,False,nan,48.369754791259766,0.32764196395874023,1.3782113790512085,6.0,4.079877853393555,270.0
850.0,True,False,nan,42.5201530456543,0.37420299649238586,1.3673770427703857,10.0,4.029801368713379,270.0
850.0,True,False,nan,34.80533981323242,0.4602597951889038,0.8099119663238525,4.0,3.529998779296875,270.0
850.0,True,False,nan,31.496366500854492,0.313151478767395,0.7890374660491943,5.0,3.9884610176086426,270.0
850.0,True,False,nan,5.375344276428223,0.07712545990943909,1.3192695379257202,5.0,3.1683053970336914,270.0
850.0,True,False,nan,28.996063232421875,0.31379348039627075,1.1873395442962646,7.0,3.9541914463043213,270.0
850.0,True,False,nan,2.9880616664886475,0.0,1.0554397106170654,4.0,0.7756774425506592,270.0
850.0,True,False,nan,3.2110767364501953,0.011215290986001492,1.0060911178588867,7.0,1.389825701713562,270.0
850.0,True,False,nan,43.49790954589844,0.43096619844436646,1.7798142433166504,14.0,3.9407997131347656,270.0
850.0,True,False,nan,29.586204528808594,0.3496777415275574,1.599242091178894,14.0,3.935016393661499,270.0
850.0,True,False,nan,36.9846305847168,0.44900333881378174,1.2549656629562378,8.0,3.967069625854492,270.0
850.0,True,False,nan,10.255743026733398,0.1334821879863739,1.5625097751617432,14.0,3.974454402923584,270.0
850.0,True,False,nan,11.868817329406738,0.14374421536922455,0.8057069182395935,3.0,3.2791779041290283,270.0
900.0,True,False,nan,45.82374954223633,0.1536850482225418,0.7863132357597351,9.0,4.370501518249512,0.0
900.0,True,False,nan,49.19355392456055,0.14579345285892487,0.9821498990058899,5.0,4.7744460105896,0.0
900.0,True,False,nan,46.538883209228516,0.112370565533638,1.2262340784072876,3.0,4.308062553405762,0.0
900.0,True,False,nan,47.038360595703125,0.1633995622396469,0.8935015201568604,3.0,4.459606170654297,0.0
900.0,True,False,nan,46.074798583984375,0.15167400240898132,0.7330532073974609,9.0,4.1858439445495605,0.0
900.0,True,False,nan,45.168296813964844,0.1550367921590805,0.7423128485679626,4.0,4.346211910247803,0.0
900.0,True,False,nan,47.87868118286133,0.15390712022781372,0.7618182897567749,2.0,4.347838878631592,0.0
900.0,True,False,nan,48.999916076660156,0.12864229083061218,0.9776474833488464,6.0,4.47161865234375,0.0
900.0,True,False,nan,47.98070526123047,0.16696277260780334,0.6825002431869507,12.0,4.332194805145264,0.0
900.0,True,False,nan,50.23363494873047,0.16152572631835938,0.8100359439849854,5.0,4.499098300933838,0.0
900.0,True,False,nan,45.940940856933594,0.14447414875030518,0.8563662767410278,7.0,4.419683456420898,0.0
900.0,True,False,nan,59.179683685302734,0.1771952360868454,0.9018067121505737,3.0,4.745361804962158,0.0
900.0,True,False,nan,46.59844207763672,0.22277922928333282,0.7583709955215454,9.0,4.184274673461914,0.0
900.0,True,False,nan,48.16825485229492,0.1394849419593811,0.8099185824394226,4.0,3.872570037841797,0.0
900.0,True,False,nan,47.33855438232422,0.13105417788028717,1.1987249851226807,7.0,4.345268249511719,0.0
900.0,True,False,nan,51.29712677001953,0.19672119617462158,0.7162083387374878,5.0,4.608359336853027,0.0
900.0,True,False,nan,58.23771286010742,0.17788642644882202,0.8277902007102966,5.0,4.705094337463379,0.0
900.0,True,False,nan,49.29706573486328,0.19515639543533325,0.7890303134918213,5.0,4.3116230964660645,0.0
900.0,True,False,nan,45.735713958740234,0.15568608045578003,1.0578628778457642,6.0,4.439297676086426,0.0
900.0,True,False,nan,46.24657440185547,0.13825121521949768,1.1186325550079346,5.0,4.297781467437744,0.0
900.0,True,False,nan,52.63630676269531,0.1688680648803711,0.9397155046463013,3.0,4.416459083557129,0.0
900.0,True,False,nan,56.37039566040039,0.184181809425354,0.8013174533843994,4.0,4.549254417419434,0.0
900.0,True,False,nan,47.542022705078125,0.20216989517211914,1.055418610572815,4.0,4.196166038513184,0.0
900.0,True,False,nan,50.23052215576172,0.20804044604301453,0.7033370733261108,5.0,4.310611724853516,0.0
900.0,True,False,nan,56.212501525878906,0.17266146838665009,0.9236350059509277,6.0,4.4033098220825195,0.0
900.0,True,False,nan,46.3388557434082,0.17724426090717316,0.9564893245697021,6.0,4.582612037658691,0.0
900.0,True,False,nan,49.34219741821289,0.1867031455039978,0.8495684862136841,4.0,4.406670093536377,0.0
900.0,True,False,nan,46.382728576660156,0.1214529275894165,1.1049095392227173,5.0,4.165909767150879,0.0
900.0,True,False,nan,49.441314697265625,0.1742158979177475,0.9080851078033447,5.0,4.384753704071045,0.0
900.0,True,False,nan,47.500823974609375,0.17380046844482422,0.9994533658027649,4.0,4.330896854400635,0.0
900.0,True,False,nan,51.49798583984375,0.17137181758880615,0.754444420337677,9.0,3.853517532348633,0.0
900.0,True,False,nan,50.91136932373047,0.14785392582416534,1.366608738899231,9.0,4.314836025238037,0.0
900.0,True,False,nan,48.243804931640625,0.08284742385149002,1.6327292919158936,7.0,3.913893222808838,0.0
900.0,True,False,nan,48.89755630493164,0.12243983149528503,1.4675276279449463,11.0,4.137874603271484,0.0
900.0,True,False,nan,49.8974723815918,0.1766539216041565,0.8036563992500305,6.0,3.888483762741089,0.0
900.0,True,False,nan,48.490882873535156,0.15952418744564056,1.1873360872268677,7.0,4.284228324890137,0.0
900.0,True,False,nan,48.632633209228516,0.10803752392530441,1.705202579498291,14.0,4.296668529510498,0.0
900.0,True,False,nan,52.807247161865234,0.17094942927360535,0.7972989082336426,4.0,3.9513702392578125,0.0
900.0,True,False,nan,46.115840911865234,0.1975281983613968,1.006069540977478,8.0,4.098316192626953,0.0
900.0,True,False,nan,51.740596771240234,0.13381069898605347,1.0865943431854248,5.0,3.8766918182373047,0.0
900.0,True,False,nan,49.8372802734375,0.15808625519275665,1.2549529075622559,8.0,4.325234889984131,0.0
900.0,True,False,nan,45.07568359375,0.11971218883991241,1.5624505281448364,14.0,4.257507801055908,0.0
900.0,True,False,nan,45.78654098510742,0.08123834431171417,1.5584876537322998,5.0,3.6861374378204346,0.0
900.0,True,False,nan,45.64839553833008,0.10295729339122772,1.4057425260543823,9.0,3.6596710681915283,0.0
900.0,True,False,nan,45.91859436035156,0.14528101682662964,1.5000190734863281,14.0,3.91886043548584,0.0
900.0,True,False,nan,47.77863311767578,0.12622293829917908,1.5299971103668213,14.0,3.7931559085845947,0.0
900.0,True,False,nan,46.20059585571289,0.4866626262664795,0.8075230121612549,3.0,4.115838527679443,0.0
900.0,True,False,nan,49.992427825927734,0.1854701042175293,1.502433180809021,9.0,4.140702724456787,0.0
900.0,True,False,nan,47.456016540527344,0.22232979536056519,1.378604531288147,6.0,4.213137626647949,0.0
900.0,True,False,nan,45.66206359863281,0.4891119599342346,0.9888429045677185,6.0,4.055549144744873,0.0
900.0,True,False,nan,49.193477630615234,0.41841360926628113,0.9426049590110779,6.0,4.103786468505859,0.0
900.0,True,False,nan,48.396026611328125,0.4059685170650482,1.064173936843872,6.0,4.0869669914245605,0.0
900.0,True,False,nan,51.919898986816406,0.586916983127594,0.9568561315536499,5.0,3.920978307723999,0.0
900.0,True,False,nan,47.818580627441406,0.316331148147583,1.3192596435546875,5.0,4.108775615692139,0.0
900.0,True,False,nan,47.47140884399414,0.30213266611099243,1.3501695394515991,5.0,3.943533182144165,0.0
900.0,True,False,nan,48.83320236206055,0.30256232619285583,1.4491900205612183,5.0,4.138990879058838,0.0
900.0,True,False,nan,50.434959411621094,0.3336729407310486,1.6332190036773682,13.0,3.933175802230835,0.0
900.0,True,False,nan,50.00729751586914,0.08047125488519669,2.0220911502838135,5.0,3.538682222366333,0.0
900.0,True,False,nan,52.78035354614258,0.2968985438346863,1.502139925956726,11.0,3.548039674758911,0.0
900.0,True,False,nan,46.0456428527832,0.21813365817070007,1.7798641920089722,14.0,3.9803125858306885,0.0
900.0,True,False,nan,46.885440826416016,0.2258792519569397,1.6996569633483887,14.0,4.4194793701171875,0.0
900.0,True,False,nan,45.997398376464844,0.3118874132633209,1.5992201566696167,14.0,4.10598611831665,0.0
900.0,True,False,nan,46.91502380371094,1.2910739183425903,1.662670612335205,6.0,4.195744037628174,0.0
900.0,False,True,1.71999990940094,40.72610092163086,1.229024887084961,1.6794754266738892,7.0,4.249593257904053,0.0
900.0,True,False,nan,46.535888671875,0.11235947906970978,1.2261770963668823,3.0,4.307836532592773,0.0
900.0,True,False,nan,58.31709289550781,0.1774560809135437,0.8317109942436218,5.0,4.7073750495910645,0.0
900.0,True,False,nan,48.99988555908203,0.12864205241203308,0.9776502847671509,6.0,4.471621513366699,0.0
900.0,True,False,nan,49.193328857421875,0.1457938253879547,0.9821394085884094,5.0,4.77443790435791,0.0
900.0,True,False,nan,47.259666442871094,0.1629837602376938,0.8877803683280945,3.0,4.451633453369141,0.0
900.0,True,False,nan,50.04184341430664,0.16260701417922974,0.8061250448226929,6.0,4.52280855178833,0.0
900.0,True,False,nan,45.9411735534668,0.1444738507270813,0.8563624024391174,7.0,4.419704914093018,0.0
900.0,True,False,nan,58.98836898803711,0.17753209173679352,0.9039796590805054,3.0,4.76362419128418,0.0
900.0,True,False,nan,46.59834289550781,0.22277873754501343,0.7583749890327454,9.0,4.184269428253174,0.0
900.0,True,False,nan,52.635990142822266,0.16886615753173828,0.9397267699241638,3.0,4.416449069976807,0.0
900.0,True,False,nan,48.010257720947266,0.1663937121629715,0.6904670596122742,21.0,4.332405090332031,0.0
900.0,True,False,nan,56.21211242675781,0.17266052961349487,0.9236341714859009,6.0,4.403281211853027,0.0
900.0,True,False,nan,49.29684829711914,0.19515441358089447,0.7890395522117615,5.0,4.311610221862793,0.0
900.0,True,False,nan,46.24650955200195,0.13825063407421112,1.1186314821243286,5.0,4.297779560089111,0.0
900.0,True,False,nan,45.1683235168457,0.15503694117069244,0.7423059940338135,4.0,4.346225261688232,0.0
900.0,True,False,nan,47.87849807739258,0.1539066731929779,0.7618100047111511,2.0,4.3478288650512695,0.0
900.0,True,False,nan,56.37060546875,0.1841818392276764,0.801313042640686,6.0,4.549257278442383,0.0
900.0,True,False,nan,47.54197311401367,0.20216983556747437,1.0554237365722656,5.0,4.196176052093506,0.0
900.0,True,False,nan,50.230411529541016,0.20804187655448914,0.7033217549324036,4.0,4.310617446899414,0.0
900.0,True,False,nan,49.80522537231445,0.18575526773929596,0.8477596044540405,4.0,4.419843673706055,0.0
900.0,True,False,nan,47.50126266479492,0.17379963397979736,0.9994555711746216,4.0,4.330924987792969,0.0
900.0,True,False,nan,45.82381057739258,0.15368527173995972,0.7863118648529053,9.0,4.3704915046691895,0.0
900.0,True,False,nan,47.338470458984375,0.1310540735721588,1.1987272500991821,7.0,4.345262050628662,0.0
900.0,True,False,nan,51.296775817871094,0.19671984016895294,0.7162086367607117,5.0,4.608360767364502,0.0
900.0,True,False,nan,46.07487487792969,0.15167467296123505,0.7330507040023804,9.0,4.185847759246826,0.0
900.0,True,False,nan,48.897483825683594,0.12243816256523132,1.4675291776657104,10.0,4.1378655433654785,0.0
900.0,True,False,nan,50.380889892578125,0.10652147978544235,1.6967235803604126,11.0,4.294353485107422,0.0
900.0,True,False,nan,46.11579895019531,0.19752714037895203,1.006075382232666,7.0,4.0983171463012695,0.0
900.0,True,False,nan,48.16831588745117,0.13948410749435425,0.8099237084388733,4.0,3.8725812435150146,0.0
900.0,True,False,nan,46.33911895751953,0.17724432051181793,0.9564895629882812,6.0,4.582630634307861,0.0
900.0,True,False,nan,49.44106674194336,0.1742165982723236,0.9080775380134583,5.0,4.3847527503967285,0.0
900.0,True,False,nan,51.498348236083984,0.17137351632118225,0.7544386982917786,9.0,3.8535101413726807,0.0
900.0,True,False,nan,50.91138458251953,0.14785365760326385,1.3666146993637085,9.0,4.31483268737793,0.0
900.0,True,False,nan,49.89712142944336,0.17665567994117737,0.8036503791809082,6.0,3.8884634971618652,0.0
900.0,True,False,nan,52.8073844909668,0.17095059156417847,0.7972910404205322,4.0,3.9513955116271973,0.0
900.0,True,False,nan,51.740535736083984,0.13381347060203552,1.0865775346755981,5.0,3.8766932487487793,0.0
900.0,True,False,nan,46.382808685302734,0.12145483493804932,1.1048951148986816,5.0,4.165920257568359,0.0
900.0,True,False,nan,49.83784866333008,0.1580890566110611,1.2549532651901245,8.0,4.325233459472656,0.0
900.0,True,False,nan,48.2430305480957,0.08282618969678879,1.6330488920211792,7.0,3.9138145446777344,0.0
900.0,True,False,nan,45.735618591308594,0.1556851863861084,1.057874083518982,6.0,4.439293384552002,0.0
900.0,True,False,nan,48.49077224731445,0.159524068236351,1.1873406171798706,7.0,4.284217834472656,0.0
900.0,True,False,nan,45.6541862487793,0.10300891101360321,1.4057860374450684,9.0,3.6615376472473145,0.0
900.0,True,False,nan,47.77922058105469,0.12622122466564178,1.5299980640411377,14.0,3.7931582927703857,0.0
900.0,True,False,nan,45.48641586303711,0.08156787604093552,1.558504581451416,5.0,3.6867940425872803,0.0
900.0,True,False,nan,46.2004508972168,0.4866541922092438,0.8075599074363708,3.0,4.115835189819336,0.0
900.0,True,False,nan,49.99222183227539,0.18546976149082184,1.5024371147155762,9.0,4.140694618225098,0.0
900.0,True,False,nan,45.918739318847656,0.14528198540210724,1.5000180006027222,14.0,3.9188644886016846,0.0
900.0,True,False,nan,47.11704635620117,0.2253146469593048,1.3825628757476807,8.0,4.2690277099609375,0.0
900.0,True,False,nan,45.66195297241211,0.48911479115486145,0.988843560218811,6.0,4.055537700653076,0.0
900.0,True,False,nan,49.19380187988281,0.4184113144874573,0.9426113367080688,6.0,4.103799343109131,0.0
900.0,True,False,nan,51.92001724243164,0.5869137048721313,0.956866443157196,5.0,3.9209697246551514,0.0
900.0,True,False,nan,47.81897735595703,0.31632691621780396,1.3192625045776367,5.0,4.1087646484375,0.0
900.0,True,False,nan,47.47084426879883,0.3021327555179596,1.3501648902893066,5.0,3.9435272216796875,0.0
900.0,True,False,nan,48.3949089050293,0.4059707224369049,1.0641775131225586,6.0,4.086943626403809,0.0
900.0,True,False,nan,52.782066345214844,0.29690900444984436,1.5021367073059082,11.0,3.548032522201538,0.0
900.0,True,False,nan,48.8322639465332,0.30256718397140503,1.449183464050293,5.0,4.138978481292725,0.0
900.0,True,False,nan,50.0078010559082,0.08047288656234741,2.022087335586548,5.0,3.538670778274536,0.0
900.0,True,False,nan,45.07573318481445,0.11970660090446472,1.5624951124191284,14.0,4.257505893707275,0.0
900.0,True,False,nan,3.333310127258301,0.0,1.6332212686538696,13.0,1.0869700908660889,0.0
900.0,True,False,nan,3.023620843887329,0.0,1.599232792854309,14.0,1.2732716798782349,0.0
900.0,True,False,nan,17.483198165893555,0.05534780025482178,1.662671685218811,6.0,3.332228899002075,0.0
900.0,True,False,nan,55.31106948852539,0.3170393109321594,0.8563567996025085,7.0,3.5522680282592773,90.0
900.0,True,False,nan,45.1680793762207,0.3363358676433563,1.4057412147521973,9.0,4.363663196563721,90.0
900.0,True,False,nan,48.93608474731445,0.37991979718208313,1.705209493637085,14.0,3.946584701538086,90.0
900.0,True,False,nan,49.756980895996094,0.6467235684394836,0.7544434070587158,9.0,4.129804611206055,90.0
900.0,True,False,nan,47.75423049926758,0.6546724438667297,0.8099177479743958,4.0,4.0618205070495605,90.0
900.0,True,False,nan,58.48036575317383,0.4694036841392517,0.8277928233146667,5.0,3.529491662979126,90.0
900.0,True,False,nan,48.4232292175293,0.509659469127655,1.632697343826294,7.0,4.336489677429199,90.0
900.0,True,False,nan,45.79893493652344,0.5217570066452026,1.558486819267273,5.0,4.4624762535095215,90.0
900.0,True,False,nan,49.799625396728516,0.46542641520500183,1.4687755107879639,11.0,4.3025617599487305,90.0
900.0,True,False,nan,47.32802963256836,0.5268223285675049,1.1322321891784668,5.0,3.983813762664795,90.0
900.0,True,False,nan,48.545841217041016,0.607494056224823,0.8036590814590454,6.0,4.190671920776367,90.0
900.0,True,False,nan,51.9680061340332,0.5220623016357422,0.9397217035293579,3.0,3.975074291229248,90.0
900.0,True,False,nan,45.269527435302734,0.5532110929489136,0.8013159036636353,4.0,3.527517795562744,90.0
900.0,True,False,nan,45.007259368896484,0.47455933690071106,0.9776468873023987,6.0,3.49725604057312,90.0
900.0,True,False,nan,52.088687896728516,0.6705888509750366,0.7973029613494873,4.0,4.291173458099365,90.0
900.0,True,False,nan,45.324642181396484,0.490534245967865,0.9236316680908203,6.0,3.5442891120910645,90.0
900.0,True,False,nan,53.64187240600586,0.5732158422470093,1.0865870714187622,5.0,4.245849609375,90.0
900.0,True,False,nan,46.08924102783203,0.46545732021331787,1.5300015211105347,14.0,4.458133697509766,90.0
900.0,True,False,nan,55.06572723388672,0.48866140842437744,2.022075653076172,5.0,4.511408805847168,90.0
900.0,True,False,nan,53.5553092956543,0.5004757642745972,0.9039764404296875,3.0,3.5402677059173584,90.0
900.0,True,False,nan,45.817039489746094,0.5124411582946777,0.7583656311035156,9.0,3.502401828765869,90.0
900.0,True,False,nan,50.25541687011719,0.5651054382324219,1.3666073083877563,9.0,4.043469429016113,90.0
900.0,True,False,nan,52.40594482421875,0.6165234446525574,1.1987330913543701,7.0,4.240024089813232,90.0
900.0,True,False,nan,48.346595764160156,0.5819826126098633,1.5024337768554688,9.0,4.413495063781738,90.0
900.0,True,False,nan,47.327274322509766,0.6152712106704712,1.3781813383102417,6.0,4.484792232513428,90.0
900.0,True,False,nan,46.578392028808594,0.6370537877082825,0.7330491542816162,9.0,3.5480825901031494,90.0
900.0,True,False,nan,48.558841705322266,0.6370882391929626,1.3192781209945679,5.0,4.542370796203613,90.0
900.0,True,False,nan,49.942352294921875,0.6330630779266357,1.187343716621399,7.0,4.267632961273193,90.0
900.0,True,False,nan,50.168067932128906,0.6320472359657288,1.5019792318344116,11.0,4.687944412231445,90.0
900.0,True,False,nan,54.21086120605469,0.5717588067054749,1.500003695487976,14.0,4.425778865814209,90.0
900.0,True,False,nan,47.431034088134766,0.544793426990509,1.6332223415374756,13.0,4.534821033477783,90.0
900.0,True,False,nan,48.620635986328125,0.5721682906150818,0.690464198589325,12.0,3.4764370918273926,90.0
900.0,True,False,nan,46.5994987487793,0.4897252023220062,0.8065013289451599,7.0,3.308488368988037,90.0
900.0,True,False,nan,47.511505126953125,0.6133114099502563,0.8477934002876282,4.0,3.6004505157470703,90.0
900.0,True,False,nan,52.349735260009766,0.677513837814331,1.1049035787582397,5.0,4.184350490570068,90.0
900.0,True,False,nan,45.16493225097656,0.661591649055481,0.9080799221992493,5.0,3.9397265911102295,90.0
900.0,True,False,nan,49.35673522949219,0.5606831908226013,0.9995836615562439,4.0,3.65061354637146,90.0
900.0,True,False,nan,50.93365478515625,0.7230678796768188,0.7162072658538818,5.0,3.4826250076293945,90.0
900.0,True,False,nan,48.775062561035156,0.6876120567321777,1.4491949081420898,5.0,4.48509407043457,90.0
900.0,True,False,nan,45.12477493286133,0.5202872157096863,0.9821505546569824,5.0,3.3969528675079346,90.0
900.0,True,False,nan,48.09397506713867,0.4086528718471527,1.2261712551116943,3.0,3.4770705699920654,90.0
900.0,True,False,nan,49.31922912597656,0.6804656386375427,0.7890331745147705,5.0,3.5355429649353027,90.0
900.0,True,False,nan,46.83952331542969,0.6828939914703369,0.7422231435775757,4.0,3.4985156059265137,90.0
900.0,True,False,nan,46.71693801879883,0.6388295888900757,0.7618159651756287,2.0,3.5582077503204346,90.0
900.0,True,False,nan,46.7237548828125,0.6908270716667175,1.006091833114624,8.0,4.033378601074219,90.0
900.0,True,False,nan,51.642520904541016,0.5798022150993347,1.779813528060913,14.0,4.339092254638672,90.0
900.0,True,False,nan,52.33721923828125,0.6414216756820679,1.5992445945739746,14.0,4.552873611450195,90.0
900.0,True,False,nan,53.43618392944336,0.6950125098228455,1.2549577951431274,8.0,4.427700996398926,90.0
900.0,True,False,nan,48.3121452331543,0.6393214464187622,1.5625083446502686,14.0,4.4033203125,90.0
900.0,True,False,nan,46.56081771850586,0.706476092338562,0.7863107919692993,9.0,3.4655585289001465,90.0
900.0,True,False,nan,47.526973724365234,0.55418860912323,0.8935075998306274,3.0,3.235060214996338,90.0
900.0,True,False,nan,49.84096145629883,0.7915852665901184,1.0579440593719482,6.0,4.210392475128174,90.0
900.0,True,False,nan,48.50880813598633,0.679442822933197,1.699656367301941,14.0,4.432271957397461,90.0
900.0,True,False,nan,49.76457977294922,0.7345585823059082,1.350162148475647,5.0,4.268813610076904,90.0
900.0,True,False,nan,46.66624450683594,0.7451286315917969,0.703326940536499,5.0,3.431546688079834,90.0
900.0,True,False,nan,50.46863555908203,0.7577055096626282,0.956483781337738,6.0,4.012620449066162,90.0
900.0,True,False,nan,48.133846282958984,0.5659907460212708,1.662667989730835,6.0,4.338634490966797,90.0
900.0,True,False,nan,48.84648513793945,0.7553046345710754,0.9888379573822021,6.0,3.9610533714294434,90.0
900.0,True,False,nan,46.56423568725586,0.8303104043006897,0.9426290392875671,6.0,4.003792762756348,90.0
900.0,True,False,nan,47.95588302612305,0.688627302646637,0.8075225353240967,3.0,3.60558819770813,90.0
900.0,True,False,nan,45.62744140625,0.741513729095459,1.679476261138916,7.0,4.405627250671387,90.0
900.0,True,False,nan,50.21957015991211,1.1282867193222046,1.0554249286651611,4.0,3.4846034049987793,90.0
900.0,False,False,nan,44.505210876464844,4.708922386169434,1.0641826391220093,6.0,4.111098289489746,90.0
900.0,False,True,2.180000066757202,38.83258819580078,3.634406328201294,0.956877589225769,5.0,4.105648994445801,90.0
900.0,True,False,nan,55.32315444946289,0.31702402234077454,0.8564218878746033,7.0,3.552269458770752,90.0
900.0,True,False,nan,45.17057800292969,0.33633124828338623,1.4057493209838867,9.0,4.363657474517822,90.0
900.0,True,False,nan,48.89638137817383,0.38080206513404846,1.6967272758483887,11.0,3.943830728530884,90.0
900.0,True,False,nan,49.75688552856445,0.6467277407646179,0.7544392943382263,9.0,4.129815578460693,90.0
900.0,True,False,nan,58.47939682006836,0.46940600872039795,0.8277877569198608,5.0,3.529493570327759,90.0
900.0,True,False,nan,49.49942398071289,0.4655449688434601,1.4675253629684448,11.0,4.311886787414551,90.0
900.0,True,False,nan,45.00737762451172,0.4745561480522156,0.9776510000228882,6.0,3.4972620010375977,90.0
900.0,True,False,nan,52.08875274658203,0.6705893278121948,0.7973020672798157,4.0,4.291175842285156,90.0
900.0,True,False,nan,47.75289535522461,0.654680073261261,0.8099261522293091,4.0,4.061816692352295,90.0
900.0,True,False,nan,48.4176025390625,0.5096726417541504,1.6327334642410278,7.0,4.336618900299072,90.0
900.0,True,False,nan,45.79938888549805,0.5217500925064087,1.5584999322891235,5.0,4.462474346160889,90.0
900.0,True,False,nan,47.606719970703125,0.5310750007629395,1.1186277866363525,5.0,3.948294162750244,90.0
900.0,True,False,nan,48.54544448852539,0.6074873208999634,0.803663969039917,6.0,4.190679550170898,90.0
900.0,True,False,nan,51.958885192871094,0.5220494866371155,0.9397181868553162,3.0,3.975282907485962,90.0
900.0,True,False,nan,45.26881790161133,0.5532079935073853,0.8013116717338562,4.0,3.5275063514709473,90.0
900.0,True,False,nan,45.325042724609375,0.49054011702537537,0.9236149787902832,6.0,3.5443074703216553,90.0
900.0,True,False,nan,51.948123931884766,0.5731168985366821,1.0868752002716064,5.0,4.24622917175293,90.0
900.0,True,False,nan,46.08952713012695,0.4654589295387268,1.52998948097229,14.0,4.4581298828125,90.0
900.0,True,False,nan,55.06310272216797,0.48866385221481323,2.0220775604248047,5.0,4.511354923248291,90.0
900.0,True,False,nan,53.0849494934082,0.5003105401992798,0.9018047451972961,3.0,3.5765268802642822,90.0
900.0,True,False,nan,52.40622329711914,0.6165276169776917,1.1987314224243164,7.0,4.240071773529053,90.0
900.0,True,False,nan,54.21100997924805,0.571757435798645,1.500008225440979,14.0,4.425783157348633,90.0
900.0,True,False,nan,50.25587844848633,0.5651038289070129,1.3666141033172607,9.0,4.043455600738525,90.0
900.0,True,False,nan,48.34591293334961,0.5819804668426514,1.5024387836456299,9.0,4.413472652435303,90.0
900.0,True,False,nan,47.422218322753906,0.6143501996994019,1.3780192136764526,6.0,4.482899188995361,90.0
900.0,True,False,nan,48.55868911743164,0.6370924711227417,1.31926691532135,5.0,4.542387008666992,90.0
900.0,True,False,nan,49.94225311279297,0.633060872554779,1.18733549118042,7.0,4.267569541931152,90.0
900.0,True,False,nan,50.183143615722656,0.63206547498703,1.5021368265151978,11.0,4.687662124633789,90.0
900.0,True,False,nan,47.431854248046875,0.5447914600372314,1.6332224607467651,13.0,4.53478479385376,90.0
900.0,True,False,nan,48.61473083496094,0.5721762180328369,0.6904489994049072,12.0,3.4764115810394287,90.0
900.0,True,False,nan,46.600372314453125,0.48972588777542114,0.8064990043640137,7.0,3.3084781169891357,90.0
900.0,True,False,nan,47.5280876159668,0.6133289337158203,0.84778892993927,4.0,3.6004133224487305,90.0
900.0,True,False,nan,52.34914016723633,0.6775131821632385,1.1049100160598755,5.0,4.184380054473877,90.0
900.0,True,False,nan,49.3561897277832,0.560682475566864,0.9995875358581543,4.0,3.6506073474884033,90.0
900.0,True,False,nan,45.8179931640625,0.5124440789222717,0.7583677768707275,9.0,3.502380847930908,90.0
900.0,True,False,nan,46.5780029296875,0.6370512247085571,0.7330499887466431,9.0,3.5480759143829346,90.0
900.0,True,False,nan,48.775482177734375,0.6876139640808105,1.4491924047470093,5.0,4.485091686248779,90.0
900.0,True,False,nan,51.64287567138672,0.5797905325889587,1.7798515558242798,14.0,4.339071750640869,90.0
900.0,True,False,nan,52.33588409423828,0.6414337158203125,1.5992273092269897,14.0,4.552886962890625,90.0
900.0,True,False,nan,53.435707092285156,0.6950107216835022,1.2549690008163452,8.0,4.427661895751953,90.0
900.0,True,False,nan,48.09427261352539,0.4086516499519348,1.2261799573898315,3.0,3.4770636558532715,90.0
900.0,True,False,nan,49.3195686340332,0.680470883846283,0.7890319228172302,5.0,3.5355350971221924,90.0
900.0,True,False,nan,46.71687316894531,0.638830304145813,0.7618138790130615,2.0,3.5582144260406494,90.0
900.0,True,False,nan,45.1246223449707,0.5202845335006714,0.9821521043777466,5.0,3.3969497680664062,90.0
900.0,True,False,nan,47.52712631225586,0.5541897416114807,0.8935053944587708,3.0,3.235056161880493,90.0
900.0,True,False,nan,48.31200408935547,0.6393219828605652,1.5625056028366089,14.0,4.403353691101074,90.0
900.0,True,False,nan,48.50947189331055,0.6794505715370178,1.6996588706970215,14.0,4.432309627532959,90.0
900.0,True,False,nan,46.83970642089844,0.682896614074707,0.7422236800193787,9.0,3.4985194206237793,90.0
900.0,True,False,nan,19.454246520996094,0.4351171553134918,0.7863098382949829,10.0,3.4655964374542236,90.0
900.0,True,False,nan,26.934608459472656,0.6129688024520874,0.7162039875984192,5.0,3.4826102256774902,90.0
900.0,True,False,nan,5.682168483734131,0.05170966312289238,1.057885766029358,6.0,2.0862815380096436,90.0
900.0,True,False,nan,18.200483322143555,0.39913880825042725,1.6794724464416504,7.0,3.897512435913086,90.0
900.0,True,False,nan,14.806946754455566,0.1424601823091507,1.0554331541061401,4.0,3.4846014976501465,90.0
900.0,True,False,nan,31.23659324645996,0.6188310384750366,1.3501712083816528,5.0,4.268825054168701,90.0
900.0,True,False,nan,19.423307418823242,0.321018785238266,1.0060832500457764,7.0,3.8452627658843994,90.0
900.0,True,False,nan,16.216781616210938,0.28443968296051025,0.7033277153968811,5.0,3.429633140563965,90.0
900.0,True,False,nan,15.459402084350586,0.2008730173110962,0.9564813375473022,5.0,3.4633383750915527,90.0
900.0,True,False,nan,30.97472381591797,0.4905155301094055,1.662669062614441,6.0,4.3386406898498535,90.0
900.0,True,False,nan,15.807851791381836,0.4269244074821472,0.9080777168273926,5.0,3.9396841526031494,90.0
900.0,True,False,nan,10.28868293762207,0.11626332998275757,0.942604660987854,6.0,2.893256664276123,90.0
900.0,True,False,nan,19.203598022460938,0.3145041763782501,0.8075198531150818,3.0,3.6055991649627686,90.0
900.0,True,False,nan,47.18959426879883,0.3670981824398041,2.0220677852630615,5.0,4.871677875518799,180.0
900.0,True,False,nan,49.30984115600586,0.4680268168449402,0.7544426918029785,9.0,5.015850067138672,180.0
900.0,True,False,nan,45.0907096862793,0.439460813999176,0.8277909755706787,5.0,5.288044452667236,180.0
900.0,True,False,nan,49.051639556884766,0.410656601190567,1.5584886074066162,5.0,4.9160075187683105,180.0
900.0,True,False,nan,45.25759506225586,0.4027361571788788,1.5019842386245728,11.0,4.503408908843994,180.0
900.0,True,False,nan,45.63768768310547,0.48148080706596375,0.7972957491874695,4.0,5.030805587768555,180.0
900.0,True,False,nan,48.38855743408203,0.46653446555137634,1.0865752696990967,5.0,5.181599140167236,180.0
900.0,True,False,nan,51.553653717041016,0.4816800355911255,0.7583784461021423,9.0,4.525853633880615,180.0
900.0,True,False,nan,47.1029052734375,0.5214733481407166,0.8099182844161987,4.0,4.865687847137451,180.0
900.0,True,False,nan,47.14309310913086,0.4824639558792114,1.4491864442825317,5.0,4.69944953918457,180.0
900.0,True,False,nan,48.4400749206543,0.5487465858459473,0.7330493927001953,9.0,4.758602142333984,180.0
900.0,True,False,nan,46.022979736328125,0.4988915026187897,1.3192765712738037,5.0,4.809023380279541,180.0
900.0,True,False,nan,47.00743865966797,0.5102099180221558,1.4057388305664062,9.0,5.410715579986572,180.0
900.0,True,False,nan,46.31169891357422,0.5264965891838074,0.7618181705474854,2.0,4.801477432250977,180.0
900.0,True,False,nan,45.563751220703125,0.49485912919044495,0.9397255182266235,3.0,4.868775367736816,180.0
900.0,True,False,nan,46.33837127685547,0.49480339884757996,1.3501806259155273,5.0,4.773622512817383,180.0
900.0,True,False,nan,47.285831451416016,0.5465761423110962,0.6824966669082642,12.0,4.756372928619385,180.0
900.0,True,False,nan,47.16749572753906,0.47269222140312195,0.810050904750824,5.0,4.667654991149902,180.0
900.0,True,False,nan,50.753170013427734,0.485866516828537,0.8563657999038696,7.0,4.543055057525635,180.0
900.0,True,False,nan,45.66780090332031,0.5221685171127319,0.9018146395683289,3.0,5.192873477935791,180.0
900.0,True,False,nan,45.171600341796875,0.5411806106567383,1.1987224817276,7.0,4.7875285148620605,180.0
900.0,True,False,nan,47.646907806396484,0.5065800547599792,1.5024336576461792,9.0,4.756372928619385,180.0
900.0,True,False,nan,47.70952606201172,0.5295589566230774,1.378208041191101,6.0,4.897762775421143,180.0
900.0,True,False,nan,47.62868881225586,0.5014286637306213,1.6327136754989624,7.0,5.032341957092285,180.0
900.0,True,False,nan,51.67837905883789,0.5240192413330078,1.132220983505249,5.0,4.874752044677734,180.0
900.0,True,False,nan,46.8215217590332,0.5875263214111328,0.8036547899246216,6.0,5.251224994659424,180.0
900.0,True,False,nan,48.966041564941406,0.5162987112998962,0.9236351847648621,6.0,5.077064037322998,180.0
900.0,True,False,nan,53.0787239074707,0.5620166659355164,0.8477774858474731,4.0,4.657783031463623,180.0
900.0,True,False,nan,46.04677963256836,0.5676702857017517,1.1049091815948486,5.0,4.780942440032959,180.0
900.0,True,False,nan,48.002872467041016,0.5037427544593811,1.529988408088684,14.0,4.875252723693848,180.0
900.0,True,False,nan,46.47540283203125,0.5644311904907227,1.366612195968628,9.0,4.565715312957764,180.0
900.0,True,False,nan,57.17937469482422,0.5274801850318909,1.4675365686416626,11.0,4.7079691886901855,180.0
900.0,True,False,nan,53.67426300048828,0.4871169328689575,1.679470181465149,7.0,4.205935955047607,180.0
900.0,True,False,nan,53.6302490234375,0.5096752047538757,1.6967257261276245,11.0,4.599304676055908,180.0
900.0,True,False,nan,47.07933044433594,0.49875152111053467,0.9776597023010254,6.0,4.742674350738525,180.0
900.0,True,False,nan,51.633750915527344,0.5579528212547302,1.5000120401382446,14.0,4.877203941345215,180.0
900.0,True,False,nan,52.06203842163086,0.6048234701156616,1.0060830116271973,8.0,4.693292140960693,180.0
900.0,True,False,nan,52.855159759521484,0.5218030214309692,1.63322114944458,13.0,4.656143665313721,180.0
900.0,True,False,nan,47.4531364440918,0.5229252576828003,1.779814600944519,14.0,4.774120807647705,180.0
900.0,True,False,nan,51.99972152709961,0.47240492701530457,1.6626765727996826,6.0,4.17097282409668,180.0
900.0,True,False,nan,56.39830017089844,0.5568827986717224,0.9994545578956604,4.0,4.304982662200928,180.0
900.0,True,False,nan,46.2686882019043,0.6368821263313293,0.942599356174469,6.0,4.748779773712158,180.0
900.0,True,False,nan,50.04459762573242,0.6691476106643677,1.06416654586792,6.0,4.772680282592773,180.0
900.0,True,False,nan,53.143463134765625,0.5708032250404358,1.6996567249298096,14.0,4.406666278839111,180.0
900.0,True,False,nan,51.731510162353516,0.6575168967247009,1.1873369216918945,7.0,4.953763961791992,180.0
900.0,True,False,nan,49.67741775512695,0.6040678024291992,1.599227786064148,14.0,4.955244064331055,180.0
900.0,True,False,nan,50.98737716674805,0.5986019372940063,1.5625077486038208,14.0,4.741209983825684,180.0
900.0,True,False,nan,47.90816116333008,0.7642717361450195,0.7162037491798401,5.0,4.7400994300842285,180.0
900.0,True,False,nan,45.37522506713867,0.6497213840484619,0.9821532368659973,5.0,4.866234302520752,180.0
900.0,True,False,nan,52.90760803222656,0.533932089805603,1.2262380123138428,3.0,4.906303882598877,180.0
900.0,True,False,nan,51.64610290527344,0.6588759422302246,0.8935017585754395,3.0,4.519637107849121,180.0
900.0,True,False,nan,50.31534194946289,0.7254186272621155,1.0578680038452148,6.0,4.554944038391113,180.0
900.0,True,False,nan,49.94029235839844,0.7119755148887634,0.8013074398040771,4.0,4.844237327575684,180.0
900.0,True,False,nan,47.08651351928711,0.6811847686767578,0.9888404607772827,6.0,4.1503005027771,180.0
900.0,True,False,nan,49.94427490234375,0.6941863298416138,1.2549583911895752,8.0,4.849484443664551,180.0
900.0,True,False,nan,50.878753662109375,0.7597823739051819,0.7863085269927979,9.0,4.6272149085998535,180.0
900.0,True,False,nan,47.278690338134766,0.7855656147003174,0.7890304327011108,5.0,4.1858062744140625,180.0
900.0,True,False,nan,47.48410415649414,0.8201878070831299,0.7033300995826721,5.0,4.7552313804626465,180.0
900.0,True,False,nan,49.25459671020508,0.7146552801132202,0.8075256943702698,3.0,4.2225422859191895,180.0
900.0,True,False,nan,48.125648498535156,0.874674379825592,0.9564704895019531,6.0,4.517516613006592,180.0
900.0,True,False,nan,45.69490432739258,0.9378699064254761,0.742217481136322,4.0,4.4701128005981445,180.0
900.0,True,False,nan,47.757469177246094,1.108411431312561,0.9080964922904968,5.0,4.608303546905518,180.0
900.0,True,False,nan,45.70249938964844,1.608261227607727,0.9568612575531006,5.0,4.189528942108154,180.0
900.0,True,False,nan,46.79622268676758,1.8916109800338745,1.0554364919662476,4.0,4.253360748291016,180.0
900.0,True,False,nan,45.09053421020508,0.4394606053829193,0.8277900815010071,5.0,5.288055896759033,180.0
900.0,True,False,nan,51.55343246459961,0.4816785752773285,0.7583800554275513,9.0,4.525858402252197,180.0
900.0,True,False,nan,45.5637321472168,0.4948607385158539,0.9397176504135132,3.0,4.868781566619873,180.0
900.0,True,False,nan,47.227901458740234,0.5449271202087402,0.6904678344726562,12.0,4.757369518280029,180.0
900.0,True,False,nan,47.131839752197266,0.47695598006248474,0.8064996600151062,7.0,4.675291061401367,180.0
900.0,True,False,nan,50.753196716308594,0.48586606979370117,0.8563636541366577,7.0,4.543073654174805,180.0
900.0,True,False,nan,48.388553619384766,0.4665321707725525,1.0865874290466309,5.0,5.1815948486328125,180.0
900.0,True,False,nan,47.18940734863281,0.36709532141685486,2.0220861434936523,5.0,4.87156867980957,180.0
900.0,True,False,nan,49.30995178222656,0.46802592277526855,0.7544366717338562,9.0,5.0158371925354,180.0
900.0,True,False,nan,49.051456451416016,0.41065239906311035,1.5584993362426758,5.0,4.915930271148682,180.0
900.0,True,False,nan,52.13322448730469,0.5225040912628174,1.118632197380066,5.0,4.873491287231445,180.0
900.0,True,False,nan,47.007789611816406,0.5102090835571289,1.405738353729248,9.0,5.410712242126465,180.0
900.0,True,False,nan,45.63774490356445,0.4814789891242981,0.7972956299781799,4.0,5.030792236328125,180.0
900.0,True,False,nan,48.966461181640625,0.5162959098815918,0.9236291646957397,6.0,5.077033519744873,180.0
900.0,True,False,nan,53.07886505126953,0.5620158910751343,0.8477733135223389,4.0,4.657780170440674,180.0
900.0,True,False,nan,47.86579132080078,0.513286828994751,0.9039759635925293,3.0,5.176723480224609,180.0
900.0,True,False,nan,45.17149353027344,0.5411796569824219,1.1987318992614746,7.0,4.7875285148620605,180.0
900.0,True,False,nan,47.64729309082031,0.5065791606903076,1.5024399757385254,9.0,4.756361484527588,180.0
900.0,True,False,nan,47.14284896850586,0.4824620187282562,1.4491978883743286,5.0,4.699453353881836,180.0
900.0,True,False,nan,47.36151885986328,0.5315076112747192,1.3786253929138184,6.0,4.88900089263916,180.0
900.0,True,False,nan,47.62840270996094,0.5014287829399109,1.6327232122421265,7.0,5.0323286056518555,180.0
900.0,True,False,nan,48.43998336791992,0.5487468838691711,0.7330496311187744,9.0,4.758603572845459,180.0
900.0,True,False,nan,46.02260971069336,0.4988917112350464,1.3192722797393799,5.0,4.809017658233643,180.0
900.0,True,False,nan,46.82168197631836,0.5875251889228821,0.8036578893661499,6.0,5.251233100891113,180.0
900.0,True,False,nan,46.31162643432617,0.526494026184082,0.7618188261985779,2.0,4.8014702796936035,180.0
900.0,True,False,nan,46.338443756103516,0.4948074519634247,1.350164771080017,5.0,4.77363395690918,180.0
900.0,True,False,nan,47.102806091308594,0.5214744210243225,0.8099188804626465,4.0,4.865697860717773,180.0
900.0,True,False,nan,57.17919921875,0.5274802446365356,1.4675387144088745,11.0,4.70797061920166,180.0
900.0,True,False,nan,45.213661193847656,0.40259850025177,1.5021469593048096,11.0,4.499944686889648,180.0
900.0,True,False,nan,56.39822006225586,0.5568836331367493,0.9994523525238037,4.0,4.3049821853637695,180.0
900.0,True,False,nan,48.002872467041016,0.5037418603897095,1.5300041437149048,14.0,4.875260353088379,180.0
900.0,True,False,nan,52.08189392089844,0.5078662633895874,1.7052074670791626,14.0,4.631200313568115,180.0
900.0,True,False,nan,52.06201934814453,0.604823887348175,1.0060815811157227,8.0,4.693289279937744,180.0
900.0,True,False,nan,46.0466423034668,0.5676714181900024,1.104904294013977,5.0,4.780938625335693,180.0
900.0,True,False,nan,46.752994537353516,0.6368885636329651,0.9426023364067078,6.0,4.753551959991455,180.0
900.0,True,False,nan,47.524169921875,0.5617584586143494,1.3673781156539917,10.0,4.515636444091797,180.0
900.0,True,False,nan,53.67434310913086,0.4871164858341217,1.6794748306274414,7.0,4.205929279327393,180.0
900.0,True,False,nan,47.079490661621094,0.4987553060054779,0.9776502847671509,6.0,4.742668628692627,180.0
900.0,True,False,nan,51.63376235961914,0.5579543709754944,1.5000108480453491,14.0,4.877201080322266,180.0
900.0,True,False,nan,52.855491638183594,0.5217993855476379,1.6332213878631592,13.0,4.656143665313721,180.0
900.0,True,False,nan,47.452606201171875,0.5229278206825256,1.7798151969909668,14.0,4.7741522789001465,180.0
900.0,True,False,nan,51.99972915649414,0.4724045991897583,1.6626745462417603,6.0,4.170966148376465,180.0
900.0,True,False,nan,50.04448699951172,0.669147253036499,1.0641686916351318,6.0,4.77268123626709,180.0
900.0,True,False,nan,51.731449127197266,0.6575178503990173,1.1873418092727661,7.0,4.953751087188721,180.0
900.0,True,False,nan,49.67739486694336,0.6040651202201843,1.5992382764816284,14.0,4.955260753631592,180.0
900.0,True,False,nan,50.987613677978516,0.5986020565032959,1.5625059604644775,14.0,4.741212368011475,180.0
900.0,True,False,nan,53.14368438720703,0.5708014965057373,1.6996656656265259,14.0,4.4066596031188965,180.0
900.0,True,False,nan,52.89683532714844,0.5340944528579712,1.226183295249939,3.0,4.907222747802734,180.0
900.0,True,False,nan,51.645870208740234,0.6588742136955261,0.8935064077377319,3.0,4.519634246826172,180.0
900.0,True,False,nan,49.94061279296875,0.7119706273078918,0.8013169765472412,4.0,4.844250202178955,180.0
900.0,True,False,nan,45.703800201416016,0.7664744257926941,0.7162085175514221,5.0,4.725855827331543,180.0
900.0,True,False,nan,50.30463409423828,0.725437343120575,1.0578731298446655,6.0,4.555214881896973,180.0
900.0,True,False,nan,49.944580078125,0.6941829919815063,1.254969835281372,8.0,4.849448204040527,180.0
900.0,True,False,nan,45.37542724609375,0.6497274041175842,0.9821380376815796,5.0,4.866234302520752,180.0
900.0,True,False,nan,50.87957000732422,0.7597765922546387,0.7863180041313171,9.0,4.627222537994385,180.0
900.0,True,False,nan,47.10207748413086,0.6811609864234924,0.9888296723365784,6.0,4.15272855758667,180.0
900.0,True,False,nan,47.48691940307617,0.8202077746391296,0.7033301591873169,5.0,4.755008697509766,180.0
900.0,True,False,nan,47.280853271484375,0.7855599522590637,0.7890409827232361,5.0,4.1857476234436035,180.0
900.0,True,False,nan,48.125118255615234,0.8746740818023682,0.9564828276634216,6.0,4.51750373840332,180.0
900.0,True,False,nan,45.69502639770508,0.9378722906112671,0.7422091960906982,4.0,4.470113754272461,180.0
900.0,True,False,nan,49.255714416503906,0.7146603465080261,0.8075104355812073,3.0,4.222548484802246,180.0
900.0,True,False,nan,47.75856399536133,1.1084110736846924,0.9080878496170044,5.0,4.608303070068359,180.0
900.0,True,False,nan,6.208261966705322,0.13831278681755066,0.956850528717041,5.0,3.4092814922332764,180.0
900.0,True,False,nan,5.754148483276367,0.08315736055374146,1.0554167032241821,5.0,3.1535604000091553,180.0
900.0,True,False,nan,46.17036056518555,0.27974218130111694,0.8277875781059265,5.0,3.7974789142608643,270.0
900.0,True,False,nan,47.01048278808594,0.33750370144844055,0.9397258162498474,3.0,4.217538356781006,270.0
900.0,True,False,nan,45.53620529174805,0.2334313541650772,1.696731686592102,11.0,4.362436771392822,270.0
900.0,True,False,nan,47.038238525390625,0.32261553406715393,0.8563567996025085,7.0,4.110016822814941,270.0
900.0,True,False,nan,45.72745895385742,0.3531967103481293,0.9018051624298096,3.0,3.7902636528015137,270.0
900.0,True,False,nan,49.15290832519531,0.31709718704223633,0.7583720684051514,9.0,3.808157205581665,270.0
900.0,True,False,nan,49.39946365356445,0.29997503757476807,1.5023512840270996,9.0,4.400204658508301,270.0
900.0,True,False,nan,49.30847930908203,0.26640135049819946,1.6327306032180786,7.0,4.139936447143555,270.0
900.0,True,False,nan,48.68507766723633,0.30169329047203064,1.4675313234329224,11.0,4.087991237640381,270.0
900.0,True,False,nan,50.33829879760742,0.35089728236198425,1.1322327852249146,5.0,4.232702732086182,270.0
900.0,True,False,nan,48.69205856323242,0.3665379285812378,0.9236321449279785,6.0,4.038288593292236,270.0
900.0,True,False,nan,49.4796028137207,0.2912561893463135,0.8061264157295227,6.0,3.789651393890381,270.0
900.0,True,False,nan,45.52237319946289,0.350697785615921,0.8477880358695984,4.0,4.204678535461426,270.0
900.0,True,False,nan,47.574527740478516,0.24566194415092468,2.0220611095428467,5.0,4.038774013519287,270.0
900.0,True,False,nan,48.561485290527344,0.3726879060268402,1.1987347602844238,7.0,4.26563835144043,270.0
900.0,True,False,nan,50.17723083496094,0.33865639567375183,1.382559061050415,8.0,4.354769229888916,270.0
900.0,True,False,nan,47.017704010009766,0.26944977045059204,1.2262332439422607,3.0,3.3923985958099365,270.0
900.0,True,False,nan,47.86506271362305,0.32156580686569214,1.5584962368011475,5.0,3.9679758548736572,270.0
900.0,True,False,nan,48.372222900390625,0.36477237939834595,1.4057813882827759,9.0,3.954923629760742,270.0
900.0,True,False,nan,47.21889114379883,0.4429098963737488,0.8036588430404663,6.0,3.6581673622131348,270.0
900.0,True,False,nan,51.18255615234375,0.3045237064361572,0.6904622912406921,12.0,3.6935150623321533,270.0
900.0,True,False,nan,49.26949691772461,0.37745070457458496,1.086586356163025,5.0,3.915248155593872,270.0
900.0,True,False,nan,48.635414123535156,0.39940622448921204,0.9994572997093201,4.0,4.2634477615356445,270.0
900.0,True,False,nan,47.547176361083984,0.37755876779556274,1.3666132688522339,9.0,4.2329792976379395,270.0
900.0,True,False,nan,47.02049255371094,0.35464057326316833,0.733050525188446,9.0,3.8908278942108154,270.0
900.0,True,False,nan,45.56656265258789,0.3543231189250946,0.7618206739425659,2.0,3.7918100357055664,270.0
900.0,True,False,nan,45.58987045288086,0.38862425088882446,1.501977562904358,11.0,4.032556056976318,270.0
900.0,True,False,nan,51.99519348144531,0.2715267241001129,0.977647602558136,6.0,3.2186105251312256,270.0
900.0,True,False,nan,48.65447235107422,0.4055655598640442,1.500014305114746,14.0,4.010448932647705,270.0
900.0,True,False,nan,45.32915115356445,0.47922930121421814,0.7972983717918396,4.0,3.6986441612243652,270.0
900.0,True,False,nan,48.01277160644531,0.4086049199104309,1.0060752630233765,8.0,4.371778964996338,270.0
900.0,True,False,nan,46.233924865722656,0.33797577023506165,1.6626774072647095,6.0,4.370279788970947,270.0
900.0,True,False,nan,47.355262756347656,0.395991712808609,1.5299980640411377,14.0,3.838923215866089,270.0
900.0,True,False,nan,48.03865051269531,0.48148205876350403,0.754442036151886,9.0,3.544250011444092,270.0
900.0,True,False,nan,48.667030334472656,0.3699343502521515,0.8935042023658752,3.0,3.6955907344818115,270.0
900.0,True,False,nan,46.045352935791016,0.4989429712295532,0.7890369296073914,5.0,4.224870681762695,270.0
900.0,True,False,nan,45.30039596557617,0.40783658623695374,1.3192622661590576,5.0,4.197372913360596,270.0
900.0,True,False,nan,45.51057052612305,0.4762403666973114,1.1873444318771362,7.0,4.143794536590576,270.0
900.0,True,False,nan,46.54228210449219,0.44272637367248535,0.8013162016868591,4.0,3.7332260608673096,270.0
900.0,True,False,nan,45.8067512512207,0.4308987855911255,1.6332224607467651,13.0,4.086452484130859,270.0
900.0,True,False,nan,45.10557174682617,0.4172724485397339,1.5993198156356812,14.0,4.175741195678711,270.0
900.0,True,False,nan,48.51053237915039,0.5000691413879395,0.9080900549888611,5.0,4.202160358428955,270.0
900.0,True,False,nan,45.05269241333008,0.4710548520088196,1.2549527883529663,8.0,4.190465927124023,270.0
900.0,True,False,nan,46.16634750366211,0.48601722717285156,0.8099212646484375,4.0,3.717862129211426,270.0
900.0,True,False,nan,47.019371032714844,0.41039854288101196,1.4491872787475586,5.0,4.2457075119018555,270.0
900.0,True,False,nan,48.56158447265625,0.4011661112308502,0.9821370840072632,5.0,3.6109843254089355,270.0
900.0,True,False,nan,46.10504913330078,0.417582631111145,1.6996567249298096,14.0,4.33369255065918,270.0
900.0,True,False,nan,47.51176452636719,0.4392075538635254,1.0554263591766357,4.0,3.9225783348083496,270.0
900.0,True,False,nan,45.85767364501953,0.5216337442398071,0.703356921672821,5.0,4.052268028259277,270.0
900.0,True,False,nan,47.68470764160156,0.3916475474834442,1.7798287868499756,14.0,4.204678535461426,270.0
900.0,True,False,nan,46.188201904296875,0.4542093575000763,1.1049085855484009,5.0,4.144626140594482,270.0
900.0,True,False,nan,50.1147575378418,0.49420788884162903,0.8074852824211121,3.0,4.14253044128418,270.0
900.0,True,False,nan,52.05769729614258,0.5027514100074768,0.7162056565284729,5.0,3.9994935989379883,270.0
900.0,True,False,nan,48.43503952026367,0.4543589949607849,0.7422254085540771,4.0,3.7919507026672363,270.0
900.0,True,False,nan,46.65360641479492,0.41858941316604614,1.6794732809066772,7.0,4.3944830894470215,270.0
900.0,True,False,nan,45.79472732543945,0.5544236302375793,0.9888450503349304,6.0,4.3586344718933105,270.0
900.0,True,False,nan,46.590240478515625,0.4554869830608368,1.5625054836273193,14.0,4.227363586425781,270.0
900.0,True,False,nan,46.33269119262695,0.5625365376472473,1.0578761100769043,6.0,4.290980815887451,270.0
900.0,True,False,nan,46.94462585449219,0.4512732923030853,1.3501673936843872,5.0,4.305824279785156,270.0
900.0,True,False,nan,46.93376922607422,0.5650036931037903,0.9564812183380127,6.0,4.283121585845947,270.0
900.0,True,False,nan,47.13789367675781,0.46257123351097107,0.7863041162490845,9.0,3.7825052738189697,270.0
900.0,True,False,nan,45.43666076660156,0.7877938151359558,0.956865131855011,5.0,4.276003360748291,270.0
900.0,False,True,2.1399998664855957,37.802513122558594,3.1745550632476807,1.0641798973083496,6.0,4.279038906097412,270.0
900.0,False,True,2.0999999046325684,36.10026168823242,2.8482329845428467,0.9426111578941345,6.0,4.2476630210876465,270.0
900.0,True,False,nan,46.17062759399414,0.27974244952201843,0.8277906179428101,5.0,3.7974815368652344,270.0
900.0,True,False,nan,45.0134162902832,0.22950825095176697,1.7052009105682373,14.0,4.37245512008667,270.0
900.0,True,False,nan,47.01054763793945,0.3375037610530853,0.9397242665290833,3.0,4.21753454208374,270.0
900.0,True,False,nan,47.03804397583008,0.32261407375335693,0.8563599586486816,7.0,4.110018253326416,270.0
900.0,True,False,nan,49.15131759643555,0.317111998796463,0.7583689093589783,9.0,3.8082399368286133,270.0
900.0,True,False,nan,49.39979934692383,0.2999591827392578,1.5024402141571045,9.0,4.400198459625244,270.0
900.0,True,False,nan,49.30916213989258,0.2664055824279785,1.6327215433120728,7.0,4.139965057373047,270.0
900.0,True,False,nan,48.61857604980469,0.30387619137763977,1.4676103591918945,14.0,4.109189987182617,270.0
900.0,True,False,nan,50.33823013305664,0.350899338722229,1.1322247982025146,5.0,4.232701301574707,270.0
900.0,True,False,nan,49.47885513305664,0.29125458002090454,0.8061258792877197,6.0,3.789623737335205,270.0
900.0,True,False,nan,45.52244567871094,0.35069790482521057,0.8477848172187805,4.0,4.20468282699585,270.0
900.0,True,False,nan,45.727718353271484,0.3531917631626129,0.9018054008483887,3.0,3.7902724742889404,270.0
900.0,True,False,nan,48.69234085083008,0.3665418028831482,0.9236261248588562,6.0,4.03828239440918,270.0
900.0,True,False,nan,47.57487106323242,0.24566321074962616,2.0220744609832764,5.0,4.038787364959717,270.0
900.0,True,False,nan,48.56129455566406,0.3726902902126312,1.1987223625183105,7.0,4.265632629394531,270.0
900.0,True,False,nan,50.18109893798828,0.33837494254112244,1.3840012550354004,8.0,4.354833126068115,270.0
900.0,True,False,nan,47.86506652832031,0.3215738534927368,1.5584849119186401,5.0,3.9679696559906006,270.0
900.0,True,False,nan,48.37306594848633,0.3647736608982086,1.4057841300964355,9.0,3.9549484252929688,270.0
900.0,True,False,nan,51.183143615722656,0.3045196831226349,0.6904481649398804,12.0,3.6935269832611084,270.0
900.0,True,False,nan,49.26932907104492,0.37744972109794617,1.0865864753723145,5.0,3.915245532989502,270.0
900.0,True,False,nan,48.635108947753906,0.39940813183784485,0.9994574189186096,4.0,4.263472080230713,270.0
900.0,True,False,nan,47.01799392700195,0.2694593667984009,1.2262282371520996,3.0,3.3924293518066406,270.0
900.0,True,False,nan,47.21949768066406,0.4429105818271637,0.8036518096923828,6.0,3.658177137374878,270.0
900.0,True,False,nan,47.02061462402344,0.3546401858329773,0.733048677444458,9.0,3.8908238410949707,270.0
900.0,True,False,nan,45.565860748291016,0.35432735085487366,0.7618155479431152,2.0,3.791799783706665,270.0
900.0,True,False,nan,51.994571685791016,0.2715248763561249,0.9776543378829956,6.0,3.2186102867126465,270.0
900.0,True,False,nan,48.655120849609375,0.40556585788726807,1.5000050067901611,14.0,4.010448932647705,270.0
900.0,True,False,nan,45.32928466796875,0.4792308211326599,0.7973001003265381,4.0,3.6986453533172607,270.0
900.0,True,False,nan,48.01304244995117,0.4086036682128906,1.00608491897583,8.0,4.371780872344971,270.0
900.0,True,False,nan,47.35793685913086,0.39599061012268066,1.530006766319275,14.0,3.838970899581909,270.0
900.0,True,False,nan,48.0383415222168,0.4814830422401428,0.7544436454772949,9.0,3.5442490577697754,270.0
900.0,True,False,nan,47.54642868041992,0.37755686044692993,1.3666070699691772,9.0,4.2329559326171875,270.0
900.0,True,False,nan,48.666664123535156,0.3699382245540619,0.8935034871101379,3.0,3.695591926574707,270.0
900.0,True,False,nan,46.04537582397461,0.49894213676452637,0.7890297174453735,5.0,4.224862098693848,270.0
900.0,True,False,nan,45.59146499633789,0.38862746953964233,1.5019826889038086,11.0,4.032537460327148,270.0
900.0,True,False,nan,46.54245376586914,0.4427284300327301,0.8013142943382263,4.0,3.733233690261841,270.0
900.0,True,False,nan,48.51058578491211,0.5000694394111633,0.9080898761749268,5.0,4.20216178894043,270.0
900.0,True,False,nan,46.16697311401367,0.4860149919986725,0.8099181652069092,4.0,3.7178938388824463,270.0
900.0,True,False,nan,48.5615234375,0.4011687636375427,0.9821338653564453,5.0,3.6109840869903564,270.0
900.0,True,False,nan,45.29945755004883,0.4078366160392761,1.3192620277404785,5.0,4.197371959686279,270.0
900.0,True,False,nan,47.51194381713867,0.4392036497592926,1.0554239749908447,4.0,3.9225680828094482,270.0
900.0,True,False,nan,45.859249114990234,0.5216124653816223,0.7033283710479736,5.0,4.052280426025391,270.0
900.0,True,False,nan,50.115074157714844,0.4941832423210144,0.8075577020645142,3.0,4.142529010772705,270.0
900.0,True,False,nan,45.805877685546875,0.4308990240097046,1.633217453956604,13.0,4.086435794830322,270.0
900.0,True,False,nan,47.68489074707031,0.3916497826576233,1.779813289642334,14.0,4.204683780670166,270.0
900.0,True,False,nan,48.43515396118164,0.45435959100723267,0.7422212362289429,4.0,3.7919557094573975,270.0
900.0,True,False,nan,45.10520553588867,0.4172900319099426,1.5992351770401,14.0,4.175729751586914,270.0
900.0,True,False,nan,46.10384750366211,0.41756731271743774,1.6996595859527588,14.0,4.33368444442749,270.0
900.0,True,False,nan,47.0196533203125,0.41040053963661194,1.4491896629333496,5.0,4.2457098960876465,270.0
900.0,True,False,nan,45.05158615112305,0.47105762362480164,1.2549560070037842,7.0,4.19044303894043,270.0
900.0,True,False,nan,45.509342193603516,0.47624051570892334,1.1873325109481812,7.0,4.14378023147583,270.0
900.0,True,False,nan,46.5910758972168,0.45548078417778015,1.5625100135803223,14.0,4.2273688316345215,270.0
900.0,True,False,nan,3.5732502937316895,0.0,0.786307156085968,10.0,0.0,270.0
900.0,True,False,nan,30.807159423828125,0.38013023138046265,0.7162059545516968,9.0,3.9994781017303467,270.0
900.0,True,False,nan,40.328941345214844,0.38523435592651367,1.6794788837432861,7.0,4.394495487213135,270.0
900.0,True,False,nan,19.32672691345215,0.20616663992404938,1.6626787185668945,6.0,4.370306015014648,270.0
900.0,True,False,nan,37.59351348876953,0.4283609986305237,1.1049007177352905,5.0,4.144616603851318,270.0
1000.0,True,False,nan,45.207000732421875,0.14069560170173645,0.9021751880645752,3.0,4.504734516143799,0.0
1000.0,True,False,nan,46.39443588256836,0.19540534913539886,0.7583721876144409,9.0,4.5790629386901855,0.0
1000.0,True,False,nan,47.313560485839844,0.17037031054496765,0.7863067388534546,9.0,4.679389953613281,0.0
1000.0,True,False,nan,48.08992004394531,0.17263011634349823,0.7162015438079834,5.0,5.054968357086182,0.0
1000.0,True,False,nan,52.167911529541016,0.16217537224292755,0.9821540713310242,5.0,5.205282211303711,0.0
1000.0,True,False,nan,49.526119232177734,0.12593814730644226,1.2262369394302368,3.0,4.72893762588501,0.0
1000.0,True,False,nan,50.364891052246094,0.17967984080314636,0.8935112953186035,3.0,4.846868515014648,0.0
1000.0,True,False,nan,45.2105712890625,0.16619160771369934,0.7890373468399048,5.0,4.712080955505371,0.0
1000.0,True,False,nan,49.27895736694336,0.167404904961586,0.7330468893051147,9.0,4.553295135498047,0.0
1000.0,True,False,nan,49.410377502441406,0.17218120396137238,0.7423090934753418,4.0,4.906313419342041,0.0
1000.0,True,False,nan,49.86411666870117,0.1700868010520935,0.761817216873169,2.0,4.6180806159973145,0.0
1000.0,True,False,nan,46.71514129638672,0.15448659658432007,0.8013182878494263,4.0,4.68930721282959,0.0
1000.0,True,False,nan,47.70851516723633,0.17595890164375305,1.0554379224777222,4.0,4.671057224273682,0.0
1000.0,True,False,nan,51.862064361572266,0.1419232040643692,0.9776487946510315,6.0,4.871973037719727,0.0
1000.0,True,False,nan,47.37014389038086,0.17968788743019104,0.7033291459083557,5.0,4.724164009094238,0.0
1000.0,True,False,nan,49.52030563354492,0.18135853111743927,0.6906893253326416,12.0,4.565636157989502,0.0
1000.0,True,False,nan,45.713924407958984,0.1413065791130066,0.923633873462677,6.0,4.642503261566162,0.0
1000.0,True,False,nan,53.485843658447266,0.1762189120054245,0.8064984083175659,7.0,4.894564151763916,0.0
1000.0,True,False,nan,48.6738395690918,0.1573570817708969,0.8563687205314636,7.0,4.6513142585754395,0.0
1000.0,True,False,nan,46.71572494506836,0.16012567281723022,0.8477891683578491,4.0,4.8359527587890625,0.0
1000.0,True,False,nan,46.578758239746094,0.14855073392391205,0.7544416785240173,9.0,3.954591751098633,0.0
1000.0,True,False,nan,51.18244171142578,0.1500021517276764,0.8099209070205688,4.0,4.169899940490723,0.0
1000.0,True,False,nan,49.997169494628906,0.14246971905231476,1.1987358331680298,7.0,4.56348180770874,0.0
1000.0,True,False,nan,62.58480453491211,0.19396305084228516,0.8277868032455444,5.0,5.113962173461914,0.0
1000.0,True,False,nan,45.21060562133789,0.12825645506381989,1.3825725317001343,8.0,4.530157089233398,0.0
1000.0,True,False,nan,50.661338806152344,0.16953769326210022,1.0579280853271484,6.0,4.734423637390137,0.0
1000.0,True,False,nan,46.225154876708984,0.11549791693687439,1.3192698955535889,5.0,4.401131629943848,0.0
1000.0,True,False,nan,48.39875411987305,0.15156379342079163,1.1322264671325684,5.0,4.563790321350098,0.0
1000.0,True,False,nan,56.56062698364258,0.18481045961380005,0.939724862575531,3.0,4.757816791534424,0.0
1000.0,True,False,nan,47.46419906616211,0.14637970924377441,0.7972954511642456,4.0,3.985954523086548,0.0
1000.0,True,False,nan,48.60426712036133,0.18590378761291504,1.0060855150222778,8.0,4.4785966873168945,0.0
1000.0,True,False,nan,50.35176086425781,0.19418606162071228,0.9564781188964844,6.0,4.910165786743164,0.0
1000.0,True,False,nan,45.52827453613281,0.19881975650787354,0.988848090171814,6.0,4.476551532745361,0.0
1000.0,True,False,nan,45.07941818237305,0.11544802784919739,1.0865684747695923,5.0,3.9400594234466553,0.0
1000.0,True,False,nan,51.28911209106445,0.1321561634540558,1.1049081087112427,5.0,4.4489593505859375,0.0
1000.0,True,False,nan,52.47459030151367,0.19015124440193176,0.9080870151519775,5.0,4.839631080627441,0.0
1000.0,True,False,nan,52.99343490600586,0.19104233384132385,0.999459981918335,4.0,4.738537788391113,0.0
1000.0,True,False,nan,46.94755172729492,0.24527950584888458,0.8075164556503296,3.0,4.56490421295166,0.0
1000.0,True,False,nan,54.591453552246094,0.16409823298454285,1.366606593132019,9.0,4.6482086181640625,0.0
1000.0,True,False,nan,45.41801452636719,0.15404045581817627,1.5024383068084717,9.0,4.505950450897217,0.0
1000.0,True,False,nan,51.952430725097656,0.08924233168363571,1.6327400207519531,7.0,4.09413480758667,0.0
1000.0,True,False,nan,48.719825744628906,0.07831496000289917,1.5584912300109863,5.0,3.9310407638549805,0.0
1000.0,True,False,nan,52.0814208984375,0.13965046405792236,1.467535138130188,11.0,4.393911838531494,0.0
1000.0,True,False,nan,48.11557388305664,0.12914974987506866,1.6996519565582275,14.0,4.66660213470459,0.0
1000.0,True,False,nan,53.55158233642578,0.1911012828350067,0.8036463260650635,6.0,4.223177909851074,0.0
1000.0,True,False,nan,46.10142517089844,0.15582603216171265,1.6794729232788086,7.0,4.58358907699585,0.0
1000.0,True,False,nan,50.7496452331543,0.1703079640865326,1.1873379945755005,7.0,4.450082778930664,0.0
1000.0,True,False,nan,46.4212760925293,0.06996703892946243,1.5019874572753906,11.0,3.7609972953796387,0.0
1000.0,True,False,nan,54.721405029296875,0.11940392851829529,1.7052130699157715,14.0,4.473816871643066,0.0
1000.0,True,False,nan,46.060298919677734,0.11711624264717102,1.5992257595062256,14.0,4.339378356933594,0.0
1000.0,True,False,nan,51.8629264831543,0.17225462198257446,1.2549644708633423,8.0,4.5873589515686035,0.0
1000.0,True,False,nan,47.949249267578125,0.13280650973320007,1.5625102519989014,14.0,4.524837970733643,0.0
1000.0,True,False,nan,46.23716735839844,0.030194219201803207,2.022066593170166,5.0,3.7300162315368652,0.0
1000.0,True,False,nan,52.10517501831055,0.1112377792596817,1.4057844877243042,9.0,3.9612109661102295,0.0
1000.0,True,False,nan,47.57221221923828,0.12817084789276123,1.5000090599060059,14.0,4.062093734741211,0.0
1000.0,True,False,nan,46.932945251464844,0.1339886486530304,1.6332249641418457,13.0,4.134164333343506,0.0
1000.0,True,False,nan,46.02413558959961,0.12038726359605789,1.7798492908477783,14.0,4.176804542541504,0.0
1000.0,True,False,nan,48.705406188964844,0.11362600326538086,1.5301811695098877,14.0,3.954741954803467,0.0
1000.0,True,False,nan,46.356201171875,0.5329746603965759,0.9568693041801453,5.0,4.272464275360107,0.0
1000.0,True,False,nan,46.19865036010742,0.39897435903549194,1.6626768112182617,6.0,4.4081597328186035,0.0
1000.0,True,False,nan,51.93485641479492,0.4127901792526245,0.9426028728485107,6.0,4.468656063079834,0.0
1000.0,True,False,nan,53.7011604309082,0.42354413866996765,1.0641703605651855,6.0,4.455394268035889,0.0
1000.0,True,False,nan,47.97159957885742,0.280146062374115,1.4491932392120361,5.0,4.465721607208252,0.0
1000.0,True,False,nan,49.388423919677734,0.300243079662323,1.3501695394515991,5.0,4.23846435546875,0.0
1000.0,True,False,nan,45.15401840209961,0.14128682017326355,0.9039827585220337,3.0,4.546253204345703,0.0
1000.0,True,False,nan,49.52592849731445,0.12593784928321838,1.2262271642684937,3.0,4.728926658630371,0.0
1000.0,True,False,nan,51.86195373535156,0.14192306995391846,0.9776502251625061,6.0,4.871964454650879,0.0
1000.0,True,False,nan,62.58470153808594,0.1939631998538971,0.8277871012687683,5.0,5.113955497741699,0.0
1000.0,True,False,nan,45.71380615234375,0.14130622148513794,0.9236353039741516,6.0,4.642500877380371,0.0
1000.0,True,False,nan,49.49781799316406,0.18163402378559113,0.690447986125946,12.0,4.564513683319092,0.0
1000.0,True,False,nan,53.53791046142578,0.17727278172969818,0.8061299324035645,6.0,4.8806939125061035,0.0
1000.0,True,False,nan,48.67390060424805,0.15735779702663422,0.8563594222068787,7.0,4.651311874389648,0.0
1000.0,True,False,nan,46.39431381225586,0.195405051112175,0.758372962474823,10.0,4.579061508178711,0.0
1000.0,True,False,nan,52.167633056640625,0.16217611730098724,0.982134997844696,10.0,5.205258846282959,0.0
1000.0,True,False,nan,46.71617126464844,0.160127192735672,0.8477830290794373,4.0,4.835967540740967,0.0
1000.0,True,False,nan,50.364810943603516,0.1796807050704956,0.8935003876686096,3.0,4.846866607666016,0.0
1000.0,True,False,nan,45.21058654785156,0.16619157791137695,0.7890355587005615,5.0,4.712089538574219,0.0
1000.0,True,False,nan,48.426849365234375,0.15498240292072296,1.118628978729248,5.0,4.581962585449219,0.0
1000.0,True,False,nan,49.86402130126953,0.1700865626335144,0.7618146538734436,7.0,4.618078231811523,0.0
1000.0,True,False,nan,56.56064224243164,0.18481110036373138,0.9397205114364624,3.0,4.757824897766113,0.0
1000.0,True,False,nan,46.71511459350586,0.15448634326457977,0.8013126254081726,6.0,4.689294815063477,0.0
1000.0,True,False,nan,47.708580017089844,0.17595990002155304,1.0554171800613403,5.0,4.671041488647461,0.0
1000.0,True,False,nan,47.37145233154297,0.17969997227191925,0.7033342719078064,4.0,4.7240071296691895,0.0
1000.0,True,False,nan,48.08946228027344,0.17262861132621765,0.7162069082260132,9.0,5.054952621459961,0.0
1000.0,True,False,nan,49.27888107299805,0.1674037128686905,0.7330502867698669,16.0,4.553296089172363,0.0
1000.0,True,False,nan,52.081424713134766,0.1396525800228119,1.467527151107788,10.0,4.393917083740234,0.0
1000.0,True,False,nan,49.407142639160156,0.17220237851142883,0.7422168254852295,9.0,4.905237674713135,0.0
1000.0,True,False,nan,52.993675231933594,0.19104082882404327,0.9994605779647827,4.0,4.7385640144348145,0.0
1000.0,True,False,nan,46.9476318359375,0.24527914822101593,0.8075193762779236,3.0,4.564912796020508,0.0
1000.0,True,False,nan,47.31315994262695,0.17036917805671692,0.7863131761550903,9.0,4.679412841796875,0.0
1000.0,True,False,nan,49.99715042114258,0.14246931672096252,1.1987402439117432,7.0,4.563477516174316,0.0
1000.0,True,False,nan,54.72172927856445,0.11940193921327591,1.7052115201950073,14.0,4.473814010620117,0.0
1000.0,True,False,nan,48.60447311401367,0.18590304255485535,1.0060869455337524,7.0,4.478614330291748,0.0
1000.0,True,False,nan,50.35088348388672,0.19420011341571808,0.9564781188964844,5.0,4.910037994384766,0.0
1000.0,True,False,nan,45.528079986572266,0.19882076978683472,0.9888425469398499,5.0,4.476546764373779,0.0
1000.0,True,False,nan,52.47467041015625,0.19015304744243622,0.9080730676651001,5.0,4.8396406173706055,0.0
1000.0,True,False,nan,46.5788459777832,0.14854958653450012,0.754441499710083,9.0,3.9546103477478027,0.0
1000.0,True,False,nan,54.71443557739258,0.16460609436035156,1.3673418760299683,12.0,4.657057762145996,0.0
1000.0,True,False,nan,51.18263626098633,0.15000343322753906,0.8099172711372375,4.0,4.169908046722412,0.0
1000.0,True,False,nan,45.41804122924805,0.15404020249843597,1.502443790435791,9.0,4.505949020385742,0.0
1000.0,True,False,nan,45.74609375,0.12606015801429749,1.3746154308319092,6.0,4.51821231842041,0.0
1000.0,True,False,nan,50.661861419677734,0.16954198479652405,1.0578886270523071,6.0,4.734452724456787,0.0
1000.0,True,False,nan,53.55118179321289,0.19110025465488434,0.8036583662033081,5.0,4.223153114318848,0.0
1000.0,True,False,nan,47.4642333984375,0.14637866616249084,0.7973034381866455,4.0,3.985966444015503,0.0
1000.0,True,False,nan,45.07937240600586,0.1154465302824974,1.0865858793258667,5.0,3.940063238143921,0.0
1000.0,True,False,nan,51.289119720458984,0.13215602934360504,1.1049078702926636,5.0,4.448964595794678,0.0
1000.0,True,False,nan,51.86248016357422,0.1722535789012909,1.254961371421814,8.0,4.587315559387207,0.0
1000.0,True,False,nan,51.952571868896484,0.08924588561058044,1.632720947265625,7.0,4.0941362380981445,0.0
1000.0,True,False,nan,46.225685119628906,0.11549753695726395,1.3192695379257202,5.0,4.401122093200684,0.0
1000.0,True,False,nan,50.74979782104492,0.17030709981918335,1.1873401403427124,7.0,4.450089931488037,0.0
1000.0,True,False,nan,48.69025421142578,0.11350427567958832,1.529994010925293,14.0,3.9542269706726074,0.0
1000.0,True,False,nan,48.71902084350586,0.07831747829914093,1.5584841966629028,5.0,3.930992603302002,0.0
1000.0,True,False,nan,52.0776481628418,0.1111939400434494,1.4057402610778809,9.0,3.95937180519104,0.0
1000.0,True,False,nan,46.101234436035156,0.15582576394081116,1.6794735193252563,7.0,4.583591461181641,0.0
1000.0,True,False,nan,47.5721549987793,0.12817038595676422,1.500013828277588,14.0,4.062087535858154,0.0
1000.0,True,False,nan,46.421165466308594,0.06996741890907288,1.5019822120666504,11.0,3.760997772216797,0.0
1000.0,True,False,nan,46.93275451660156,0.13398762047290802,1.6332281827926636,13.0,4.13417911529541,0.0
1000.0,True,False,nan,46.237396240234375,0.030194446444511414,2.0220835208892822,5.0,3.7300429344177246,0.0
1000.0,True,False,nan,46.023738861083984,0.12039253860712051,1.7798112630844116,14.0,4.176806926727295,0.0
1000.0,True,False,nan,46.06067657470703,0.11711741238832474,1.5992321968078613,14.0,4.339395999908447,0.0
1000.0,True,False,nan,47.94965744018555,0.13280974328517914,1.5624969005584717,14.0,4.524838447570801,0.0
1000.0,True,False,nan,48.11520004272461,0.12914814054965973,1.6996628046035767,14.0,4.666613578796387,0.0
1000.0,True,False,nan,46.3560905456543,0.5329747200012207,0.9568728804588318,5.0,4.2724809646606445,0.0
1000.0,True,False,nan,51.93491744995117,0.4127870798110962,0.9426006078720093,6.0,4.468667507171631,0.0
1000.0,True,False,nan,53.70122146606445,0.42354533076286316,1.0641649961471558,6.0,4.455389976501465,0.0
1000.0,True,False,nan,47.972042083740234,0.2801463305950165,1.4491894245147705,5.0,4.465728282928467,0.0
1000.0,True,False,nan,49.38858413696289,0.30024269223213196,1.3501750230789185,5.0,4.238459587097168,0.0
1000.0,True,False,nan,44.612022399902344,0.4047962427139282,1.6626805067062378,6.0,4.408157825469971,0.0
1000.0,True,False,nan,50.90425491333008,0.32454943656921387,0.8563652038574219,7.0,3.8755898475646973,90.0
1000.0,True,False,nan,47.126731872558594,0.4480654299259186,0.8099214434623718,4.0,4.436434745788574,90.0
1000.0,True,False,nan,46.859764099121094,0.33791470527648926,1.5024313926696777,9.0,4.46645450592041,90.0
1000.0,True,False,nan,54.38948059082031,0.32318493723869324,1.558508038520813,5.0,4.71968412399292,90.0
1000.0,True,False,nan,51.002723693847656,0.3578575849533081,1.5019781589508057,11.0,4.979128360748291,90.0
1000.0,True,False,nan,54.11648941040039,0.28573280572891235,1.7052041292190552,14.0,4.325125694274902,90.0
1000.0,True,False,nan,47.67610549926758,0.46758484840393066,0.9397265911102295,3.0,3.969557046890259,90.0
1000.0,True,False,nan,48.31629943847656,0.4987671971321106,0.9039796590805054,3.0,3.861320972442627,90.0
1000.0,True,False,nan,52.833553314208984,0.6337233781814575,0.754441499710083,9.0,4.370706081390381,90.0
1000.0,True,False,nan,45.651004791259766,0.5301536321640015,1.3666141033172607,9.0,4.414000034332275,90.0
1000.0,True,False,nan,45.425777435302734,0.561500608921051,1.1987221240997314,7.0,4.5341291427612305,90.0
1000.0,True,False,nan,53.63007736206055,0.493538498878479,0.8277879357337952,5.0,3.957073450088501,90.0
1000.0,True,False,nan,45.553096771240234,0.4969344139099121,1.6327223777770996,7.0,4.5726494789123535,90.0
1000.0,True,False,nan,48.63322067260742,0.48668572306632996,1.467535376548767,11.0,4.648725509643555,90.0
1000.0,True,False,nan,52.7906608581543,0.5289498567581177,1.1322236061096191,5.0,4.238821029663086,90.0
1000.0,True,False,nan,46.9704704284668,0.5204265713691711,1.4057316780090332,9.0,4.782249927520752,90.0
1000.0,True,False,nan,47.41255187988281,0.6127527952194214,0.8036479353904724,6.0,4.527620315551758,90.0
1000.0,True,False,nan,47.80945587158203,0.6565966010093689,0.797305703163147,4.0,4.568150043487549,90.0
1000.0,True,False,nan,46.3851432800293,0.5160796046257019,0.9236281514167786,6.0,3.8541147708892822,90.0
1000.0,True,False,nan,47.20609664916992,0.5827861428260803,1.0868762731552124,5.0,4.634224891662598,90.0
1000.0,True,False,nan,45.613494873046875,0.6094045042991638,1.104913353919983,5.0,4.451046943664551,90.0
1000.0,True,False,nan,48.506080627441406,0.4650940001010895,1.5299921035766602,14.0,4.6608405113220215,90.0
1000.0,True,False,nan,57.74644470214844,0.4834013879299164,2.0220797061920166,5.0,4.677585124969482,90.0
1000.0,True,False,nan,51.345706939697266,0.5288777351379395,0.7583686113357544,9.0,3.8967533111572266,90.0
1000.0,True,False,nan,45.27290725708008,0.6111197471618652,1.4491934776306152,5.0,4.855676651000977,90.0
1000.0,True,False,nan,53.48137283325195,0.5974406599998474,1.3782873153686523,6.0,4.885074615478516,90.0
1000.0,True,False,nan,47.758174896240234,0.6362800598144531,0.7890282273292542,5.0,3.971004009246826,90.0
1000.0,True,False,nan,50.45735168457031,0.6287511587142944,0.7330526113510132,9.0,3.980876922607422,90.0
1000.0,True,False,nan,52.20709991455078,0.6227138638496399,1.3192640542984009,5.0,4.707455158233643,90.0
1000.0,True,False,nan,55.24409866333008,0.6157340407371521,0.7618083953857422,2.0,3.9016947746276855,90.0
1000.0,True,False,nan,52.156410217285156,0.6389350295066833,1.1873303651809692,7.0,4.544795513153076,90.0
1000.0,True,False,nan,53.536930084228516,0.6174969673156738,0.8013134002685547,4.0,3.8845677375793457,90.0
1000.0,True,False,nan,57.32477951049805,0.5000490546226501,0.9776442646980286,6.0,3.854607105255127,90.0
1000.0,True,False,nan,56.890907287597656,0.5754398703575134,1.5000110864639282,14.0,4.842578411102295,90.0
1000.0,True,False,nan,49.141231536865234,0.5638847351074219,1.6332298517227173,13.0,4.789837837219238,90.0
1000.0,True,False,nan,57.24433898925781,0.5891329050064087,0.6824997663497925,12.0,3.9326326847076416,90.0
1000.0,True,False,nan,49.39018249511719,0.5087870955467224,0.8064936995506287,7.0,3.6496329307556152,90.0
1000.0,True,False,nan,47.052677154541016,0.5440892577171326,1.779849648475647,14.0,4.653266906738281,90.0
1000.0,True,False,nan,48.52781677246094,0.6565712690353394,0.9564762115478516,6.0,4.34963321685791,90.0
1000.0,True,False,nan,47.99527359008789,0.5930668711662292,1.5992321968078613,14.0,4.825006484985352,90.0
1000.0,True,False,nan,51.724727630615234,0.622403085231781,0.8477813601493835,4.0,3.9999544620513916,90.0
1000.0,True,False,nan,51.62883377075195,0.6617743968963623,0.90810227394104,5.0,4.293147563934326,90.0
1000.0,True,False,nan,49.10469055175781,0.6432356238365173,1.2549529075622559,8.0,4.721599102020264,90.0
1000.0,True,False,nan,53.80144119262695,0.5639161467552185,0.9994612336158752,4.0,3.95298433303833,90.0
1000.0,True,False,nan,52.867977142333984,0.7439804077148438,0.7162059545516968,5.0,3.9000508785247803,90.0
1000.0,True,False,nan,45.8115348815918,0.555950403213501,0.8935047388076782,3.0,3.6311700344085693,90.0
1000.0,True,False,nan,53.93021011352539,0.7477303147315979,1.0578786134719849,6.0,4.6494293212890625,90.0
1000.0,True,False,nan,48.495121002197266,0.6345870494842529,1.6996550559997559,14.0,4.8030524253845215,90.0
1000.0,True,False,nan,50.24238204956055,0.7066064476966858,0.7422239780426025,4.0,3.9908456802368164,90.0
1000.0,True,False,nan,47.29228591918945,0.6012436747550964,1.6794724464416504,7.0,4.750931739807129,90.0
1000.0,True,False,nan,51.41739273071289,0.6811834573745728,1.3501700162887573,5.0,4.710776329040527,90.0
1000.0,True,False,nan,53.507110595703125,0.7163813710212708,1.0060818195343018,8.0,4.385006904602051,90.0
1000.0,True,False,nan,53.798858642578125,0.7189987301826477,0.7033337950706482,5.0,3.9224774837493896,90.0
1000.0,True,False,nan,47.81789016723633,0.6970080137252808,0.9888307452201843,6.0,4.248101711273193,90.0
1000.0,True,False,nan,47.71869659423828,0.5664517879486084,1.662676215171814,6.0,4.7225341796875,90.0
1000.0,True,False,nan,46.35502243041992,0.7607619762420654,0.9426053762435913,6.0,4.305398941040039,90.0
1000.0,True,False,nan,51.90528869628906,0.6500272154808044,1.5625076293945312,14.0,4.713290214538574,90.0
1000.0,True,False,nan,53.03506088256836,0.7442653179168701,0.7863122820854187,9.0,3.956700325012207,90.0
1000.0,True,False,nan,50.734764099121094,0.8153362274169922,1.0641824007034302,6.0,4.460628509521484,90.0
1000.0,True,False,nan,53.796329498291016,0.5751422643661499,0.982143759727478,5.0,3.73710036277771,90.0
1000.0,True,False,nan,59.074615478515625,0.4579533338546753,1.2261804342269897,3.0,3.8897006511688232,90.0
1000.0,True,False,nan,47.76592254638672,0.8045623898506165,0.9568539261817932,5.0,4.521425724029541,90.0
1000.0,True,False,nan,47.53641891479492,0.6740641593933105,0.8075243234634399,3.0,3.9564409255981445,90.0
1000.0,True,False,nan,48.08497619628906,0.6268681287765503,1.0554124116897583,4.0,3.859218120574951,90.0
1000.0,True,False,nan,50.900634765625,0.324551522731781,0.8563634753227234,7.0,3.8755946159362793,90.0
1000.0,True,False,nan,51.00260925292969,0.3578575551509857,1.5019850730895996,11.0,4.979113578796387,90.0
1000.0,True,False,nan,54.42643737792969,0.349238783121109,0.93965744972229,4.0,3.9064888954162598,90.0
1000.0,True,False,nan,54.116336822509766,0.28573331236839294,1.705207347869873,14.0,4.32513952255249,90.0
1000.0,True,False,nan,47.12671661376953,0.44806554913520813,0.8099191784858704,4.0,4.436434268951416,90.0
1000.0,True,False,nan,46.85972213745117,0.33792465925216675,1.5023785829544067,9.0,4.4664483070373535,90.0
1000.0,True,False,nan,54.393714904785156,0.3231782615184784,1.558485984802246,5.0,4.719729900360107,90.0
1000.0,True,False,nan,48.317039489746094,0.4987644553184509,0.90398108959198,3.0,3.8612728118896484,90.0
1000.0,True,False,nan,52.83476638793945,0.6337200999259949,0.7544460296630859,9.0,4.370696544647217,90.0
1000.0,True,False,nan,53.63014221191406,0.49353915452957153,0.8277863264083862,5.0,3.95707106590271,90.0
1000.0,True,False,nan,48.63303756713867,0.48668405413627625,1.467533826828003,11.0,4.6487135887146,90.0
1000.0,True,False,nan,52.790889739990234,0.5289475917816162,1.1322270631790161,5.0,4.238808631896973,90.0
1000.0,True,False,nan,47.412994384765625,0.6127498745918274,0.803658664226532,6.0,4.527624130249023,90.0
1000.0,True,False,nan,47.80974197387695,0.656597912311554,0.797293484210968,4.0,4.568150997161865,90.0
1000.0,True,False,nan,47.490562438964844,0.5822209715843201,1.0865678787231445,5.0,4.6372246742248535,90.0
1000.0,True,False,nan,45.42564392089844,0.5614959001541138,1.1987404823303223,7.0,4.5341339111328125,90.0
1000.0,True,False,nan,45.55288314819336,0.4969327747821808,1.6327335834503174,7.0,4.5726518630981445,90.0
1000.0,True,False,nan,46.97016906738281,0.5204236507415771,1.4057412147521973,9.0,4.7822370529174805,90.0
1000.0,True,False,nan,57.325191497802734,0.5000492334365845,0.9776459336280823,6.0,3.854604482650757,90.0
1000.0,True,False,nan,46.384857177734375,0.5160777568817139,0.9236289858818054,6.0,3.854099750518799,90.0
1000.0,True,False,nan,45.613319396972656,0.6094036102294922,1.104915976524353,5.0,4.451054573059082,90.0
1000.0,True,False,nan,48.505985260009766,0.46509185433387756,1.5299975872039795,14.0,4.660848617553711,90.0
1000.0,True,False,nan,57.744693756103516,0.48340457677841187,2.022064685821533,5.0,4.6775288581848145,90.0
1000.0,True,False,nan,55.83112716674805,0.5779843926429749,1.3666077852249146,9.0,4.404622554779053,90.0
1000.0,True,False,nan,50.54136657714844,0.6060494780540466,1.382566213607788,8.0,4.83732795715332,90.0
1000.0,True,False,nan,55.24169158935547,0.6157297492027283,0.7618132829666138,2.0,3.901686429977417,90.0
1000.0,True,False,nan,52.156612396240234,0.6389328241348267,1.1873383522033691,7.0,4.544814586639404,90.0
1000.0,True,False,nan,53.5366096496582,0.6174945831298828,0.8013163208961487,4.0,3.8845624923706055,90.0
1000.0,True,False,nan,56.88334655761719,0.5754534602165222,1.500008225440979,14.0,4.842569351196289,90.0
1000.0,True,False,nan,57.54698181152344,0.585719883441925,0.6904667615890503,12.0,3.9300594329833984,90.0
1000.0,True,False,nan,51.72007751464844,0.6224009394645691,0.8477847576141357,4.0,3.9999911785125732,90.0
1000.0,True,False,nan,51.62944793701172,0.6617785096168518,0.9080895185470581,5.0,4.2931671142578125,90.0
1000.0,True,False,nan,53.891639709472656,0.5641778707504272,0.9995895624160767,4.0,3.95285701751709,90.0
1000.0,True,False,nan,51.34524917602539,0.5288763642311096,0.7583680748939514,9.0,3.896768093109131,90.0
1000.0,True,False,nan,45.27110290527344,0.611120343208313,1.4491868019104004,5.0,4.855660438537598,90.0
1000.0,True,False,nan,50.45738983154297,0.6287511587142944,0.7330502867698669,9.0,3.980875253677368,90.0
1000.0,True,False,nan,52.20795440673828,0.622715175151825,1.3192671537399292,5.0,4.707467555999756,90.0
1000.0,True,False,nan,49.14220428466797,0.5638869404792786,1.63321852684021,13.0,4.789850234985352,90.0
1000.0,True,False,nan,49.12824249267578,0.51158607006073,0.8061296343803406,6.0,3.648711681365967,90.0
1000.0,True,False,nan,47.05271911621094,0.5440985560417175,1.779813528060913,14.0,4.653284072875977,90.0
1000.0,True,False,nan,48.52375411987305,0.6565613746643066,0.9564833641052246,6.0,4.349758625030518,90.0
1000.0,True,False,nan,47.994415283203125,0.5930642485618591,1.5992389917373657,14.0,4.825029373168945,90.0
1000.0,True,False,nan,49.10438919067383,0.6432360410690308,1.2549548149108887,8.0,4.7215986251831055,90.0
1000.0,True,False,nan,50.1091194152832,0.678661048412323,0.788860559463501,5.0,3.965116500854492,90.0
1000.0,True,False,nan,53.93020248413086,0.7477124333381653,1.057934045791626,6.0,4.6494221687316895,90.0
1000.0,True,False,nan,51.41781997680664,0.6811805963516235,1.350174069404602,5.0,4.710773944854736,90.0
1000.0,True,False,nan,53.508358001708984,0.716383695602417,1.0060800313949585,8.0,4.385058879852295,90.0
1000.0,True,False,nan,53.81368637084961,0.7190041542053223,0.7033258080482483,5.0,3.9226348400115967,90.0
1000.0,True,False,nan,51.9051513671875,0.6500256657600403,1.5625053644180298,14.0,4.713286876678467,90.0
1000.0,True,False,nan,52.86672592163086,0.7439776659011841,0.7162103056907654,5.0,3.9000213146209717,90.0
1000.0,True,False,nan,59.06999588012695,0.45791855454444885,1.2262314558029175,3.0,3.889791965484619,90.0
1000.0,True,False,nan,48.4952392578125,0.6345874071121216,1.6996569633483887,14.0,4.803028106689453,90.0
1000.0,True,False,nan,50.2700309753418,0.7071486711502075,0.7423155903816223,4.0,3.9914133548736572,90.0
1000.0,True,False,nan,47.292381286621094,0.6012420654296875,1.679476261138916,7.0,4.750922203063965,90.0
1000.0,True,False,nan,47.81784439086914,0.697003185749054,0.9888358116149902,6.0,4.248091697692871,90.0
1000.0,True,False,nan,47.719276428222656,0.5664471387863159,1.6626843214035034,6.0,4.722510814666748,90.0
1000.0,True,False,nan,46.3557014465332,0.7607603669166565,0.9426013231277466,6.0,4.30537748336792,90.0
1000.0,True,False,nan,45.813472747802734,0.555945634841919,0.8935002684593201,3.0,3.631192445755005,90.0
1000.0,True,False,nan,53.03480911254883,0.7442623972892761,0.7863215804100037,9.0,3.956704616546631,90.0
1000.0,True,False,nan,53.79658508300781,0.5751410722732544,0.9821439385414124,5.0,3.7371184825897217,90.0
1000.0,True,False,nan,47.53653335571289,0.6740763187408447,0.8074827790260315,3.0,3.9564428329467773,90.0
1000.0,True,False,nan,48.084983825683594,0.626866340637207,1.0554183721542358,5.0,3.8592166900634766,90.0
1000.0,True,False,nan,50.7349967956543,0.8153377771377563,1.0641732215881348,9.0,4.460615158081055,90.0
1000.0,True,False,nan,40.75511932373047,0.8171773552894592,0.9568517804145813,5.0,4.5214009284973145,90.0
1000.0,True,False,nan,48.27691650390625,0.37690848112106323,2.0220916271209717,5.0,5.327996253967285,180.0
1000.0,True,False,nan,46.40605926513672,0.46268585324287415,0.7544507384300232,9.0,5.45888614654541,180.0
1000.0,True,False,nan,46.395347595214844,0.45537060499191284,0.8099228143692017,4.0,5.235882759094238,180.0
1000.0,True,False,nan,48.06077194213867,0.4448576867580414,0.8277860879898071,5.0,5.648180961608887,180.0
1000.0,True,False,nan,51.348052978515625,0.41754159331321716,1.5585012435913086,5.0,5.312408924102783,180.0
1000.0,True,False,nan,45.92353057861328,0.4930877685546875,0.7330491542816162,9.0,5.154999256134033,180.0
1000.0,True,False,nan,45.51131820678711,0.44607675075531006,1.3192687034606934,5.0,5.33943510055542,180.0
1000.0,True,False,nan,52.835628509521484,0.42138373851776123,1.501991629600525,11.0,5.437833309173584,180.0
1000.0,True,False,nan,49.222633361816406,0.49069714546203613,0.7972995638847351,4.0,5.768362045288086,180.0
1000.0,True,False,nan,49.11220932006836,0.4667184352874756,1.0868841409683228,5.0,5.569260120391846,180.0
1000.0,True,False,nan,47.945980072021484,0.4902929365634918,0.7583741545677185,9.0,4.954202175140381,180.0
1000.0,True,False,nan,45.674320220947266,0.4993211328983307,1.4491832256317139,5.0,5.159575939178467,180.0
1000.0,True,False,nan,46.88454818725586,0.4755242168903351,1.6327346563339233,7.0,5.532289028167725,180.0
1000.0,True,False,nan,45.07402038574219,0.5154260993003845,1.405735731124878,9.0,5.875339031219482,180.0
1000.0,True,False,nan,48.709537506103516,0.526953935623169,0.7618119716644287,2.0,5.191743850708008,180.0
1000.0,True,False,nan,46.69444274902344,0.4984557032585144,0.9397199153900146,3.0,5.341278076171875,180.0
1000.0,True,False,nan,45.911231994628906,0.5139749050140381,1.35017728805542,5.0,5.239344120025635,180.0
1000.0,True,False,nan,49.3137321472168,0.5498132109642029,0.6904440522193909,12.0,5.137905120849609,180.0
1000.0,True,False,nan,45.1446418762207,0.48939424753189087,0.8563691973686218,7.0,4.874145030975342,180.0
1000.0,True,False,nan,48.01013946533203,0.5176693797111511,1.1049011945724487,5.0,5.300603866577148,180.0
1000.0,True,False,nan,48.403324127197266,0.5218032598495483,0.9018170237541199,3.0,5.580207347869873,180.0
1000.0,True,False,nan,46.5423698425293,0.5479751229286194,1.3839993476867676,8.0,5.243149757385254,180.0
1000.0,True,False,nan,48.988929748535156,0.447230726480484,1.2262334823608398,3.0,5.851285934448242,180.0
1000.0,True,False,nan,49.054683685302734,0.5335925817489624,1.132239580154419,5.0,5.4452595710754395,180.0
1000.0,True,False,nan,47.935302734375,0.6063719391822815,0.8036544919013977,6.0,5.916561603546143,180.0
1000.0,True,False,nan,51.6591682434082,0.4875316321849823,0.9776437282562256,6.0,5.273472785949707,180.0
1000.0,True,False,nan,45.105262756347656,0.48644721508026123,1.6332226991653442,13.0,4.9914422035217285,180.0
1000.0,True,False,nan,55.86597442626953,0.5179492831230164,0.8064948320388794,7.0,5.0353827476501465,180.0
1000.0,True,False,nan,49.416526794433594,0.5691034197807312,0.8477804660797119,4.0,4.985134601593018,180.0
1000.0,True,False,nan,47.92995834350586,0.5088290572166443,1.5299896001815796,14.0,5.216479301452637,180.0
1000.0,True,False,nan,46.01999282836914,0.5719725489616394,1.3673685789108276,10.0,4.917797565460205,180.0
1000.0,True,False,nan,52.28627014160156,0.5961357355117798,1.1987314224243164,7.0,5.260248184204102,180.0
1000.0,True,False,nan,55.228355407714844,0.5560548901557922,1.5023810863494873,9.0,5.1323933601379395,180.0
1000.0,True,False,nan,56.073760986328125,0.5391378402709961,1.467443585395813,14.0,5.042172908782959,180.0
1000.0,True,False,nan,53.88779067993164,0.5009677410125732,1.6794718503952026,7.0,4.533303260803223,180.0
1000.0,True,False,nan,51.63578796386719,0.5235481262207031,1.705215334892273,14.0,5.1183624267578125,180.0
1000.0,True,False,nan,52.75654983520508,0.563784658908844,1.5000087022781372,14.0,5.178693771362305,180.0
1000.0,True,False,nan,50.341835021972656,0.6215540766716003,1.006087303161621,8.0,5.047834396362305,180.0
1000.0,True,False,nan,54.64203643798828,0.5538558959960938,0.9236389398574829,6.0,5.477412700653076,180.0
1000.0,True,False,nan,49.82154083251953,0.5329268574714661,1.779860258102417,14.0,5.123512268066406,180.0
1000.0,True,False,nan,52.53974533081055,0.4893416166305542,1.6626734733581543,6.0,4.481601238250732,180.0
1000.0,True,False,nan,48.746341705322266,0.5764637589454651,0.9994574189186096,4.0,4.827434062957764,180.0
1000.0,True,False,nan,45.78517150878906,0.6917679905891418,1.0641810894012451,6.0,5.09808874130249,180.0
1000.0,True,False,nan,49.30235290527344,0.724566638469696,0.7162026762962341,5.0,5.452757835388184,180.0
1000.0,True,False,nan,47.3305549621582,0.6151034235954285,0.9821436405181885,5.0,5.536290645599365,180.0
1000.0,True,False,nan,47.92902755737305,0.6815208792686462,0.7890393137931824,5.0,4.48822546005249,180.0
1000.0,True,False,nan,45.28740310668945,0.6945776343345642,1.0579241514205933,6.0,5.166606426239014,180.0
1000.0,True,False,nan,53.784637451171875,0.5879384875297546,1.6996535062789917,14.0,4.911552906036377,180.0
1000.0,True,False,nan,45.54460906982422,0.6944931149482727,0.7422040700912476,4.0,5.114278316497803,180.0
1000.0,True,False,nan,52.717185974121094,0.665174126625061,1.1873362064361572,7.0,5.19642448425293,180.0
1000.0,True,False,nan,53.78312683105469,0.6611929535865784,0.8013174533843994,4.0,5.5204291343688965,180.0
1000.0,True,False,nan,47.06268310546875,0.6940014362335205,0.9564769268035889,6.0,4.902616500854492,180.0
1000.0,True,False,nan,51.5199089050293,0.6200307607650757,1.5992212295532227,14.0,5.232787132263184,180.0
1000.0,True,False,nan,51.78787612915039,0.648970365524292,0.9888400435447693,6.0,4.402198791503906,180.0
1000.0,True,False,nan,51.83570861816406,0.6569374203681946,1.2549527883529663,8.0,5.3098344802856445,180.0
1000.0,True,False,nan,47.479007720947266,0.7024084329605103,0.9426115155220032,6.0,5.088016510009766,180.0
1000.0,True,False,nan,52.487998962402344,0.6138696670532227,1.562504529953003,14.0,5.112480163574219,180.0
1000.0,True,False,nan,47.82256317138672,0.6464241743087769,0.8075200915336609,3.0,4.623011589050293,180.0
1000.0,True,False,nan,48.477962493896484,0.7237040400505066,0.7863143682479858,9.0,5.071991443634033,180.0
1000.0,True,False,nan,52.414180755615234,0.6739739179611206,0.8935042023658752,3.0,4.981328010559082,180.0
1000.0,True,False,nan,50.645233154296875,0.7816649079322815,0.7033336758613586,5.0,5.2858734130859375,180.0
1000.0,True,False,nan,52.279075622558594,0.766148567199707,0.9080926775932312,5.0,5.279398441314697,180.0
1000.0,True,False,nan,46.12773513793945,0.7690710425376892,0.9568599462509155,5.0,4.610421180725098,180.0
1000.0,True,False,nan,47.2650260925293,0.6746140122413635,1.055433988571167,4.0,4.744431972503662,180.0
1000.0,True,False,nan,48.06117630004883,0.4448564648628235,0.8277901411056519,5.0,5.6481852531433105,180.0
1000.0,True,False,nan,46.406402587890625,0.46268653869628906,0.7544471621513367,9.0,5.45889949798584,180.0
1000.0,True,False,nan,51.34800720214844,0.41754260659217834,1.5584934949874878,5.0,5.312438011169434,180.0
1000.0,True,False,nan,45.92341995239258,0.49308836460113525,0.7330471873283386,9.0,5.154995441436768,180.0
1000.0,True,False,nan,52.83729934692383,0.4213680624961853,1.5021421909332275,11.0,5.43691349029541,180.0
1000.0,True,False,nan,49.222835540771484,0.49069589376449585,0.7973011136054993,4.0,5.768379211425781,180.0
1000.0,True,False,nan,49.126441955566406,0.46683838963508606,1.0866878032684326,5.0,5.571261405944824,180.0
1000.0,True,False,nan,48.276344299316406,0.37691253423690796,2.022080898284912,5.0,5.3280863761901855,180.0
1000.0,True,False,nan,47.94588851928711,0.49029454588890076,0.7583686709403992,9.0,4.954202651977539,180.0
1000.0,True,False,nan,46.694419860839844,0.4984554648399353,0.9397214651107788,3.0,5.341286659240723,180.0
1000.0,True,False,nan,49.31375503540039,0.549812376499176,0.6904469132423401,12.0,5.137906074523926,180.0
1000.0,True,False,nan,45.144386291503906,0.48938268423080444,0.8564233183860779,7.0,4.874170303344727,180.0
1000.0,True,False,nan,46.39536666870117,0.45537203550338745,0.8099179267883301,4.0,5.235881328582764,180.0
1000.0,True,False,nan,46.884395599365234,0.47552454471588135,1.6327320337295532,7.0,5.532286167144775,180.0
1000.0,True,False,nan,45.51041793823242,0.4460771679878235,1.3192766904830933,5.0,5.339437484741211,180.0
1000.0,True,False,nan,49.05475616455078,0.5335971713066101,1.1322238445281982,5.0,5.445272445678711,180.0
1000.0,True,False,nan,48.709556579589844,0.5269531607627869,0.7618132829666138,2.0,5.191740036010742,180.0
1000.0,True,False,nan,55.69367218017578,0.5182190537452698,0.8061273097991943,6.0,5.049914360046387,180.0
1000.0,True,False,nan,49.4166259765625,0.5690999031066895,0.8477881550788879,4.0,4.985138416290283,180.0
1000.0,True,False,nan,48.40324020385742,0.5217314958572388,0.9021726250648499,3.0,5.580205917358398,180.0
1000.0,True,False,nan,47.678009033203125,0.5464877486228943,1.3781826496124268,6.0,5.20619010925293,180.0
1000.0,True,False,nan,48.98884963989258,0.4472310245037079,1.2262192964553833,3.0,5.851256847381592,180.0
1000.0,True,False,nan,45.071144104003906,0.5154275298118591,1.4057430028915405,9.0,5.875350475311279,180.0
1000.0,True,False,nan,47.933719635009766,0.6063658595085144,0.8036731481552124,6.0,5.916546821594238,180.0
1000.0,True,False,nan,45.910831451416016,0.5139738321304321,1.3501782417297363,5.0,5.239339828491211,180.0
1000.0,True,False,nan,45.10556411743164,0.48644810914993286,1.6332238912582397,13.0,4.991472244262695,180.0
1000.0,True,False,nan,48.01004409790039,0.5176683664321899,1.104906678199768,5.0,5.300615310668945,180.0
1000.0,True,False,nan,47.92980194091797,0.5088291168212891,1.5299965143203735,14.0,5.216490745544434,180.0
1000.0,True,False,nan,52.28596878051758,0.5961351990699768,1.1987355947494507,7.0,5.260247230529785,180.0
1000.0,True,False,nan,55.22812271118164,0.5560438632965088,1.502429485321045,9.0,5.132399559020996,180.0
1000.0,True,False,nan,45.6746826171875,0.4993204176425934,1.4491934776306152,5.0,5.159562110900879,180.0
1000.0,True,False,nan,56.0180778503418,0.539133608341217,1.4675309658050537,11.0,5.042552947998047,180.0
1000.0,True,False,nan,51.6344108581543,0.5235521197319031,1.7052000761032104,14.0,5.118373394012451,180.0
1000.0,True,False,nan,54.6418571472168,0.5538595914840698,0.9236401915550232,6.0,5.477437973022461,180.0
1000.0,True,False,nan,46.25938034057617,0.5729678273200989,1.3666090965270996,9.0,4.901559829711914,180.0
1000.0,True,False,nan,53.88786315917969,0.5009667277336121,1.6794742345809937,7.0,4.533301830291748,180.0
1000.0,True,False,nan,51.658443450927734,0.4875306189060211,0.977648138999939,6.0,5.273441791534424,180.0
1000.0,True,False,nan,52.756526947021484,0.5637860894203186,1.500005841255188,14.0,5.178645610809326,180.0
1000.0,True,False,nan,50.34194564819336,0.621552586555481,1.006081461906433,8.0,5.047842979431152,180.0
1000.0,True,False,nan,49.821678161621094,0.5329264998435974,1.7798566818237305,14.0,5.1235032081604,180.0
1000.0,True,False,nan,52.53953170776367,0.48933863639831543,1.6626863479614258,6.0,4.481604099273682,180.0
1000.0,True,False,nan,48.7475700378418,0.5764594674110413,0.9994545578956604,4.0,4.8274407386779785,180.0
1000.0,True,False,nan,53.78366470336914,0.6611944437026978,0.8013134002685547,4.0,5.520432949066162,180.0
1000.0,True,False,nan,45.74797058105469,0.6918625235557556,1.0641660690307617,6.0,5.096314907073975,180.0
1000.0,True,False,nan,49.30222702026367,0.7245638966560364,0.7162047028541565,5.0,5.452754497528076,180.0
1000.0,True,False,nan,47.33061218261719,0.6151040196418762,0.9821441173553467,5.0,5.536282062530518,180.0
1000.0,True,False,nan,53.78472900390625,0.5879378914833069,1.6996502876281738,14.0,4.91154670715332,180.0
1000.0,True,False,nan,45.49663543701172,0.6943378448486328,0.7423128485679626,4.0,5.113030433654785,180.0
1000.0,True,False,nan,52.71638107299805,0.6651768684387207,1.1873358488082886,7.0,5.1965742111206055,180.0
1000.0,True,False,nan,51.519954681396484,0.6200277209281921,1.5992411375045776,14.0,5.232792854309082,180.0
1000.0,True,False,nan,51.83540725708008,0.6569394469261169,1.2549502849578857,8.0,5.309823989868164,180.0
1000.0,True,False,nan,47.47889709472656,0.702408492565155,0.9426019787788391,6.0,5.088024616241455,180.0
1000.0,True,False,nan,52.48832702636719,0.6138680577278137,1.5625090599060059,14.0,5.112478256225586,180.0
1000.0,True,False,nan,50.28110885620117,0.6228941679000854,0.8877761363983154,3.0,5.0486369132995605,180.0
1000.0,True,False,nan,45.287654876708984,0.6945881843566895,1.0578744411468506,6.0,5.16659688949585,180.0
1000.0,True,False,nan,47.062557220458984,0.694002091884613,0.9564756751060486,6.0,4.902615070343018,180.0
1000.0,True,False,nan,47.82266616821289,0.6464242935180664,0.8075181841850281,3.0,4.623007297515869,180.0
1000.0,True,False,nan,48.47725296020508,0.7237054109573364,0.7863146066665649,9.0,5.071983814239502,180.0
1000.0,True,False,nan,50.64657211303711,0.7816699147224426,0.7033291459083557,5.0,5.2858781814575195,180.0
1000.0,True,False,nan,51.78770446777344,0.6489696502685547,0.9888433218002319,6.0,4.40219259262085,180.0
1000.0,True,False,nan,47.928768157958984,0.6815255284309387,0.7890251278877258,5.0,4.488243579864502,180.0
1000.0,True,False,nan,52.27939224243164,0.7661535143852234,0.9080724120140076,5.0,5.2793779373168945,180.0
1000.0,True,False,nan,46.12812042236328,0.7690702080726624,0.9568660259246826,5.0,4.610410213470459,180.0
1000.0,True,False,nan,47.26504898071289,0.6746146082878113,1.055428147315979,4.0,4.744431495666504,180.0
1000.0,True,False,nan,45.233787536621094,0.3364245295524597,0.9236336350440979,6.0,4.49932336807251,270.0
1000.0,True,False,nan,46.621883392333984,0.3509821593761444,0.9039801955223083,3.0,4.152248859405518,270.0
1000.0,True,False,nan,47.37547302246094,0.3328695595264435,0.7583684325218201,9.0,4.2310357093811035,270.0
1000.0,True,False,nan,47.965030670166016,0.31331667304039,1.502440333366394,9.0,4.751001358032227,270.0
1000.0,True,False,nan,52.01566696166992,0.31424108147621155,0.8277900218963623,5.0,4.134109973907471,270.0
1000.0,True,False,nan,47.87607955932617,0.29487165808677673,1.632723093032837,7.0,4.539042949676514,270.0
1000.0,True,False,nan,49.52968215942383,0.3152414858341217,1.4674443006515503,14.0,4.520656585693359,270.0
1000.0,True,False,nan,50.14441680908203,0.3557823896408081,1.132225751876831,5.0,4.623917579650879,270.0
1000.0,True,False,nan,53.25971221923828,0.37362319231033325,0.9397227764129639,3.0,4.560363292694092,270.0
1000.0,True,False,nan,53.24672317504883,0.2618437111377716,1.7052104473114014,14.0,4.766961097717285,270.0
1000.0,True,False,nan,48.22712707519531,0.3000657260417938,0.8061234354972839,6.0,4.175628185272217,270.0
1000.0,True,False,nan,53.5809326171875,0.36191296577453613,0.856365978717804,7.0,4.489599227905273,270.0
1000.0,True,False,nan,47.683650970458984,0.37084823846817017,0.8477787971496582,4.0,4.616272926330566,270.0
1000.0,True,False,nan,46.21963119506836,0.3781815469264984,0.9994588494300842,4.0,4.6275482177734375,270.0
1000.0,True,False,nan,49.28837966918945,0.2655263841152191,2.022087812423706,5.0,4.345064640045166,270.0
1000.0,True,False,nan,49.40279006958008,0.3740202486515045,1.36737859249115,10.0,4.6977691650390625,270.0
1000.0,True,False,nan,51.96406936645508,0.38916605710983276,1.1987314224243164,7.0,4.687417030334473,270.0
1000.0,True,False,nan,51.6900634765625,0.367694228887558,1.382573127746582,8.0,4.73991584777832,270.0
1000.0,True,False,nan,50.09501647949219,0.270209401845932,1.2262294292449951,3.0,3.7796127796173096,270.0
1000.0,True,False,nan,49.84370040893555,0.34013357758522034,1.5584783554077148,5.0,4.31588888168335,270.0
1000.0,True,False,nan,46.45402908325195,0.3650057315826416,0.7330514788627625,9.0,4.332787036895752,270.0
1000.0,True,False,nan,48.174198150634766,0.37210407853126526,1.4057389497756958,9.0,4.302124977111816,270.0
1000.0,True,False,nan,48.23429489135742,0.4443950951099396,0.8036512732505798,6.0,3.996095895767212,270.0
1000.0,True,False,nan,45.10894775390625,0.34273019433021545,0.7618168592453003,2.0,4.211172580718994,270.0
1000.0,True,False,nan,46.746437072753906,0.41181308031082153,1.006083369255066,8.0,4.787693023681641,270.0
1000.0,True,False,nan,52.861244201660156,0.3349646329879761,0.6904443502426147,12.0,4.077977180480957,270.0
1000.0,True,False,nan,46.38599395751953,0.3418099582195282,1.6626771688461304,6.0,4.827703475952148,270.0
1000.0,True,False,nan,50.585838317871094,0.38938626646995544,1.086583137512207,5.0,4.304401874542236,270.0
1000.0,True,False,nan,45.77638626098633,0.4652917981147766,0.9080879092216492,5.0,4.608532428741455,270.0
1000.0,True,False,nan,48.87752151489258,0.4501975476741791,0.7544441223144531,9.0,3.784181594848633,270.0
1000.0,True,False,nan,45.21131134033203,0.4611144959926605,0.8099220395088196,4.0,4.094916343688965,270.0
1000.0,True,False,nan,48.533531188964844,0.4027869999408722,1.4491949081420898,5.0,4.709511756896973,270.0
1000.0,True,False,nan,45.33476638793945,0.3959156572818756,0.9821489453315735,5.0,4.059238433837891,270.0
1000.0,True,False,nan,46.72041320800781,0.38596558570861816,0.8935012817382812,3.0,4.155301094055176,270.0
1000.0,True,False,nan,45.654808044433594,0.5096089839935303,0.7890346050262451,5.0,4.634926795959473,270.0
1000.0,True,False,nan,45.54170227050781,0.4769299030303955,1.057863712310791,6.0,4.738043308258057,270.0
1000.0,True,False,nan,49.567588806152344,0.41755712032318115,1.3192614316940308,5.0,4.604173183441162,270.0
1000.0,True,False,nan,46.112483978271484,0.4665237069129944,1.1873502731323242,7.0,4.525585174560547,270.0
1000.0,True,False,nan,54.17816162109375,0.4020019769668579,1.5019913911819458,11.0,4.320616245269775,270.0
1000.0,True,False,nan,47.4286003112793,0.4459015130996704,0.8013137578964233,4.0,4.125309467315674,270.0
1000.0,True,False,nan,48.919166564941406,0.4322996139526367,1.0554255247116089,4.0,4.376101016998291,270.0
1000.0,True,False,nan,45.62526321411133,0.4058503210544586,1.3501739501953125,5.0,4.7679219245910645,270.0
1000.0,True,False,nan,52.17109298706055,0.28601324558258057,0.9776487946510315,6.0,3.603152275085449,270.0
1000.0,True,False,nan,49.43181610107422,0.428576797246933,1.500013828277588,14.0,4.3134026527404785,270.0
1000.0,True,False,nan,50.840614318847656,0.49140042066574097,0.7972905039787292,4.0,4.032010078430176,270.0
1000.0,True,False,nan,45.446685791015625,0.5079011917114258,0.7033544778823853,5.0,4.533503532409668,270.0
1000.0,True,False,nan,49.31327819824219,0.43281444907188416,1.633217215538025,13.0,4.5029072761535645,270.0
1000.0,True,False,nan,47.40281295776367,0.38101115822792053,1.7798552513122559,14.0,4.636016368865967,270.0
1000.0,True,False,nan,46.27619171142578,0.42451560497283936,1.5992228984832764,14.0,4.5751495361328125,270.0
1000.0,True,False,nan,47.59761428833008,0.44143402576446533,1.104901909828186,5.0,4.550287246704102,270.0
1000.0,True,False,nan,48.1062126159668,0.47300848364830017,1.2549633979797363,8.0,4.5929365158081055,270.0
1000.0,True,False,nan,46.86444091796875,0.49893295764923096,0.807522714138031,3.0,4.612844944000244,270.0
1000.0,True,False,nan,51.150333404541016,0.4018987715244293,1.5300041437149048,14.0,4.199371814727783,270.0
1000.0,True,False,nan,45.275123596191406,0.5140300989151001,0.716202974319458,5.0,4.4445953369140625,270.0
1000.0,True,False,nan,46.652976989746094,0.418207585811615,1.699662685394287,14.0,4.734737873077393,270.0
1000.0,True,False,nan,50.41338348388672,0.41007354855537415,1.6794776916503906,7.0,4.863409519195557,270.0
1000.0,True,False,nan,47.61642837524414,0.5262637138366699,0.9564827084541321,6.0,4.74324893951416,270.0
1000.0,True,False,nan,48.37415313720703,0.522834837436676,0.9888384938240051,6.0,4.810567855834961,270.0
1000.0,True,False,nan,45.351680755615234,0.43675920367240906,1.562509298324585,14.0,4.587889194488525,270.0
1000.0,True,False,nan,50.227500915527344,0.47783011198043823,0.7423129081726074,4.0,4.263590335845947,270.0
1000.0,True,False,nan,52.4381217956543,0.47809404134750366,0.7863072752952576,9.0,4.249304294586182,270.0
1000.0,True,False,nan,45.67036819458008,0.5779920816421509,1.0641744136810303,6.0,4.758984565734863,270.0
1000.0,True,False,nan,46.52287292480469,0.596341073513031,0.9568549990653992,5.0,4.708461284637451,270.0
1000.0,True,False,nan,47.52420425415039,0.5788261890411377,0.9425957202911377,6.0,4.737498760223389,270.0
1000.0,True,False,nan,52.05083465576172,0.3139592409133911,0.8317121267318726,5.0,4.137487411499023,270.0
1000.0,True,False,nan,53.25979995727539,0.37362346053123474,0.9397255182266235,3.0,4.560366630554199,270.0
1000.0,True,False,nan,53.24687957763672,0.2618422210216522,1.7052005529403687,14.0,4.766932964324951,270.0
1000.0,True,False,nan,45.233436584472656,0.33642488718032837,0.9236370921134949,6.0,4.499313831329346,270.0
1000.0,True,False,nan,47.375457763671875,0.3328687846660614,0.7583706378936768,9.0,4.23103141784668,270.0
1000.0,True,False,nan,47.965389251708984,0.3133174479007721,1.50244140625,9.0,4.750995635986328,270.0
1000.0,True,False,nan,47.87567138671875,0.2948671579360962,1.632736325263977,7.0,4.539035320281982,270.0
1000.0,True,False,nan,49.897491455078125,0.3131905198097229,1.4675296545028687,11.0,4.45145845413208,270.0
1000.0,True,False,nan,50.0969352722168,0.35694894194602966,1.118625283241272,5.0,4.624909400939941,270.0
1000.0,True,False,nan,48.22727966308594,0.30006492137908936,0.8061259984970093,6.0,4.175621032714844,270.0
1000.0,True,False,nan,53.581729888916016,0.3619108498096466,0.8563621640205383,7.0,4.489588737487793,270.0
1000.0,True,False,nan,47.683345794677734,0.37084531784057617,0.8477842211723328,4.0,4.616267204284668,270.0
1000.0,True,False,nan,46.62168502807617,0.350983202457428,0.9039807319641113,3.0,4.152242660522461,270.0
1000.0,True,False,nan,49.844032287597656,0.3401356637477875,1.5584824085235596,5.0,4.315906047821045,270.0
1000.0,True,False,nan,46.21977996826172,0.37817949056625366,0.9994564652442932,4.0,4.627535343170166,270.0
1000.0,True,False,nan,49.288780212402344,0.26553231477737427,2.022078514099121,5.0,4.3450822830200195,270.0
1000.0,True,False,nan,49.40214920043945,0.37400779128074646,1.3673999309539795,10.0,4.697729110717773,270.0
1000.0,True,False,nan,51.964542388916016,0.38916724920272827,1.198732852935791,7.0,4.6874260902404785,270.0
1000.0,True,False,nan,51.693641662597656,0.3674514889717102,1.3839731216430664,8.0,4.739989280700684,270.0
1000.0,True,False,nan,50.09543991088867,0.2702285349369049,1.2262331247329712,3.0,3.7796390056610107,270.0
1000.0,True,False,nan,48.1744384765625,0.37210091948509216,1.4057353734970093,9.0,4.3020524978637695,270.0
1000.0,True,False,nan,46.78917694091797,0.41211819648742676,1.0060828924179077,8.0,4.787692546844482,270.0
1000.0,True,False,nan,52.861671447753906,0.33496424555778503,0.6904441118240356,12.0,4.07796049118042,270.0
1000.0,True,False,nan,46.38623809814453,0.3418115973472595,1.6626733541488647,6.0,4.82769250869751,270.0
1000.0,True,False,nan,50.393516540527344,0.3890573978424072,1.0868700742721558,5.0,4.29848051071167,270.0
1000.0,True,False,nan,46.454017639160156,0.36500564217567444,0.7330482602119446,9.0,4.3327813148498535,270.0
1000.0,True,False,nan,48.23424530029297,0.444393515586853,0.8036586046218872,6.0,3.99609637260437,270.0
1000.0,True,False,nan,45.10879898071289,0.34273162484169006,0.7618138194084167,2.0,4.211176872253418,270.0
1000.0,True,False,nan,54.18387985229492,0.4019860625267029,1.5021432638168335,11.0,4.320025444030762,270.0
1000.0,True,False,nan,49.566200256347656,0.4175540506839752,1.319271445274353,5.0,4.604153633117676,270.0
1000.0,True,False,nan,52.17205047607422,0.2859891355037689,0.9776595830917358,6.0,3.603154182434082,270.0
1000.0,True,False,nan,49.43315124511719,0.42858201265335083,1.500007152557373,14.0,4.3134307861328125,270.0
1000.0,True,False,nan,45.77593994140625,0.4652898907661438,0.9080938100814819,5.0,4.608517646789551,270.0
1000.0,True,False,nan,51.14995193481445,0.4019036293029785,1.5300029516220093,14.0,4.199367523193359,270.0
1000.0,True,False,nan,48.87752914428711,0.45020079612731934,0.7544409036636353,9.0,3.784183979034424,270.0
1000.0,True,False,nan,45.211185455322266,0.46111205220222473,0.8099255561828613,4.0,4.094916343688965,270.0
1000.0,True,False,nan,48.53300094604492,0.40278786420822144,1.4491876363754272,5.0,4.709506988525391,270.0
1000.0,True,False,nan,45.3349494934082,0.395917683839798,0.9821445345878601,5.0,4.059244632720947,270.0
1000.0,True,False,nan,46.720436096191406,0.38596436381340027,0.893505334854126,3.0,4.155301094055176,270.0
1000.0,True,False,nan,47.080360412597656,0.5025871992111206,0.7888503074645996,5.0,4.648922920227051,270.0
1000.0,True,False,nan,47.428436279296875,0.44590020179748535,0.8013110160827637,4.0,4.125297546386719,270.0
1000.0,True,False,nan,48.91897964477539,0.4322986304759979,1.0554234981536865,4.0,4.3760905265808105,270.0
1000.0,True,False,nan,50.8404541015625,0.49139460921287537,0.7973012328147888,4.0,4.03199577331543,270.0
1000.0,True,False,nan,45.446998596191406,0.5078909993171692,0.7033300995826721,5.0,4.533533096313477,270.0
1000.0,True,False,nan,49.313995361328125,0.4328160881996155,1.6332221031188965,13.0,4.502923965454102,270.0
1000.0,True,False,nan,47.402496337890625,0.3810109794139862,1.7798500061035156,14.0,4.636014938354492,270.0
1000.0,True,False,nan,47.597572326660156,0.4414319097995758,1.1049062013626099,5.0,4.550289630889893,270.0
1000.0,True,False,nan,46.86444091796875,0.4989316463470459,0.8075370192527771,3.0,4.6128435134887695,270.0
1000.0,True,False,nan,45.274513244628906,0.5140308737754822,0.7162071466445923,5.0,4.444609642028809,270.0
1000.0,True,False,nan,50.413360595703125,0.41007378697395325,1.6794766187667847,7.0,4.863412380218506,270.0
1000.0,True,False,nan,46.113677978515625,0.46652650833129883,1.187339425086975,7.0,4.52560567855835,270.0
1000.0,True,False,nan,45.625396728515625,0.4058503806591034,1.3501777648925781,5.0,4.767926216125488,270.0
1000.0,True,False,nan,46.26177978515625,0.42443040013313293,1.5992501974105835,14.0,4.575133800506592,270.0
1000.0,True,False,nan,48.106510162353516,0.47301191091537476,1.2549500465393066,8.0,4.592941761016846,270.0
1000.0,True,False,nan,45.541961669921875,0.4769190549850464,1.0579290390014648,6.0,4.738032817840576,270.0
1000.0,True,False,nan,47.617095947265625,0.5262667536735535,0.9564827084541321,6.0,4.743264198303223,270.0
1000.0,True,False,nan,46.65404510498047,0.41821378469467163,1.6996467113494873,14.0,4.734739303588867,270.0
1000.0,True,False,nan,50.26469421386719,0.47786077857017517,0.7422235012054443,4.0,4.264328956604004,270.0
1000.0,True,False,nan,48.37432861328125,0.5228334069252014,0.9888420104980469,6.0,4.8105692863464355,270.0
1000.0,True,False,nan,45.35062789916992,0.4367589056491852,1.5625011920928955,14.0,4.587878704071045,270.0
1000.0,True,False,nan,52.438228607177734,0.47809168696403503,0.7863145470619202,9.0,4.249297142028809,270.0
1000.0,True,False,nan,38.70680236816406,0.5491761565208435,0.9568660259246826,5.0,4.708470821380615,270.0
1000.0,True,False,nan,1.797438383102417,0.0,0.9426103830337524,6.0,0.875209629535675,270.0
