push_n,fell,recovered,recovery_time_s,max_tilt_deg,velocity_loss,pre_push_vel_err,feet_in_contact_at_push,peak_dv,direction_deg
700.0,True,False,nan,46.75037384033203,0.1756155788898468,0.7463722229003906,6.0,3.5424134731292725,0.0
700.0,True,False,nan,46.63453674316406,0.18704091012477875,0.7150686383247375,3.0,3.5527396202087402,0.0
700.0,True,False,nan,47.87374496459961,0.13496533036231995,0.8729082345962524,7.0,3.366246461868286,0.0
700.0,True,False,nan,45.52058410644531,0.12496504187583923,1.0050079822540283,7.0,3.4722912311553955,0.0
700.0,True,False,nan,46.89329147338867,0.15888379514217377,0.7047410607337952,1.0,3.2132363319396973,0.0
700.0,True,False,nan,45.683128356933594,0.16056008636951447,0.8212335109710693,7.0,3.5209622383117676,0.0
700.0,True,False,nan,51.24476623535156,0.15357887744903564,0.8152322173118591,7.0,3.421386480331421,0.0
700.0,True,False,nan,46.710269927978516,0.1384783685207367,0.9236630797386169,7.0,3.3057596683502197,0.0
700.0,True,False,nan,46.83743667602539,0.16619126498699188,0.7953422665596008,3.0,3.035179615020752,0.0
700.0,True,False,nan,45.454532623291016,0.1734492927789688,0.8951349854469299,4.0,3.1891868114471436,0.0
700.0,True,False,nan,49.28224182128906,0.17435699701309204,0.9312058091163635,3.0,3.4622764587402344,0.0
700.0,True,False,nan,47.65116882324219,0.21401408314704895,0.7718132734298706,4.0,3.5017058849334717,0.0
700.0,True,False,nan,56.703426361083984,0.16404180228710175,0.8208797574043274,1.0,3.4044389724731445,0.0
700.0,True,False,nan,49.59961700439453,0.20783761143684387,0.8046790361404419,4.0,3.289350748062134,0.0
700.0,True,False,nan,53.54940414428711,0.14427028596401215,0.962032675743103,12.0,3.5771901607513428,0.0
700.0,True,False,nan,54.30592346191406,0.17897799611091614,0.7832132577896118,4.0,3.3208627700805664,0.0
700.0,True,False,nan,49.29512405395508,0.1390058547258377,0.9035537838935852,4.0,3.4260144233703613,0.0
700.0,True,False,nan,48.85123825073242,0.173349991440773,0.8915741443634033,4.0,3.463789463043213,0.0
700.0,True,False,nan,48.05170822143555,0.11401617527008057,1.0539237260818481,7.0,3.0019469261169434,0.0
700.0,True,False,nan,52.41579818725586,0.14546142518520355,0.9486245512962341,7.0,3.1356253623962402,0.0
700.0,True,False,nan,46.29841995239258,0.2146427184343338,0.7460452318191528,4.0,3.485997200012207,0.0
700.0,True,False,nan,46.49560546875,0.19567084312438965,0.7945627570152283,4.0,3.2623343467712402,0.0
700.0,True,False,nan,45.736061096191406,0.15914641320705414,0.7929303646087646,4.0,3.294821262359619,0.0
700.0,True,False,nan,49.760780334472656,0.15984119474887848,0.8687732815742493,3.0,3.1179003715515137,0.0
700.0,True,False,nan,46.0604133605957,0.17837250232696533,0.8617377281188965,7.0,3.4037020206451416,0.0
700.0,True,False,nan,49.25986099243164,0.15582053363323212,0.8493775129318237,3.0,3.4183621406555176,0.0
700.0,True,False,nan,47.23104476928711,0.18082715570926666,0.8373029232025146,4.0,3.4360270500183105,0.0
700.0,True,False,nan,47.84366989135742,0.16333645582199097,0.9245894551277161,7.0,3.1136646270751953,0.0
700.0,True,False,nan,45.86580276489258,0.12955544888973236,1.0563197135925293,5.0,3.3161818981170654,0.0
700.0,True,False,nan,51.5222053527832,0.17954474687576294,0.7929534912109375,4.0,3.3044209480285645,0.0
700.0,True,False,nan,47.00194549560547,0.188479483127594,0.8300948143005371,5.0,3.382488489151001,0.0
700.0,True,False,nan,51.16398620605469,0.15112638473510742,0.9229719638824463,5.0,3.34565806388855,0.0
700.0,True,False,nan,49.49806594848633,0.1684396117925644,0.8623905777931213,6.0,3.2669730186462402,0.0
700.0,True,False,nan,46.757083892822266,0.15032880008220673,0.9185165166854858,11.0,3.226557970046997,0.0
700.0,True,False,nan,45.1240348815918,0.16724464297294617,0.9718121886253357,4.0,3.368901014328003,0.0
700.0,True,False,nan,52.746238708496094,0.43851399421691895,0.7654725909233093,7.0,3.471632242202759,0.0
700.0,True,False,nan,45.985679626464844,0.34322866797447205,0.9681029319763184,14.0,3.496849298477173,0.0
700.0,True,False,nan,45.45962905883789,0.7944006323814392,0.9136728048324585,4.0,3.5656285285949707,0.0
700.0,True,False,nan,45.39902877807617,0.6707637310028076,0.9559847116470337,9.0,3.5433526039123535,0.0
700.0,True,False,nan,46.629634857177734,1.865249514579773,0.9742587208747864,5.0,3.267604351043701,0.0
700.0,False,True,1.1999999284744263,41.982486724853516,1.5395883321762085,0.7663748860359192,4.0,3.5309271812438965,0.0
700.0,False,True,0.9199999570846558,34.74544143676758,1.1308271884918213,0.8430654406547546,5.0,3.5304853916168213,0.0
700.0,False,True,1.459999918937683,44.15385818481445,1.8254671096801758,0.7639822959899902,3.0,3.3772966861724854,0.0
700.0,False,True,0.9399999976158142,40.90478515625,1.2977675199508667,0.9099557399749756,3.0,3.2228548526763916,0.0
700.0,False,True,0.9799999594688416,32.237342834472656,1.5357106924057007,0.8780738115310669,4.0,3.322697877883911,0.0
700.0,False,True,1.4399999380111694,43.69490051269531,1.7275716066360474,0.8794857263565063,4.0,3.4688174724578857,0.0
700.0,False,True,0.8999999761581421,42.83797836303711,1.0329700708389282,0.9603159427642822,7.0,3.465367317199707,0.0
700.0,False,True,0.8999999761581421,33.38294219970703,1.3264023065567017,1.0087794065475464,4.0,3.343855857849121,0.0
700.0,False,True,1.1799999475479126,43.7893180847168,1.5570274591445923,0.9296360015869141,4.0,3.21392822265625,0.0
700.0,False,True,1.1799999475479126,38.954078674316406,1.7819445133209229,0.8542006015777588,4.0,3.349102258682251,0.0
700.0,False,True,0.8999999761581421,39.307865142822266,1.1215481758117676,0.8917655944824219,7.0,3.5549733638763428,0.0
700.0,False,False,nan,41.56589889526367,2.460700511932373,0.8721814751625061,7.0,3.4988627433776855,0.0
700.0,False,True,0.9199999570846558,43.14346694946289,1.38271164894104,0.8117286562919617,4.0,3.383683919906616,0.0
700.0,False,True,1.1799999475479126,43.35342025756836,1.3889480829238892,1.063653826713562,6.0,3.270578145980835,0.0
700.0,False,True,0.8999999761581421,39.366153717041016,1.072196125984192,1.0088387727737427,5.0,3.2677736282348633,0.0
700.0,False,True,0.9199999570846558,41.5462532043457,1.2463349103927612,0.8504422903060913,4.0,3.3744423389434814,0.0
700.0,False,True,0.8999999761581421,41.5338020324707,1.1796681880950928,0.8972912430763245,5.0,3.391047477722168,0.0
700.0,False,True,0.9399999976158142,34.56163024902344,1.4405471086502075,0.9213730096817017,3.0,3.3207907676696777,0.0
700.0,False,True,1.4199999570846558,31.098770141601562,1.609768033027649,1.00948166847229,3.0,3.321728467941284,0.0
700.0,False,True,0.9199999570846558,42.89447784423828,1.29153311252594,0.9049028754234314,4.0,3.2271978855133057,0.0
700.0,False,True,0.8999999761581421,40.15591049194336,1.172936201095581,0.9717793464660645,6.0,3.287658214569092,0.0
700.0,False,True,0.9199999570846558,36.456844329833984,1.096163034439087,0.8525185585021973,4.0,3.530421733856201,0.0
700.0,False,True,0.9199999570846558,44.32067108154297,1.0877889394760132,0.9740175008773804,5.0,3.3547325134277344,0.0
700.0,False,True,1.0,34.84463119506836,1.5900202989578247,0.8353559374809265,3.0,3.3418190479278564,0.0
700.0,True,False,nan,47.88370895385742,0.13452444970607758,0.8729088306427002,7.0,3.3579189777374268,0.0
700.0,True,False,nan,56.70330047607422,0.16404159367084503,0.8208774328231812,1.0,3.404452323913574,0.0
700.0,True,False,nan,46.893524169921875,0.15888375043869019,0.7047437429428101,1.0,3.2132325172424316,0.0
700.0,True,False,nan,46.750335693359375,0.17561617493629456,0.7463715076446533,6.0,3.542407989501953,0.0
700.0,True,False,nan,51.24480438232422,0.15357092022895813,0.8152984380722046,7.0,3.421393394470215,0.0
700.0,True,False,nan,45.68307876586914,0.16055995225906372,0.8212353587150574,7.0,3.520961046218872,0.0
700.0,True,False,nan,53.549556732177734,0.1442701369524002,0.9620286822319031,12.0,3.5772180557250977,0.0
700.0,True,False,nan,49.29506301879883,0.13900737464427948,0.9035511016845703,4.0,3.4260265827178955,0.0
700.0,True,False,nan,46.71014404296875,0.1384761929512024,0.9236728549003601,7.0,3.3057594299316406,0.0
700.0,True,False,nan,51.51692581176758,0.1795782893896103,0.7926201820373535,4.0,3.30263614654541,0.0
700.0,True,False,nan,49.2589225769043,0.15581870079040527,0.8493821024894714,3.0,3.4183425903320312,0.0
700.0,True,False,nan,46.46157455444336,0.18746304512023926,0.7174266576766968,1.0,3.5500333309173584,0.0
700.0,True,False,nan,46.76016616821289,0.15032240748405457,0.9185126423835754,11.0,3.226590394973755,0.0
700.0,True,False,nan,45.73636245727539,0.15914778411388397,0.7929244041442871,4.0,3.2948110103607178,0.0
700.0,True,False,nan,45.81072998046875,0.12962710857391357,1.0561786890029907,5.0,3.3140740394592285,0.0
700.0,True,False,nan,51.16971206665039,0.15102526545524597,0.9240038990974426,5.0,3.3518002033233643,0.0
700.0,True,False,nan,54.30626678466797,0.17897658050060272,0.7832183837890625,4.0,3.3208837509155273,0.0
700.0,True,False,nan,52.74628829956055,0.4385152757167816,0.7654705047607422,7.0,3.471632242202759,0.0
700.0,True,False,nan,49.49702072143555,0.16844013333320618,0.8623855710029602,5.0,3.2669718265533447,0.0
700.0,True,False,nan,46.8375129699707,0.1661900281906128,0.7953476905822754,3.0,3.0351855754852295,0.0
700.0,True,False,nan,49.76093292236328,0.1598408818244934,0.8687751889228821,3.0,3.1179091930389404,0.0
700.0,True,False,nan,49.599571228027344,0.20783719420433044,0.8046818375587463,4.0,3.289348602294922,0.0
700.0,True,False,nan,47.84365463256836,0.16333594918251038,0.924592137336731,7.0,3.1136646270751953,0.0
700.0,True,False,nan,1.7333649396896362,0.0,0.8300925493240356,5.0,0.40917694568634033,0.0
700.0,True,False,nan,3.4659407138824463,0.025981761515140533,0.8915741443634033,4.0,1.6706111431121826,0.0
700.0,True,False,nan,48.25286865234375,0.42929691076278687,1.005006194114685,7.0,3.605388641357422,90.0
700.0,True,False,nan,46.90085983276367,0.5205966234207153,0.9680914282798767,14.0,3.38966703414917,90.0
700.0,True,False,nan,46.99170684814453,0.32112085819244385,0.8208778500556946,1.0,2.548557996749878,90.0
700.0,True,False,nan,46.299049377441406,0.4936639666557312,0.9620293378829956,12.0,3.4992334842681885,90.0
700.0,True,False,nan,48.19214630126953,0.4968110918998718,1.0563287734985352,5.0,3.5388083457946777,90.0
700.0,True,False,nan,47.145240783691406,0.4255806803703308,0.8729097247123718,7.0,3.0964741706848145,90.0
700.0,True,False,nan,48.07198715209961,0.40629875659942627,0.7047424912452698,1.0,2.4488911628723145,90.0
700.0,True,False,nan,47.915306091308594,0.3874417245388031,0.923675000667572,7.0,2.8152153491973877,90.0
700.0,True,False,nan,45.069007873535156,0.433252215385437,0.7654731869697571,7.0,2.808173894882202,90.0
700.0,True,False,nan,47.58254623413086,0.6050490140914917,0.955986738204956,9.0,3.365726947784424,90.0
700.0,True,False,nan,46.37177276611328,0.42489978671073914,1.0539276599884033,7.0,3.282961845397949,90.0
700.0,True,False,nan,45.65370178222656,0.4124208092689514,0.8152346014976501,7.0,2.5715630054473877,90.0
700.0,True,False,nan,46.48786926269531,0.5447021722793579,0.9035119414329529,4.0,3.3608381748199463,90.0
700.0,True,False,nan,48.068092346191406,0.48780983686447144,0.8493843078613281,3.0,2.997392177581787,90.0
700.0,True,False,nan,47.86533737182617,0.5385662913322449,0.7926177382469177,4.0,2.8899059295654297,90.0
700.0,True,False,nan,51.862796783447266,0.4734683632850647,0.8212321996688843,7.0,2.756344795227051,90.0
700.0,True,False,nan,45.16613006591797,0.5006811618804932,0.7953470349311829,3.0,2.410428285598755,90.0
700.0,True,False,nan,45.139312744140625,0.5798361897468567,0.8300914168357849,5.0,2.909351348876953,90.0
700.0,True,False,nan,49.35527038574219,0.5083286762237549,0.7832091450691223,4.0,2.6101434230804443,90.0
700.0,True,False,nan,47.54346466064453,0.5548820495605469,0.7928879261016846,4.0,2.7840750217437744,90.0
700.0,True,False,nan,46.676612854003906,0.5031766295433044,0.9718339443206787,4.0,3.253281831741333,90.0
700.0,True,False,nan,54.16353225708008,0.507870078086853,0.8623808026313782,6.0,2.737379789352417,90.0
700.0,True,False,nan,48.54910659790039,0.6543468236923218,0.9486207365989685,7.0,3.071626901626587,90.0
700.0,True,False,nan,46.991458892822266,0.7512192726135254,0.9312006235122681,3.0,3.2036237716674805,90.0
700.0,True,False,nan,45.91287612915039,0.6652500033378601,0.9230703711509705,5.0,3.1969337463378906,90.0
700.0,True,False,nan,45.353904724121094,1.5223253965377808,0.8263348340988159,3.0,3.0931615829467773,90.0
700.0,True,False,nan,48.55742263793945,1.633667230606079,0.9185110330581665,11.0,3.257188558578491,90.0
700.0,True,False,nan,45.967201232910156,1.3545739650726318,0.715778112411499,7.0,2.578136682510376,90.0
700.0,True,False,nan,46.68059539794922,2.019460678100586,0.8617371916770935,7.0,2.800499200820923,90.0
700.0,False,True,1.3799999952316284,29.089143753051758,1.033245325088501,0.766377866268158,4.0,2.6181247234344482,90.0
700.0,False,True,0.8399999737739563,19.21977424621582,1.046559453010559,0.8430619835853577,5.0,2.8642826080322266,90.0
700.0,False,True,0.7999999523162842,26.383071899414062,1.0279020071029663,0.8951511383056641,4.0,2.9493260383605957,90.0
700.0,False,True,0.9399999976158142,28.62718391418457,1.1317425966262817,0.771812379360199,4.0,2.5421574115753174,90.0
700.0,False,True,1.9199999570846558,26.30647087097168,3.0887629985809326,0.9136693477630615,4.0,3.151705503463745,90.0
700.0,False,True,1.1999999284744263,25.676143646240234,1.0602967739105225,0.8046823740005493,4.0,2.5237183570861816,90.0
700.0,False,True,1.3799999952316284,28.930452346801758,1.1710251569747925,0.7639749050140381,3.0,2.6478495597839355,90.0
700.0,False,True,0.9199999570846558,25.543630599975586,0.8326601982116699,0.9100243449211121,3.0,2.639381170272827,90.0
700.0,False,True,0.7999999523162842,16.656518936157227,1.000633955001831,0.8780718445777893,4.0,3.011218786239624,90.0
700.0,False,True,1.5,32.02994155883789,1.3246328830718994,0.769807755947113,7.0,2.590071201324463,90.0
700.0,False,True,0.8199999928474426,22.462100982666016,0.9828277230262756,0.8794863820075989,4.0,2.9516255855560303,90.0
700.0,False,True,1.1999999284744263,28.841129302978516,1.2014796733856201,0.8925118446350098,4.0,3.0452542304992676,90.0
700.0,False,True,1.899999976158142,24.174463272094727,2.8838725090026855,0.9603176116943359,7.0,3.267451763153076,90.0
700.0,False,True,1.3399999141693115,29.63715171813965,1.1232326030731201,0.746049165725708,4.0,2.6059792041778564,90.0
700.0,False,True,1.8399999141693115,21.97470474243164,2.628268003463745,1.0087780952453613,4.0,3.256894588470459,90.0
700.0,False,True,0.9199999570846558,27.635398864746094,0.848430335521698,0.929629385471344,4.0,2.9110326766967773,90.0
700.0,False,True,1.399999976158142,34.754512786865234,1.2734508514404297,0.7945657968521118,4.0,2.6007847785949707,90.0
700.0,False,True,1.3799999952316284,23.69717025756836,0.9292274713516235,0.854203999042511,4.0,2.7241275310516357,90.0
700.0,False,True,1.899999976158142,24.05457305908203,2.842251777648926,0.8934042453765869,7.0,3.083247423171997,90.0
700.0,False,True,0.8999999761581421,31.730167388916016,1.024013638496399,0.9742502570152283,5.0,3.082188844680786,90.0
700.0,False,True,1.059999942779541,27.031787872314453,1.1188558340072632,0.8117265105247498,4.0,2.6164867877960205,90.0
700.0,False,True,0.9399999976158142,30.059751510620117,0.8892186284065247,1.0636520385742188,6.0,3.2628726959228516,90.0
700.0,False,True,2.379999876022339,36.03034210205078,1.5967222452163696,0.8687784075737,3.0,2.5195729732513428,90.0
700.0,False,True,1.1399999856948853,28.51702117919922,1.3275609016418457,1.0088355541229248,5.0,3.3029098510742188,90.0
700.0,False,True,0.8199999928474426,21.59693717956543,0.9099391102790833,0.8504447340965271,4.0,2.808067560195923,90.0
700.0,False,True,1.0,25.059823989868164,1.094821810722351,0.8972968459129333,5.0,3.1546401977539062,90.0
700.0,False,True,0.7799999713897705,20.239259719848633,0.8554619550704956,0.9213714599609375,3.0,2.8523850440979004,90.0
700.0,False,True,1.6399999856948853,22.843103408813477,2.320899486541748,1.0094754695892334,3.0,3.170764923095703,90.0
700.0,False,True,1.6200000047683716,29.107240676879883,1.5244015455245972,0.8372965455055237,4.0,2.7701432704925537,90.0
700.0,False,True,0.6800000071525574,23.878387451171875,0.8705474734306335,0.904903769493103,4.0,2.7636144161224365,90.0
700.0,False,True,0.7999999523162842,25.159584045410156,0.9260939359664917,0.9717872738838196,6.0,3.1195199489593506,90.0
700.0,False,True,1.0199999809265137,31.507266998291016,0.7909030914306641,0.9245879650115967,7.0,2.757699489593506,90.0
700.0,False,True,0.8399999737739563,20.226905822753906,1.0036711692810059,0.8525317907333374,4.0,2.794121742248535,90.0
700.0,False,True,1.1399999856948853,25.212406158447266,1.4426226615905762,0.9740254282951355,5.0,3.2275071144104004,90.0
700.0,False,True,0.7199999690055847,20.31149673461914,0.8747197985649109,0.8353607058525085,3.0,2.820058584213257,90.0
700.0,True,False,nan,48.253170013427734,0.42929863929748535,1.005005121231079,7.0,3.605396270751953,90.0
700.0,True,False,nan,46.90029525756836,0.5205938220024109,0.9680989980697632,14.0,3.3896613121032715,90.0
700.0,True,False,nan,46.991668701171875,0.32112014293670654,0.8208795189857483,1.0,2.5485644340515137,90.0
700.0,True,False,nan,46.29908752441406,0.4936629831790924,0.9620333909988403,12.0,3.499234914779663,90.0
700.0,True,False,nan,46.90945816040039,0.4063000977039337,0.7063124775886536,1.0,2.4687163829803467,90.0
700.0,True,False,nan,45.65371322631836,0.4124232232570648,0.8152266144752502,7.0,2.5715644359588623,90.0
700.0,True,False,nan,45.0691032409668,0.4332537055015564,0.7654702663421631,7.0,2.8081717491149902,90.0
700.0,True,False,nan,47.91545486450195,0.387446790933609,0.9236693382263184,7.0,2.81522536277771,90.0
700.0,True,False,nan,48.19216537475586,0.496810644865036,1.0563277006149292,5.0,3.538803815841675,90.0
700.0,True,False,nan,47.14518356323242,0.4255794286727905,0.8729086518287659,7.0,3.096470594406128,90.0
700.0,True,False,nan,47.86506271362305,0.5385645031929016,0.7926200032234192,4.0,2.889918327331543,90.0
700.0,True,False,nan,47.582637786865234,0.6050458550453186,0.9559868574142456,9.0,3.3657290935516357,90.0
700.0,True,False,nan,49.36899948120117,0.5082704424858093,0.7832116484642029,4.0,2.6101794242858887,90.0
700.0,True,False,nan,45.166202545166016,0.500682532787323,0.795342206954956,3.0,2.4104251861572266,90.0
700.0,True,False,nan,54.16416931152344,0.5078701376914978,0.862389087677002,6.0,2.7373697757720947,90.0
700.0,True,False,nan,46.4872932434082,0.5447676777839661,0.9035465717315674,4.0,3.3609790802001953,90.0
700.0,True,False,nan,51.861549377441406,0.47346940636634827,0.8212375044822693,7.0,2.756348133087158,90.0
700.0,True,False,nan,46.371795654296875,0.4248969554901123,1.0539348125457764,7.0,3.2829666137695312,90.0
700.0,True,False,nan,8.377845764160156,0.19785532355308533,0.830094575881958,4.0,2.557616710662842,90.0
700.0,True,False,nan,31.713932037353516,0.4509190022945404,0.9293910264968872,2.0,3.2104594707489014,90.0
700.0,True,False,nan,23.24555778503418,0.25629496574401855,0.9486255049705505,7.0,3.071627616882324,90.0
700.0,True,False,nan,3.4631714820861816,0.11168049275875092,0.9214785099029541,9.0,2.23275089263916,90.0
700.0,True,False,nan,29.08934211730957,0.358927845954895,0.7929227352142334,9.0,2.7840890884399414,90.0
700.0,True,False,nan,37.72348403930664,0.4450192451477051,0.849385142326355,3.0,2.9973931312561035,90.0
700.0,True,False,nan,18.95309066772461,0.2840658724308014,0.9718431234359741,4.0,3.2532806396484375,90.0
700.0,True,False,nan,46.326942443847656,0.44925105571746826,1.0563181638717651,5.0,4.384113788604736,180.0
700.0,True,False,nan,45.33634567260742,0.45702457427978516,0.962038516998291,12.0,4.167084693908691,180.0
700.0,True,False,nan,46.705047607421875,0.4022195041179657,1.0539191961288452,7.0,4.216716289520264,180.0
700.0,True,False,nan,45.00946044921875,0.4569469094276428,0.9214807152748108,10.0,4.540221214294434,180.0
700.0,True,False,nan,45.311458587646484,0.420137882232666,1.0050088167190552,7.0,3.9454798698425293,180.0
700.0,True,False,nan,49.33460235595703,0.46584850549697876,0.7654701471328735,7.0,3.6510956287384033,180.0
700.0,True,False,nan,48.53866195678711,0.47212809324264526,0.9681037664413452,14.0,4.062598705291748,180.0
700.0,True,False,nan,50.69879150390625,0.4729554057121277,0.8208757638931274,1.0,4.185519695281982,180.0
700.0,True,False,nan,48.01708984375,0.49050986766815186,0.9559862613677979,9.0,4.080657482147217,180.0
700.0,True,False,nan,55.37677764892578,0.5129804015159607,0.9035466909408569,4.0,4.480330467224121,180.0
700.0,True,False,nan,53.533382415771484,0.5109436511993408,0.7463714480400085,6.0,4.0852580070495605,180.0
700.0,True,False,nan,50.58562088012695,0.4592258036136627,0.9485560655593872,7.0,4.126750469207764,180.0
700.0,True,False,nan,49.91205978393555,0.5108480453491211,0.7150697112083435,3.0,4.113637924194336,180.0
700.0,True,False,nan,52.23738479614258,0.4602349102497101,0.8729090690612793,7.0,4.005537033081055,180.0
700.0,True,False,nan,52.72111511230469,0.5144942998886108,0.7063143253326416,1.0,4.186728000640869,180.0
700.0,True,False,nan,56.76973342895508,0.48790764808654785,0.8212375640869141,7.0,3.6918742656707764,180.0
700.0,True,False,nan,47.047847747802734,0.47681525349617004,0.8152344226837158,7.0,3.8221423625946045,180.0
700.0,True,False,nan,52.63508605957031,0.4385688602924347,0.9236785769462585,7.0,3.7390496730804443,180.0
700.0,True,False,nan,54.86845779418945,0.5069924592971802,0.8493826985359192,3.0,4.263770580291748,180.0
700.0,True,False,nan,49.89216613769531,0.518173098564148,0.931481122970581,3.0,3.9282524585723877,180.0
700.0,True,False,nan,53.08097457885742,0.5275870561599731,0.9138025641441345,4.0,3.8688719272613525,180.0
700.0,True,False,nan,50.25217819213867,0.5554739236831665,0.8925116062164307,4.0,4.024095058441162,180.0
700.0,True,False,nan,49.3126220703125,0.5779637694358826,0.7929253578186035,4.0,4.366423606872559,180.0
700.0,True,False,nan,47.01763916015625,0.5284495949745178,0.8721800446510315,7.0,3.831434965133667,180.0
700.0,True,False,nan,49.06910705566406,0.4899655282497406,0.8687806725502014,3.0,3.941633701324463,180.0
700.0,True,False,nan,51.723270416259766,0.5052696466445923,0.8617337942123413,7.0,3.7845211029052734,180.0
700.0,True,False,nan,48.49030685424805,0.565867006778717,0.8372957706451416,4.0,4.1004743576049805,180.0
700.0,True,False,nan,47.52387619018555,0.467801958322525,0.924592137336731,7.0,3.711646795272827,180.0
700.0,True,False,nan,47.71126174926758,0.5753509402275085,0.7953495979309082,3.0,4.170181751251221,180.0
700.0,True,False,nan,48.80921173095703,0.5723722577095032,0.8917620778083801,7.0,4.040297508239746,180.0
700.0,True,False,nan,47.9551887512207,0.6838464140892029,0.7929554581642151,4.0,4.421247482299805,180.0
700.0,True,False,nan,47.68830108642578,0.6495164036750793,1.0636496543884277,6.0,3.862391710281372,180.0
700.0,True,False,nan,47.479740142822266,0.8016059994697571,0.8951380848884583,4.0,3.607491970062256,180.0
700.0,True,False,nan,46.781768798828125,0.7901198267936707,0.9718325138092041,4.0,3.6831114292144775,180.0
700.0,True,False,nan,47.94672775268555,0.8413674831390381,0.7552912831306458,3.0,3.4587013721466064,180.0
700.0,True,False,nan,46.47452926635742,0.8474887013435364,0.9296379089355469,4.0,3.5416910648345947,180.0
700.0,True,False,nan,48.178802490234375,0.8854729533195496,1.0088378190994263,5.0,3.6752071380615234,180.0
700.0,True,False,nan,48.4201545715332,0.9773533940315247,0.7945650219917297,4.0,3.7798514366149902,180.0
700.0,True,False,nan,46.0604362487793,0.9268837571144104,0.8504480123519897,4.0,3.473689079284668,180.0
700.0,True,False,nan,48.0760612487793,1.0857752561569214,0.8623906970024109,6.0,4.154415130615234,180.0
700.0,True,False,nan,46.94422149658203,0.9541894793510437,0.9717854261398315,6.0,3.8567585945129395,180.0
700.0,True,False,nan,45.985652923583984,1.043630599975586,0.9742669463157654,5.0,3.5959508419036865,180.0
700.0,True,False,nan,45.54780197143555,1.2950001955032349,0.9185075163841248,11.0,3.759147882461548,180.0
700.0,True,False,nan,45.109283447265625,1.2708041667938232,0.9100218415260315,3.0,3.463204860687256,180.0
700.0,False,True,1.3799999952316284,17.874670028686523,2.224303722381592,0.7663768529891968,4.0,3.8997302055358887,180.0
700.0,False,True,1.4399999380111694,15.258505821228027,2.122858762741089,0.8430595993995667,5.0,3.7522449493408203,180.0
700.0,False,True,1.9799998998641968,32.94218826293945,3.9244754314422607,0.8300926685333252,5.0,3.8383142948150635,180.0
700.0,False,True,1.459999918937683,15.15412425994873,2.1963002681732178,0.7718184590339661,4.0,3.5247914791107178,180.0
700.0,False,True,1.3199999332427979,14.11220932006836,1.984314203262329,0.8046807646751404,4.0,3.637176990509033,180.0
700.0,False,True,1.8600000143051147,34.1978645324707,3.2040185928344727,0.783210039138794,4.0,3.946915864944458,180.0
700.0,False,True,1.2999999523162842,10.966808319091797,1.8679468631744385,0.8780683875083923,4.0,3.577368974685669,180.0
700.0,False,True,1.4199999570846558,15.519966125488281,2.101497173309326,0.8794864416122437,4.0,3.4467148780822754,180.0
700.0,False,True,1.8399999141693115,24.498449325561523,2.7492246627807617,0.9603201150894165,7.0,3.4498138427734375,180.0
700.0,False,True,1.5999999046325684,19.837779998779297,2.3180253505706787,0.7460458278656006,4.0,3.607905387878418,180.0
700.0,False,True,1.6200000047683716,20.509220123291016,2.483588933944702,1.0087770223617554,4.0,3.3523659706115723,180.0
700.0,False,True,1.1399999856948853,10.833417892456055,1.6945949792861938,0.8542031645774841,4.0,3.515916585922241,180.0
700.0,False,True,1.559999942779541,17.946186065673828,2.3504321575164795,0.8117311596870422,4.0,3.5046682357788086,180.0
700.0,False,True,1.8399999141693115,20.334083557128906,2.6366326808929443,0.8972934484481812,5.0,3.5281805992126465,180.0
700.0,False,True,1.5399999618530273,17.085311889648438,2.085836172103882,0.921363890171051,3.0,3.4116084575653076,180.0
700.0,False,True,1.5399999618530273,17.74859046936035,2.0921013355255127,1.0094648599624634,3.0,3.4012537002563477,180.0
700.0,False,True,1.559999942779541,16.32543182373047,2.256568431854248,0.9048985242843628,4.0,3.5198702812194824,180.0
700.0,False,True,1.3399999141693115,16.794021606445312,1.975784182548523,0.8525293469429016,4.0,3.7537503242492676,180.0
700.0,False,True,1.8600000143051147,24.79714012145996,2.7844016551971436,0.9740210175514221,5.0,3.4749228954315186,180.0
700.0,False,True,1.3199999332427979,17.043264389038086,1.9769166707992554,0.8353724479675293,3.0,3.5341978073120117,180.0
700.0,True,False,nan,46.32693862915039,0.4492509067058563,1.0563178062438965,5.0,4.384120941162109,180.0
700.0,True,False,nan,46.705230712890625,0.40221813321113586,1.0539220571517944,7.0,4.216706275939941,180.0
700.0,True,False,nan,45.33641052246094,0.4570251405239105,0.9620317220687866,12.0,4.1670918464660645,180.0
700.0,True,False,nan,55.37710189819336,0.5129778385162354,0.903554379940033,4.0,4.480313301086426,180.0
700.0,True,False,nan,53.53340530395508,0.5109426975250244,0.7463738322257996,6.0,4.0852532386779785,180.0
700.0,True,False,nan,50.58511734008789,0.4592244029045105,0.948556125164032,7.0,4.1267290115356445,180.0
700.0,True,False,nan,45.08243942260742,0.4287123382091522,1.0066090822219849,5.0,3.9051103591918945,180.0
700.0,True,False,nan,56.20525360107422,0.5134229063987732,0.7047418355941772,1.0,4.236979007720947,180.0
700.0,True,False,nan,56.769657135009766,0.4879072308540344,0.821234941482544,7.0,3.691866874694824,180.0
700.0,True,False,nan,54.868404388427734,0.5069924592971802,0.849387526512146,3.0,4.263769626617432,180.0
700.0,True,False,nan,49.33448791503906,0.46584758162498474,0.7654707431793213,7.0,3.6511008739471436,180.0
700.0,True,False,nan,50.698795318603516,0.4729553461074829,0.8208779096603394,1.0,4.18551778793335,180.0
700.0,True,False,nan,49.912193298339844,0.510850727558136,0.7150683403015137,3.0,4.113631725311279,180.0
700.0,True,False,nan,52.23765182495117,0.46023526787757874,0.8729064464569092,7.0,4.005547046661377,180.0
700.0,True,False,nan,47.048011779785156,0.4768159091472626,0.8152306079864502,7.0,3.8221428394317627,180.0
700.0,True,False,nan,52.63518524169922,0.43856948614120483,0.9236668348312378,7.0,3.739051580429077,180.0
700.0,True,False,nan,48.5384521484375,0.4720975160598755,0.9682399034500122,14.0,4.062589645385742,180.0
700.0,True,False,nan,48.01703643798828,0.4905097186565399,0.9559871554374695,9.0,4.080658435821533,180.0
700.0,True,False,nan,47.65032196044922,0.5128470659255981,0.924085795879364,5.0,4.300229072570801,180.0
700.0,True,False,nan,53.0782356262207,0.5275916457176208,0.913729727268219,4.0,3.868713855743408,180.0
700.0,True,False,nan,49.313385009765625,0.5779620409011841,0.7928926348686218,4.0,4.366392135620117,180.0
700.0,True,False,nan,49.06983947753906,0.4899665415287018,0.8687754273414612,3.0,3.9416282176971436,180.0
700.0,True,False,nan,51.72317886352539,0.5052703022956848,0.861734926700592,7.0,3.7845189571380615,180.0
700.0,True,False,nan,47.52537155151367,0.4678061306476593,0.9245855808258057,7.0,3.711643695831299,180.0
700.0,True,False,nan,49.893104553222656,0.5182454586029053,0.9311935305595398,3.0,3.9282474517822266,180.0
700.0,True,False,nan,50.513877868652344,0.5542799234390259,0.8915742635726929,4.0,4.022994041442871,180.0
700.0,True,False,nan,47.017425537109375,0.5284489989280701,0.872179388999939,7.0,3.8314311504364014,180.0
700.0,True,False,nan,48.22167205810547,0.5650700330734253,0.8359756469726562,4.0,4.130499362945557,180.0
700.0,True,False,nan,48.81007766723633,0.5723739266395569,0.8917648792266846,7.0,4.040289402008057,180.0
700.0,True,False,nan,47.71064376831055,0.5753607153892517,0.7953349351882935,3.0,4.170154571533203,180.0
700.0,True,False,nan,48.752559661865234,0.6841078996658325,0.7926151156425476,4.0,4.417614936828613,180.0
700.0,True,False,nan,48.60116195678711,0.7214348316192627,0.893014669418335,3.0,3.6717631816864014,180.0
700.0,True,False,nan,47.68849563598633,0.6495161056518555,1.0636436939239502,6.0,3.862421989440918,180.0
700.0,True,False,nan,46.77779769897461,0.7901274561882019,0.9718217253684998,4.0,3.6831398010253906,180.0
700.0,True,False,nan,45.03150177001953,0.8432323932647705,0.9296912550926208,4.0,3.548450231552124,180.0
700.0,True,False,nan,48.177791595458984,0.8854721784591675,1.0088311433792114,5.0,3.6751961708068848,180.0
700.0,True,False,nan,48.414791107177734,0.9773605465888977,0.7945573925971985,4.0,3.779850482940674,180.0
700.0,True,False,nan,24.672950744628906,1.1010785102844238,0.7639765739440918,3.0,3.3097169399261475,180.0
700.0,True,False,nan,26.943180084228516,0.5864813327789307,0.9099534749984741,3.0,3.4632046222686768,180.0
700.0,True,False,nan,44.82020568847656,1.0905979871749878,0.862387478351593,6.0,4.154208660125732,180.0
700.0,True,False,nan,31.674917221069336,0.4906231462955475,0.9185077548027039,10.0,3.759146213531494,180.0
700.0,True,False,nan,30.110427856445312,0.7635931968688965,0.9742527604103088,4.0,3.5959055423736572,180.0
700.0,True,False,nan,42.778167724609375,0.9265232682228088,0.8504450917243958,4.0,3.4736955165863037,180.0
700.0,True,False,nan,44.14717102050781,0.8388256430625916,0.9717819094657898,5.0,3.8513994216918945,180.0
700.0,True,False,nan,45.04256057739258,0.25952979922294617,0.9682382941246033,14.0,3.07468318939209,270.0
700.0,True,False,nan,49.43663024902344,0.2734755575656891,0.8208778500556946,1.0,2.7322351932525635,270.0
700.0,True,False,nan,45.829498291015625,0.27191677689552307,0.9620361328125,12.0,3.093082904815674,270.0
700.0,True,False,nan,52.86739730834961,0.2774271070957184,1.0539213418960571,7.0,3.0870814323425293,270.0
700.0,True,False,nan,50.18989562988281,0.28502145409584045,0.9485713839530945,7.0,3.0180087089538574,270.0
700.0,True,False,nan,55.171546936035156,0.27166199684143066,0.8729103803634644,7.0,2.901078462600708,270.0
700.0,True,False,nan,56.84941101074219,0.23914803564548492,1.0063694715499878,5.0,3.0608136653900146,270.0
700.0,True,False,nan,51.24298858642578,0.25592002272605896,0.9236705899238586,7.0,2.865811347961426,270.0
700.0,True,False,nan,49.77857971191406,0.31153637170791626,0.931189775466919,3.0,3.1904456615448,270.0
700.0,True,False,nan,48.3105354309082,0.31433796882629395,0.8687798976898193,3.0,2.858874559402466,270.0
700.0,True,False,nan,45.389747619628906,0.3153321444988251,0.8493891954421997,3.0,3.156888484954834,270.0
700.0,True,False,nan,47.9623908996582,0.3044759929180145,0.9203806519508362,4.0,2.9202880859375,270.0
700.0,True,False,nan,46.20846939086914,0.3431672751903534,0.7832157611846924,4.0,2.717289686203003,270.0
700.0,True,False,nan,46.73276901245117,0.30616119503974915,0.8152977228164673,7.0,2.6458888053894043,270.0
700.0,True,False,nan,46.306434631347656,0.36691275238990784,0.7063184976577759,1.0,2.562826156616211,270.0
700.0,True,False,nan,49.27090072631836,0.7645943760871887,0.8212331533432007,7.0,2.672926902770996,270.0
700.0,False,True,1.2400000095367432,41.533958435058594,1.286512017250061,1.056326150894165,5.0,3.52335786819458,270.0
700.0,False,True,1.4399999380111694,44.15713119506836,1.626591682434082,0.7953305244445801,3.0,2.8773000240325928,270.0
700.0,False,True,1.3799999952316284,39.266212463378906,0.784654974937439,0.7654704451560974,7.0,2.74343204498291,270.0
700.0,False,True,0.5999999642372131,23.222410202026367,0.6882715225219727,0.7663740515708923,4.0,2.9761905670166016,270.0
700.0,False,True,0.8799999952316284,35.8559455871582,0.9817383289337158,0.792616605758667,4.0,3.1575682163238525,270.0
700.0,False,True,0.5999999642372131,20.80289649963379,0.6262763738632202,0.8430688977241516,5.0,3.4123971462249756,270.0
700.0,False,True,0.85999995470047,32.63261413574219,0.7999652028083801,0.8951325416564941,4.0,3.1505074501037598,270.0
700.0,False,True,0.5999999642372131,30.219823837280273,0.7624613046646118,0.8300947546958923,5.0,3.3378231525421143,270.0
700.0,False,True,0.5999999642372131,26.985118865966797,0.6736081838607788,0.7718132734298706,4.0,3.0559439659118652,270.0
700.0,False,True,0.7799999713897705,27.55191421508789,0.8218384385108948,0.9136708974838257,4.0,3.46174955368042,270.0
700.0,False,True,0.8799999952316284,30.292118072509766,0.8236821889877319,0.8046911358833313,4.0,2.909621000289917,270.0
700.0,False,True,0.7799999713897705,41.325401306152344,0.779956579208374,0.9559840559959412,9.0,3.2572643756866455,270.0
700.0,False,True,0.8799999952316284,29.39865493774414,0.8102540969848633,0.7639815807342529,3.0,2.5320372581481934,270.0
700.0,False,True,1.3799999952316284,43.65223693847656,1.3343058824539185,0.9035513401031494,4.0,3.3165643215179443,270.0
700.0,False,True,0.5799999833106995,30.692609786987305,0.6070985794067383,0.9099590182304382,3.0,2.8578782081604004,270.0
700.0,False,True,0.6200000047683716,25.237831115722656,0.6349120736122131,0.8780695199966431,4.0,3.0147008895874023,270.0
700.0,False,True,0.9399999976158142,27.621360778808594,0.6295133829116821,0.7463735938072205,6.0,2.6624045372009277,270.0
700.0,False,True,0.85999995470047,25.41045379638672,0.7305412888526917,0.8794865608215332,4.0,3.4638354778289795,270.0
700.0,False,True,0.8199999928474426,30.930017471313477,0.7464516162872314,0.8915748000144958,4.0,3.259812116622925,270.0
700.0,False,True,0.7599999904632568,29.389245986938477,0.8048557043075562,0.9603115916252136,7.0,3.3081142902374268,270.0
700.0,False,True,0.8399999737739563,44.26824951171875,1.2087117433547974,0.9229658246040344,5.0,3.3296420574188232,270.0
700.0,False,True,0.85999995470047,36.969478607177734,1.0461121797561646,0.8623900413513184,6.0,3.084782361984253,270.0
700.0,False,True,0.6200000047683716,26.804067611694336,0.7548515200614929,0.746046781539917,4.0,2.8325865268707275,270.0
700.0,False,True,0.5799999833106995,30.03584861755371,0.7311539649963379,0.7158197164535522,7.0,2.6158607006073,270.0
700.0,False,True,0.7999999523162842,25.552404403686523,0.7242110371589661,1.0087823867797852,4.0,3.232639789581299,270.0
700.0,False,True,0.8399999737739563,30.585840225219727,0.8144704699516296,0.9296438097953796,4.0,3.2460813522338867,270.0
700.0,False,True,0.7799999713897705,33.94053268432617,1.1751166582107544,0.9185115694999695,11.0,3.6514053344726562,270.0
700.0,False,True,0.8799999952316284,33.910804748535156,0.8643948435783386,0.7945696115493774,4.0,2.9096016883850098,270.0
700.0,False,True,0.5999999642372131,28.491628646850586,0.682479977607727,0.8541951775550842,4.0,2.761439561843872,270.0
700.0,False,True,0.7799999713897705,27.264911651611328,0.7221516966819763,0.8917683362960815,7.0,3.2091660499572754,270.0
700.0,False,True,0.8199999928474426,33.59528350830078,0.9322604537010193,0.9742398858070374,5.0,3.27544903755188,270.0
700.0,False,True,0.85999995470047,35.92817306518555,0.9623798131942749,0.7928962111473083,4.0,3.171854019165039,270.0
700.0,False,True,0.6200000047683716,34.255760192871094,0.6386862993240356,0.8721839785575867,7.0,3.0806210041046143,270.0
700.0,False,True,0.5799999833106995,26.993318557739258,0.6268922686576843,0.8117320537567139,4.0,2.8496336936950684,270.0
700.0,False,True,0.7599999904632568,31.76787567138672,0.9214172959327698,1.0636544227600098,6.0,3.3632190227508545,270.0
700.0,False,True,0.7799999713897705,29.86655616760254,0.8310192823410034,1.0088369846343994,5.0,3.3860526084899902,270.0
700.0,False,True,0.5999999642372131,26.704572677612305,0.6069610118865967,0.8504358530044556,4.0,3.010714054107666,270.0
700.0,False,True,0.7799999713897705,29.040010452270508,0.8356826305389404,0.8973098993301392,5.0,3.506768226623535,270.0
700.0,False,True,0.5999999642372131,27.79075050354004,0.5835607647895813,0.9213724732398987,3.0,2.9915966987609863,270.0
700.0,False,True,0.7799999713897705,28.61920738220215,0.7691801190376282,1.0094809532165527,3.0,3.117480516433716,270.0
700.0,False,True,0.85999995470047,39.801544189453125,0.7463110685348511,0.8617363572120667,7.0,2.8909008502960205,270.0
700.0,False,True,0.6200000047683716,30.276012420654297,0.6519309282302856,0.8372945189476013,4.0,3.151146173477173,270.0
700.0,False,True,0.6200000047683716,28.179386138916016,0.658104419708252,0.9049031138420105,4.0,3.1123480796813965,270.0
700.0,False,True,0.8399999737739563,29.05593490600586,0.7782486081123352,0.9717929363250732,6.0,3.3098866939544678,270.0
700.0,False,True,0.5999999642372131,22.441267013549805,0.5495578050613403,0.8525195121765137,4.0,3.1175012588500977,270.0
700.0,False,True,0.7799999713897705,29.186614990234375,0.7710878252983093,0.9740150570869446,5.0,3.3397371768951416,270.0
700.0,False,True,0.5799999833106995,29.89910888671875,0.6266918778419495,0.8353497385978699,3.0,2.769033432006836,270.0
700.0,False,True,1.3799999952316284,43.87736892700195,1.2499252557754517,0.9718305468559265,4.0,3.2888426780700684,270.0
700.0,True,False,nan,56.84907913208008,0.23910441994667053,1.0066094398498535,5.0,3.0607175827026367,270.0
700.0,True,False,nan,49.43644714355469,0.27347707748413086,0.8208751678466797,1.0,2.732250690460205,270.0
700.0,True,False,nan,30.169597625732422,0.21235181391239166,0.8729095458984375,7.0,2.9010822772979736,270.0
750.0,True,False,nan,47.577903747558594,0.15621402859687805,0.9314910769462585,3.0,3.779949188232422,0.0
750.0,True,False,nan,45.51641082763672,0.19537261128425598,0.7718105316162109,4.0,3.7276644706726074,0.0
750.0,True,False,nan,45.04848098754883,0.14325354993343353,0.8208778500556946,1.0,3.2933309078216553,0.0
750.0,True,False,nan,45.49033737182617,0.18657884001731873,0.8046841621398926,4.0,3.5910842418670654,0.0
750.0,True,False,nan,45.496238708496094,0.16230593621730804,0.9559805989265442,9.0,3.766772747039795,0.0
750.0,True,False,nan,46.2123908996582,0.20003488659858704,0.7639739513397217,3.0,3.6000683307647705,0.0
750.0,True,False,nan,49.239044189453125,0.1901552677154541,0.7616585493087769,2.0,3.774698495864868,0.0
750.0,True,False,nan,45.416595458984375,0.12750190496444702,0.9485504031181335,7.0,3.268159866333008,0.0
750.0,True,False,nan,45.34893798828125,0.1992485374212265,0.7460469007492065,4.0,3.6993329524993896,0.0
750.0,True,False,nan,50.01095199584961,0.19646501541137695,0.7150698304176331,3.0,3.7760508060455322,0.0
750.0,True,False,nan,51.182762145996094,0.1477641761302948,0.8729106187820435,7.0,3.6921961307525635,0.0
750.0,True,False,nan,49.38978576660156,0.13188311457633972,1.0050064325332642,7.0,3.656994581222534,0.0
750.0,True,False,nan,51.382259368896484,0.16985943913459778,0.7063149809837341,1.0,3.6472811698913574,0.0
750.0,True,False,nan,48.87034606933594,0.17486868798732758,0.8212296366691589,7.0,3.7558395862579346,0.0
750.0,True,False,nan,52.890987396240234,0.16824668645858765,0.8152368664741516,7.0,3.6664934158325195,0.0
750.0,True,False,nan,49.89984893798828,0.15163753926753998,0.9236770868301392,7.0,3.510093927383423,0.0
750.0,True,False,nan,46.72623825073242,0.1625952422618866,0.8617376685142517,7.0,3.5843772888183594,0.0
750.0,True,False,nan,47.92377471923828,0.1460142433643341,0.9245902895927429,7.0,3.333420991897583,0.0
750.0,True,False,nan,50.54103088378906,0.18302568793296814,0.7953363060951233,3.0,3.3692708015441895,0.0
750.0,True,False,nan,45.196258544921875,0.2347850799560547,0.7663748860359192,4.0,3.756787061691284,0.0
750.0,True,False,nan,48.90922927856445,0.18942111730575562,0.8951356410980225,4.0,3.453164577484131,0.0
750.0,True,False,nan,55.40713882446289,0.1548631340265274,0.9620330333709717,12.0,3.7889082431793213,0.0
750.0,True,False,nan,57.99177551269531,0.1934071034193039,0.7832207679748535,4.0,3.599949598312378,0.0
750.0,True,False,nan,49.66191864013672,0.14764654636383057,0.9035521149635315,4.0,3.499743938446045,0.0
750.0,True,False,nan,45.886680603027344,0.21296247839927673,0.8794893026351929,4.0,3.663323163986206,0.0
750.0,True,False,nan,51.22502136230469,0.18666739761829376,0.8925126791000366,4.0,3.6711490154266357,0.0
750.0,True,False,nan,54.60708236694336,0.13198453187942505,1.0539226531982422,7.0,3.448415994644165,0.0
750.0,True,False,nan,46.73711013793945,0.191777303814888,0.9603089094161987,7.0,3.6771247386932373,0.0
750.0,True,False,nan,49.21905517578125,0.13690315186977386,0.9214747548103333,10.0,3.44821834564209,0.0
750.0,True,False,nan,46.279537200927734,0.17929457128047943,0.9296359419822693,4.0,3.4400901794433594,0.0
750.0,True,False,nan,49.291038513183594,0.20908069610595703,0.7945618629455566,4.0,3.459641218185425,0.0
750.0,True,False,nan,46.74685287475586,0.17119763791561127,0.792894721031189,4.0,3.500457763671875,0.0
750.0,True,False,nan,53.803794860839844,0.1760208010673523,0.8687810301780701,3.0,3.4144368171691895,0.0
750.0,True,False,nan,51.87044143676758,0.16569094359874725,0.849376916885376,3.0,3.5969479084014893,0.0
750.0,True,False,nan,48.840457916259766,0.1942877471446991,0.8372945189476013,4.0,3.62797474861145,0.0
750.0,True,False,nan,45.94059371948242,0.1969710886478424,0.9049007296562195,4.0,3.3973584175109863,0.0
750.0,True,False,nan,46.620445251464844,0.18297378718852997,0.9740254282951355,5.0,3.6478705406188965,0.0
750.0,True,False,nan,46.35037612915039,0.13796444237232208,1.0563324689865112,5.0,3.4566822052001953,0.0
750.0,True,False,nan,53.23935317993164,0.19268420338630676,0.7929577827453613,4.0,3.5819053649902344,0.0
750.0,True,False,nan,48.484901428222656,0.2025253027677536,0.8300868272781372,5.0,3.452632188796997,0.0
750.0,True,False,nan,52.722251892089844,0.18256841599941254,0.8623853921890259,6.0,3.560316324234009,0.0
750.0,True,False,nan,46.3375129699707,0.1596878170967102,0.9185217022895813,11.0,3.3349170684814453,0.0
750.0,True,False,nan,45.98331832885742,0.1752016246318817,0.9742563366889954,5.0,3.519648790359497,0.0
750.0,True,False,nan,47.1845817565918,0.16061311960220337,1.0636444091796875,6.0,3.45458722114563,0.0
750.0,True,False,nan,45.67345428466797,0.15058451890945435,0.971828281879425,4.0,3.458000898361206,0.0
750.0,True,False,nan,46.48452377319336,0.4431157112121582,0.7654691338539124,7.0,3.7331655025482178,0.0
750.0,True,False,nan,48.737056732177734,0.3384963274002075,0.9680889248847961,14.0,3.7455854415893555,0.0
750.0,True,False,nan,47.960811614990234,0.4756785035133362,0.8721798658370972,7.0,3.7263710498809814,0.0
750.0,True,False,nan,45.223270416259766,0.5237545371055603,0.8917638659477234,7.0,3.7814126014709473,0.0
750.0,True,False,nan,50.4052619934082,0.8376516103744507,0.913217306137085,4.0,3.7941455841064453,0.0
750.0,True,False,nan,46.84622573852539,2.149441719055176,0.8972883820533752,5.0,3.5633108615875244,0.0
750.0,False,True,1.0199999809265137,38.02259063720703,1.500135064125061,0.8430560231208801,5.0,3.763268232345581,0.0
750.0,False,True,1.4800000190734863,44.514278411865234,1.6805217266082764,0.9100283980369568,3.0,3.4474306106567383,0.0
750.0,False,True,1.1799999475479126,33.965579986572266,1.8548392057418823,0.8780723810195923,4.0,3.6035566329956055,0.0
750.0,False,True,0.9799999594688416,36.415504455566406,1.5888822078704834,1.0087779760360718,4.0,3.609093189239502,0.0
750.0,False,False,nan,42.035587310791016,4.287798881530762,0.8542025089263916,4.0,3.5737757682800293,0.0
750.0,False,True,1.1799999475479126,44.5942497253418,1.9026564359664917,0.8117327690124512,4.0,3.5963618755340576,0.0
750.0,False,True,1.1799999475479126,41.398292541503906,1.507737398147583,1.008838415145874,5.0,3.484553098678589,0.0
750.0,False,True,0.9399999976158142,44.02948760986328,1.482138991355896,0.85044264793396,4.0,3.591047763824463,0.0
750.0,False,True,1.1999999284744263,36.59098434448242,1.6909996271133423,0.9213769435882568,3.0,3.5909972190856934,0.0
750.0,False,False,nan,33.57234573364258,5.465085506439209,1.0094788074493408,3.0,3.595461845397949,0.0
750.0,False,True,1.1799999475479126,42.40290832519531,1.5586203336715698,0.9717704653739929,6.0,3.51814603805542,0.0
750.0,False,True,0.9199999570846558,39.45289611816406,1.3033900260925293,0.8525190949440002,4.0,3.7597103118896484,0.0
750.0,False,True,1.4800000190734863,37.74135971069336,1.9847348928451538,0.835370659828186,3.0,3.59039044380188,0.0
750.0,True,False,nan,45.04869842529297,0.14325401186943054,0.8208794593811035,1.0,3.2933335304260254,0.0
750.0,True,False,nan,51.182518005371094,0.14776450395584106,0.8729060292243958,7.0,3.6921989917755127,0.0
750.0,True,False,nan,51.447296142578125,0.1709597110748291,0.704745888710022,1.0,3.6372148990631104,0.0
750.0,True,False,nan,52.890933990478516,0.16824720799922943,0.8152341246604919,7.0,3.666499137878418,0.0
750.0,True,False,nan,48.87045669555664,0.17486822605133057,0.8212356567382812,7.0,3.755845069885254,0.0
750.0,True,False,nan,49.89958572387695,0.1516377329826355,0.9236746430397034,7.0,3.510089159011841,0.0
750.0,True,False,nan,48.37284851074219,0.18820971250534058,0.7463698387145996,6.0,3.6919634342193604,0.0
750.0,True,False,nan,55.40736770629883,0.15486273169517517,0.9620340466499329,12.0,3.7888967990875244,0.0
750.0,True,False,nan,49.66204833984375,0.147646963596344,0.9035532474517822,4.0,3.499751329421997,0.0
750.0,True,False,nan,50.01094436645508,0.19646473228931427,0.7150699496269226,3.0,3.7760565280914307,0.0
750.0,True,False,nan,51.87042236328125,0.16568849980831146,0.8493884801864624,3.0,3.5969457626342773,0.0
750.0,True,False,nan,46.48497772216797,0.44311654567718506,0.7654681205749512,7.0,3.7331607341766357,0.0
750.0,True,False,nan,51.225276947021484,0.18666772544384003,0.8925125002861023,4.0,3.6711502075195312,0.0
750.0,True,False,nan,51.92392349243164,0.16317470371723175,0.924089789390564,5.0,3.6169373989105225,0.0
750.0,True,False,nan,53.23945617675781,0.1926831752061844,0.7929532527923584,4.0,3.581932783126831,0.0
750.0,True,False,nan,45.4962272644043,0.1623052954673767,0.9559851288795471,9.0,3.7667672634124756,0.0
750.0,True,False,nan,57.992130279541016,0.1934100240468979,0.7832053899765015,4.0,3.5999560356140137,0.0
750.0,True,False,nan,49.38973617553711,0.13188321888446808,1.0050069093704224,7.0,3.6569769382476807,0.0
750.0,True,False,nan,46.748531341552734,0.17120492458343506,0.7928853034973145,4.0,3.500499725341797,0.0
750.0,True,False,nan,46.35110855102539,0.13796791434288025,1.05631685256958,5.0,3.456692934036255,0.0
750.0,True,False,nan,46.33842468261719,0.15968658030033112,0.9185130596160889,11.0,3.334916114807129,0.0
750.0,True,False,nan,46.75452423095703,0.16432707011699677,0.852688193321228,7.0,3.589931011199951,0.0
750.0,True,False,nan,48.4853515625,0.20252448320388794,0.8300964832305908,5.0,3.45263934135437,0.0
750.0,True,False,nan,45.518653869628906,0.1953728348016739,0.7718108296394348,4.0,3.7276673316955566,0.0
750.0,True,False,nan,48.840396881103516,0.19428639113903046,0.8373069763183594,4.0,3.6279726028442383,0.0
750.0,True,False,nan,45.1963996887207,0.23478518426418304,0.7663753628730774,4.0,3.7567853927612305,0.0
750.0,True,False,nan,47.92366409301758,0.14601503312587738,0.9245874881744385,7.0,3.3334097862243652,0.0
750.0,True,False,nan,52.720951080322266,0.18257014453411102,0.8623899221420288,6.0,3.5602786540985107,0.0
750.0,True,False,nan,50.540958404541016,0.1830267608165741,0.7953338027000427,3.0,3.36926531791687,0.0
750.0,True,False,nan,45.416282653808594,0.12749919295310974,0.9485783576965332,7.0,3.2681477069854736,0.0
750.0,True,False,nan,53.80364227294922,0.17602045834064484,0.8687806725502014,3.0,3.4144327640533447,0.0
750.0,True,False,nan,48.73759460449219,0.33848491311073303,0.9681044816970825,14.0,3.745582342147827,0.0
750.0,True,False,nan,45.49154281616211,0.18658161163330078,0.8046901226043701,4.0,3.5910861492156982,0.0
750.0,True,False,nan,54.607444763183594,0.13198408484458923,1.0539259910583496,7.0,3.4484364986419678,0.0
750.0,True,False,nan,45.673072814941406,0.15058261156082153,0.971834123134613,4.0,3.4579966068267822,0.0
750.0,True,False,nan,47.577781677246094,0.15624840557575226,0.9312021136283875,3.0,3.7799551486968994,0.0
750.0,True,False,nan,49.291046142578125,0.2090791016817093,0.7945600748062134,4.0,3.459660530090332,0.0
750.0,True,False,nan,1.700193166732788,0.0,0.9137960076332092,4.0,0.6210722327232361,0.0
750.0,True,False,nan,3.168297052383423,0.006815395317971706,0.9603176116943359,7.0,1.2662131786346436,0.0
750.0,True,False,nan,41.243648529052734,0.4865005314350128,0.8917686939239502,7.0,3.7814018726348877,0.0
750.0,True,False,nan,9.979297637939453,0.07827538251876831,0.9742499589920044,5.0,2.5787503719329834,0.0
750.0,True,False,nan,46.31629943847656,0.38807788491249084,0.9681050181388855,14.0,3.70332407951355,90.0
750.0,True,False,nan,45.16947937011719,0.37762904167175293,0.9559811949729919,9.0,3.63926100730896,90.0
750.0,True,False,nan,46.865421295166016,0.36180540919303894,1.006608247756958,5.0,3.7996723651885986,90.0
750.0,True,False,nan,46.859710693359375,0.25804057717323303,0.8208775520324707,1.0,2.7382466793060303,90.0
750.0,True,False,nan,47.90920639038086,0.3651922047138214,0.704741358757019,1.0,2.601299285888672,90.0
750.0,True,False,nan,51.02289962768555,0.49943628907203674,1.056321382522583,5.0,3.7629435062408447,90.0
750.0,True,False,nan,45.844425201416016,0.39013004302978516,0.7654725909233093,7.0,3.0132768154144287,90.0
750.0,True,False,nan,52.84258270263672,0.5366431474685669,0.9620331525802612,12.0,3.732983350753784,90.0
750.0,True,False,nan,47.50532150268555,0.49514341354370117,0.9035533666610718,4.0,3.573436737060547,90.0
750.0,True,False,nan,45.872066497802734,0.4067963659763336,1.0539246797561646,7.0,3.451720714569092,90.0
750.0,True,False,nan,48.184608459472656,0.41972386837005615,0.8729089498519897,7.0,3.207066059112549,90.0
750.0,True,False,nan,45.17597198486328,0.3753419518470764,0.8152318596839905,7.0,2.7385385036468506,90.0
750.0,True,False,nan,47.26764678955078,0.3732913136482239,0.9236662983894348,7.0,2.9787709712982178,90.0
750.0,True,False,nan,47.08317565917969,0.4410950541496277,0.8493809700012207,3.0,3.2215752601623535,90.0
750.0,True,False,nan,45.14963150024414,0.514387845993042,0.9311980605125427,3.0,3.4480507373809814,90.0
750.0,True,False,nan,46.269874572753906,0.4676770567893982,0.9485745429992676,7.0,3.2314815521240234,90.0
750.0,True,False,nan,46.450286865234375,0.5099316239356995,0.7926143407821655,4.0,2.967905044555664,90.0
750.0,True,False,nan,48.527435302734375,0.4761628806591034,0.8212339878082275,7.0,2.952965259552002,90.0
750.0,True,False,nan,45.92033767700195,0.49764105677604675,0.9718186259269714,4.0,3.5146477222442627,90.0
750.0,True,False,nan,46.26300048828125,0.5156394839286804,0.7953426837921143,3.0,2.604309558868408,90.0
750.0,True,False,nan,45.93947219848633,0.5170795917510986,0.7832134366035461,4.0,2.735323667526245,90.0
750.0,True,False,nan,47.35947036743164,0.5155641436576843,0.8623806834220886,6.0,2.8647279739379883,90.0
750.0,True,False,nan,46.699825286865234,0.5895259976387024,0.7928956747055054,4.0,2.913614511489868,90.0
750.0,True,False,nan,46.376426696777344,0.4682059586048126,0.8687771558761597,3.0,2.684404134750366,90.0
750.0,True,False,nan,47.80799865722656,0.4531518220901489,0.9203847646713257,4.0,2.9751319885253906,90.0
750.0,True,False,nan,49.894100189208984,0.5804814696311951,0.8300895690917969,5.0,2.9896812438964844,90.0
750.0,True,False,nan,46.4867057800293,0.5943106412887573,0.9240886569023132,5.0,3.4571619033813477,90.0
750.0,True,False,nan,45.8740348815918,0.5311039090156555,0.8617319464683533,7.0,2.978318691253662,90.0
750.0,True,False,nan,47.200538635253906,0.6079235076904297,0.7150706648826599,3.0,2.7392477989196777,90.0
750.0,True,False,nan,53.972740173339844,0.5577419400215149,0.7639758586883545,3.0,2.8106887340545654,90.0
750.0,True,False,nan,45.677207946777344,0.5995882153511047,0.7945616245269775,4.0,2.836334705352783,90.0
750.0,True,False,nan,48.1324348449707,0.7105996012687683,0.8721832036972046,7.0,3.2541656494140625,90.0
750.0,True,False,nan,45.60057830810547,0.9587141275405884,0.9185128211975098,11.0,3.4299514293670654,90.0
750.0,True,False,nan,46.41627883911133,1.0168627500534058,0.7590879201889038,7.0,2.763927936553955,90.0
750.0,True,False,nan,47.91563034057617,1.0184340476989746,0.8372920155525208,4.0,2.9950616359710693,90.0
750.0,True,False,nan,45.662784576416016,1.2528971433639526,0.8925116062164307,4.0,3.268948793411255,90.0
750.0,True,False,nan,45.71063995361328,1.683163046836853,0.8951355814933777,4.0,3.171727180480957,90.0
750.0,False,True,1.059999942779541,29.200267791748047,1.1050052642822266,0.7663765549659729,4.0,2.7855210304260254,90.0
750.0,False,True,1.0,22.19687843322754,1.212512493133545,0.8430602550506592,5.0,3.0260438919067383,90.0
750.0,False,True,1.6399999856948853,31.75704002380371,1.518903374671936,0.7718144059181213,4.0,2.7217516899108887,90.0
750.0,False,False,nan,39.792083740234375,5.889382362365723,0.9136735796928406,4.0,3.3901944160461426,90.0
750.0,False,True,1.3600000143051147,30.269804000854492,1.3192963600158691,0.8046824932098389,4.0,2.6418750286102295,90.0
750.0,False,True,1.3600000143051147,25.015029907226562,1.0767990350723267,0.9099578261375427,3.0,2.7988572120666504,90.0
750.0,False,True,0.9799999594688416,18.509403228759766,1.1563423871994019,0.8780767917633057,4.0,3.1386971473693848,90.0
750.0,False,True,1.0,26.49458885192871,1.1673680543899536,0.8794888854026794,4.0,3.100093364715576,90.0
750.0,False,True,1.9399999380111694,28.056720733642578,3.2811267375946045,0.9603219628334045,7.0,3.424459457397461,90.0
750.0,False,True,1.4199999570846558,31.885303497314453,1.1235040426254272,0.746051549911499,4.0,2.770862340927124,90.0
750.0,False,True,1.659999966621399,26.091970443725586,2.8348209857940674,1.0087772607803345,4.0,3.4285271167755127,90.0
750.0,False,True,0.8799999952316284,31.336519241333008,1.1367765665054321,0.9296377301216125,4.0,3.0928561687469482,90.0
750.0,False,True,1.3600000143051147,23.241060256958008,1.1429880857467651,0.8541916012763977,4.0,2.890016794204712,90.0
750.0,False,True,2.0,29.235836029052734,3.696183443069458,0.8934023380279541,7.0,3.342240571975708,90.0
750.0,False,True,2.059999942779541,38.12386703491211,2.56518292427063,0.974250316619873,5.0,3.2448222637176514,90.0
750.0,False,True,1.8399999141693115,28.98806381225586,1.3652538061141968,0.8117288947105408,4.0,2.7586615085601807,90.0
750.0,False,True,1.059999942779541,34.97256851196289,1.211524248123169,1.0636496543884277,6.0,3.4687552452087402,90.0
750.0,False,True,1.100000023841858,32.63422393798828,1.4913791418075562,1.0088320970535278,5.0,3.4240734577178955,90.0
750.0,False,True,1.0,23.735057830810547,1.1122530698776245,0.8504444360733032,4.0,2.942749261856079,90.0
750.0,False,True,0.9599999785423279,28.13653564453125,1.2685288190841675,0.8972897529602051,5.0,3.3378536701202393,90.0
750.0,False,True,0.7999999523162842,21.180282592773438,1.017274022102356,0.9213712215423584,3.0,2.99485182762146,90.0
750.0,False,True,1.6200000047683716,28.191726684570312,2.6145589351654053,1.0094761848449707,3.0,3.3840954303741455,90.0
750.0,False,True,0.9599999785423279,26.500307083129883,0.9604580998420715,0.9049082398414612,4.0,2.8963510990142822,90.0
750.0,False,True,0.9599999785423279,28.439889907836914,1.1637897491455078,0.9717819690704346,6.0,3.2617993354797363,90.0
750.0,False,True,0.8399999737739563,21.4873104095459,1.117798924446106,0.852519690990448,4.0,2.9709789752960205,90.0
750.0,False,True,1.1799999475479126,28.236434936523438,1.7085884809494019,0.9740229845046997,5.0,3.377596616744995,90.0
750.0,False,True,1.3600000143051147,22.68304443359375,1.15673828125,0.835354208946228,3.0,2.995096445083618,90.0
750.0,True,False,nan,46.316253662109375,0.3880784511566162,0.968108057975769,14.0,3.7033212184906006,90.0
750.0,True,False,nan,46.85982131958008,0.258041650056839,0.8208767771720886,1.0,2.738245964050293,90.0
750.0,True,False,nan,46.270015716552734,0.4119827449321747,1.0050077438354492,7.0,3.8078763484954834,90.0
750.0,True,False,nan,52.84272384643555,0.5366430282592773,0.9620344042778015,12.0,3.732984781265259,90.0
750.0,True,False,nan,47.90935516357422,0.36519214510917664,0.7047426700592041,1.0,2.601301431655884,90.0
750.0,True,False,nan,45.16946792602539,0.3776283860206604,0.9559780359268188,9.0,3.6392548084259033,90.0
750.0,True,False,nan,47.0832405090332,0.44109317660331726,0.8493858575820923,3.0,3.2215731143951416,90.0
750.0,True,False,nan,51.022953033447266,0.49944156408309937,1.0563154220581055,5.0,3.762960433959961,90.0
750.0,True,False,nan,45.843997955322266,0.39013102650642395,0.7654721140861511,7.0,3.0132699012756348,90.0
750.0,True,False,nan,45.176143646240234,0.37532490491867065,0.8152923583984375,7.0,2.7385363578796387,90.0
750.0,True,False,nan,47.5053596496582,0.49514397978782654,0.9035548567771912,4.0,3.573436975479126,90.0
750.0,True,False,nan,45.87226486206055,0.40679824352264404,1.0539268255233765,7.0,3.4517221450805664,90.0
750.0,True,False,nan,48.18458938598633,0.4197232127189636,0.872911810874939,7.0,3.207066535949707,90.0
750.0,True,False,nan,45.26217269897461,0.44767534732818604,0.821235179901123,7.0,2.952958106994629,90.0
750.0,True,False,nan,47.26756286621094,0.3732917904853821,0.9236664772033691,7.0,2.9787757396698,90.0
750.0,True,False,nan,46.51285171508789,0.5097042322158813,0.7929531931877136,4.0,2.974731922149658,90.0
750.0,True,False,nan,46.269493103027344,0.4676412045955658,0.9486353397369385,7.0,3.2315001487731934,90.0
750.0,True,False,nan,46.70096206665039,0.589516282081604,0.7929196357727051,4.0,2.9136366844177246,90.0
750.0,True,False,nan,46.376708984375,0.46820202469825745,0.8687868714332581,3.0,2.684403657913208,90.0
750.0,True,False,nan,46.26516342163086,0.5156384706497192,0.7953341603279114,3.0,2.604278087615967,90.0
750.0,True,False,nan,49.895050048828125,0.5804802179336548,0.8300917744636536,5.0,2.9896674156188965,90.0
750.0,True,False,nan,45.939910888671875,0.5170849561691284,0.7832062244415283,4.0,2.7353179454803467,90.0
750.0,True,False,nan,47.35919952392578,0.515562891960144,0.8623866438865662,6.0,2.8647403717041016,90.0
750.0,True,False,nan,45.92023849487305,0.4976345896720886,0.9718356132507324,4.0,3.514648914337158,90.0
750.0,True,False,nan,47.38892364501953,0.5328875184059143,0.9305649399757385,3.0,3.4322445392608643,90.0
750.0,True,False,nan,46.4869270324707,0.5943119525909424,0.9240807294845581,5.0,3.457153797149658,90.0
750.0,True,False,nan,7.894015312194824,0.08963245153427124,0.7523916363716125,3.0,2.2471659183502197,90.0
750.0,True,False,nan,14.921438217163086,0.2242380976676941,0.7590931057929993,7.0,2.7639358043670654,90.0
750.0,True,False,nan,14.717915534973145,0.22401779890060425,0.7150700092315674,3.0,2.7392513751983643,90.0
750.0,True,False,nan,3.1652681827545166,0.0063120052218437195,0.9185065627098083,11.0,0.9237861633300781,90.0
750.0,True,False,nan,41.91230392456055,0.580146074295044,0.8721785545349121,7.0,3.254167079925537,90.0
750.0,True,False,nan,31.184473037719727,0.3817513883113861,0.8617331981658936,7.0,2.978327751159668,90.0
750.0,True,False,nan,30.92626953125,0.3834533393383026,0.924587607383728,7.0,2.9630117416381836,90.0
750.0,True,False,nan,45.24488067626953,0.39406633377075195,1.0539307594299316,7.0,4.435524940490723,180.0
750.0,True,False,nan,45.69840621948242,0.4051162600517273,0.9485737681388855,7.0,4.364049911499023,180.0
750.0,True,False,nan,45.443302154541016,0.4055591821670532,0.8729084134101868,7.0,4.342196464538574,180.0
750.0,True,False,nan,51.239036560058594,0.48194417357444763,1.0563175678253174,5.0,4.433910369873047,180.0
750.0,True,False,nan,50.32691192626953,0.47349393367767334,0.9682366251945496,14.0,4.2802205085754395,180.0
750.0,True,False,nan,50.00174331665039,0.4700593054294586,0.8208781480789185,1.0,4.282058238983154,180.0
750.0,True,False,nan,46.83498001098633,0.48121196031570435,0.9559823870658875,9.0,4.240100383758545,180.0
750.0,True,False,nan,52.81687927246094,0.4883550703525543,0.9620339870452881,12.0,4.4541473388671875,180.0
750.0,True,False,nan,49.7546272277832,0.4924047291278839,0.9035513997077942,4.0,4.546329021453857,180.0
750.0,True,False,nan,48.283409118652344,0.4929414987564087,0.7463729381561279,6.0,4.263648986816406,180.0
750.0,True,False,nan,50.60287094116211,0.45383161306381226,1.0050073862075806,7.0,4.118831634521484,180.0
750.0,True,False,nan,52.209983825683594,0.5004934072494507,0.7063143253326416,1.0,4.599855899810791,180.0
750.0,True,False,nan,45.702362060546875,0.4646032452583313,0.8152308464050293,7.0,4.014418601989746,180.0
750.0,True,False,nan,50.383575439453125,0.4256524443626404,0.9236739277839661,7.0,4.023089408874512,180.0
750.0,True,False,nan,53.286067962646484,0.49404236674308777,0.849372386932373,3.0,4.426995754241943,180.0
750.0,True,False,nan,53.853458404541016,0.5010746717453003,0.7654713988304138,7.0,3.91115665435791,180.0
750.0,True,False,nan,47.293922424316406,0.5208116769790649,0.929389476776123,3.0,4.157329082489014,180.0
750.0,True,False,nan,47.6779670715332,0.5143495798110962,0.9136720299720764,4.0,3.9354805946350098,180.0
750.0,True,False,nan,51.93780517578125,0.539114773273468,0.8925094604492188,4.0,4.149022579193115,180.0
750.0,True,False,nan,47.37314987182617,0.5377066135406494,0.9230738878250122,5.0,4.2894463539123535,180.0
750.0,True,False,nan,53.01239013671875,0.5275902152061462,0.7150723338127136,3.0,4.074062824249268,180.0
750.0,True,False,nan,48.1434326171875,0.5422274470329285,0.8917707204818726,7.0,4.285707473754883,180.0
750.0,True,False,nan,48.969398498535156,0.5277669429779053,0.87218177318573,7.0,3.985031843185425,180.0
750.0,True,False,nan,57.92354965209961,0.5061735510826111,0.8212338089942932,7.0,3.724940538406372,180.0
750.0,True,False,nan,48.132408142089844,0.4986511766910553,0.8617300987243652,7.0,3.9097046852111816,180.0
750.0,True,False,nan,47.99824523925781,0.5490017533302307,0.8373020887374878,4.0,4.266227722167969,180.0
750.0,True,False,nan,52.29477310180664,0.5994347929954529,0.8300947546958923,5.0,4.495437145233154,180.0
750.0,True,False,nan,45.42852783203125,0.6023377776145935,0.9185118675231934,11.0,4.518157958984375,180.0
750.0,True,False,nan,51.848114013671875,0.5357131361961365,0.8687852621078491,3.0,4.142250061035156,180.0
750.0,True,False,nan,49.213016510009766,0.5047473311424255,0.9245905876159668,7.0,3.9180984497070312,180.0
750.0,True,False,nan,45.50531768798828,0.5806152820587158,0.9718372225761414,4.0,3.995901107788086,180.0
750.0,True,False,nan,45.20375061035156,0.6074849367141724,0.9048988819122314,4.0,4.114738941192627,180.0
750.0,True,False,nan,48.91997528076172,0.7098957896232605,0.7953354120254517,3.0,4.145763874053955,180.0
750.0,True,False,nan,47.1063232421875,0.7063493728637695,0.7929196357727051,4.0,4.201735973358154,180.0
750.0,True,False,nan,48.19633102416992,0.6415485143661499,0.9740251898765564,5.0,4.124581813812256,180.0
750.0,True,False,nan,47.99664306640625,0.7390706539154053,0.8951320052146912,4.0,3.8589532375335693,180.0
750.0,True,False,nan,46.03923797607422,0.682803213596344,0.9603190422058105,7.0,3.890178680419922,180.0
750.0,True,False,nan,45.24795150756836,0.6568957567214966,1.008777141571045,4.0,3.7965033054351807,180.0
750.0,True,False,nan,48.69618225097656,0.7257447242736816,0.974252462387085,5.0,3.8841376304626465,180.0
750.0,True,False,nan,45.94658279418945,0.7191029191017151,1.0636508464813232,6.0,3.9263951778411865,180.0
750.0,True,False,nan,49.32752227783203,0.734164834022522,1.008824110031128,5.0,3.760366678237915,180.0
750.0,True,False,nan,45.46449661254883,0.7307987213134766,0.9717729687690735,6.0,3.8587090969085693,180.0
750.0,True,False,nan,45.0095100402832,0.7453951239585876,0.852528989315033,4.0,3.9585933685302734,180.0
750.0,True,False,nan,50.06995391845703,0.7887802124023438,0.9296392202377319,4.0,3.816955327987671,180.0
750.0,True,False,nan,45.38454055786133,0.7993633151054382,0.8117319345474243,4.0,3.6688284873962402,180.0
750.0,True,False,nan,46.042823791503906,0.6628738045692444,1.0094821453094482,3.0,3.706939697265625,180.0
750.0,True,False,nan,45.20700454711914,0.8410643339157104,0.7832220196723938,4.0,4.386844635009766,180.0
750.0,True,False,nan,47.335426330566406,0.877538800239563,0.8794819712638855,4.0,3.7721192836761475,180.0
750.0,True,False,nan,46.05461883544922,0.9221219420433044,0.7945740222930908,4.0,3.7804300785064697,180.0
750.0,True,False,nan,45.60232162475586,0.9399747848510742,0.8972895741462708,5.0,4.037869930267334,180.0
750.0,True,False,nan,49.841915130615234,0.9692628979682922,0.8504444360733032,4.0,3.770199775695801,180.0
750.0,True,False,nan,46.047142028808594,0.9988560676574707,0.7926158308982849,4.0,4.251744747161865,180.0
750.0,True,False,nan,47.92645263671875,1.0736448764801025,0.7718135714530945,4.0,3.943449020385742,180.0
750.0,True,False,nan,45.98017501831055,0.8976483941078186,0.9214175939559937,3.0,3.565422773361206,180.0
750.0,True,False,nan,45.3048095703125,1.0253572463989258,0.909961462020874,3.0,3.7826123237609863,180.0
750.0,True,False,nan,50.860164642333984,1.171597957611084,0.8623924851417542,6.0,4.082458972930908,180.0
750.0,True,False,nan,47.43181228637695,1.1832928657531738,0.7639784812927246,3.0,3.6616857051849365,180.0
750.0,False,True,1.399999976158142,16.517831802368164,2.1283950805664062,0.7663775682449341,4.0,3.933002233505249,180.0
750.0,False,True,1.8799999952316284,25.33800506591797,2.7834928035736084,0.843071460723877,5.0,3.857480049133301,180.0
750.0,False,True,1.5799999237060547,19.772626876831055,2.5652387142181396,0.8046842813491821,4.0,4.044379711151123,180.0
750.0,False,True,1.5799999237060547,13.562211990356445,2.312340497970581,0.8780776858329773,4.0,3.717602491378784,180.0
750.0,False,False,nan,35.119686126708984,5.327308654785156,0.7460477352142334,4.0,3.6103806495666504,180.0
750.0,False,True,1.3199999332427979,14.458930015563965,1.944230318069458,0.8541949987411499,4.0,3.7042226791381836,180.0
750.0,False,False,nan,40.50001907348633,4.908510684967041,0.8353742957115173,3.0,3.560645341873169,180.0
750.0,True,False,nan,48.283470153808594,0.49294254183769226,0.7463704943656921,6.0,4.2636518478393555,180.0
750.0,True,False,nan,45.24490737915039,0.39406681060791016,1.0539270639419556,7.0,4.435519218444824,180.0
750.0,True,False,nan,45.69783401489258,0.40510186553001404,0.9486165642738342,7.0,4.364110469818115,180.0
750.0,True,False,nan,45.443206787109375,0.4055590331554413,0.8729128837585449,7.0,4.342192649841309,180.0
750.0,True,False,nan,51.890403747558594,0.49636828899383545,0.7047424912452698,1.0,4.580202579498291,180.0
750.0,True,False,nan,53.285945892333984,0.4940420389175415,0.849379301071167,3.0,4.426993370056152,180.0
750.0,True,False,nan,51.23801040649414,0.481942355632782,1.0563286542892456,5.0,4.433877468109131,180.0
750.0,True,False,nan,50.326751708984375,0.4735229015350342,0.9680936932563782,14.0,4.28021764755249,180.0
750.0,True,False,nan,50.0018196105957,0.4700603783130646,0.8208767175674438,1.0,4.282055854797363,180.0
750.0,True,False,nan,46.835060119628906,0.4812122583389282,0.9559813737869263,9.0,4.240105628967285,180.0
750.0,True,False,nan,52.81674575805664,0.48835718631744385,0.9620305895805359,12.0,4.454145431518555,180.0
750.0,True,False,nan,49.75476837158203,0.4924056828022003,0.9035529494285583,4.0,4.546324729919434,180.0
750.0,True,False,nan,50.60283279418945,0.45383337140083313,1.0049972534179688,7.0,4.118834495544434,180.0
750.0,True,False,nan,45.70240020751953,0.4646034836769104,0.8152329325675964,7.0,4.014420509338379,180.0
750.0,True,False,nan,50.383365631103516,0.4256521165370941,0.923671543598175,7.0,4.023069381713867,180.0
750.0,True,False,nan,54.55361557006836,0.5020422339439392,0.7654701471328735,7.0,3.875312328338623,180.0
750.0,True,False,nan,51.93754196166992,0.5391141772270203,0.8925067782402039,4.0,4.149022579193115,180.0
750.0,True,False,nan,53.01256561279297,0.5275909900665283,0.7150718569755554,3.0,4.074060916900635,180.0
750.0,True,False,nan,57.92431640625,0.5061670541763306,0.8212770819664001,7.0,3.7249391078948975,180.0
750.0,True,False,nan,47.67911911010742,0.5143451690673828,0.9136722087860107,4.0,3.9354517459869385,180.0
750.0,True,False,nan,47.37432098388672,0.5377362966537476,0.922974705696106,5.0,4.28967809677124,180.0
750.0,True,False,nan,48.13246154785156,0.49864906072616577,0.8617402911186218,7.0,3.9097025394439697,180.0
750.0,True,False,nan,47.998470306396484,0.5490031242370605,0.8372998237609863,4.0,4.266234874725342,180.0
750.0,True,False,nan,47.2940673828125,0.5208135843276978,0.9293875098228455,3.0,4.157320499420166,180.0
750.0,True,False,nan,48.15401077270508,0.5418694615364075,0.8934034109115601,7.0,4.285665988922119,180.0
750.0,True,False,nan,48.9697265625,0.5277681946754456,0.8721787333488464,7.0,3.985034942626953,180.0
750.0,True,False,nan,51.847198486328125,0.5357153415679932,0.8687799572944641,3.0,4.1422529220581055,180.0
750.0,True,False,nan,49.208412170410156,0.5047459602355957,0.9245893359184265,7.0,3.918123960494995,180.0
750.0,True,False,nan,52.295806884765625,0.5994334816932678,0.8300939202308655,5.0,4.495476722717285,180.0
750.0,True,False,nan,45.50422286987305,0.5806170105934143,0.9718154072761536,4.0,3.995933771133423,180.0
750.0,True,False,nan,47.10393142700195,0.7063481211662292,0.7929198741912842,4.0,4.201683521270752,180.0
750.0,True,False,nan,45.42869186401367,0.6023389101028442,0.9185134768486023,11.0,4.518189430236816,180.0
750.0,True,False,nan,48.920040130615234,0.709894597530365,0.7953357696533203,3.0,4.145761489868164,180.0
750.0,True,False,nan,48.695255279541016,0.7257430553436279,0.9742511510848999,5.0,3.884138822555542,180.0
750.0,True,False,nan,45.01137924194336,0.7453949451446533,0.8525261878967285,4.0,3.958611011505127,180.0
750.0,True,False,nan,45.94693374633789,0.7191044092178345,1.0636509656906128,6.0,3.926384210586548,180.0
750.0,True,False,nan,49.32794952392578,0.7341623306274414,1.008836030960083,5.0,3.7603719234466553,180.0
750.0,True,False,nan,45.20261764526367,0.6074846386909485,0.9049053192138672,4.0,4.114705562591553,180.0
750.0,True,False,nan,45.46018981933594,0.7308006882667542,0.9717777371406555,6.0,3.858591318130493,180.0
750.0,True,False,nan,48.19580078125,0.6415485143661499,0.9740254878997803,5.0,4.124604225158691,180.0
750.0,True,False,nan,47.99783706665039,0.7390768527984619,0.8951423168182373,4.0,3.8589649200439453,180.0
750.0,True,False,nan,45.38831329345703,0.7993617057800293,0.8117308616638184,4.0,3.6688549518585205,180.0
750.0,True,False,nan,47.33723831176758,0.8775438666343689,0.879482626914978,4.0,3.7721614837646484,180.0
750.0,True,False,nan,50.070037841796875,0.7887694239616394,0.9296439290046692,4.0,3.816967725753784,180.0
750.0,True,False,nan,45.247562408447266,0.6568935513496399,1.0087785720825195,4.0,3.796506643295288,180.0
750.0,True,False,nan,45.309776306152344,0.9405431151390076,0.8972966074943542,5.0,4.037840366363525,180.0
750.0,True,False,nan,46.04023361206055,0.6828045845031738,0.960319995880127,7.0,3.8902220726013184,180.0
750.0,True,False,nan,46.05542755126953,0.922122061252594,0.7945634722709656,4.0,3.780454397201538,180.0
750.0,True,False,nan,49.843040466308594,0.9692708253860474,0.8504418730735779,4.0,3.7701969146728516,180.0
750.0,True,False,nan,47.92757034301758,1.073634147644043,0.7718121409416199,4.0,3.9434995651245117,180.0
750.0,True,False,nan,50.858154296875,1.1715880632400513,0.8623839020729065,6.0,4.0823750495910645,180.0
750.0,True,False,nan,46.04294204711914,0.662875771522522,1.009477138519287,3.0,3.706941604614258,180.0
750.0,True,False,nan,25.352693557739258,0.6994028687477112,0.7926104068756104,4.0,4.251729965209961,180.0
750.0,True,False,nan,36.05039596557617,0.686557412147522,0.7832027673721313,4.0,4.386966228485107,180.0
750.0,True,False,nan,34.30252456665039,0.8790838122367859,0.7639778256416321,3.0,3.66169810295105,180.0
750.0,True,False,nan,38.93125915527344,0.9101783633232117,0.9100296497344971,3.0,3.7837140560150146,180.0
750.0,True,False,nan,38.934452056884766,0.7471844553947449,0.9213678240776062,3.0,3.565462350845337,180.0
750.0,True,False,nan,45.196807861328125,0.27551892399787903,0.9681066870689392,14.0,3.2960808277130127,270.0
750.0,True,False,nan,47.62714385986328,0.28229469060897827,1.0539238452911377,7.0,3.1566274166107178,270.0
750.0,True,False,nan,45.09516143798828,0.29028499126434326,0.9485508799552917,7.0,3.128474712371826,270.0
750.0,True,False,nan,48.446651458740234,0.2737145721912384,0.8729095458984375,7.0,3.0820374488830566,270.0
750.0,True,False,nan,50.822513580322266,0.2568736672401428,1.0066108703613281,5.0,3.287304401397705,270.0
750.0,True,False,nan,46.59259033203125,0.25488194823265076,0.9236658215522766,7.0,3.0587997436523438,270.0
750.0,True,False,nan,46.28000259399414,0.3330875635147095,0.7953412532806396,3.0,2.983217239379883,270.0
750.0,True,False,nan,51.173500061035156,0.32688581943511963,0.9293891787528992,3.0,3.289900779724121,270.0
750.0,True,False,nan,56.316436767578125,0.30051177740097046,0.8208786249160767,1.0,2.912146806716919,270.0
750.0,True,False,nan,45.95170593261719,0.31939661502838135,0.9559811353683472,9.0,3.3196120262145996,270.0
750.0,True,False,nan,55.854454040527344,0.29999491572380066,0.9620333313941956,12.0,3.328690528869629,270.0
750.0,True,False,nan,45.72738265991211,0.31906935572624207,0.7832047343254089,4.0,2.852515459060669,270.0
750.0,True,False,nan,49.969505310058594,0.3262966573238373,0.8687828779220581,3.0,2.988152265548706,270.0
750.0,True,False,nan,45.61602783203125,0.2788834869861603,0.8152327537536621,7.0,2.8475239276885986,270.0
750.0,True,False,nan,49.754493713378906,0.32437795400619507,0.8493858575820923,3.0,3.321553945541382,270.0
750.0,True,False,nan,48.39079666137695,0.3220372200012207,0.9245912432670593,7.0,3.0679407119750977,270.0
750.0,True,False,nan,50.45258331298828,0.32839569449424744,1.0563167333602905,5.0,3.7564096450805664,270.0
750.0,True,False,nan,52.27999496459961,0.34984973073005676,0.9035519957542419,4.0,3.552774429321289,270.0
750.0,True,False,nan,49.59101486206055,0.34937584400177,0.9230421185493469,5.0,3.5765769481658936,270.0
750.0,True,False,nan,48.88007354736328,0.31982648372650146,0.7047416567802429,1.0,2.807943105697632,270.0
750.0,True,False,nan,49.53089141845703,0.30748361349105835,0.861732542514801,7.0,3.0805959701538086,270.0
750.0,True,False,nan,48.353519439697266,0.3607574999332428,0.9718239307403564,4.0,3.485353708267212,270.0
750.0,True,False,nan,45.76853561401367,0.3784627318382263,0.7926132082939148,4.0,3.2385964393615723,270.0
750.0,True,False,nan,46.351654052734375,0.38044217228889465,0.7929218411445618,4.0,3.3356244564056396,270.0
750.0,True,False,nan,46.66835403442383,0.34566763043403625,0.7654694318771362,7.0,2.94026780128479,270.0
750.0,True,False,nan,49.59156036376953,1.0081456899642944,0.8212354183197021,7.0,2.839524984359741,270.0
750.0,False,True,0.6200000047683716,26.21478271484375,0.8793048858642578,0.7663804888725281,4.0,3.00789213180542,270.0
750.0,False,True,0.6200000047683716,25.440174102783203,0.7432212233543396,0.843060314655304,5.0,3.24369740486145,270.0
750.0,False,True,0.8199999928474426,39.839088439941406,1.1521120071411133,0.8951313495635986,4.0,3.4026150703430176,270.0
750.0,False,True,0.85999995470047,35.60038757324219,1.0132665634155273,0.8300975561141968,5.0,3.455493450164795,270.0
750.0,False,True,0.8999999761581421,32.48830795288086,0.886376678943634,0.7718127965927124,4.0,3.0522396564483643,270.0
750.0,False,True,0.7599999904632568,33.303462982177734,0.9339783787727356,0.9132197499275208,4.0,3.468618631362915,270.0
750.0,False,True,1.1799999475479126,36.8917350769043,1.336565375328064,0.804688036441803,4.0,2.868917465209961,270.0
750.0,False,True,1.159999966621399,38.31260299682617,1.2492278814315796,0.7551552653312683,3.0,2.7570667266845703,270.0
750.0,False,True,0.8799999952316284,34.98600387573242,0.8395693898200989,0.9100319743156433,3.0,3.0709521770477295,270.0
750.0,False,True,0.85999995470047,31.11008071899414,0.8552320003509521,0.8780757784843445,4.0,3.21006178855896,270.0
750.0,False,True,1.3600000143051147,35.86492156982422,0.965366542339325,0.746366560459137,6.0,2.875150442123413,270.0
750.0,False,True,0.8199999928474426,30.880231857299805,0.9123165011405945,0.8794859051704407,4.0,3.3459274768829346,270.0
750.0,False,True,0.7599999904632568,35.87598419189453,0.9642817378044128,0.8925220966339111,4.0,3.507744550704956,270.0
750.0,False,True,0.7400000095367432,33.85306167602539,1.0071974992752075,0.9603055715560913,7.0,3.55368709564209,270.0
750.0,False,True,1.459999918937683,44.583740234375,1.8738542795181274,0.8623883724212646,6.0,3.2385025024414062,270.0
750.0,False,True,0.8999999761581421,30.66451072692871,0.9659940004348755,0.7460465431213379,4.0,2.836120843887329,270.0
750.0,False,True,1.899999976158142,40.35055923461914,1.4665710926055908,0.7150676846504211,3.0,2.803504705429077,270.0
750.0,False,True,0.7599999904632568,29.792076110839844,0.9303809404373169,1.008785367012024,4.0,3.4699556827545166,270.0
750.0,False,True,0.7999999523162842,36.77212142944336,1.0922975540161133,0.929636538028717,4.0,3.3997931480407715,270.0
750.0,False,True,1.6399999856948853,38.74143981933594,2.252779245376587,0.9185180068016052,11.0,3.7484030723571777,270.0
750.0,False,True,0.8399999737739563,40.49305725097656,1.1280131340026855,0.794562578201294,4.0,3.0318219661712646,270.0
750.0,False,True,0.85999995470047,33.93832015991211,0.8952474594116211,0.8541927933692932,4.0,2.963730812072754,270.0
750.0,False,True,0.7599999904632568,33.770591735839844,0.8577604293823242,0.8917700052261353,7.0,3.480940341949463,270.0
750.0,False,True,1.100000023841858,39.97625732421875,1.3177342414855957,0.9742541313171387,5.0,3.4607298374176025,270.0
750.0,False,True,0.8399999737739563,41.38551330566406,0.8780120611190796,0.8721833825111389,7.0,3.1851806640625,270.0
750.0,False,True,0.6200000047683716,31.54587745666504,0.8007770776748657,0.8117309808731079,4.0,3.060182809829712,270.0
750.0,False,True,1.3399999141693115,39.0068244934082,1.458736777305603,1.063658595085144,6.0,3.5818121433258057,270.0
750.0,False,True,0.7599999904632568,35.65814971923828,1.252346158027649,1.0087629556655884,5.0,3.5761733055114746,270.0
750.0,False,True,0.85999995470047,32.53388595581055,0.8507354855537415,0.8504437208175659,4.0,3.2656021118164062,270.0
750.0,False,True,0.7599999904632568,32.451927185058594,1.059511661529541,0.8972983360290527,5.0,3.5678389072418213,270.0
750.0,False,True,0.85999995470047,32.37574768066406,0.815582275390625,0.9213679432868958,3.0,3.2247414588928223,270.0
750.0,False,True,0.7599999904632568,32.17932891845703,0.9449526071548462,1.0094760656356812,3.0,3.3586270809173584,270.0
750.0,False,True,0.85999995470047,34.67911148071289,0.9002002477645874,0.8359798192977905,4.0,3.3290703296661377,270.0
750.0,False,True,0.85999995470047,34.69447708129883,0.9428382515907288,0.9049088358879089,4.0,3.2528953552246094,270.0
750.0,False,True,0.7799999713897705,33.275665283203125,1.0133063793182373,0.9717809557914734,6.0,3.4921300411224365,270.0
750.0,False,True,0.6200000047683716,27.554338455200195,0.6677409410476685,0.852520227432251,4.0,3.1603684425354004,270.0
750.0,False,True,0.7599999904632568,33.746009826660156,1.0016140937805176,0.9740239977836609,5.0,3.5685901641845703,270.0
750.0,False,True,0.8799999952316284,36.09125518798828,0.8711585998535156,0.8353573083877563,3.0,2.987058162689209,270.0
750.0,True,False,nan,48.44752883911133,0.2737174332141876,0.8729158043861389,7.0,3.0820345878601074,270.0
750.0,True,False,nan,51.22844696044922,0.25675657391548157,1.005005121231079,7.0,3.2596824169158936,270.0
750.0,True,False,nan,47.626686096191406,0.2822922170162201,1.0539371967315674,7.0,3.1566290855407715,270.0
750.0,True,False,nan,46.59236145019531,0.25488200783729553,0.9236665368080139,7.0,3.05879807472229,270.0
750.0,True,False,nan,55.8542594909668,0.2999946177005768,0.962034285068512,12.0,3.3287057876586914,270.0
750.0,True,False,nan,45.09495544433594,0.29027819633483887,0.9486274719238281,7.0,3.1283395290374756,270.0
750.0,True,False,nan,56.316314697265625,0.30051276087760925,0.8208744525909424,1.0,2.912151575088501,270.0
750.0,True,False,nan,45.61643981933594,0.27888646721839905,0.8152272701263428,7.0,2.8475289344787598,270.0
750.0,True,False,nan,49.051265716552734,0.31509336829185486,0.7063143849372864,1.0,2.7880964279174805,270.0
750.0,True,False,nan,0.31090426445007324,0.0,0.7654685378074646,6.0,0.0,270.0
750.0,True,False,nan,4.071166038513184,0.03996146470308304,0.968241810798645,14.0,1.9657737016677856,270.0
750.0,True,False,nan,36.26014709472656,0.20397275686264038,0.7832074761390686,4.0,2.5748507976531982,270.0
800.0,True,False,nan,45.979713439941406,0.15182659029960632,0.8152339458465576,7.0,3.7404286861419678,0.0
800.0,True,False,nan,47.09593200683594,0.21330243349075317,0.7663739919662476,4.0,3.9820494651794434,0.0
800.0,True,False,nan,51.081050872802734,0.1651533544063568,0.931196391582489,3.0,3.992231607437134,0.0
800.0,True,False,nan,48.68784713745117,0.2047291398048401,0.7718124389648438,4.0,3.8830788135528564,0.0
800.0,True,False,nan,46.5245475769043,0.16636483371257782,0.9680922627449036,14.0,3.961453437805176,0.0
800.0,True,False,nan,48.331687927246094,0.154036745429039,0.8208848834037781,1.0,3.6367788314819336,0.0
800.0,True,False,nan,46.27131271362305,0.18033310770988464,0.9136736392974854,4.0,3.988731622695923,0.0
800.0,True,False,nan,48.93692398071289,0.19838722050189972,0.8046838641166687,4.0,3.8704586029052734,0.0
800.0,True,False,nan,48.81915283203125,0.17327827215194702,0.9559851884841919,9.0,3.988051176071167,0.0
800.0,True,False,nan,45.617488861083984,0.13610443472862244,0.9620295166969299,12.0,3.8712856769561768,0.0
800.0,True,False,nan,47.33998107910156,0.16723549365997314,0.7832151055335999,4.0,3.5250296592712402,0.0
800.0,True,False,nan,48.23126983642578,0.21751326322555542,0.7551552653312683,3.0,3.82906174659729,0.0
800.0,True,False,nan,51.69901657104492,0.1933753490447998,0.769808292388916,7.0,3.929029941558838,0.0
800.0,True,False,nan,45.53115463256836,0.17382600903511047,0.9602941274642944,7.0,3.9803426265716553,0.0
800.0,True,False,nan,50.62461471557617,0.13622456789016724,0.948556125164032,7.0,3.6692564487457275,0.0
800.0,True,False,nan,49.02854537963867,0.20928864181041718,0.7460495829582214,4.0,3.9146766662597656,0.0
800.0,True,False,nan,53.12137222290039,0.20991621911525726,0.7150698304176331,3.0,3.992772102355957,0.0
800.0,True,False,nan,54.36231994628906,0.15586626529693604,0.872910737991333,7.0,3.779550552368164,0.0
800.0,True,False,nan,52.68982696533203,0.14181403815746307,1.005008339881897,7.0,3.9180514812469482,0.0
800.0,True,False,nan,54.58781051635742,0.18435582518577576,0.7063177227973938,1.0,3.9483985900878906,0.0
800.0,True,False,nan,46.79741668701172,0.18526709079742432,0.8721823692321777,7.0,3.9424710273742676,0.0
800.0,True,False,nan,45.136146545410156,0.20275622606277466,0.8117294311523438,4.0,3.805189847946167,0.0
800.0,True,False,nan,52.07892608642578,0.1899542212486267,0.8212347626686096,7.0,3.9962708950042725,0.0
800.0,True,False,nan,51.32452392578125,0.16137376427650452,0.9236698150634766,7.0,3.643362522125244,0.0
800.0,True,False,nan,49.64332962036133,0.17556346952915192,0.8617362976074219,7.0,3.8046112060546875,0.0
800.0,True,False,nan,49.89195251464844,0.15819121897220612,0.9245898723602295,7.0,3.5337719917297363,0.0
800.0,True,False,nan,54.571510314941406,0.19803284108638763,0.7953445911407471,3.0,3.666088104248047,0.0
800.0,True,False,nan,45.57048797607422,0.17536282539367676,0.7929562330245972,4.0,3.366075038909912,0.0
800.0,True,False,nan,52.930885314941406,0.20260179042816162,0.8949551582336426,4.0,3.6622538566589355,0.0
800.0,True,False,nan,51.51921081542969,0.153166726231575,0.9035521745681763,4.0,3.5295627117156982,0.0
800.0,True,False,nan,46.67802047729492,0.21820315718650818,0.9099541306495667,3.0,3.6419451236724854,0.0
800.0,True,False,nan,48.627803802490234,0.22830556333065033,0.879494309425354,4.0,3.955235004425049,0.0
800.0,True,False,nan,52.467655181884766,0.2002711147069931,0.8925083875656128,4.0,4.099535942077637,0.0
800.0,True,False,nan,59.27284622192383,0.14338599145412445,1.0539329051971436,7.0,3.745586633682251,0.0
800.0,True,False,nan,48.77766418457031,0.19342605769634247,0.9296348690986633,4.0,3.7108407020568848,0.0
800.0,True,False,nan,51.877986907958984,0.2236844003200531,0.7945674657821655,4.0,3.719609498977661,0.0
800.0,True,False,nan,47.365901947021484,0.17979896068572998,0.7929279804229736,4.0,3.5718672275543213,0.0
800.0,True,False,nan,48.89803695678711,0.14440537989139557,1.0636433362960815,6.0,3.6260826587677,0.0
800.0,True,False,nan,58.091217041015625,0.19076746702194214,0.8687735199928284,3.0,3.707233428955078,0.0
800.0,True,False,nan,47.78573226928711,0.23409195244312286,0.8504380583763123,4.0,3.791659355163574,0.0
800.0,True,False,nan,48.72481155395508,0.20583021640777588,0.8973047137260437,5.0,3.862459182739258,0.0
800.0,True,False,nan,56.40152359008789,0.1732506901025772,0.8493834733963013,3.0,3.7780017852783203,0.0
800.0,True,False,nan,52.390350341796875,0.20632368326187134,0.8372969627380371,4.0,4.004387855529785,0.0
800.0,True,False,nan,49.082550048828125,0.21332691609859467,0.9049091339111328,4.0,3.6229543685913086,0.0
800.0,True,False,nan,48.32477951049805,0.18599557876586914,0.9717736840248108,6.0,3.7185096740722656,0.0
800.0,True,False,nan,50.14604568481445,0.19490881264209747,0.9740232825279236,5.0,3.8292083740234375,0.0
800.0,True,False,nan,47.14048385620117,0.14334318041801453,1.0563247203826904,5.0,3.5241150856018066,0.0
800.0,True,False,nan,49.005733489990234,0.2170327752828598,0.8300948143005371,5.0,3.636256217956543,0.0
800.0,True,False,nan,53.183868408203125,0.16734856367111206,0.9229662418365479,5.0,3.7326455116271973,0.0
800.0,True,False,nan,54.80351638793945,0.19322477281093597,0.8623926639556885,6.0,3.774470806121826,0.0
800.0,True,False,nan,45.5522346496582,0.16941365599632263,0.9185122847557068,11.0,3.5004143714904785,0.0
800.0,True,False,nan,48.639278411865234,0.1860814243555069,0.9742457866668701,5.0,3.797532081604004,0.0
800.0,True,False,nan,46.53399658203125,0.15852057933807373,0.9718145132064819,4.0,3.5822486877441406,0.0
800.0,True,False,nan,48.399452209472656,0.45394423604011536,0.7654716968536377,7.0,3.985258102416992,0.0
800.0,True,False,nan,45.365089416503906,0.5436559319496155,0.8934096693992615,7.0,4.000377655029297,0.0
800.0,True,False,nan,51.18611526489258,1.5760496854782104,0.8541938066482544,4.0,3.762450695037842,0.0
800.0,True,False,nan,47.62178421020508,3.3092682361602783,0.8780786991119385,4.0,3.8709230422973633,0.0
800.0,False,True,1.1999999284744263,40.5365104675293,1.7653510570526123,0.8430718183517456,5.0,3.9875404834747314,0.0
800.0,False,True,1.4800000190734863,40.91468048095703,2.1119680404663086,1.0087804794311523,4.0,3.859079122543335,0.0
800.0,False,True,1.4800000190734863,44.034706115722656,2.286438226699829,1.0087623596191406,5.0,3.757343292236328,0.0
800.0,False,True,1.4399999380111694,41.027286529541016,2.3918092250823975,0.9213679432868958,3.0,3.829622983932495,0.0
800.0,False,False,nan,38.7269172668457,7.848733425140381,1.009476900100708,3.0,3.856966018676758,0.0
800.0,False,True,1.0799999237060547,42.64643478393555,1.5666966438293457,0.8525229692459106,4.0,3.9878880977630615,0.0
800.0,False,True,1.659999966621399,39.72166061401367,2.5686686038970947,0.8353721499443054,3.0,3.829404830932617,0.0
800.0,True,False,nan,48.331634521484375,0.15403707325458527,0.8208789229393005,1.0,3.6367833614349365,0.0
800.0,True,False,nan,54.03165817260742,0.18467935919761658,0.7047440409660339,1.0,3.9198250770568848,0.0
800.0,True,False,nan,54.362186431884766,0.1558670848608017,0.8729081749916077,7.0,3.7795467376708984,0.0
800.0,True,False,nan,45.97977828979492,0.15182648599147797,0.8152288794517517,7.0,3.7404279708862305,0.0
800.0,True,False,nan,51.32480239868164,0.16137352585792542,0.9236681461334229,7.0,3.643364191055298,0.0
800.0,True,False,nan,51.88057327270508,0.19698047637939453,0.7463729381561279,6.0,3.913174867630005,0.0
800.0,True,False,nan,51.95636749267578,0.14508146047592163,1.0063661336898804,5.0,4.16756010055542,0.0
800.0,True,False,nan,52.07891845703125,0.18995380401611328,0.8212372660636902,7.0,3.9962708950042725,0.0
800.0,True,False,nan,47.339263916015625,0.16723205149173737,0.7832083702087402,4.0,3.5250298976898193,0.0
800.0,True,False,nan,59.27281951904297,0.14338532090187073,1.0539249181747437,7.0,3.7455997467041016,0.0
800.0,True,False,nan,50.62544250488281,0.13621951639652252,0.9486162066459656,7.0,3.669121742248535,0.0
800.0,True,False,nan,49.690391540527344,0.1773846447467804,0.8526925444602966,7.0,3.8103890419006348,0.0
800.0,True,False,nan,46.79741668701172,0.18526721000671387,0.8721826076507568,7.0,3.9424705505371094,0.0
800.0,True,False,nan,46.52459716796875,0.1663656234741211,0.9680944681167603,14.0,3.961458921432495,0.0
800.0,True,False,nan,46.460933685302734,0.1797962635755539,0.9136132001876831,4.0,3.996669054031372,0.0
800.0,True,False,nan,53.121177673339844,0.2099158763885498,0.715070366859436,3.0,3.992769241333008,0.0
800.0,True,False,nan,45.61761474609375,0.13610416650772095,0.9620320796966553,12.0,3.871284008026123,0.0
800.0,True,False,nan,56.40123748779297,0.17325007915496826,0.8493823409080505,3.0,3.778003454208374,0.0
800.0,True,False,nan,48.819305419921875,0.1732780486345291,0.9559887647628784,9.0,3.9880483150482178,0.0
800.0,True,False,nan,51.51934814453125,0.15316712856292725,0.9035565257072449,4.0,3.52955961227417,0.0
800.0,True,False,nan,48.3994140625,0.4539434015750885,0.7654699683189392,6.0,3.9852519035339355,0.0
800.0,True,False,nan,47.0960807800293,0.2133016139268875,0.7663775682449341,4.0,3.982048988342285,0.0
800.0,True,False,nan,45.570613861083984,0.17536425590515137,0.7929537892341614,4.0,3.366079807281494,0.0
800.0,True,False,nan,53.17861557006836,0.167336106300354,0.9230731129646301,5.0,3.7326295375823975,0.0
800.0,True,False,nan,49.02872085571289,0.20929081737995148,0.7460430860519409,4.0,3.914669990539551,0.0
800.0,True,False,nan,47.3661003112793,0.17980149388313293,0.7929210066795349,4.0,3.5718612670898438,0.0
800.0,True,False,nan,49.89222717285156,0.15819089114665985,0.9245863556861877,7.0,3.533783435821533,0.0
800.0,True,False,nan,47.140628814697266,0.14334744215011597,1.0563173294067383,5.0,3.5241127014160156,0.0
800.0,True,False,nan,54.571632385253906,0.1980336457490921,0.7953411340713501,3.0,3.666088581085205,0.0
800.0,True,False,nan,51.080936431884766,0.16511911153793335,0.9314785599708557,3.0,3.9921936988830566,0.0
800.0,True,False,nan,53.613338470458984,0.19758836925029755,0.8915675282478333,4.0,4.097977161407471,0.0
800.0,True,False,nan,54.802730560302734,0.1932261437177658,0.8623898029327393,6.0,3.774441957473755,0.0
800.0,True,False,nan,45.55234146118164,0.16941234469413757,0.9185186624526978,11.0,3.5004165172576904,0.0
800.0,True,False,nan,58.091304779052734,0.19076722860336304,0.8687772154808044,3.0,3.7072198390960693,0.0
800.0,True,False,nan,49.00604248046875,0.2170303612947464,0.8300947546958923,5.0,3.6362807750701904,0.0
800.0,True,False,nan,52.39049530029297,0.206324502825737,0.8372905850410461,4.0,4.004388332366943,0.0
800.0,True,False,nan,46.533348083496094,0.15852175652980804,0.9718160033226013,4.0,3.582214593887329,0.0
800.0,True,False,nan,48.68830490112305,0.20472806692123413,0.7718179225921631,4.0,3.88308048248291,0.0
800.0,True,False,nan,45.36357879638672,0.5444489121437073,0.8917614817619324,7.0,4.000454902648926,0.0
800.0,True,False,nan,48.936641693115234,0.1983858048915863,0.8046932220458984,4.0,3.8704423904418945,0.0
800.0,True,False,nan,48.897979736328125,0.14440378546714783,1.063653826713562,6.0,3.6260883808135986,0.0
800.0,True,False,nan,50.25211715698242,0.2151348739862442,0.7639732956886292,3.0,3.8107476234436035,0.0
800.0,True,False,nan,51.877437591552734,0.22368556261062622,0.7945663332939148,4.0,3.719583034515381,0.0
800.0,True,False,nan,48.77788162231445,0.19342541694641113,0.929629921913147,4.0,3.7108821868896484,0.0
800.0,True,False,nan,48.639827728271484,0.18607746064662933,0.9742532968521118,4.0,3.797542095184326,0.0
800.0,True,False,nan,52.930885314941406,0.2026071697473526,0.8949407339096069,4.0,3.6622347831726074,0.0
800.0,True,False,nan,43.73411178588867,0.44519907236099243,0.8541979789733887,4.0,3.7137112617492676,0.0
800.0,True,False,nan,53.998634338378906,0.2698619067668915,0.7654737234115601,7.0,3.2050259113311768,90.0
800.0,True,False,nan,47.2767448425293,0.3731696903705597,0.968242347240448,14.0,3.882725954055786,90.0
800.0,True,False,nan,45.7218132019043,0.23538483679294586,0.8208778500556946,1.0,2.8856711387634277,90.0
800.0,True,False,nan,45.914432525634766,0.2811599373817444,0.8212358355522156,7.0,3.163989305496216,90.0
800.0,True,False,nan,48.04350662231445,0.32057926058769226,0.7047450542449951,1.0,2.8279452323913574,90.0
800.0,True,False,nan,50.71735763549805,0.43332982063293457,1.005009412765503,7.0,3.9757883548736572,90.0
800.0,True,False,nan,45.81992721557617,0.324624240398407,0.8152311444282532,7.0,2.9128832817077637,90.0
800.0,True,False,nan,48.20147705078125,0.4867463707923889,1.0563199520111084,5.0,3.9887490272521973,90.0
800.0,True,False,nan,52.50128936767578,0.5225608348846436,0.9620354175567627,12.0,3.916447639465332,90.0
800.0,True,False,nan,53.630733489990234,0.48315322399139404,0.9035537838935852,4.0,3.782475233078003,90.0
800.0,True,False,nan,47.86899948120117,0.3930227756500244,1.053920865058899,7.0,3.6061577796936035,90.0
800.0,True,False,nan,49.6251106262207,0.4089040160179138,0.8729094862937927,7.0,3.308084487915039,90.0
800.0,True,False,nan,49.94580841064453,0.3600701689720154,0.9236649870872498,7.0,3.0603268146514893,90.0
800.0,True,False,nan,50.501529693603516,0.4244425296783447,0.8493819236755371,3.0,3.4299864768981934,90.0
800.0,True,False,nan,48.557525634765625,0.4149797558784485,0.7953431606292725,3.0,2.7862982749938965,90.0
800.0,True,False,nan,46.93312454223633,0.4512563645839691,0.7929527759552002,4.0,3.2006490230560303,90.0
800.0,True,False,nan,49.204063415527344,0.5006008744239807,0.9313845634460449,3.0,3.687244415283203,90.0
800.0,True,False,nan,51.662559509277344,0.5553793907165527,0.9559829831123352,9.0,3.854288339614868,90.0
800.0,True,False,nan,49.805015563964844,0.4548164904117584,0.948555052280426,7.0,3.4234964847564697,90.0
800.0,True,False,nan,49.083438873291016,0.49378564953804016,0.9230757355690002,5.0,3.5979769229888916,90.0
800.0,True,False,nan,45.51504898071289,0.39612627029418945,0.868783175945282,3.0,2.8440091609954834,90.0
800.0,True,False,nan,47.89473342895508,0.46942272782325745,0.9718249440193176,4.0,3.611740827560425,90.0
800.0,True,False,nan,45.55659866333008,0.5251578092575073,0.8300904631614685,5.0,3.1183876991271973,90.0
800.0,True,False,nan,47.86838912963867,0.4690576195716858,0.7832082509994507,4.0,2.9625351428985596,90.0
800.0,True,False,nan,48.62437438964844,0.46298861503601074,0.8623930215835571,6.0,3.0499284267425537,90.0
800.0,True,False,nan,48.7570915222168,0.48993372917175293,0.86173415184021,7.0,3.112264394760132,90.0
800.0,True,False,nan,46.575477600097656,0.44251009821891785,0.9245908260345459,7.0,3.087822198867798,90.0
800.0,True,False,nan,45.81218338012695,0.5670256018638611,0.715071439743042,3.0,2.8862688541412354,90.0
800.0,True,False,nan,47.29064178466797,0.5783190131187439,0.7929124236106873,4.0,3.122610092163086,90.0
800.0,True,False,nan,45.15998458862305,0.568187415599823,0.7639727592468262,3.0,2.9842071533203125,90.0
800.0,True,False,nan,46.404720306396484,0.6078428626060486,0.7463683485984802,6.0,2.9781079292297363,90.0
800.0,True,False,nan,46.45411682128906,0.6519331932067871,0.8925122022628784,4.0,3.5136139392852783,90.0
800.0,True,False,nan,47.591766357421875,0.5583414435386658,0.794565737247467,4.0,2.8238401412963867,90.0
800.0,True,False,nan,45.79237365722656,0.5827725529670715,0.9742440581321716,5.0,3.506347417831421,90.0
800.0,True,False,nan,46.40755844116211,0.6286569833755493,0.8372948169708252,4.0,3.1688051223754883,90.0
800.0,True,False,nan,45.859336853027344,0.6165119409561157,0.895132839679718,4.0,3.370603561401367,90.0
800.0,True,False,nan,48.87146759033203,0.6893566846847534,0.9185031652450562,11.0,3.6404240131378174,90.0
800.0,True,False,nan,50.290321350097656,0.7848076820373535,0.8721814155578613,7.0,3.445672035217285,90.0
800.0,True,False,nan,47.039634704589844,0.7353763580322266,0.7460447549819946,4.0,2.924161195755005,90.0
800.0,True,False,nan,47.68556594848633,0.9824848771095276,0.9136733412742615,4.0,3.651646614074707,90.0
800.0,True,False,nan,46.639774322509766,0.8817331790924072,1.0088273286819458,5.0,3.7597403526306152,90.0
800.0,True,False,nan,45.0999641418457,0.7863304018974304,0.9296392202377319,4.0,3.2982139587402344,90.0
800.0,True,False,nan,46.79777526855469,1.133903980255127,1.0636554956436157,6.0,3.6748828887939453,90.0
800.0,True,False,nan,50.02730178833008,1.854666829109192,0.8917693495750427,7.0,3.5408377647399902,90.0
800.0,False,True,1.4199999570846558,40.93404006958008,1.3679797649383545,0.7663778066635132,4.0,2.956129550933838,90.0
800.0,False,True,0.9799999594688416,23.959325790405273,1.3406001329421997,0.8430669903755188,5.0,3.200618267059326,90.0
800.0,False,True,2.1599998474121094,34.51401901245117,1.782039761543274,0.7718126773834229,4.0,2.9125211238861084,90.0
800.0,False,True,1.6999999284744263,35.53139877319336,1.8018299341201782,0.8046801090240479,4.0,2.9233009815216064,90.0
800.0,False,True,1.6200000047683716,30.13674545288086,1.607507348060608,0.9100251197814941,3.0,2.9679129123687744,90.0
800.0,False,True,0.9799999594688416,20.24931526184082,1.2935882806777954,0.8780737519264221,4.0,3.286771297454834,90.0
800.0,False,True,1.1399999856948853,28.08634376525879,1.4971957206726074,0.879489541053772,4.0,3.2420847415924072,90.0
800.0,False,False,nan,33.18150329589844,4.579453945159912,0.9603163003921509,7.0,3.659045696258545,90.0
800.0,False,True,1.8399999141693115,31.595273971557617,3.3420732021331787,1.0087765455245972,4.0,3.632791042327881,90.0
800.0,False,True,1.3600000143051147,26.537395477294922,1.3629618883132935,0.8541907668113708,4.0,3.043048620223999,90.0
800.0,False,True,1.7799999713897705,30.946874618530273,1.6437368392944336,0.8117282390594482,4.0,2.923780679702759,90.0
800.0,False,True,1.0799999237060547,26.670866012573242,1.3996729850769043,0.8504471778869629,4.0,3.133955478668213,90.0
800.0,False,True,2.0,38.6212272644043,2.295480728149414,0.8973050117492676,5.0,3.5072691440582275,90.0
800.0,False,True,0.9599999785423279,24.223026275634766,1.1819859743118286,0.9214183688163757,3.0,3.1689937114715576,90.0
800.0,False,True,1.9399999380111694,36.187747955322266,3.629018545150757,1.009477972984314,3.0,3.607905149459839,90.0
800.0,False,True,1.2599999904632568,30.380996704101562,1.2875725030899048,0.9049012660980225,4.0,3.021049737930298,90.0
800.0,False,True,1.9799998998641968,33.00032424926758,2.5230603218078613,0.971790075302124,6.0,3.442784547805786,90.0
800.0,False,True,1.0399999618530273,23.608617782592773,1.3265657424926758,0.8525322675704956,4.0,3.152531862258911,90.0
800.0,False,True,1.399999976158142,35.487735748291016,1.9439096450805664,0.9740221500396729,5.0,3.6297335624694824,90.0
800.0,False,True,1.659999966621399,34.759910583496094,1.2464888095855713,0.8353716135025024,3.0,3.1718838214874268,90.0
800.0,True,False,nan,47.276702880859375,0.37319761514663696,0.9680935740470886,14.0,3.8827452659606934,90.0
800.0,True,False,nan,45.72179412841797,0.23538579046726227,0.8208770751953125,1.0,2.885673761367798,90.0
800.0,True,False,nan,53.99899673461914,0.2698628306388855,0.765471875667572,7.0,3.205031156539917,90.0
800.0,True,False,nan,50.71739959716797,0.4333301782608032,1.0050045251846313,7.0,3.975783586502075,90.0
800.0,True,False,nan,48.04334259033203,0.3205791115760803,0.7047438025474548,1.0,2.8279407024383545,90.0
800.0,True,False,nan,45.914207458496094,0.28115975856781006,0.8212372064590454,7.0,3.163991928100586,90.0
800.0,True,False,nan,52.5011100769043,0.5225607752799988,0.9620326161384583,12.0,3.916447877883911,90.0
800.0,True,False,nan,53.63014221191406,0.4831526577472687,0.9035528302192688,4.0,3.782478094100952,90.0
800.0,True,False,nan,45.81956481933594,0.32462483644485474,0.815229058265686,7.0,2.9128870964050293,90.0
800.0,True,False,nan,50.50143051147461,0.4244407117366791,0.8493886590003967,3.0,3.4299890995025635,90.0
800.0,True,False,nan,48.20130920410156,0.48674827814102173,1.0563174486160278,5.0,3.988757848739624,90.0
800.0,True,False,nan,47.86916732788086,0.3930227756500244,1.0539263486862183,7.0,3.6061503887176514,90.0
800.0,True,False,nan,49.62504577636719,0.4089033007621765,0.8729117512702942,7.0,3.308081865310669,90.0
800.0,True,False,nan,49.945743560791016,0.36006951332092285,0.9236712455749512,7.0,3.0603365898132324,90.0
800.0,True,False,nan,45.514347076416016,0.39613083004951477,0.8687776327133179,3.0,2.8440279960632324,90.0
800.0,True,False,nan,48.55745315551758,0.41497790813446045,0.7953487634658813,3.0,2.786292314529419,90.0
800.0,True,False,nan,46.950408935546875,0.45127183198928833,0.7926170229911804,4.0,3.199559211730957,90.0
800.0,True,False,nan,51.66290283203125,0.5553800463676453,0.9559840559959412,9.0,3.854288101196289,90.0
800.0,True,False,nan,45.631595611572266,0.414668470621109,0.9203824400901794,4.0,3.115757465362549,90.0
800.0,True,False,nan,45.551124572753906,0.5251818895339966,0.8300920724868774,5.0,3.1184096336364746,90.0
800.0,True,False,nan,49.203216552734375,0.5006516575813293,0.9311959147453308,3.0,3.687239646911621,90.0
800.0,True,False,nan,49.804405212402344,0.45481327176094055,0.9485571980476379,7.0,3.4234867095947266,90.0
800.0,True,False,nan,49.07452392578125,0.4976465404033661,0.9240829944610596,5.0,3.6159181594848633,90.0
800.0,True,False,nan,47.86870574951172,0.4690566956996918,0.7832126021385193,4.0,2.9625308513641357,90.0
800.0,True,False,nan,48.6244010925293,0.4629957973957062,0.8623811602592468,6.0,3.0499298572540283,90.0
800.0,True,False,nan,47.53243637084961,0.5784764885902405,0.7928940057754517,4.0,3.1262097358703613,90.0
800.0,True,False,nan,47.89511489868164,0.46942806243896484,0.9718300104141235,4.0,3.611743927001953,90.0
800.0,True,False,nan,45.269989013671875,0.568552553653717,0.7173750400543213,1.0,2.889577865600586,90.0
800.0,True,False,nan,48.58560562133789,0.4908522665500641,0.8526897430419922,7.0,3.1102352142333984,90.0
800.0,True,False,nan,46.34085464477539,0.5666912198066711,0.7551561594009399,3.0,2.94897723197937,90.0
800.0,True,False,nan,47.590965270996094,0.5583399534225464,0.7945621609687805,4.0,2.8238542079925537,90.0
800.0,True,False,nan,46.40681076049805,0.6286592483520508,0.8372909426689148,4.0,3.1688008308410645,90.0
800.0,True,False,nan,45.35795211791992,0.5598994493484497,0.749586820602417,6.0,3.003730058670044,90.0
800.0,True,False,nan,48.89923095703125,0.6867079138755798,0.8915727138519287,4.0,3.546539306640625,90.0
800.0,True,False,nan,45.792701721191406,0.5827682018280029,0.9742557406425476,5.0,3.5063488483428955,90.0
800.0,True,False,nan,22.096342086791992,0.3595333397388458,0.8951400518417358,4.0,3.370605945587158,90.0
800.0,True,False,nan,29.163354873657227,0.48900845646858215,0.913747251033783,9.0,3.616600513458252,90.0
800.0,True,False,nan,22.578460693359375,0.4120405912399292,0.9296352863311768,4.0,3.2982141971588135,90.0
800.0,True,False,nan,43.539581298828125,0.6936620473861694,0.91850745677948,10.0,3.640432119369507,90.0
800.0,True,False,nan,43.144256591796875,0.6667755246162415,0.8721792101860046,7.0,3.4456686973571777,90.0
800.0,True,False,nan,4.259976863861084,0.0929502323269844,1.0636494159698486,6.0,2.5605759620666504,90.0
800.0,True,False,nan,4.2829484939575195,0.03480645269155502,1.0088326930999756,5.0,1.6907753944396973,90.0
800.0,True,False,nan,48.10098648071289,0.46670496463775635,0.9681016802787781,14.0,4.396173477172852,180.0
800.0,True,False,nan,48.3846321105957,0.47558456659317017,0.9620376825332642,12.0,4.642929553985596,180.0
800.0,True,False,nan,47.37337875366211,0.42421212792396545,1.0539220571517944,7.0,4.665063858032227,180.0
800.0,True,False,nan,49.54750442504883,0.4334181249141693,0.9485781788825989,7.0,4.568138122558594,180.0
800.0,True,False,nan,51.21675491333008,0.43280163407325745,0.8729098439216614,7.0,4.534389972686768,180.0
800.0,True,False,nan,47.36037826538086,0.4457729160785675,1.0050047636032104,7.0,4.3295111656188965,180.0
800.0,True,False,nan,49.7087516784668,0.4040542244911194,0.9236611723899841,7.0,4.217310905456543,180.0
800.0,True,False,nan,54.094966888427734,0.5116179585456848,1.0561755895614624,5.0,4.542698383331299,180.0
800.0,True,False,nan,49.29072952270508,0.48015210032463074,0.7654712200164795,7.0,3.9776768684387207,180.0
800.0,True,False,nan,45.18560791015625,0.5248068571090698,0.7929540276527405,4.0,4.319576740264893,180.0
800.0,True,False,nan,54.36810302734375,0.500674843788147,0.8208794593811035,1.0,4.496675968170166,180.0
800.0,True,False,nan,50.665340423583984,0.5051704049110413,0.9559822678565979,9.0,4.267943859100342,180.0
800.0,True,False,nan,46.507442474365234,0.5307386517524719,0.7832129597663879,4.0,4.89756965637207,180.0
800.0,True,False,nan,52.92445373535156,0.5088639259338379,0.9035489559173584,4.0,4.587304592132568,180.0
800.0,True,False,nan,47.63793182373047,0.5035908222198486,0.7463728189468384,6.0,4.089158535003662,180.0
800.0,True,False,nan,47.00767135620117,0.5309259295463562,0.9239276051521301,8.0,4.392125129699707,180.0
800.0,True,False,nan,50.93898010253906,0.5103439092636108,0.7157747149467468,7.0,4.182065486907959,180.0
800.0,True,False,nan,45.58561325073242,0.5376734733581543,0.9185174703598022,11.0,4.812166690826416,180.0
800.0,True,False,nan,55.31602096557617,0.5231338739395142,0.7047420740127563,1.0,4.670951843261719,180.0
800.0,True,False,nan,46.96607208251953,0.5170016884803772,0.8721809387207031,7.0,4.167235374450684,180.0
800.0,True,False,nan,48.48139953613281,0.48387813568115234,0.8212352991104126,7.0,3.8222105503082275,180.0
800.0,True,False,nan,51.22315216064453,0.499267578125,0.8152329325675964,7.0,4.186197280883789,180.0
800.0,True,False,nan,47.19704818725586,0.48589664697647095,0.8617340922355652,7.0,4.11503791809082,180.0
800.0,True,False,nan,55.12484359741211,0.5174227952957153,0.8493810296058655,3.0,4.3827314376831055,180.0
800.0,True,False,nan,53.6807975769043,0.5579357147216797,0.9293943047523499,3.0,4.364110946655273,180.0
800.0,True,False,nan,45.44569396972656,0.5611700415611267,0.8925083875656128,4.0,4.12459135055542,180.0
800.0,True,False,nan,56.98869323730469,0.5642422437667847,0.8917617201805115,7.0,4.387251853942871,180.0
800.0,True,False,nan,48.891563415527344,0.587593674659729,0.79288649559021,4.0,4.119682788848877,180.0
800.0,True,False,nan,47.60179138183594,0.5325959324836731,0.8687743544578552,3.0,4.317065715789795,180.0
800.0,True,False,nan,48.69832229614258,0.5649256110191345,0.9718337059020996,4.0,4.204011917114258,180.0
800.0,True,False,nan,47.76346969604492,0.6498302221298218,0.7953407168388367,3.0,4.293745040893555,180.0
800.0,True,False,nan,54.34327697753906,0.585635244846344,0.9137262105941772,4.0,3.8605997562408447,180.0
800.0,True,False,nan,48.289222717285156,0.6218666434288025,0.9603108763694763,7.0,4.410510063171387,180.0
800.0,True,False,nan,48.6513557434082,0.6373471021652222,0.8623834252357483,6.0,4.230241298675537,180.0
800.0,True,False,nan,51.64668273925781,0.6209143996238708,0.9742632508277893,5.0,4.151113986968994,180.0
800.0,True,False,nan,50.10447311401367,0.5450246334075928,0.9245875477790833,7.0,4.167325496673584,180.0
800.0,True,False,nan,46.08409881591797,0.6368131041526794,0.9740144610404968,5.0,4.385509490966797,180.0
800.0,True,False,nan,46.91908645629883,0.6795524954795837,0.8951393961906433,4.0,4.098379135131836,180.0
800.0,True,False,nan,50.048221588134766,0.6615477204322815,1.0636478662490845,6.0,4.160926818847656,180.0
800.0,True,False,nan,47.60496139526367,0.6693597435951233,1.0088322162628174,5.0,4.068849086761475,180.0
800.0,True,False,nan,47.45903396606445,0.6713331937789917,0.8372943997383118,4.0,3.8886682987213135,180.0
800.0,True,False,nan,50.08861541748047,0.6036373376846313,0.8353527188301086,3.0,3.8405258655548096,180.0
800.0,True,False,nan,50.09489440917969,0.7337114810943604,0.8300741314888,5.0,4.241428375244141,180.0
800.0,True,False,nan,52.702571868896484,0.7188695669174194,0.9296397566795349,4.0,4.1111321449279785,180.0
800.0,True,False,nan,46.097686767578125,0.7378243207931519,0.9049222469329834,4.0,4.114408016204834,180.0
800.0,True,False,nan,46.191917419433594,0.7287013530731201,0.9717669486999512,6.0,4.025965690612793,180.0
800.0,True,False,nan,46.40632247924805,0.722463846206665,0.8525219559669495,4.0,4.079087734222412,180.0
800.0,True,False,nan,50.468505859375,0.7826259136199951,0.7945640683174133,4.0,4.022456169128418,180.0
800.0,True,False,nan,47.15048599243164,0.7784578800201416,1.0087783336639404,4.0,3.89147686958313,180.0
800.0,True,False,nan,45.18318557739258,0.842206597328186,0.8504438996315002,4.0,3.9749350547790527,180.0
800.0,True,False,nan,46.300689697265625,0.7350160479545593,1.0094778537750244,3.0,3.831176280975342,180.0
800.0,True,False,nan,48.512916564941406,0.9335817694664001,0.8046847581863403,4.0,4.074665546417236,180.0
800.0,True,False,nan,46.16603469848633,0.9137711524963379,0.8794923424720764,4.0,3.8601999282836914,180.0
800.0,True,False,nan,47.13608932495117,0.9187973737716675,0.8973017930984497,5.0,3.885960578918457,180.0
800.0,True,False,nan,46.40079879760742,1.0061661005020142,0.7718135118484497,4.0,3.870051383972168,180.0
800.0,True,False,nan,47.519744873046875,0.914871871471405,0.9099567532539368,3.0,4.0350236892700195,180.0
800.0,True,False,nan,46.234188079833984,0.8682469725608826,0.9213728904724121,3.0,3.7292675971984863,180.0
800.0,True,False,nan,48.140602111816406,1.0520925521850586,0.8430685997009277,5.0,4.058302879333496,180.0
800.0,True,False,nan,45.540496826171875,1.0366871356964111,0.8117323517799377,4.0,3.9735400676727295,180.0
800.0,True,False,nan,45.20040512084961,1.1138103008270264,0.763979434967041,3.0,3.901547431945801,180.0
800.0,True,False,nan,47.22543716430664,1.1013083457946777,0.7460477352142334,4.0,3.827972173690796,180.0
800.0,True,False,nan,45.873836517333984,1.2513028383255005,0.7663742899894714,4.0,4.085259437561035,180.0
800.0,False,True,1.6799999475479126,17.085533142089844,2.7533810138702393,0.878074586391449,4.0,3.826162338256836,180.0
800.0,False,True,1.459999918937683,17.57615089416504,2.118304491043091,0.8542049527168274,4.0,3.850332260131836,180.0
800.0,True,False,nan,48.10101318359375,0.46667802333831787,0.9682396054267883,14.0,4.396162986755371,180.0
800.0,True,False,nan,48.384647369384766,0.4755856692790985,0.962034285068512,12.0,4.642927646636963,180.0
800.0,True,False,nan,51.21684646606445,0.43280118703842163,0.8729109168052673,7.0,4.534413814544678,180.0
800.0,True,False,nan,47.360137939453125,0.44577234983444214,1.0050090551376343,7.0,4.329514026641846,180.0
800.0,True,False,nan,49.70882797241211,0.4040525257587433,0.9236705303192139,7.0,4.217309951782227,180.0
800.0,True,False,nan,53.81157302856445,0.5126508474349976,1.0563209056854248,5.0,4.564740180969238,180.0
800.0,True,False,nan,50.665340423583984,0.505170464515686,0.9559798240661621,9.0,4.267932891845703,180.0
800.0,True,False,nan,52.94443893432617,0.5089283585548401,0.9035181403160095,4.0,4.587437629699707,180.0
800.0,True,False,nan,47.637760162353516,0.5035915374755859,0.7463733553886414,6.0,4.089168071746826,180.0
800.0,True,False,nan,47.37312698364258,0.42421039938926697,1.0539268255233765,7.0,4.665075302124023,180.0
800.0,True,False,nan,49.547454833984375,0.43341898918151855,0.9485734701156616,7.0,4.5681328773498535,180.0
800.0,True,False,nan,57.190345764160156,0.523682177066803,0.7063180804252625,1.0,4.7148613929748535,180.0
800.0,True,False,nan,48.489601135253906,0.4839021861553192,0.8212307095527649,7.0,3.8221821784973145,180.0
800.0,True,False,nan,55.125518798828125,0.5174226760864258,0.8493821620941162,3.0,4.382739543914795,180.0
800.0,True,False,nan,49.2906379699707,0.4801492691040039,0.7654740214347839,7.0,3.977689504623413,180.0
800.0,True,False,nan,54.36821365356445,0.5006750226020813,0.8208761811256409,1.0,4.496675968170166,180.0
800.0,True,False,nan,50.23409652709961,0.5495284199714661,0.7150671482086182,3.0,3.999257802963257,180.0
800.0,True,False,nan,45.5855712890625,0.5376743078231812,0.9185073375701904,11.0,4.812150955200195,180.0
800.0,True,False,nan,46.07493209838867,0.5190896391868591,0.8263309597969055,3.0,4.157569408416748,180.0
800.0,True,False,nan,51.22333908081055,0.49926701188087463,0.8152339458465576,7.0,4.1861982345581055,180.0
800.0,True,False,nan,46.38956069946289,0.41222235560417175,0.9203845262527466,4.0,4.314672470092773,180.0
800.0,True,False,nan,45.82673645019531,0.5117406249046326,0.9305602312088013,3.0,4.403337001800537,180.0
800.0,True,False,nan,46.5074462890625,0.530735433101654,0.7832205295562744,4.0,4.897575378417969,180.0
800.0,True,False,nan,45.22600555419922,0.5258230566978455,0.9229714870452881,5.0,4.272250652313232,180.0
800.0,True,False,nan,56.98921203613281,0.5642443299293518,0.8917685151100159,7.0,4.387258052825928,180.0
800.0,True,False,nan,47.197086334228516,0.4858956038951874,0.8617366552352905,7.0,4.115038871765137,180.0
800.0,True,False,nan,45.29745101928711,0.5247316956520081,0.7926140427589417,4.0,4.313769340515137,180.0
800.0,True,False,nan,45.45029067993164,0.5611773729324341,0.8925125002861023,4.0,4.124625205993652,180.0
800.0,True,False,nan,48.91299819946289,0.5875516533851624,0.792916476726532,4.0,4.11916446685791,180.0
800.0,True,False,nan,47.60182571411133,0.5325928926467896,0.8687853813171387,3.0,4.317067623138428,180.0
800.0,True,False,nan,56.247535705566406,0.5865792632102966,0.913888156414032,4.0,3.9068686962127686,180.0
800.0,True,False,nan,48.69780731201172,0.5649241805076599,0.9718218445777893,4.0,4.2040228843688965,180.0
800.0,True,False,nan,47.76322937011719,0.6498287916183472,0.7953426837921143,3.0,4.2937421798706055,180.0
800.0,True,False,nan,48.28987121582031,0.621865451335907,0.9603148698806763,7.0,4.410511493682861,180.0
800.0,True,False,nan,48.650726318359375,0.6373457312583923,0.862392246723175,6.0,4.230246543884277,180.0
800.0,True,False,nan,46.084228515625,0.6368116140365601,0.9740186929702759,5.0,4.385516166687012,180.0
800.0,True,False,nan,51.646827697753906,0.6209130883216858,0.9742563366889954,5.0,4.151098728179932,180.0
800.0,True,False,nan,50.04781723022461,0.6615452170372009,1.063652515411377,6.0,4.160928726196289,180.0
800.0,True,False,nan,47.60385513305664,0.6693620681762695,1.0088341236114502,5.0,4.068854331970215,180.0
800.0,True,False,nan,46.9189453125,0.6795550584793091,0.8951351046562195,4.0,4.098374843597412,180.0
800.0,True,False,nan,56.016265869140625,0.6187931895256042,0.8359821438789368,4.0,4.096391677856445,180.0
800.0,True,False,nan,52.70224380493164,0.7188682556152344,0.9296401143074036,4.0,4.1111321449279785,180.0
800.0,True,False,nan,46.09821319580078,0.7378244400024414,0.9049060344696045,4.0,4.1144328117370605,180.0
800.0,True,False,nan,46.40793991088867,0.7224656343460083,0.8525184392929077,4.0,4.079113483428955,180.0
800.0,True,False,nan,46.19206237792969,0.7287043929100037,0.9717662930488586,6.0,4.025963306427002,180.0
800.0,True,False,nan,50.46687698364258,0.7826418280601501,0.7945723533630371,4.0,4.0224432945251465,180.0
800.0,True,False,nan,50.08810043334961,0.6036351919174194,0.8353537917137146,3.0,3.8405022621154785,180.0
800.0,True,False,nan,47.152042388916016,0.778451144695282,1.0087748765945435,4.0,3.891482353210449,180.0
800.0,True,False,nan,45.184295654296875,0.842211902141571,0.8504406213760376,4.0,3.974947452545166,180.0
800.0,True,False,nan,48.51321792602539,0.933588981628418,0.8046773672103882,4.0,4.074687480926514,180.0
800.0,True,False,nan,47.13543701171875,0.9188032746315002,0.8972927331924438,5.0,3.88596773147583,180.0
800.0,True,False,nan,45.0888557434082,0.7343288064002991,1.0097298622131348,3.0,3.8163909912109375,180.0
800.0,True,False,nan,50.089534759521484,0.7337498664855957,0.8300901651382446,4.0,4.241623401641846,180.0
800.0,True,False,nan,46.40725326538086,1.0061514377593994,0.7718138694763184,4.0,3.8700292110443115,180.0
800.0,True,False,nan,46.16490936279297,0.9137724041938782,0.879487931728363,4.0,3.860211133956909,180.0
800.0,True,False,nan,48.131935119628906,1.052091360092163,0.8430727124214172,5.0,4.058255672454834,180.0
800.0,True,False,nan,45.54217529296875,1.0366991758346558,0.8117318749427795,4.0,3.973503589630127,180.0
800.0,True,False,nan,47.52165985107422,0.9148531556129456,0.9100271463394165,3.0,4.034999847412109,180.0
800.0,True,False,nan,46.236812591552734,0.8682253360748291,0.9214175939559937,3.0,3.7292938232421875,180.0
800.0,True,False,nan,51.2837028503418,1.126991629600525,0.7551560997962952,3.0,3.839052677154541,180.0
800.0,True,False,nan,38.60068130493164,1.1135889291763306,0.7663789987564087,5.0,4.085226058959961,180.0
800.0,True,False,nan,44.98027801513672,1.0984716415405273,0.7460481524467468,3.0,3.8279683589935303,180.0
800.0,True,False,nan,45.57558822631836,0.32744309306144714,0.931385338306427,3.0,3.3892366886138916,270.0
800.0,True,False,nan,52.160213470458984,0.30165213346481323,0.9681033492088318,14.0,3.5220510959625244,270.0
800.0,True,False,nan,49.0775146484375,0.29662656784057617,0.8208794593811035,1.0,2.9999964237213135,270.0
800.0,True,False,nan,48.82166290283203,0.31088730692863464,0.9620331525802612,12.0,3.463463068008423,270.0
800.0,True,False,nan,52.194305419921875,0.3079705238342285,1.053926706314087,7.0,3.337712526321411,270.0
800.0,True,False,nan,51.40974807739258,0.3186482787132263,0.9486253261566162,7.0,3.3396360874176025,270.0
800.0,True,False,nan,54.948585510253906,0.30518901348114014,0.8729062676429749,7.0,3.299051284790039,270.0
800.0,True,False,nan,55.366668701171875,0.27437257766723633,1.005007266998291,7.0,3.483466863632202,270.0
800.0,True,False,nan,45.283206939697266,0.32320961356163025,0.8687744736671448,3.0,3.1365787982940674,270.0
800.0,True,False,nan,53.309932708740234,0.28447985649108887,0.9236714243888855,7.0,3.244462490081787,270.0
800.0,True,False,nan,45.74076843261719,0.3204616606235504,0.8493908047676086,3.0,3.3789148330688477,270.0
800.0,True,False,nan,45.719139099121094,0.31669723987579346,0.9245889782905579,7.0,3.3060214519500732,270.0
800.0,True,False,nan,48.30115509033203,0.33977314829826355,1.0563172101974487,5.0,3.8563802242279053,270.0
800.0,True,False,nan,54.10276412963867,0.3581382930278778,0.7953444719314575,3.0,3.056948184967041,270.0
800.0,True,False,nan,46.809814453125,0.3727132976055145,0.8951401710510254,4.0,3.5527164936065674,270.0
800.0,True,False,nan,52.15528106689453,0.3481217920780182,0.9559854865074158,9.0,3.486294746398926,270.0
800.0,True,False,nan,52.36168670654297,0.3461974263191223,0.78321373462677,4.0,3.023937702178955,270.0
800.0,True,False,nan,53.649871826171875,0.35697999596595764,0.9035471081733704,4.0,3.7078499794006348,270.0
800.0,True,False,nan,51.18489074707031,0.3538142442703247,0.9240878224372864,5.0,3.7085020542144775,270.0
800.0,True,False,nan,45.88035202026367,0.3686678409576416,0.8623865246772766,6.0,3.404985189437866,270.0
800.0,True,False,nan,47.9335823059082,0.32279717922210693,0.7047423720359802,1.0,2.9363362789154053,270.0
800.0,True,False,nan,46.65317153930664,0.3684578239917755,0.7928845286369324,4.0,3.5091917514801025,270.0
800.0,True,False,nan,45.249549865722656,0.3588249385356903,0.872178316116333,7.0,3.3727598190307617,270.0
800.0,True,False,nan,53.53041076660156,0.30400118231773376,0.8152288198471069,7.0,3.0749399662017822,270.0
800.0,True,False,nan,50.42092514038086,0.3293883204460144,0.8617109656333923,7.0,3.2902212142944336,270.0
800.0,True,False,nan,46.6961555480957,0.3697066903114319,0.9718116521835327,4.0,3.6921191215515137,270.0
800.0,True,False,nan,45.97474670410156,0.33228033781051636,0.7654674053192139,7.0,3.1403684616088867,270.0
800.0,True,False,nan,51.97545623779297,0.3800739347934723,0.7929514050483704,4.0,3.343872547149658,270.0
800.0,True,False,nan,49.610965728759766,0.3804888129234314,0.7945640683174133,4.0,3.1563901901245117,270.0
800.0,True,False,nan,47.34947204589844,0.3929649293422699,0.9742475152015686,5.0,3.642242431640625,270.0
800.0,True,False,nan,45.599735260009766,0.39114734530448914,1.0636428594589233,6.0,3.781566619873047,270.0
800.0,True,False,nan,45.75452423095703,0.4047958552837372,0.8300966620445251,5.0,3.4586448669433594,270.0
800.0,True,False,nan,45.86384201049805,0.4101416766643524,0.8046829104423523,4.0,3.0378072261810303,270.0
800.0,True,False,nan,45.64765930175781,0.4204387664794922,0.89251708984375,4.0,3.745295763015747,270.0
800.0,True,False,nan,45.032161712646484,0.36861318349838257,0.7150680422782898,3.0,2.9533557891845703,270.0
800.0,True,False,nan,45.70417785644531,0.4118989109992981,0.8369660973548889,4.0,3.563077449798584,270.0
800.0,True,False,nan,45.135520935058594,0.41705819964408875,0.7523934245109558,3.0,2.943587303161621,270.0
800.0,True,False,nan,45.87895584106445,0.33997976779937744,0.8212329149246216,7.0,3.0607876777648926,270.0
800.0,True,False,nan,45.01689147949219,0.43883368372917175,0.7463708519935608,6.0,2.9880826473236084,270.0
800.0,True,False,nan,45.8719596862793,2.0490007400512695,0.9185152649879456,11.0,3.9706923961639404,270.0
800.0,False,True,1.1799999475479126,29.866655349731445,1.0904693603515625,0.7663753032684326,4.0,3.0089242458343506,270.0
800.0,False,True,0.8399999737739563,29.534046173095703,0.9279534816741943,0.843056857585907,5.0,3.4422812461853027,270.0
800.0,False,True,0.85999995470047,39.16453170776367,1.1244755983352661,0.7718130350112915,4.0,3.2055957317352295,270.0
800.0,False,True,1.399999976158142,38.97657012939453,1.6085355281829834,0.9136646389961243,4.0,3.7242588996887207,270.0
800.0,False,True,0.8399999737739563,41.02806854248047,1.1040557622909546,0.909953773021698,3.0,3.2300615310668945,270.0
800.0,False,True,0.8199999928474426,35.842742919921875,1.0908818244934082,0.8780691623687744,4.0,3.468479633331299,270.0
800.0,False,True,0.7999999523162842,36.402435302734375,1.159407615661621,0.8794830441474915,4.0,3.5710361003875732,270.0
800.0,False,True,1.5,39.51897048950195,1.9991735219955444,0.9603050947189331,7.0,3.8032617568969727,270.0
800.0,False,True,1.1399999856948853,40.89366149902344,1.339343547821045,0.7460474371910095,4.0,3.0584287643432617,270.0
800.0,False,True,1.3399999141693115,34.30901336669922,1.3047142028808594,1.0087791681289673,4.0,3.7069759368896484,270.0
800.0,False,True,1.659999966621399,44.674530029296875,1.9602209329605103,0.929643988609314,4.0,3.6126410961151123,270.0
800.0,False,True,0.8399999737739563,41.55591583251953,1.159140944480896,0.8541780710220337,4.0,3.144099235534668,270.0
800.0,False,True,0.7799999713897705,42.17350387573242,1.113560676574707,0.8917702436447144,7.0,3.5969090461730957,270.0
800.0,False,True,0.85999995470047,37.191993713378906,1.048050045967102,0.8117285966873169,4.0,3.275540828704834,270.0
800.0,False,True,1.4199999570846558,42.04997634887695,1.5650502443313599,1.0088366270065308,5.0,3.794353485107422,270.0
800.0,False,True,0.8199999928474426,38.649723052978516,1.1371251344680786,0.8504430651664734,4.0,3.4720253944396973,270.0
800.0,False,True,1.5399999618530273,39.28818130493164,1.5963293313980103,0.8972958922386169,5.0,3.791189193725586,270.0
800.0,False,True,0.8199999928474426,37.734657287597656,1.0597208738327026,0.9214167594909668,3.0,3.39363694190979,270.0
800.0,False,True,1.059999942779541,36.517578125,1.2884743213653564,1.0094798803329468,3.0,3.5151541233062744,270.0
800.0,False,True,0.8199999928474426,40.29501724243164,1.2259265184402466,0.9049125909805298,4.0,3.4833433628082275,270.0
800.0,False,True,1.71999990940094,39.57856750488281,1.665056586265564,0.971768856048584,6.0,3.6963839530944824,270.0
800.0,False,True,0.8799999952316284,31.92816734313965,0.875830352306366,0.8525180220603943,4.0,3.411616563796997,270.0
800.0,False,True,1.399999976158142,41.51239013671875,1.580095887184143,0.9740227460861206,5.0,3.8063735961914062,270.0
800.0,False,True,0.8399999737739563,42.235774993896484,1.1122560501098633,0.8353691101074219,3.0,3.2248520851135254,270.0
800.0,True,False,nan,52.22914505004883,0.3015204668045044,0.9681035876274109,14.0,3.5215461254119873,270.0
800.0,True,False,nan,52.19430923461914,0.30797019600868225,1.0539307594299316,7.0,3.3377065658569336,270.0
800.0,True,False,nan,51.409996032714844,0.3186502456665039,0.9485790729522705,7.0,3.339728355407715,270.0
800.0,True,False,nan,54.94820785522461,0.30518749356269836,0.8729078769683838,7.0,3.2990543842315674,270.0
800.0,True,False,nan,55.3663330078125,0.2743723690509796,1.0050055980682373,7.0,3.4834656715393066,270.0
800.0,True,False,nan,53.30937194824219,0.2844802439212799,0.9236769080162048,7.0,3.2444653511047363,270.0
800.0,True,False,nan,45.57541275024414,0.3274822533130646,0.9311937689781189,3.0,3.389258623123169,270.0
800.0,True,False,nan,49.0770263671875,0.2966287136077881,0.8208743929862976,1.0,3.000004291534424,270.0
800.0,True,False,nan,48.82180404663086,0.31088653206825256,0.9620358347892761,12.0,3.463466167449951,270.0
800.0,True,False,nan,45.74066925048828,0.3204653859138489,0.8493767380714417,3.0,3.378922939300537,270.0
800.0,True,False,nan,45.71820831298828,0.31669682264328003,0.9245933294296265,7.0,3.306009292602539,270.0
800.0,True,False,nan,53.530426025390625,0.3040007948875427,0.8152337074279785,7.0,3.0749380588531494,270.0
800.0,True,False,nan,47.93376541137695,0.3227970600128174,0.7047416567802429,1.0,2.936335325241089,270.0
800.0,True,False,nan,45.97438430786133,0.332276314496994,0.7654732465744019,7.0,3.14034104347229,270.0
800.0,True,False,nan,52.3619270324707,0.346198171377182,0.7832076549530029,4.0,3.023952007293701,270.0
800.0,True,False,nan,45.283206939697266,0.3232079744338989,0.8687814474105835,3.0,3.1365864276885986,270.0
800.0,True,False,nan,54.10224914550781,0.35814687609672546,0.795332133769989,3.0,3.056995153427124,270.0
800.0,True,False,nan,2.667851448059082,0.0,1.0561745166778564,5.0,1.10960853099823,270.0
800.0,True,False,nan,2.4656920433044434,0.0027224968653172255,0.9035499095916748,4.0,1.1556624174118042,270.0
800.0,True,False,nan,2.9063637256622314,0.018505673855543137,0.8212344646453857,7.0,1.4347741603851318,270.0
800.0,True,False,nan,0.04845663905143738,0.0,0.8617340922355652,7.0,0.0,270.0
850.0,True,False,nan,46.57769012451172,0.16953332722187042,0.8212350606918335,7.0,4.224405765533447,0.0
850.0,True,False,nan,49.304569244384766,0.16141828894615173,0.8152329325675964,7.0,3.9593312740325928,0.0
850.0,True,False,nan,47.68526840209961,0.14348222315311432,0.9236651062965393,7.0,3.8589251041412354,0.0
850.0,True,False,nan,46.41421127319336,0.17151200771331787,0.7953501343727112,3.0,3.5500741004943848,0.0
850.0,True,False,nan,49.81373977661133,0.22781462967395782,0.7663758993148804,4.0,4.210506916046143,0.0
850.0,True,False,nan,50.701904296875,0.17613279819488525,0.893017590045929,3.0,3.966003894805908,0.0
850.0,True,False,nan,53.93480682373047,0.18049277365207672,0.9311940670013428,3.0,4.337067127227783,0.0
850.0,True,False,nan,51.55094528198242,0.21953177452087402,0.7718124389648438,4.0,4.15538215637207,0.0
850.0,True,False,nan,47.46263122558594,0.18495509028434753,0.9682375192642212,14.0,4.178584098815918,0.0
850.0,True,False,nan,51.37012481689453,0.16419465839862823,0.8208774328231812,1.0,3.9475228786468506,0.0
850.0,True,False,nan,48.96385955810547,0.19272981584072113,0.9137264490127563,4.0,4.176834583282471,0.0
850.0,True,False,nan,51.87420654296875,0.2139771580696106,0.8046828508377075,4.0,4.148850440979004,0.0
850.0,True,False,nan,51.85958480834961,0.18653333187103271,0.955984354019165,9.0,4.193507671356201,0.0
850.0,True,False,nan,47.88458251953125,0.14302735030651093,0.9620357751846313,12.0,4.094098091125488,0.0
850.0,True,False,nan,50.122955322265625,0.1775304526090622,0.7832092046737671,4.0,3.7267134189605713,0.0
850.0,True,False,nan,52.413265228271484,0.2222495973110199,0.7639824748039246,3.0,4.005136013031006,0.0
850.0,True,False,nan,45.89945983886719,0.194375142455101,0.9099574089050293,3.0,3.854123115539551,0.0
850.0,True,False,nan,52.682254791259766,0.21680423617362976,0.7463736534118652,6.0,4.125755786895752,0.0
850.0,True,False,nan,47.85173797607422,0.20637887716293335,0.8794940114021301,4.0,4.179567813873291,0.0
850.0,True,False,nan,46.14889144897461,0.184545636177063,0.8925089836120605,4.0,4.376122951507568,0.0
850.0,True,False,nan,48.301841735839844,0.11578601598739624,1.0539212226867676,7.0,3.5568273067474365,0.0
850.0,True,False,nan,50.419189453125,0.18280664086341858,0.9603139758110046,7.0,4.102536201477051,0.0
850.0,True,False,nan,53.82240676879883,0.14631225168704987,0.9485560059547424,7.0,3.877894163131714,0.0
850.0,True,False,nan,51.97833251953125,0.22468425333499908,0.7460468411445618,4.0,4.125185966491699,0.0
850.0,True,False,nan,55.598934173583984,0.22215518355369568,0.7150691151618958,3.0,4.221616268157959,0.0
850.0,True,False,nan,58.686092376708984,0.165336474776268,0.872917115688324,7.0,4.0109028816223145,0.0
850.0,True,False,nan,56.226409912109375,0.14764808118343353,1.005012035369873,7.0,4.005578994750977,0.0
850.0,True,False,nan,45.095001220703125,0.1956442892551422,0.7945680022239685,4.0,3.914824962615967,0.0
850.0,True,False,nan,47.30928039550781,0.20353084802627563,0.8917722105979919,7.0,4.215671539306641,0.0
850.0,True,False,nan,56.653072357177734,0.1946313977241516,0.7047419548034668,1.0,4.141732692718506,0.0
850.0,True,False,nan,49.92790985107422,0.19423934817314148,0.872183084487915,7.0,4.164374828338623,0.0
850.0,True,False,nan,48.37595748901367,0.21191930770874023,0.8117285966873169,4.0,4.016167640686035,0.0
850.0,True,False,nan,48.48154067993164,0.16248922049999237,0.8687820434570312,3.0,3.6632699966430664,0.0
850.0,True,False,nan,47.48531723022461,0.2059968262910843,0.8504363894462585,4.0,3.9900882244110107,0.0
850.0,True,False,nan,50.660362243652344,0.1871526688337326,0.8617371320724487,7.0,4.022546291351318,0.0
850.0,True,False,nan,49.32679748535156,0.1826721876859665,0.8372393846511841,5.0,4.310446262359619,0.0
850.0,True,False,nan,52.22439956665039,0.17161893844604492,0.9245864152908325,7.0,3.731456756591797,0.0
850.0,True,False,nan,45.4430046081543,0.1699816882610321,0.974022388458252,5.0,4.078904628753662,0.0
850.0,True,False,nan,46.23508834838867,0.18569175899028778,0.7926145792007446,4.0,3.512136220932007,0.0
850.0,True,False,nan,52.365116119384766,0.15836741030216217,0.9035534858703613,4.0,3.5830819606781006,0.0
850.0,True,False,nan,46.20161819458008,0.14955343306064606,0.9240821599960327,5.0,3.5257568359375,0.0
850.0,True,False,nan,52.39015197753906,0.20441779494285583,0.9296438097953796,4.0,3.9360084533691406,0.0
850.0,True,False,nan,48.76181411743164,0.18748739361763,0.7929245233535767,4.0,3.6788673400878906,0.0
850.0,True,False,nan,47.311317443847656,0.18263199925422668,1.0088322162628174,5.0,3.9612627029418945,0.0
850.0,True,False,nan,51.67543029785156,0.21517689526081085,0.8972994089126587,5.0,4.038534164428711,0.0
850.0,True,False,nan,59.15924072265625,0.18268203735351562,0.8493875861167908,3.0,3.946638345718384,0.0
850.0,True,False,nan,52.252166748046875,0.22619882225990295,0.9049153923988342,4.0,3.8543825149536133,0.0
850.0,True,False,nan,51.68840026855469,0.19775375723838806,0.9717710018157959,6.0,3.961718797683716,0.0
850.0,True,False,nan,48.52934646606445,0.1492583155632019,1.056321144104004,5.0,3.688197612762451,0.0
850.0,True,False,nan,50.781455993652344,0.2279067039489746,0.8300893902778625,5.0,3.822028875350952,0.0
850.0,True,False,nan,51.035213470458984,0.20862972736358643,0.8623870611190796,6.0,3.848917007446289,0.0
850.0,True,False,nan,46.56693649291992,0.17941737174987793,0.9185115694999695,11.0,3.698734998703003,0.0
850.0,True,False,nan,50.763954162597656,0.1963045299053192,0.9742528796195984,5.0,4.055080413818359,0.0
850.0,True,False,nan,50.03322219848633,0.18951824307441711,1.063644528388977,6.0,4.019566059112549,0.0
850.0,True,False,nan,49.493858337402344,0.16800351440906525,0.9718309044837952,4.0,3.75991153717041,0.0
850.0,True,False,nan,45.778411865234375,0.39832934737205505,0.765474259853363,7.0,3.876371145248413,0.0
850.0,True,False,nan,47.70714569091797,0.8415645956993103,0.8525179028511047,4.0,4.212106227874756,0.0
850.0,True,False,nan,56.589962005615234,1.6318061351776123,0.8541930317878723,4.0,4.0491838455200195,0.0
850.0,True,False,nan,51.10064697265625,1.6518254280090332,0.8353532552719116,3.0,4.0657196044921875,0.0
850.0,True,False,nan,49.86598587036133,1.5933829545974731,0.9213736653327942,3.0,4.057260036468506,0.0
850.0,True,False,nan,49.87662887573242,1.7582155466079712,0.8780725598335266,4.0,4.130402088165283,0.0
850.0,True,False,nan,53.65681457519531,2.468588352203369,1.0087758302688599,4.0,4.109076023101807,0.0
850.0,True,False,nan,47.07276153564453,2.428882598876953,0.8430647850036621,5.0,4.22929048538208,0.0
850.0,False,False,nan,38.22248458862305,9.019775390625,1.0094778537750244,3.0,4.1214680671691895,0.0
850.0,True,False,nan,51.369754791259766,0.16419391334056854,0.8208770155906677,1.0,3.947516679763794,0.0
850.0,True,False,nan,50.12317657470703,0.1775301992893219,0.783213198184967,4.0,3.726719856262207,0.0
850.0,True,False,nan,48.30205154418945,0.11578650772571564,1.053922176361084,7.0,3.556830883026123,0.0
850.0,True,False,nan,56.65321350097656,0.19463109970092773,0.704742431640625,1.0,4.141736030578613,0.0
850.0,True,False,nan,59.15945816040039,0.1826847642660141,0.8493778109550476,3.0,3.9466354846954346,0.0
850.0,True,False,nan,58.686317443847656,0.16533707082271576,0.8729115128517151,7.0,4.010921001434326,0.0
850.0,True,False,nan,49.30443572998047,0.16141840815544128,0.815234363079071,7.0,3.9593288898468018,0.0
850.0,True,False,nan,53.822566986083984,0.14631323516368866,0.9485552310943604,7.0,3.877901554107666,0.0
850.0,True,False,nan,56.2270622253418,0.147646963596344,1.0050158500671387,7.0,4.005557537078857,0.0
850.0,True,False,nan,46.577728271484375,0.1695334017276764,0.8212332129478455,7.0,4.224411964416504,0.0
850.0,True,False,nan,48.481815338134766,0.162491112947464,0.8687738180160522,3.0,3.6632704734802246,0.0
850.0,True,False,nan,47.68575668334961,0.14348115026950836,0.9236682653427124,7.0,3.8589425086975098,0.0
850.0,True,False,nan,50.66031265258789,0.1871536523103714,0.861732542514801,7.0,4.02254581451416,0.0
850.0,True,False,nan,46.41301727294922,0.17151401937007904,0.7953352928161621,3.0,3.550084114074707,0.0
850.0,True,False,nan,53.935123443603516,0.180460125207901,0.9314774870872498,3.0,4.337015628814697,0.0
850.0,True,False,nan,47.460548400878906,0.18497608602046967,0.9680947065353394,14.0,4.178582191467285,0.0
850.0,True,False,nan,52.68255615234375,0.21680358052253723,0.7463706731796265,6.0,4.125766277313232,0.0
850.0,True,False,nan,51.85917663574219,0.18653333187103271,0.9559840559959412,8.0,4.193506717681885,0.0
850.0,True,False,nan,47.884544372558594,0.14302702248096466,0.9620368480682373,21.0,4.09409761428833,0.0
850.0,True,False,nan,55.598731994628906,0.2221556305885315,0.715070903301239,7.0,4.221620559692383,0.0
850.0,True,False,nan,45.777587890625,0.3983297646045685,0.7654716372489929,7.0,3.8763628005981445,0.0
850.0,True,False,nan,47.30902862548828,0.20353367924690247,0.8917621374130249,7.0,4.21566104888916,0.0
850.0,True,False,nan,49.92836380004883,0.19424135982990265,0.8721820712089539,7.0,4.16438102722168,0.0
850.0,True,False,nan,52.281429290771484,0.22813794016838074,0.7551552057266235,3.0,4.032503604888916,0.0
850.0,True,False,nan,52.36541748046875,0.15836870670318604,0.9035515785217285,4.0,3.5830800533294678,0.0
850.0,True,False,nan,52.224365234375,0.17161893844604492,0.9245890974998474,7.0,3.7314529418945312,0.0
850.0,True,False,nan,46.201595306396484,0.1495538353919983,0.9240784645080566,5.0,3.5257561206817627,0.0
850.0,True,False,nan,49.36302185058594,0.1826602667570114,0.8369303941726685,5.0,4.311158180236816,0.0
850.0,True,False,nan,46.23611068725586,0.18569305539131165,0.7926144599914551,4.0,3.512152910232544,0.0
850.0,True,False,nan,48.97171401977539,0.19250407814979553,0.9137537479400635,4.0,4.180860996246338,0.0
850.0,True,False,nan,48.76189422607422,0.1874881386756897,0.7929235100746155,4.0,3.6788623332977295,0.0
850.0,True,False,nan,49.4941520690918,0.16800913214683533,0.9718177318572998,4.0,3.7599098682403564,0.0
850.0,True,False,nan,48.52925109863281,0.1492575854063034,1.0563290119171143,5.0,3.688196897506714,0.0
850.0,True,False,nan,47.85145568847656,0.20637600123882294,0.8794913291931152,4.0,4.179574966430664,0.0
850.0,True,False,nan,49.81354904174805,0.22781360149383545,0.7663761973381042,4.0,4.210500717163086,0.0
850.0,True,False,nan,46.148231506347656,0.18454530835151672,0.8925080299377441,4.0,4.37611198425293,0.0
850.0,True,False,nan,50.78118133544922,0.22790753841400146,0.8300920128822327,5.0,3.8220419883728027,0.0
850.0,True,False,nan,51.87362289428711,0.2139781415462494,0.8046917915344238,4.0,4.148828029632568,0.0
850.0,True,False,nan,51.036834716796875,0.20863549411296844,0.8623834252357483,6.0,3.8489599227905273,0.0
850.0,True,False,nan,46.566654205322266,0.1794164925813675,0.9185248613357544,11.0,3.698730230331421,0.0
850.0,True,False,nan,51.97848129272461,0.22468318045139313,0.7460474967956543,4.0,4.125185966491699,0.0
850.0,True,False,nan,50.764129638671875,0.19630470871925354,0.9742492437362671,5.0,4.055083274841309,0.0
850.0,True,False,nan,51.55089569091797,0.21953174471855164,0.7718111276626587,4.0,4.155373573303223,0.0
850.0,True,False,nan,45.09457778930664,0.19564548134803772,0.7945653796195984,4.0,3.9148247241973877,0.0
850.0,True,False,nan,48.37595748901367,0.21191933751106262,0.8117282390594482,4.0,4.016170024871826,0.0
850.0,True,False,nan,47.29148483276367,0.17562876641750336,0.8951421976089478,4.0,3.8613617420196533,0.0
850.0,True,False,nan,50.4190788269043,0.18280664086341858,0.9603105187416077,7.0,4.102563858032227,0.0
850.0,True,False,nan,51.67451858520508,0.21517397463321686,0.8972951769828796,10.0,4.038546562194824,0.0
850.0,True,False,nan,52.39014434814453,0.20441703498363495,0.9296432733535767,4.0,3.936025857925415,0.0
850.0,True,False,nan,47.48515319824219,0.2059953510761261,0.850443959236145,4.0,3.9900875091552734,0.0
850.0,True,False,nan,51.682952880859375,0.1977517008781433,0.9717870950698853,6.0,3.961372137069702,0.0
850.0,True,False,nan,45.89932632446289,0.19437463581562042,0.9099592566490173,3.0,3.8541228771209717,0.0
850.0,True,False,nan,47.32743835449219,0.1826641857624054,1.0087599754333496,5.0,3.9617769718170166,0.0
850.0,True,False,nan,47.7076301574707,0.8415636420249939,0.8525158762931824,4.0,4.212108612060547,0.0
850.0,True,False,nan,45.443153381347656,0.16998226940631866,0.9740235805511475,5.0,4.078901767730713,0.0
850.0,True,False,nan,50.03324890136719,0.1895182877779007,1.0636485815048218,6.0,4.019565105438232,0.0
850.0,True,False,nan,52.252132415771484,0.22619931399822235,0.9049102663993835,4.0,3.8543999195098877,0.0
850.0,True,False,nan,44.0638427734375,0.5345056653022766,0.8541951775550842,4.0,3.9153873920440674,0.0
850.0,True,False,nan,42.90705490112305,0.3493380844593048,0.9213687777519226,3.0,3.9072837829589844,0.0
850.0,True,False,nan,41.81851577758789,0.4295395016670227,0.8353736996650696,3.0,4.032256126403809,0.0
850.0,True,False,nan,49.23521041870117,0.2697668671607971,0.8212386965751648,7.0,3.353823661804199,90.0
850.0,True,False,nan,45.01033401489258,0.25910434126853943,0.9236694574356079,7.0,3.3258063793182373,90.0
850.0,True,False,nan,48.63488006591797,0.292340487241745,0.7654721140861511,7.0,3.3877720832824707,90.0
850.0,True,False,nan,55.86069107055664,0.3894008994102478,0.9681013226509094,14.0,4.056734561920166,90.0
850.0,True,False,nan,52.05940246582031,0.247342050075531,0.8208782076835632,1.0,2.9956085681915283,90.0
850.0,True,False,nan,48.253700256347656,0.36345404386520386,1.0050063133239746,7.0,4.131094932556152,90.0
850.0,True,False,nan,46.6640739440918,0.27183017134666443,0.8152326941490173,7.0,3.0909323692321777,90.0
850.0,True,False,nan,45.82769775390625,0.31896403431892395,0.8493807315826416,3.0,3.5910234451293945,90.0
850.0,True,False,nan,45.29693603515625,0.3452832102775574,0.7616577744483948,2.0,3.1591084003448486,90.0
850.0,True,False,nan,48.71022033691406,0.3074600100517273,0.7063177227973938,1.0,2.9307758808135986,90.0
850.0,True,False,nan,47.82026672363281,0.46124210953712463,1.0563288927078247,5.0,4.148275375366211,90.0
850.0,True,False,nan,48.82480239868164,0.3652791380882263,0.7953453660011292,3.0,2.9723877906799316,90.0
850.0,True,False,nan,46.08525848388672,0.3993957042694092,0.7926216125488281,4.0,3.458348035812378,90.0
850.0,True,False,nan,45.763648986816406,0.47779154777526855,0.9427765607833862,7.0,3.92850923538208,90.0
850.0,True,False,nan,47.88212585449219,0.4808783531188965,0.9620382785797119,12.0,4.01076602935791,90.0
850.0,True,False,nan,48.473270416259766,0.36395302414894104,0.7832089066505432,4.0,3.1480445861816406,90.0
850.0,True,False,nan,52.380943298339844,0.45881369709968567,0.9035506248474121,4.0,3.901069402694702,90.0
850.0,True,False,nan,45.58751678466797,0.4094313681125641,0.7150685787200928,3.0,3.100950002670288,90.0
850.0,True,False,nan,49.24879455566406,0.38432931900024414,0.8729093670845032,7.0,3.496570348739624,90.0
850.0,True,False,nan,46.09422302246094,0.3428054451942444,0.8687756061553955,3.0,3.005781888961792,90.0
850.0,True,False,nan,46.825050354003906,0.459617018699646,0.8300925493240356,5.0,3.252389907836914,90.0
850.0,True,False,nan,49.58244323730469,0.48830291628837585,0.9293907284736633,3.0,3.8725156784057617,90.0
850.0,True,False,nan,53.694129943847656,0.4273553490638733,1.0539305210113525,7.0,3.8444859981536865,90.0
850.0,True,False,nan,48.93679428100586,0.4393047094345093,0.9486202001571655,7.0,3.5778260231018066,90.0
850.0,True,False,nan,51.335548400878906,0.47543177008628845,0.9229676127433777,5.0,3.8629589080810547,90.0
850.0,True,False,nan,46.53459167480469,0.4156825542449951,0.8623842000961304,6.0,3.30865216255188,90.0
850.0,True,False,nan,46.52692413330078,0.46683645248413086,0.7928846478462219,4.0,3.280343532562256,90.0
850.0,True,False,nan,48.165679931640625,0.42226970195770264,0.8617316484451294,7.0,3.256314754486084,90.0
850.0,True,False,nan,47.234256744384766,0.38838115334510803,0.9245926737785339,7.0,3.2230372428894043,90.0
850.0,True,False,nan,51.041709899902344,0.4566047489643097,0.9718314409255981,4.0,3.9523606300354004,90.0
850.0,True,False,nan,45.38671875,0.577224612236023,0.8925070762634277,4.0,3.713979721069336,90.0
850.0,True,False,nan,46.5363883972168,0.4744439721107483,0.7945690751075745,4.0,2.9452455043792725,90.0
850.0,True,False,nan,45.225685119628906,0.5108206868171692,0.9742567539215088,5.0,3.7149696350097656,90.0
850.0,True,False,nan,46.617435455322266,0.5304412245750427,0.8721804618835449,7.0,3.521744966506958,90.0
850.0,True,False,nan,47.64972686767578,0.5779048204421997,0.8949459195137024,4.0,3.566283941268921,90.0
850.0,True,False,nan,46.8644905090332,0.6746397614479065,0.9132226705551147,4.0,3.8574118614196777,90.0
850.0,True,False,nan,47.71685791015625,0.5233291387557983,0.7551594376564026,3.0,3.1217398643493652,90.0
850.0,True,False,nan,49.08024215698242,0.6206415295600891,1.0088286399841309,5.0,3.9820659160614014,90.0
850.0,True,False,nan,46.001617431640625,0.6036622524261475,0.8359783291816711,4.0,3.3599636554718018,90.0
850.0,True,False,nan,46.7684326171875,0.6822391748428345,0.9185144305229187,11.0,3.8270468711853027,90.0
850.0,True,False,nan,46.0506706237793,0.7141757011413574,0.8917713761329651,7.0,3.776339292526245,90.0
850.0,True,False,nan,46.248924255371094,0.5936512351036072,1.063650131225586,6.0,3.8904483318328857,90.0
850.0,True,False,nan,48.67546081542969,0.6214973330497742,0.9296365976333618,4.0,3.487624168395996,90.0
850.0,True,False,nan,47.360557556152344,0.6267536878585815,0.8046831488609314,4.0,3.1150872707366943,90.0
850.0,True,False,nan,45.488285064697266,0.7571254372596741,0.8973007202148438,5.0,3.717961311340332,90.0
850.0,True,False,nan,45.536773681640625,0.6200058460235596,0.8353517055511475,3.0,3.3284173011779785,90.0
850.0,True,False,nan,45.72874069213867,0.6911107897758484,0.7663781046867371,4.0,3.111757755279541,90.0
850.0,True,False,nan,46.87849044799805,0.6908162236213684,0.7718160152435303,4.0,2.9847702980041504,90.0
850.0,True,False,nan,47.456539154052734,0.6288142800331116,0.9100287556648254,3.0,3.1008424758911133,90.0
850.0,True,False,nan,46.360809326171875,0.7474096417427063,0.7460460066795349,4.0,3.10666823387146,90.0
850.0,True,False,nan,48.3630485534668,0.6515316963195801,0.9049093127250671,4.0,3.183741569519043,90.0
850.0,True,False,nan,45.23680877685547,0.8659692406654358,1.009481430053711,3.0,3.8887832164764404,90.0
850.0,True,False,nan,46.6057243347168,0.9165956377983093,0.9740166664123535,5.0,3.8742878437042236,90.0
850.0,True,False,nan,47.715179443359375,1.032914161682129,0.9603238105773926,7.0,3.909578561782837,90.0
850.0,True,False,nan,45.2827033996582,0.862143874168396,0.9717977643013,6.0,3.6759698390960693,90.0
850.0,True,False,nan,45.38737487792969,1.148213505744934,0.8504477143287659,4.0,3.281594753265381,90.0
850.0,True,False,nan,48.52461242675781,1.4295958280563354,0.8794925808906555,4.0,3.4284937381744385,90.0
850.0,True,False,nan,51.2886962890625,1.7661923170089722,0.8525173664093018,4.0,3.3207831382751465,90.0
850.0,False,True,0.9799999594688416,26.592491149902344,1.5492664575576782,0.8430618047714233,5.0,3.377167224884033,90.0
850.0,False,True,1.1999999284744263,24.186769485473633,1.5624126195907593,0.8780672550201416,4.0,3.477180004119873,90.0
850.0,False,True,2.4800000190734863,36.052555084228516,4.720056533813477,1.0087751150131226,4.0,3.863518238067627,90.0
850.0,False,True,1.71999990940094,28.850818634033203,1.6693578958511353,0.8541923761367798,4.0,3.199108600616455,90.0
850.0,False,True,1.5799999237060547,32.92206954956055,1.9419065713882446,0.8117306232452393,4.0,3.062704563140869,90.0
850.0,False,True,0.9399999976158142,28.962867736816406,1.3377751111984253,0.9214118719100952,3.0,3.3612544536590576,90.0
850.0,True,False,nan,49.23458480834961,0.2697671949863434,0.8212335109710693,7.0,3.3538169860839844,90.0
850.0,True,False,nan,55.86075210571289,0.38940176367759705,0.9680953025817871,14.0,4.056735515594482,90.0
850.0,True,False,nan,52.0593147277832,0.24734321236610413,0.8208779096603394,1.0,2.995600700378418,90.0
850.0,True,False,nan,48.25386047363281,0.3634556531906128,1.0049892663955688,7.0,4.13109016418457,90.0
850.0,True,False,nan,49.80293273925781,0.3071354329586029,0.7047431468963623,1.0,2.9259297847747803,90.0
850.0,True,False,nan,45.0106201171875,0.2591041326522827,0.9236709475517273,7.0,3.3257977962493896,90.0
850.0,True,False,nan,45.82778549194336,0.3189641237258911,0.8493784070014954,3.0,3.591019868850708,90.0
850.0,True,False,nan,48.63581085205078,0.292341411113739,0.7654733061790466,7.0,3.3877923488616943,90.0
850.0,True,False,nan,48.51394271850586,0.37294676899909973,0.955985426902771,9.0,3.9940431118011475,90.0
850.0,True,False,nan,46.664031982421875,0.2718294560909271,0.8152344226837158,7.0,3.0909388065338135,90.0
850.0,True,False,nan,47.82025909423828,0.46124449372291565,1.0563255548477173,5.0,4.148286819458008,90.0
850.0,True,False,nan,52.38104248046875,0.4588121175765991,0.9035502076148987,4.0,3.9010636806488037,90.0
850.0,True,False,nan,47.88241195678711,0.48087990283966064,0.9620386362075806,12.0,4.01076602935791,90.0
850.0,True,False,nan,49.248939514160156,0.38432902097702026,0.8729087114334106,7.0,3.4965648651123047,90.0
850.0,True,False,nan,48.82447814941406,0.36528122425079346,0.7953340411186218,3.0,2.972417116165161,90.0
850.0,True,False,nan,48.473209381103516,0.36395010352134705,0.783213198184967,4.0,3.1480324268341064,90.0
850.0,True,False,nan,45.297237396240234,0.3452838659286499,0.7616580724716187,2.0,3.1591036319732666,90.0
850.0,True,False,nan,53.69388961791992,0.42735570669174194,1.0539253950119019,7.0,3.8444790840148926,90.0
850.0,True,False,nan,46.094215393066406,0.3428072929382324,0.8687729835510254,3.0,3.005784273147583,90.0
850.0,True,False,nan,46.0854606628418,0.39939722418785095,0.7926180362701416,4.0,3.458357572555542,90.0
850.0,True,False,nan,45.5870246887207,0.40942466259002686,0.715065598487854,3.0,3.1009535789489746,90.0
850.0,True,False,nan,48.69963836669922,0.39481067657470703,0.9203821420669556,4.0,3.236844539642334,90.0
850.0,True,False,nan,51.04181671142578,0.4566059112548828,0.9718284606933594,4.0,3.9523563385009766,90.0
850.0,True,False,nan,46.82512664794922,0.4596151113510132,0.8300964832305908,5.0,3.252392053604126,90.0
850.0,True,False,nan,49.5822868347168,0.4883013963699341,0.9293889403343201,3.0,3.8725104331970215,90.0
850.0,True,False,nan,48.938133239746094,0.43933096528053284,0.9485718607902527,7.0,3.577772617340088,90.0
850.0,True,False,nan,51.416107177734375,0.4601215124130249,0.9239208698272705,8.0,3.825793981552124,90.0
850.0,True,False,nan,46.5366325378418,0.46681663393974304,0.7929194569587708,4.0,3.280238151550293,90.0
850.0,True,False,nan,46.53597640991211,0.4156695306301117,0.8623881340026855,6.0,3.3086605072021484,90.0
850.0,True,False,nan,46.52199935913086,0.43438538908958435,0.8526900410652161,7.0,3.25195050239563,90.0
850.0,True,False,nan,46.53689193725586,0.47444334626197815,0.7945688366889954,4.0,2.9452412128448486,90.0
850.0,True,False,nan,45.22513961791992,0.5108240246772766,0.9742594361305237,5.0,3.714977741241455,90.0
850.0,True,False,nan,46.22135925292969,0.5251628160476685,0.7523868680000305,3.0,3.089885711669922,90.0
850.0,True,False,nan,46.670310974121094,0.6074774265289307,0.8372944593429565,4.0,3.3355367183685303,90.0
850.0,True,False,nan,45.386661529541016,0.577224612236023,0.8925158977508545,4.0,3.7139947414398193,90.0
850.0,True,False,nan,47.132530212402344,0.5549097657203674,0.8263274431228638,3.0,3.563262701034546,90.0
850.0,True,False,nan,46.76823806762695,0.6822364926338196,0.9185099601745605,11.0,3.8270418643951416,90.0
850.0,True,False,nan,47.64942932128906,0.5779049396514893,0.8949505090713501,4.0,3.5662927627563477,90.0
850.0,True,False,nan,48.674076080322266,0.6214983463287354,0.9296401739120483,4.0,3.4876134395599365,90.0
850.0,True,False,nan,49.0803108215332,0.6206389665603638,1.0088376998901367,5.0,3.982067584991455,90.0
850.0,True,False,nan,46.377933502197266,0.6674675941467285,0.913728654384613,9.0,3.857875108718872,90.0
850.0,True,False,nan,47.36166000366211,0.6267468929290771,0.8046853542327881,4.0,3.115072011947632,90.0
850.0,True,False,nan,45.53669738769531,0.6199994087219238,0.835368812084198,3.0,3.3284201622009277,90.0
850.0,True,False,nan,46.36077880859375,0.7474042773246765,0.7460485696792603,3.0,3.1066532135009766,90.0
850.0,True,False,nan,46.248958587646484,0.5936505198478699,1.0636614561080933,6.0,3.890451431274414,90.0
850.0,True,False,nan,6.615149974822998,0.06512776017189026,0.7663740515708923,4.0,2.026075601577759,90.0
850.0,True,False,nan,0.524140477180481,0.0,0.7718116044998169,4.0,0.0,90.0
850.0,True,False,nan,2.4882919788360596,0.0,0.8794916272163391,4.0,0.6423380970954895,90.0
850.0,True,False,nan,25.60717010498047,0.47085946798324585,0.960298478603363,10.0,3.909573793411255,90.0
850.0,True,False,nan,44.015811920166016,0.7222613096237183,0.8917648792266846,9.0,3.7763469219207764,90.0
850.0,True,False,nan,7.431363105773926,0.16332072019577026,0.8504474759101868,4.0,3.135913133621216,90.0
850.0,True,False,nan,18.76421356201172,0.3717487156391144,0.897291362285614,5.0,3.7179605960845947,90.0
850.0,True,False,nan,2.1771774291992188,0.0,0.9049062132835388,4.0,0.6527802348136902,90.0
850.0,True,False,nan,20.607513427734375,0.38675498962402344,0.9717838168144226,5.0,3.6759698390960693,90.0
850.0,True,False,nan,26.66874122619629,0.48248374462127686,0.9740203619003296,10.0,3.8742308616638184,90.0
850.0,True,False,nan,45.66541290283203,0.4181777238845825,0.8729121685028076,7.0,4.781552314758301,180.0
850.0,True,False,nan,46.29100036621094,0.3843804895877838,0.9236673712730408,7.0,4.4035325050354,180.0
850.0,True,False,nan,47.13277816772461,0.46431148052215576,0.7654715776443481,7.0,4.19169282913208,180.0
850.0,True,False,nan,50.22673416137695,0.4863784611225128,0.9680936336517334,14.0,4.510509490966797,180.0
850.0,True,False,nan,50.58846664428711,0.4829271137714386,0.8208751678466797,1.0,4.606482982635498,180.0
850.0,True,False,nan,45.01564407348633,0.4820631146430969,0.9559832215309143,9.0,4.365250587463379,180.0
850.0,True,False,nan,52.8455696105957,0.49891313910484314,0.9620293378829956,12.0,4.8408427238464355,180.0
850.0,True,False,nan,49.48891067504883,0.49939608573913574,0.9035548567771912,4.0,4.572836399078369,180.0
850.0,True,False,nan,49.60755920410156,0.44844990968704224,1.0539333820343018,7.0,4.91997766494751,180.0
850.0,True,False,nan,51.3741569519043,0.4595944285392761,0.9486203193664551,7.0,4.819878578186035,180.0
850.0,True,False,nan,52.89802551269531,0.47372984886169434,1.0050102472305298,7.0,4.56655740737915,180.0
850.0,True,False,nan,50.24156951904297,0.4996181130409241,0.7063124179840088,1.0,4.875569820404053,180.0
850.0,True,False,nan,46.7601432800293,0.48307862877845764,0.8152310848236084,7.0,4.450479030609131,180.0
850.0,True,False,nan,48.56504440307617,0.4973134994506836,0.8493803143501282,3.0,4.4686150550842285,180.0
850.0,True,False,nan,50.39131164550781,0.528117299079895,1.056320309638977,5.0,4.462342262268066,180.0
850.0,True,False,nan,53.129337310791016,0.5564289093017578,0.7926125526428223,4.0,4.539121150970459,180.0
850.0,True,False,nan,50.41154861450195,0.5446915030479431,0.931384265422821,3.0,4.499030590057373,180.0
850.0,True,False,nan,45.69601821899414,0.5203372240066528,0.7463732957839966,6.0,4.049655914306641,180.0
850.0,True,False,nan,46.25395202636719,0.546865701675415,0.9240885376930237,5.0,4.400956630706787,180.0
850.0,True,False,nan,47.945762634277344,0.5528513789176941,0.8623867034912109,6.0,4.479260444641113,180.0
850.0,True,False,nan,46.937355041503906,0.5709965825080872,0.9185143113136292,11.0,4.828670024871826,180.0
850.0,True,False,nan,45.39639663696289,0.5381483435630798,0.8917631506919861,7.0,4.373904228210449,180.0
850.0,True,False,nan,47.09080123901367,0.5637197494506836,0.7929136157035828,4.0,4.361251354217529,180.0
850.0,True,False,nan,48.244239807128906,0.548775851726532,0.8263299465179443,3.0,4.233216285705566,180.0
850.0,True,False,nan,54.86701202392578,0.5180545449256897,0.8212344646453857,7.0,3.7998223304748535,180.0
850.0,True,False,nan,48.975555419921875,0.5173666477203369,0.8687817454338074,3.0,4.4456939697265625,180.0
850.0,True,False,nan,51.313297271728516,0.522441029548645,0.8617379665374756,7.0,4.2895588874816895,180.0
850.0,True,False,nan,47.93485641479492,0.5387535691261292,0.9718308448791504,4.0,4.419808864593506,180.0
850.0,True,False,nan,47.06635665893555,0.6243166327476501,0.7953466773033142,3.0,4.389695644378662,180.0
850.0,True,False,nan,52.75171661376953,0.6221196055412292,0.7832143902778625,4.0,4.858365535736084,180.0
850.0,True,False,nan,47.49593734741211,0.6021831035614014,0.8925072550773621,4.0,4.09943151473999,180.0
850.0,True,False,nan,46.05976104736328,0.6142531037330627,0.9603029489517212,7.0,4.433021545410156,180.0
850.0,True,False,nan,46.379241943359375,0.5743992328643799,0.7150676846504211,3.0,4.015564441680908,180.0
850.0,True,False,nan,46.034690856933594,0.5909976363182068,0.9742562174797058,5.0,4.322179794311523,180.0
850.0,True,False,nan,45.22954559326172,0.5892195701599121,1.0636569261550903,6.0,4.3117594718933105,180.0
850.0,True,False,nan,48.307403564453125,0.5282188057899475,0.9245874881744385,7.0,4.335879802703857,180.0
850.0,True,False,nan,48.051048278808594,0.6646956205368042,0.8951402902603149,4.0,4.290045738220215,180.0
850.0,True,False,nan,52.85104751586914,0.657813549041748,0.8300991058349609,5.0,4.295777797698975,180.0
850.0,True,False,nan,45.06025695800781,0.6233572363853455,0.9137901067733765,4.0,3.8654677867889404,180.0
850.0,True,False,nan,51.653160095214844,0.6629916429519653,0.7945674657821655,4.0,4.282104969024658,180.0
850.0,True,False,nan,51.51942443847656,0.650244951248169,1.0087627172470093,5.0,4.252882480621338,180.0
850.0,True,False,nan,53.413963317871094,0.6565983891487122,0.8372960090637207,4.0,4.153438568115234,180.0
850.0,True,False,nan,52.728607177734375,0.5954157710075378,0.8353497982025146,3.0,4.11840295791626,180.0
850.0,True,False,nan,51.97210693359375,0.7039086222648621,0.9296339154243469,4.0,4.304129600524902,180.0
850.0,True,False,nan,46.63928985595703,0.7286324501037598,0.9049047827720642,4.0,4.263054370880127,180.0
850.0,True,False,nan,48.427093505859375,0.7240682244300842,0.9717792272567749,6.0,4.2882890701293945,180.0
850.0,True,False,nan,50.84617614746094,0.7195886373519897,0.9740197062492371,5.0,4.2728142738342285,180.0
850.0,True,False,nan,45.477577209472656,0.7713666558265686,0.7460455894470215,4.0,4.054516315460205,180.0
850.0,True,False,nan,46.563575744628906,0.8445690870285034,0.7718143463134766,4.0,4.074791431427002,180.0
850.0,True,False,nan,48.12801742553711,0.832280158996582,0.9099549055099487,3.0,4.314192295074463,180.0
850.0,True,False,nan,48.250003814697266,0.7947848439216614,1.0087828636169434,4.0,4.074436664581299,180.0
850.0,True,False,nan,53.67210006713867,0.8362134099006653,0.8972992897033691,5.0,4.111917018890381,180.0
850.0,True,False,nan,49.07062911987305,0.9115656614303589,0.8046876788139343,4.0,4.257575511932373,180.0
850.0,True,False,nan,45.42196273803711,0.9085400104522705,0.8794839382171631,4.0,4.116440296173096,180.0
850.0,True,False,nan,49.9697265625,0.9089327454566956,0.8504390120506287,4.0,4.270573616027832,180.0
850.0,True,False,nan,49.63463592529297,0.7907892465591431,1.0097289085388184,3.0,4.007040023803711,180.0
850.0,True,False,nan,49.061134338378906,0.9558508992195129,0.7639796733856201,3.0,4.172910213470459,180.0
850.0,True,False,nan,51.303321838378906,0.9848922491073608,0.8117294907569885,4.0,4.2348504066467285,180.0
850.0,True,False,nan,46.64665222167969,0.882468581199646,0.9214161038398743,3.0,3.9326717853546143,180.0
850.0,True,False,nan,47.187198638916016,0.9058741927146912,0.8525127172470093,4.0,3.9517159461975098,180.0
850.0,True,False,nan,47.57981872558594,0.9757925271987915,0.7663791179656982,4.0,3.9881410598754883,180.0
850.0,True,False,nan,45.20744323730469,1.741295576095581,0.8430637121200562,5.0,4.0145087242126465,180.0
850.0,False,True,2.200000047683716,29.718963623046875,4.055301666259766,0.8780767321586609,4.0,4.031405925750732,180.0
850.0,False,True,1.6999999284744263,28.870756149291992,2.9726808071136475,0.8541936278343201,4.0,4.098489761352539,180.0
850.0,True,False,nan,46.29094696044922,0.38437989354133606,0.9236748218536377,7.0,4.4035210609436035,180.0
850.0,True,False,nan,50.58848190307617,0.4829273819923401,0.8208770751953125,1.0,4.606489181518555,180.0
850.0,True,False,nan,52.84550094604492,0.498913049697876,0.9620265960693359,12.0,4.840845584869385,180.0
850.0,True,False,nan,45.6657600402832,0.4181789457798004,0.8729049563407898,7.0,4.78154182434082,180.0
850.0,True,False,nan,52.89807891845703,0.47373059391975403,1.0050075054168701,7.0,4.566555976867676,180.0
850.0,True,False,nan,47.70213317871094,0.49743273854255676,0.704742431640625,1.0,4.7047271728515625,180.0
850.0,True,False,nan,47.13285446166992,0.46431106328964233,0.765468955039978,7.0,4.1917033195495605,180.0
850.0,True,False,nan,50.22674560546875,0.48637598752975464,0.9681026935577393,14.0,4.510504245758057,180.0
850.0,True,False,nan,49.48874282836914,0.4993946850299835,0.9035574197769165,4.0,4.57283353805542,180.0
850.0,True,False,nan,49.607452392578125,0.4484509229660034,1.0539261102676392,7.0,4.919963836669922,180.0
850.0,True,False,nan,51.37723159790039,0.4596092998981476,0.9485745429992676,7.0,4.819821834564209,180.0
850.0,True,False,nan,46.759979248046875,0.4830784797668457,0.8152310848236084,7.0,4.45048189163208,180.0
850.0,True,False,nan,48.564456939697266,0.4973118007183075,0.8493856191635132,3.0,4.468611240386963,180.0
850.0,True,False,nan,55.33456802368164,0.5339815616607666,0.9427738189697266,7.0,4.376049041748047,180.0
850.0,True,False,nan,54.865394592285156,0.5180531740188599,0.8212333917617798,7.0,3.7998456954956055,180.0
850.0,True,False,nan,50.382869720458984,0.5280470848083496,1.0563294887542725,5.0,4.462310314178467,180.0
850.0,True,False,nan,50.41191101074219,0.5446940660476685,0.931378185749054,3.0,4.499048709869385,180.0
850.0,True,False,nan,48.306217193603516,0.5482226014137268,0.92307448387146,5.0,4.426790237426758,180.0
850.0,True,False,nan,45.429039001464844,0.5377642512321472,0.8934007287025452,7.0,4.373350620269775,180.0
850.0,True,False,nan,50.29559326171875,0.5472187399864197,0.8721811175346375,7.0,4.2649407386779785,180.0
850.0,True,False,nan,51.313316345214844,0.5224420428276062,0.8617334961891174,7.0,4.289565086364746,180.0
850.0,True,False,nan,53.12923812866211,0.5564274787902832,0.7926150560379028,4.0,4.539103031158447,180.0
850.0,True,False,nan,56.07624435424805,0.608814537525177,0.7616618275642395,2.0,3.8103060722351074,180.0
850.0,True,False,nan,47.947166442871094,0.5528488755226135,0.8623877167701721,6.0,4.479254245758057,180.0
850.0,True,False,nan,54.11711883544922,0.5347100496292114,0.7158235311508179,7.0,4.168371677398682,180.0
850.0,True,False,nan,46.93846893310547,0.5710031986236572,0.9185078144073486,11.0,4.828678607940674,180.0
850.0,True,False,nan,48.97520446777344,0.5173603296279907,0.8688195943832397,3.0,4.445693016052246,180.0
850.0,True,False,nan,47.93510818481445,0.5387582778930664,0.9718258380889893,4.0,4.4198174476623535,180.0
850.0,True,False,nan,52.75126647949219,0.6221207976341248,0.7832136750221252,4.0,4.858357906341553,180.0
850.0,True,False,nan,46.05963134765625,0.6142563223838806,0.9602944254875183,7.0,4.433020114898682,180.0
850.0,True,False,nan,47.07740020751953,0.5637395977973938,0.7928823232650757,4.0,4.3613128662109375,180.0
850.0,True,False,nan,48.30727767944336,0.5282193422317505,0.9245874881744385,7.0,4.335806369781494,180.0
850.0,True,False,nan,47.066375732421875,0.6243187189102173,0.7953385710716248,3.0,4.389699935913086,180.0
850.0,True,False,nan,52.85364532470703,0.6578114032745361,0.8300961852073669,5.0,4.295792579650879,180.0
850.0,True,False,nan,46.035430908203125,0.5909976363182068,0.9742575287818909,5.0,4.322195053100586,180.0
850.0,True,False,nan,45.22960662841797,0.5892198085784912,1.0636546611785889,6.0,4.311759948730469,180.0
850.0,True,False,nan,53.41449737548828,0.6565994620323181,0.8372966647148132,4.0,4.15344762802124,180.0
850.0,True,False,nan,48.05078125,0.6646937727928162,0.8951342701911926,4.0,4.290050983428955,180.0
850.0,True,False,nan,47.493675231933594,0.6021808981895447,0.8925209045410156,4.0,4.099429607391357,180.0
850.0,True,False,nan,51.519325256347656,0.6502442359924316,1.008765459060669,5.0,4.2528791427612305,180.0
850.0,True,False,nan,52.739227294921875,0.5954161286354065,0.8353497385978699,3.0,4.118309497833252,180.0
850.0,True,False,nan,45.386436462402344,0.6238752007484436,0.9137270450592041,4.0,3.8681411743164062,180.0
850.0,True,False,nan,51.97294998168945,0.7039059996604919,0.9296430945396423,4.0,4.304121971130371,180.0
850.0,True,False,nan,51.65425109863281,0.662990927696228,0.7945594191551208,4.0,4.282096862792969,180.0
850.0,True,False,nan,48.439449310302734,0.7240403890609741,0.9717821478843689,6.0,4.28843355178833,180.0
850.0,True,False,nan,50.84641647338867,0.7195777297019958,0.9740239977836609,5.0,4.2726731300354,180.0
850.0,True,False,nan,46.63943099975586,0.7286293506622314,0.9049133062362671,4.0,4.263059616088867,180.0
850.0,True,False,nan,53.67255783081055,0.8362175822257996,0.8972955942153931,5.0,4.111917972564697,180.0
850.0,True,False,nan,48.12744903564453,0.8322845697402954,0.9099504947662354,3.0,4.314180374145508,180.0
850.0,True,False,nan,50.01592254638672,0.9114508032798767,0.8046905994415283,4.0,4.2627692222595215,180.0
850.0,True,False,nan,48.25031280517578,0.7947813868522644,1.0087802410125732,4.0,4.07443380355835,180.0
850.0,True,False,nan,49.96928787231445,0.9089358448982239,0.8504363894462585,4.0,4.270562648773193,180.0
850.0,True,False,nan,46.56417465209961,0.8445691466331482,0.7718141078948975,4.0,4.074790000915527,180.0
850.0,True,False,nan,45.47732925415039,0.7713624835014343,0.7460487484931946,4.0,4.054499626159668,180.0
850.0,True,False,nan,47.577091217041016,0.8553640842437744,0.7523902654647827,3.0,4.071122169494629,180.0
850.0,True,False,nan,46.71226119995117,0.9066382050514221,0.879483699798584,4.0,4.1164469718933105,180.0
850.0,True,False,nan,51.30329132080078,0.9848895072937012,0.8117291331291199,4.0,4.23485803604126,180.0
850.0,True,False,nan,45.190364837646484,0.7433699369430542,1.009476661682129,3.0,4.018616676330566,180.0
850.0,True,False,nan,46.645416259765625,0.8824728727340698,0.9214187860488892,3.0,3.932666063308716,180.0
850.0,True,False,nan,11.899147987365723,0.4227483570575714,0.7663773894309998,4.0,3.9881234169006348,180.0
850.0,True,False,nan,43.05272674560547,0.9113383889198303,0.8525148630142212,9.0,3.951725959777832,180.0
850.0,True,False,nan,45.42727279663086,0.2818639874458313,0.8208784461021423,1.0,3.225451946258545,270.0
850.0,True,False,nan,46.416019439697266,0.30299919843673706,1.0539263486862183,7.0,3.56125545501709,270.0
850.0,True,False,nan,47.40671920776367,0.29751691222190857,0.8729105591773987,7.0,3.5467891693115234,270.0
850.0,True,False,nan,46.475120544433594,0.27558499574661255,0.9236671328544617,7.0,3.461981773376465,270.0
850.0,True,False,nan,49.07414627075195,0.35261911153793335,0.7953444719314575,3.0,3.267246723175049,270.0
850.0,True,False,nan,50.7259635925293,0.35671114921569824,0.9312062859535217,3.0,3.617687225341797,270.0
850.0,True,False,nan,58.40964889526367,0.32643285393714905,0.9682427048683167,14.0,3.7399847507476807,270.0
850.0,True,False,nan,46.81122970581055,0.3508942723274231,0.9559810757637024,9.0,3.7213385105133057,270.0
850.0,True,False,nan,53.36195373535156,0.3315219283103943,0.9620378017425537,12.0,3.6349613666534424,270.0
850.0,True,False,nan,47.471134185791016,0.3338974416255951,0.7832069993019104,4.0,3.054260730743408,270.0
850.0,True,False,nan,49.99631118774414,0.3546678423881531,0.9035471081733704,4.0,3.752634048461914,270.0
850.0,True,False,nan,55.888877868652344,0.340741366147995,0.9486181139945984,7.0,3.573267698287964,270.0
850.0,True,False,nan,45.90810775756836,0.35352444648742676,0.9229810833930969,5.0,3.8950023651123047,270.0
850.0,True,False,nan,60.25419998168945,0.30067649483680725,1.0066148042678833,5.0,3.7625439167022705,270.0
850.0,True,False,nan,49.958770751953125,0.3488207459449768,0.8687745928764343,3.0,3.3502418994903564,270.0
850.0,True,False,nan,47.70061111450195,0.30564388632774353,0.815235435962677,7.0,3.287497043609619,270.0
850.0,True,False,nan,45.73456954956055,0.32740315794944763,0.8617407083511353,7.0,3.514993190765381,270.0
850.0,True,False,nan,49.926734924316406,0.34714648127555847,0.8493772745132446,3.0,3.5579922199249268,270.0
850.0,True,False,nan,48.974647521972656,0.3375323712825775,0.9203857183456421,4.0,3.475048780441284,270.0
850.0,True,False,nan,54.60791015625,0.3457525968551636,1.0563198328018188,5.0,3.880889654159546,270.0
850.0,True,False,nan,47.300167083740234,0.3283708095550537,0.765469491481781,7.0,3.355293035507202,270.0
850.0,True,False,nan,51.2222785949707,0.3826248049736023,0.7929562926292419,4.0,3.5037503242492676,270.0
850.0,True,False,nan,54.600399017333984,0.39857175946235657,0.8951345086097717,4.0,3.6346957683563232,270.0
850.0,True,False,nan,46.348690032958984,0.406181663274765,0.9136750102043152,4.0,3.73087477684021,270.0
850.0,True,False,nan,50.046993255615234,0.4007323980331421,0.8925046324729919,4.0,3.8658032417297363,270.0
850.0,True,False,nan,51.72124099731445,0.39769941568374634,0.8623881340026855,6.0,3.5464110374450684,270.0
850.0,True,False,nan,48.27043151855469,0.40545621514320374,0.9296406507492065,4.0,3.705152988433838,270.0
850.0,True,False,nan,50.57550811767578,0.3821359872817993,0.7945687770843506,4.0,3.31843638420105,270.0
850.0,True,False,nan,45.202449798583984,0.40820440649986267,0.8917693495750427,7.0,3.713979482650757,270.0
850.0,True,False,nan,54.96308898925781,0.34493905305862427,0.704744279384613,1.0,3.11413836479187,270.0
850.0,True,False,nan,47.20387268066406,0.39534127712249756,0.9742501974105835,5.0,3.8440017700195312,270.0
850.0,True,False,nan,53.3135986328125,0.3884912133216858,0.7928858995437622,4.0,3.580517292022705,270.0
850.0,True,False,nan,51.01446533203125,0.3886089324951172,0.8721784353256226,7.0,3.6070475578308105,270.0
850.0,True,False,nan,47.28678512573242,0.39356786012649536,1.0636428594589233,6.0,3.8697195053100586,270.0
850.0,True,False,nan,45.08200454711914,0.3201873302459717,0.8212360143661499,7.0,3.217729330062866,270.0
850.0,True,False,nan,45.02790832519531,0.40287744998931885,1.0088319778442383,5.0,3.8963801860809326,270.0
850.0,True,False,nan,47.7065315246582,0.3940108120441437,0.8369582295417786,4.0,3.6955971717834473,270.0
850.0,True,False,nan,46.17905807495117,0.4015358090400696,0.9049062132835388,4.0,3.570603847503662,270.0
850.0,True,False,nan,45.0828742980957,0.41005590558052063,0.9740229845046997,5.0,3.911890745162964,270.0
850.0,True,False,nan,52.081966400146484,0.39853566884994507,0.9718183875083923,4.0,3.928919792175293,270.0
850.0,True,False,nan,50.85703659057617,0.41464999318122864,0.8300952315330505,5.0,3.608151912689209,270.0
850.0,True,False,nan,46.25889587402344,0.41907215118408203,0.7718146443367004,4.0,3.338641405105591,270.0
850.0,True,False,nan,50.97470474243164,0.4103867709636688,0.8046880960464478,4.0,3.2215373516082764,270.0
850.0,True,False,nan,49.38385772705078,0.38980400562286377,0.7523908019065857,3.0,3.1467158794403076,270.0
850.0,True,False,nan,49.81642150878906,0.4054332971572876,0.9100328683853149,3.0,3.4258596897125244,270.0
850.0,True,False,nan,45.36863708496094,0.35994410514831543,0.7463676929473877,6.0,3.136960029602051,270.0
850.0,True,False,nan,49.9992790222168,0.43884769082069397,0.9603017568588257,7.0,3.909621238708496,270.0
850.0,True,False,nan,45.15087890625,0.41024553775787354,0.7460488080978394,4.0,3.2094204425811768,270.0
850.0,True,False,nan,49.6779670715332,0.3704700469970703,0.7150695323944092,3.0,3.0728225708007812,270.0
850.0,True,False,nan,47.646636962890625,0.44106826186180115,0.9185121655464172,11.0,4.170475482940674,270.0
850.0,True,False,nan,48.678001403808594,0.42234718799591064,0.8541940450668335,4.0,3.346982955932617,270.0
850.0,True,False,nan,45.2470703125,0.4229459762573242,0.811729371547699,4.0,3.4130983352661133,270.0
850.0,True,False,nan,49.562103271484375,0.43855518102645874,0.8504411578178406,4.0,3.5915775299072266,270.0
850.0,True,False,nan,45.31275177001953,0.45951002836227417,0.8972929120063782,5.0,3.9977917671203613,270.0
850.0,True,False,nan,47.07883834838867,0.42819744348526,0.9213709831237793,3.0,3.5635385513305664,270.0
850.0,True,False,nan,47.909481048583984,0.430444598197937,1.0094757080078125,3.0,3.672147750854492,270.0
850.0,True,False,nan,49.250755310058594,0.4279509484767914,0.9717894792556763,6.0,3.7952916622161865,270.0
850.0,True,False,nan,49.939876556396484,0.42207419872283936,0.8353703022003174,3.0,3.436424732208252,270.0
850.0,False,True,1.159999966621399,39.66415786743164,1.5412938594818115,0.7663800716400146,4.0,3.202770948410034,270.0
850.0,False,True,0.7799999713897705,36.46833801269531,1.1181385517120361,0.8430598974227905,5.0,3.688236713409424,270.0
850.0,False,True,0.8199999928474426,43.178672790527344,1.2973942756652832,0.8780725002288818,4.0,3.563929796218872,270.0
850.0,False,True,1.5,41.32467269897461,1.773346185684204,0.8794877529144287,4.0,3.7780518531799316,270.0
850.0,False,True,2.119999885559082,43.30403518676758,3.1633167266845703,1.0087788105010986,4.0,3.846722364425659,270.0
850.0,False,True,0.8399999737739563,39.180118560791016,1.124712586402893,0.8525207042694092,4.0,3.5581722259521484,270.0
850.0,True,False,nan,47.40660858154297,0.2975172698497772,0.8729081749916077,7.0,3.546793222427368,270.0
850.0,True,False,nan,46.341346740722656,0.2848990559577942,1.0050084590911865,7.0,3.717109441757202,270.0
850.0,True,False,nan,45.42671585083008,0.28186342120170593,0.8208773732185364,1.0,3.225449562072754,270.0
850.0,True,False,nan,46.41606140136719,0.3030005395412445,1.05391526222229,7.0,3.561258316040039,270.0
850.0,True,False,nan,46.475460052490234,0.2755852937698364,0.9236699938774109,7.0,3.461980104446411,270.0
850.0,True,False,nan,50.727256774902344,0.3573787212371826,0.929385244846344,3.0,3.6131510734558105,270.0
850.0,True,False,nan,58.40959930419922,0.32643386721611023,0.9682377576828003,14.0,3.739987850189209,270.0
850.0,True,False,nan,53.36201858520508,0.33152318000793457,0.9620335102081299,12.0,3.6349618434906006,270.0
850.0,True,False,nan,49.99708938598633,0.35466843843460083,0.903552234172821,4.0,3.7526140213012695,270.0
850.0,True,False,nan,55.89035415649414,0.3407401144504547,0.9486199021339417,7.0,3.573265552520752,270.0
850.0,True,False,nan,49.92660903930664,0.3471456468105316,0.8493834137916565,3.0,3.557995080947876,270.0
850.0,True,False,nan,46.811161041259766,0.35089391469955444,0.9559798240661621,9.0,3.721343994140625,270.0
850.0,True,False,nan,45.908748626708984,0.3535260260105133,0.9229673743247986,5.0,3.8950273990631104,270.0
850.0,True,False,nan,49.95931625366211,0.3488190770149231,0.8687883019447327,3.0,3.3502399921417236,270.0
850.0,True,False,nan,47.700626373291016,0.30564409494400024,0.8152348399162292,7.0,3.287496566772461,270.0
850.0,True,False,nan,45.73478698730469,0.32740557193756104,0.8617303371429443,7.0,3.5149965286254883,270.0
850.0,True,False,nan,50.36880874633789,0.34279125928878784,0.9245874881744385,7.0,3.536389112472534,270.0
850.0,True,False,nan,47.471134185791016,0.3338950276374817,0.7832158803939819,4.0,3.05425763130188,270.0
850.0,True,False,nan,55.70492935180664,0.34194961190223694,0.7063173055648804,1.0,3.1096577644348145,270.0
850.0,True,False,nan,47.30071258544922,0.3283712565898895,0.7654715180397034,7.0,3.3552913665771484,270.0
850.0,True,False,nan,45.08247375488281,0.32018938660621643,0.8212320804595947,7.0,3.2177295684814453,270.0
850.0,True,False,nan,49.07411575317383,0.3526192605495453,0.7953447103500366,3.0,3.267245292663574,270.0
850.0,True,False,nan,51.024658203125,0.36989524960517883,0.7173780202865601,1.0,3.0783228874206543,270.0
850.0,True,False,nan,26.572956085205078,0.16944411396980286,0.7926153540611267,4.0,3.068453788757324,270.0
850.0,True,False,nan,36.4454231262207,0.25491562485694885,0.7639786601066589,3.0,3.166498899459839,270.0
850.0,True,False,nan,9.933215141296387,0.1084156483411789,0.7463716268539429,6.0,2.7550878524780273,270.0
850.0,True,False,nan,2.739811658859253,0.009846432134509087,0.8623927235603333,6.0,1.166499376296997,270.0
850.0,True,False,nan,18.39828872680664,0.15425296127796173,0.7945595383644104,4.0,3.177781581878662,270.0
850.0,True,False,nan,15.60802936553955,0.14436650276184082,0.7929226756095886,4.0,3.248744249343872,270.0
900.0,True,False,nan,45.740970611572266,0.1895252913236618,0.7654707431793213,7.0,4.08728551864624,0.0
900.0,True,False,nan,46.92082977294922,0.16300128400325775,0.9681032299995422,14.0,4.39063024520874,0.0
900.0,True,False,nan,46.225868225097656,0.16883492469787598,0.955985426902771,9.0,4.366178512573242,0.0
900.0,True,False,nan,47.2744140625,0.19942942261695862,0.7551559209823608,3.0,4.245122909545898,0.0
900.0,True,False,nan,47.6043586730957,0.19571469724178314,0.7463740706443787,6.0,4.333484649658203,0.0
900.0,True,False,nan,46.62531661987305,0.20461849868297577,0.7150696516036987,3.0,4.432442665100098,0.0
900.0,True,False,nan,45.4015998840332,0.17584335803985596,0.8721793293952942,7.0,4.38672399520874,0.0
900.0,True,False,nan,49.76442337036133,0.1794746071100235,0.8212368488311768,7.0,4.4549479484558105,0.0
900.0,True,False,nan,52.929908752441406,0.17156982421875,0.8152291774749756,7.0,4.307178497314453,0.0
900.0,True,False,nan,50.34619903564453,0.15276683866977692,0.9236767292022705,7.0,4.077770233154297,0.0
900.0,True,False,nan,47.563255310058594,0.1660832315683365,0.8617302775382996,7.0,4.226703643798828,0.0
900.0,True,False,nan,49.42597961425781,0.1808919608592987,0.7953409552574158,3.0,3.8423774242401123,0.0
900.0,True,False,nan,51.861270904541016,0.23890142142772675,0.7663775086402893,4.0,4.404435157775879,0.0
900.0,True,False,nan,46.855979919433594,0.22800245881080627,0.8430628776550293,5.0,4.4563679695129395,0.0
900.0,True,False,nan,52.77142333984375,0.1837969869375229,0.8951342701911926,4.0,4.149505138397217,0.0
900.0,True,False,nan,56.396766662597656,0.18771222233772278,0.9313780069351196,3.0,4.519163131713867,0.0
900.0,True,False,nan,54.30694580078125,0.22994208335876465,0.7718119621276855,4.0,4.345624923706055,0.0
900.0,True,False,nan,54.62979507446289,0.17516911029815674,0.820878803730011,1.0,4.159211158752441,0.0
900.0,True,False,nan,52.427242279052734,0.20036262273788452,0.9137881398200989,4.0,4.340415954589844,0.0
900.0,True,False,nan,54.699249267578125,0.22499118745326996,0.8046875,4.0,4.396152973175049,0.0
900.0,True,False,nan,49.927181243896484,0.14765828847885132,0.9620310068130493,12.0,4.182701110839844,0.0
900.0,True,False,nan,52.30598831176758,0.19136962294578552,0.7832072377204895,4.0,3.9967432022094727,0.0
900.0,True,False,nan,51.0359001159668,0.20375624299049377,0.9099510908126831,3.0,4.079022407531738,0.0
900.0,True,False,nan,51.22172927856445,0.21799111366271973,0.8794870972633362,4.0,4.455977916717529,0.0
900.0,True,False,nan,50.97914505004883,0.18770132958889008,0.8915793895721436,4.0,4.299605369567871,0.0
900.0,True,False,nan,50.601318359375,0.12345034629106522,1.0539296865463257,7.0,3.8007237911224365,0.0
900.0,True,False,nan,53.6723518371582,0.19198951125144958,0.9603092670440674,7.0,4.2415571212768555,0.0
900.0,True,False,nan,56.579036712646484,0.15565308928489685,0.9486187696456909,7.0,4.119293689727783,0.0
900.0,True,False,nan,54.305641174316406,0.2366311252117157,0.7460503578186035,4.0,4.312358856201172,0.0
900.0,True,False,nan,45.43116760253906,0.1892143189907074,1.0087846517562866,4.0,3.9894297122955322,0.0
900.0,True,False,nan,59.98427963256836,0.18219448626041412,0.8729100227355957,7.0,4.224596977233887,0.0
900.0,True,False,nan,57.356685638427734,0.16603100299835205,1.0066074132919312,5.0,4.662748336791992,0.0
900.0,True,False,nan,47.382598876953125,0.20863568782806396,0.7945674657821655,4.0,4.118457317352295,0.0
900.0,True,False,nan,45.803585052490234,0.22213992476463318,0.8541937470436096,4.0,4.145150661468506,0.0
900.0,True,False,nan,49.47895050048828,0.213715061545372,0.8917696475982666,7.0,4.4159016609191895,0.0
900.0,True,False,nan,58.16534423828125,0.2074468731880188,0.7047429084777832,1.0,4.3607940673828125,0.0
900.0,True,False,nan,52.70952224731445,0.2244972586631775,0.8117313385009766,4.0,4.236124515533447,0.0
900.0,True,False,nan,52.045352935791016,0.17175130546092987,0.8687806129455566,3.0,3.8489346504211426,0.0
900.0,True,False,nan,51.49259567260742,0.2188083976507187,0.8504418730735779,4.0,4.190145015716553,0.0
900.0,True,False,nan,45.34362030029297,0.20205092430114746,0.9213745594024658,3.0,4.128401756286621,0.0
900.0,True,False,nan,46.140350341796875,0.15853336453437805,0.8493887186050415,3.0,3.8229517936706543,0.0
900.0,True,False,nan,47.5687255859375,0.19610415399074554,0.8372958302497864,4.0,4.428343772888184,0.0
900.0,True,False,nan,47.49018478393555,0.19576998054981232,0.9049015641212463,4.0,4.031485557556152,0.0
900.0,True,False,nan,53.500282287597656,0.18299312889575958,0.9245885610580444,7.0,3.947831869125366,0.0
900.0,True,False,nan,47.65916061401367,0.22449541091918945,0.8525102734565735,4.0,4.439319610595703,0.0
900.0,True,False,nan,48.35418701171875,0.1774720847606659,0.9740225076675415,5.0,4.219282627105713,0.0
900.0,True,False,nan,45.88992691040039,0.22360962629318237,0.8353675603866577,3.0,4.271233558654785,0.0
900.0,True,False,nan,47.51499557495117,0.19542737305164337,0.7926101088523865,4.0,3.660266160964966,0.0
900.0,True,False,nan,45.10154342651367,0.20688441395759583,0.8300939798355103,5.0,3.7767579555511475,0.0
900.0,True,False,nan,54.57395553588867,0.16743811964988708,0.9035518169403076,4.0,3.785705327987671,0.0
900.0,True,False,nan,47.36563491821289,0.15522587299346924,0.9230605959892273,5.0,3.6511011123657227,0.0
900.0,True,False,nan,45.021358489990234,0.18733656406402588,0.8623871803283691,6.0,3.6517746448516846,0.0
900.0,True,False,nan,56.13211441040039,0.21213144063949585,0.9296427369117737,4.0,4.147809028625488,0.0
900.0,True,False,nan,49.43511199951172,0.19606415927410126,0.7929165363311768,4.0,3.7776899337768555,0.0
900.0,True,False,nan,45.37908172607422,0.16449813544750214,1.06365168094635,6.0,3.937019109725952,0.0
900.0,True,False,nan,54.07235336303711,0.18857157230377197,1.0088402032852173,5.0,4.173262119293213,0.0
900.0,True,False,nan,54.769615173339844,0.225454181432724,0.8972914218902588,5.0,4.274704933166504,0.0
900.0,True,False,nan,55.27640151977539,0.2056707888841629,0.9717881083488464,6.0,4.165353298187256,0.0
900.0,True,False,nan,51.87941360473633,0.14474374055862427,1.056329369544983,5.0,3.801069498062134,0.0
900.0,True,False,nan,49.45034408569336,0.18720149993896484,0.9185148477554321,11.0,3.9351003170013428,0.0
900.0,True,False,nan,51.80751037597656,0.20244647562503815,0.9742582440376282,5.0,4.153777599334717,0.0
900.0,True,False,nan,53.64522933959961,0.18229813873767853,0.9718341827392578,4.0,3.9733119010925293,0.0
900.0,True,False,nan,48.39799880981445,1.7982712984085083,0.8780754208564758,4.0,4.345081806182861,0.0
900.0,True,False,nan,47.5706787109375,2.334963321685791,1.009732723236084,3.0,4.367522716522217,0.0
900.0,True,False,nan,49.42620849609375,0.18089188635349274,0.7953399419784546,3.0,3.8423848152160645,0.0
900.0,True,False,nan,54.62958526611328,0.17516973614692688,0.8208752274513245,1.0,4.159213066101074,0.0
900.0,True,False,nan,52.3059196472168,0.19136884808540344,0.783210277557373,4.0,3.9967408180236816,0.0
900.0,True,False,nan,50.60126495361328,0.1234508529305458,1.0539315938949585,7.0,3.8007192611694336,0.0
900.0,True,False,nan,56.57928466796875,0.15565237402915955,0.9486299157142639,7.0,4.119301795959473,0.0
900.0,True,False,nan,58.16518783569336,0.2074468731880188,0.7047436237335205,1.0,4.3607869148254395,0.0
900.0,True,False,nan,52.04542922973633,0.1717534065246582,0.8687741160392761,3.0,3.848931312561035,0.0
900.0,True,False,nan,46.14059829711914,0.1585354059934616,0.8493826389312744,3.0,3.8229575157165527,0.0
900.0,True,False,nan,59.98432540893555,0.1821948140859604,0.872906506061554,7.0,4.22459602355957,0.0
900.0,True,False,nan,50.185794830322266,0.15275821089744568,0.926023006439209,7.0,4.075076580047607,0.0
900.0,True,False,nan,58.86722946166992,0.16227519512176514,1.0050036907196045,7.0,4.419229984283447,0.0
900.0,True,False,nan,52.93008041381836,0.17157001793384552,0.8152293562889099,7.0,4.307168483734131,0.0
900.0,True,False,nan,45.74190902709961,0.18952228128910065,0.765472948551178,7.0,4.087304592132568,0.0
900.0,True,False,nan,47.56328201293945,0.16608333587646484,0.8617330193519592,7.0,4.226700305938721,0.0
900.0,True,False,nan,46.6253547668457,0.20461830496788025,0.7150698900222778,7.0,4.432433128356934,0.0
900.0,True,False,nan,45.401546478271484,0.17584292590618134,0.8721839189529419,7.0,4.386715888977051,0.0
900.0,True,False,nan,56.396331787109375,0.18773388862609863,0.931196391582489,2.0,4.51919412612915,0.0
900.0,True,False,nan,46.22591781616211,0.16883447766304016,0.9559813737869263,9.0,4.366189956665039,0.0
900.0,True,False,nan,46.92070388793945,0.16300146281719208,0.9680988788604736,14.0,4.390622615814209,0.0
900.0,True,False,nan,47.760433197021484,0.19280776381492615,0.761664628982544,2.0,4.325351715087891,0.0
900.0,True,False,nan,49.76448440551758,0.17947474122047424,0.8212313055992126,7.0,4.4549479484558105,0.0
900.0,True,False,nan,52.42742919921875,0.2003626972436905,0.9137920141220093,4.0,4.340402126312256,0.0
900.0,True,False,nan,49.92706298828125,0.14765936136245728,0.9620282649993896,12.0,4.182748794555664,0.0
900.0,True,False,nan,48.76926040649414,0.19233040511608124,0.8925092220306396,4.0,4.52489709854126,0.0
900.0,True,False,nan,47.688453674316406,0.19923655688762665,0.7639784812927246,3.0,4.2402448654174805,0.0
900.0,True,False,nan,47.382240295410156,0.2086346298456192,0.7945660948753357,4.0,4.118456840515137,0.0
900.0,True,False,nan,49.478851318359375,0.213716521859169,0.8917655944824219,7.0,4.415899276733398,0.0
900.0,True,False,nan,53.500518798828125,0.18299052119255066,0.9245877265930176,7.0,3.9478580951690674,0.0
900.0,True,False,nan,53.64523696899414,0.1822979748249054,0.9718303680419922,4.0,3.973325490951538,0.0
900.0,True,False,nan,54.57404708862305,0.167440265417099,0.903545081615448,4.0,3.785719871520996,0.0
900.0,True,False,nan,51.86126708984375,0.23889805376529694,0.7663779258728027,4.0,4.404450416564941,0.0
900.0,True,False,nan,47.371341705322266,0.15524357557296753,0.9229655265808105,5.0,3.6511378288269043,0.0
900.0,True,False,nan,54.30552291870117,0.23662921786308289,0.7460477948188782,4.0,4.312364101409912,0.0
900.0,True,False,nan,49.434940338134766,0.1960635930299759,0.7929208874702454,4.0,3.7776858806610107,0.0
900.0,True,False,nan,51.95334243774414,0.1447596400976181,1.056171178817749,5.0,3.8004002571105957,0.0
900.0,True,False,nan,47.515419006347656,0.19542814791202545,0.7926145195960999,4.0,3.660275936126709,0.0
900.0,True,False,nan,46.85647964477539,0.2280050814151764,0.8430595993995667,5.0,4.456368446350098,0.0
900.0,True,False,nan,53.67193603515625,0.19198697805404663,0.9603216648101807,7.0,4.241549968719482,0.0
900.0,True,False,nan,45.02054977416992,0.18733596801757812,0.8623900413513184,6.0,3.651771068572998,0.0
900.0,True,False,nan,47.56879806518555,0.19610431790351868,0.8372960686683655,4.0,4.428342819213867,0.0
900.0,True,False,nan,52.77129364013672,0.18379729986190796,0.8951337337493896,4.0,4.149517059326172,0.0
900.0,True,False,nan,54.30696105957031,0.22994478046894073,0.7718119621276855,4.0,4.345602035522461,0.0
900.0,True,False,nan,52.709625244140625,0.22449833154678345,0.8117287158966064,4.0,4.236124515533447,0.0
900.0,True,False,nan,45.10114669799805,0.20688317716121674,0.8300975561141968,5.0,3.7767608165740967,0.0
900.0,True,False,nan,49.45010757446289,0.18720242381095886,0.9185172319412231,11.0,3.935105800628662,0.0
900.0,True,False,nan,47.66546630859375,0.22449445724487305,0.8525120615959167,4.0,4.439289569854736,0.0
900.0,True,False,nan,54.69828796386719,0.22499334812164307,0.8046855926513672,4.0,4.396103382110596,0.0
900.0,True,False,nan,48.35409164428711,0.17747347056865692,0.9740203022956848,5.0,4.219281196594238,0.0
900.0,True,False,nan,51.80971145629883,0.20244434475898743,0.9742580652236938,5.0,4.153810024261475,0.0
900.0,True,False,nan,51.493228912353516,0.2188139110803604,0.8504406809806824,4.0,4.190138816833496,0.0
900.0,True,False,nan,54.072547912597656,0.1885714828968048,1.008832573890686,5.0,4.173288345336914,0.0
900.0,True,False,nan,54.7696533203125,0.22545620799064636,0.8972846269607544,5.0,4.274713039398193,0.0
900.0,True,False,nan,51.02931594848633,0.2037716656923294,0.9100338816642761,3.0,4.078582286834717,0.0
900.0,True,False,nan,45.890357971191406,0.22360581159591675,0.835371732711792,3.0,4.2711968421936035,0.0
900.0,True,False,nan,51.22123336791992,0.21798788011074066,0.8794912695884705,4.0,4.455958843231201,0.0
900.0,True,False,nan,45.80384063720703,0.22213740646839142,0.8542060852050781,4.0,4.145163536071777,0.0
900.0,True,False,nan,45.37922668457031,0.16449646651744843,1.063647985458374,6.0,3.9370288848876953,0.0
900.0,True,False,nan,45.34375,0.2020513266324997,0.9213721752166748,3.0,4.128408908843994,0.0
900.0,True,False,nan,56.13222885131836,0.21213304996490479,0.9296457767486572,4.0,4.147794723510742,0.0
900.0,True,False,nan,47.48908996582031,0.19577108323574066,0.9049082398414612,4.0,4.031452178955078,0.0
900.0,True,False,nan,55.27646255493164,0.20566987991333008,0.9717914462089539,5.0,4.165392875671387,0.0
900.0,True,False,nan,45.43135452270508,0.1892147660255432,1.0087800025939941,4.0,3.989431142807007,0.0
900.0,True,False,nan,40.329742431640625,0.4562210440635681,0.8780672550201416,4.0,4.23023796081543,0.0
900.0,True,False,nan,7.541267395019531,0.0473027266561985,1.0094774961471558,3.0,2.1213552951812744,0.0
900.0,True,False,nan,48.29240417480469,0.28415483236312866,0.7654730081558228,7.0,3.5805368423461914,90.0
900.0,True,False,nan,46.90860366821289,0.3772113621234894,0.9682414531707764,14.0,4.2455549240112305,90.0
900.0,True,False,nan,45.132347106933594,0.2459048479795456,0.8208763599395752,1.0,3.1130294799804688,90.0
900.0,True,False,nan,46.09488296508789,0.29363733530044556,0.8729075789451599,7.0,3.6294610500335693,90.0
900.0,True,False,nan,48.517059326171875,0.35063186287879944,1.0050101280212402,7.0,4.316246509552002,90.0
900.0,True,False,nan,51.601104736328125,0.28621599078178406,0.8212315440177917,7.0,3.5651557445526123,90.0
900.0,True,False,nan,50.30232620239258,0.27435943484306335,0.923665463924408,7.0,3.521050214767456,90.0
900.0,True,False,nan,47.467369079589844,0.3620244860649109,1.0563151836395264,5.0,4.2005462646484375,90.0
900.0,True,False,nan,46.834259033203125,0.40228214859962463,0.9559829831123352,9.0,4.194454193115234,90.0
900.0,True,False,nan,46.7114372253418,0.38714495301246643,0.9620298147201538,12.0,4.22633171081543,90.0
900.0,True,False,nan,46.33114242553711,0.3580497205257416,0.9035532474517822,4.0,3.9476935863494873,90.0
900.0,True,False,nan,51.50990295410156,0.32687437534332275,0.7463676929473877,6.0,3.3754634857177734,90.0
900.0,True,False,nan,45.43218994140625,0.29899993538856506,0.7063152194023132,1.0,3.002434492111206,90.0
900.0,True,False,nan,50.31585693359375,0.28254759311676025,0.8152312636375427,7.0,3.249173641204834,90.0
900.0,True,False,nan,47.2491340637207,0.3177133798599243,0.8617336750030518,7.0,3.4541451930999756,90.0
900.0,True,False,nan,49.175384521484375,0.3345695734024048,0.8493788242340088,3.0,3.73486590385437,90.0
900.0,True,False,nan,46.846927642822266,0.31330952048301697,0.7953387498855591,3.0,3.032686471939087,90.0
900.0,True,False,nan,46.694156646728516,0.3592207729816437,0.715069055557251,3.0,3.302283525466919,90.0
900.0,True,False,nan,48.675872802734375,0.30077117681503296,0.8687843084335327,3.0,3.1865267753601074,90.0
900.0,True,False,nan,46.9864616394043,0.37498918175697327,0.792610764503479,4.0,3.716275453567505,90.0
900.0,True,False,nan,49.91377258300781,0.3470124304294586,0.7832087874412537,4.0,3.3084774017333984,90.0
900.0,True,False,nan,45.68138122558594,0.39136818051338196,0.7639836668968201,3.0,3.3045670986175537,90.0
900.0,True,False,nan,45.85663604736328,0.3555046319961548,0.8623892068862915,6.0,3.492112159729004,90.0
900.0,True,False,nan,45.78388595581055,0.3359598219394684,0.9203824400901794,4.0,3.3213086128234863,90.0
900.0,True,False,nan,46.0731315612793,0.3751944303512573,0.8353707194328308,3.0,3.513490676879883,90.0
900.0,True,False,nan,47.47334671020508,0.4457971453666687,0.8300935626029968,5.0,3.5093140602111816,90.0
900.0,True,False,nan,49.07778549194336,0.4718753695487976,0.9293921589851379,3.0,4.029204845428467,90.0
900.0,True,False,nan,51.66690444946289,0.3951900601387024,1.0539202690124512,7.0,3.83003306388855,90.0
900.0,True,False,nan,50.40953826904297,0.4150710999965668,0.948628306388855,7.0,3.7395107746124268,90.0
900.0,True,False,nan,50.792945861816406,0.4475710988044739,0.9229589700698853,5.0,4.034870624542236,90.0
900.0,True,False,nan,46.96171188354492,0.4504300653934479,0.79288649559021,4.0,3.5157055854797363,90.0
900.0,True,False,nan,51.56987762451172,0.4282313883304596,0.9718316793441772,4.0,4.118575096130371,90.0
900.0,True,False,nan,45.74075698852539,0.5113030672073364,0.8951359391212463,4.0,3.7304606437683105,90.0
900.0,True,False,nan,46.79838562011719,0.5766564011573792,0.9137265682220459,4.0,4.117921829223633,90.0
900.0,True,False,nan,47.813411712646484,0.5485919713973999,0.8925067782402039,4.0,3.874466896057129,90.0
900.0,True,False,nan,45.47541427612305,0.5614325404167175,0.9185060262680054,11.0,4.0814971923828125,90.0
900.0,True,False,nan,48.67868423461914,0.46053043007850647,0.794569194316864,4.0,3.21433162689209,90.0
900.0,True,False,nan,47.43330001831055,0.49269598722457886,0.9742625951766968,5.0,3.8906099796295166,90.0
900.0,True,False,nan,50.42276382446289,0.49941912293434143,0.87218177318573,7.0,3.7341248989105225,90.0
900.0,True,False,nan,46.81077575683594,0.5448107719421387,0.9296386241912842,4.0,3.648956298828125,90.0
900.0,True,False,nan,49.563297271728516,0.5620613098144531,1.0636491775512695,6.0,4.139055252075195,90.0
900.0,True,False,nan,48.49985122680664,0.6047604084014893,1.0088363885879517,5.0,4.200285911560059,90.0
900.0,True,False,nan,48.18375015258789,0.5824728012084961,0.8369879722595215,4.0,3.5139172077178955,90.0
900.0,True,False,nan,45.5909309387207,0.5568692088127136,0.8046853542327881,4.0,3.225756883621216,90.0
900.0,True,False,nan,45.69743347167969,0.6904383897781372,0.9602957963943481,7.0,4.133918762207031,90.0
900.0,True,False,nan,45.546043395996094,0.5984684824943542,0.746045708656311,4.0,3.2492802143096924,90.0
900.0,True,False,nan,45.16429138183594,0.7119296193122864,0.8934113383293152,7.0,4.03300142288208,90.0
900.0,True,False,nan,47.168331146240234,0.6807743906974792,0.8972939252853394,5.0,3.9880616664886475,90.0
900.0,True,False,nan,46.737648010253906,0.6747484803199768,1.0094764232635498,3.0,4.1610589027404785,90.0
900.0,True,False,nan,45.519859313964844,0.6334182024002075,0.9717873930931091,6.0,3.9014084339141846,90.0
900.0,True,False,nan,49.820560455322266,0.669462263584137,0.9740246534347534,5.0,4.07269287109375,90.0
900.0,True,False,nan,45.27604293823242,0.6053358912467957,0.909953773021698,3.0,3.2540268898010254,90.0
900.0,True,False,nan,46.04370880126953,0.6813656687736511,0.766374945640564,4.0,3.318909168243408,90.0
900.0,True,False,nan,45.23678207397461,0.6959820985794067,0.7718135118484497,4.0,3.2344393730163574,90.0
900.0,True,False,nan,45.56964874267578,0.7910674810409546,1.0087802410125732,4.0,4.065940856933594,90.0
900.0,True,False,nan,48.300384521484375,0.6975725293159485,0.8504449725151062,4.0,3.5030205249786377,90.0
900.0,True,False,nan,49.59951400756836,0.6497710347175598,0.9049145579338074,4.0,3.3575615882873535,90.0
900.0,True,False,nan,45.47446823120117,0.7862975597381592,0.8794959783554077,4.0,3.6125025749206543,90.0
900.0,True,False,nan,48.0126953125,0.7689064145088196,0.8117285370826721,4.0,3.2687954902648926,90.0
900.0,True,False,nan,48.001075744628906,0.708076000213623,0.8541925549507141,4.0,3.3613996505737305,90.0
900.0,True,False,nan,47.2142448425293,1.2505781650543213,0.8525164127349854,4.0,3.5010530948638916,90.0
900.0,True,False,nan,46.318538665771484,1.49860680103302,0.9214156866073608,3.0,3.5433349609375,90.0
900.0,False,True,1.1999999284744263,31.630794525146484,1.7907201051712036,0.8430718779563904,5.0,3.557749032974243,90.0
900.0,False,True,1.159999966621399,28.08049774169922,1.8683420419692993,0.8780654668807983,4.0,3.666463851928711,90.0
900.0,True,False,nan,45.13239669799805,0.24590611457824707,0.8208737969398499,1.0,3.113027334213257,90.0
900.0,True,False,nan,48.51708984375,0.3506322503089905,1.0050069093704224,7.0,4.316246509552002,90.0
900.0,True,False,nan,46.908531188964844,0.3772353529930115,0.9681050777435303,14.0,4.245559215545654,90.0
900.0,True,False,nan,45.432315826416016,0.29900047183036804,0.7063124179840088,1.0,3.0024380683898926,90.0
900.0,True,False,nan,48.29255294799805,0.28415414690971375,0.7654743194580078,7.0,3.580544948577881,90.0
900.0,True,False,nan,46.7111701965332,0.38714540004730225,0.962034285068512,12.0,4.226340293884277,90.0
900.0,True,False,nan,46.330928802490234,0.3580503463745117,0.903552770614624,4.0,3.9476983547210693,90.0
900.0,True,False,nan,46.09457015991211,0.2936387062072754,0.8729059100151062,7.0,3.6294713020324707,90.0
900.0,True,False,nan,51.60108184814453,0.28621530532836914,0.8212361335754395,7.0,3.5651583671569824,90.0
900.0,True,False,nan,50.31590270996094,0.282547265291214,0.8152328729629517,7.0,3.249171018600464,90.0
900.0,True,False,nan,50.30240249633789,0.2743586599826813,0.9236679673194885,7.0,3.5210485458374023,90.0
900.0,True,False,nan,47.4721794128418,0.36198535561561584,1.0561833381652832,5.0,4.201186180114746,90.0
900.0,True,False,nan,49.175445556640625,0.3345679044723511,0.8493843078613281,3.0,3.734860420227051,90.0
900.0,True,False,nan,46.84773254394531,0.313306987285614,0.7953473925590515,3.0,3.0326576232910156,90.0
900.0,True,False,nan,46.8343620300293,0.4022825062274933,0.9559786319732666,9.0,4.194456100463867,90.0
900.0,True,False,nan,45.78187561035156,0.32992875576019287,0.761660099029541,2.0,3.3453359603881836,90.0
900.0,True,False,nan,47.24933624267578,0.317712664604187,0.8617327213287354,7.0,3.454141139984131,90.0
900.0,True,False,nan,49.91371536254883,0.347012996673584,0.7832083702087402,4.0,3.3084723949432373,90.0
900.0,True,False,nan,46.69430160522461,0.35922035574913025,0.7150684595108032,3.0,3.302290678024292,90.0
900.0,True,False,nan,48.67565155029297,0.3007722496986389,0.8687828183174133,3.0,3.1865320205688477,90.0
900.0,True,False,nan,51.66714859008789,0.3951887786388397,1.0539320707321167,7.0,3.8300251960754395,90.0
900.0,True,False,nan,50.409542083740234,0.4150928854942322,0.9485824108123779,7.0,3.739478588104248,90.0
900.0,True,False,nan,51.56975555419922,0.4282326400279999,0.9718344807624817,4.0,4.118582248687744,90.0
900.0,True,False,nan,46.98621368408203,0.3749874532222748,0.7926197648048401,4.0,3.7162718772888184,90.0
900.0,True,False,nan,50.705989837646484,0.4606672525405884,0.9313790202140808,3.0,4.014965534210205,90.0
900.0,True,False,nan,50.792720794677734,0.4475713074207306,0.9229733943939209,5.0,4.03486442565918,90.0
900.0,True,False,nan,45.856346130371094,0.3555053770542145,0.8623861074447632,6.0,3.4921047687530518,90.0
900.0,True,False,nan,47.09847640991211,0.3766675293445587,0.9245856404304504,7.0,3.3684427738189697,90.0
900.0,True,False,nan,47.47272872924805,0.4458009600639343,0.8300905823707581,5.0,3.5093207359313965,90.0
900.0,True,False,nan,46.96810531616211,0.45041710138320923,0.7929245233535767,4.0,3.515859842300415,90.0
900.0,True,False,nan,45.47587966918945,0.561424970626831,0.9185172319412231,11.0,4.081483840942383,90.0
900.0,True,False,nan,48.67914581298828,0.4605320394039154,0.7945647239685059,4.0,3.214344024658203,90.0
900.0,True,False,nan,47.433109283447266,0.4926952123641968,0.9742534756660461,5.0,3.890624761581421,90.0
900.0,True,False,nan,47.639686584472656,0.5287132263183594,0.8371432423591614,4.0,3.5817832946777344,90.0
900.0,True,False,nan,46.65365219116211,0.472011923789978,0.7551587820053101,3.0,3.2880337238311768,90.0
900.0,True,False,nan,46.81067657470703,0.5448135733604431,0.9296379685401917,4.0,3.648948907852173,90.0
900.0,True,False,nan,50.422691345214844,0.49941956996917725,0.8721821308135986,7.0,3.7341244220733643,90.0
900.0,True,False,nan,46.07350158691406,0.3751935660839081,0.8353692889213562,3.0,3.5134873390197754,90.0
900.0,True,False,nan,45.74060821533203,0.5113054513931274,0.8951372504234314,4.0,3.7304680347442627,90.0
900.0,True,False,nan,46.798187255859375,0.576672375202179,0.9136654734611511,4.0,4.117917537689209,90.0
900.0,True,False,nan,47.81309509277344,0.548590362071991,0.8925096392631531,4.0,3.8744680881500244,90.0
900.0,True,False,nan,45.59857940673828,0.5568626523017883,0.8046885132789612,4.0,3.2257025241851807,90.0
900.0,True,False,nan,45.546241760253906,0.5984649062156677,0.7460485696792603,4.0,3.2492759227752686,90.0
900.0,True,False,nan,49.56319808959961,0.5620633959770203,1.0636518001556396,6.0,4.139062404632568,90.0
900.0,True,False,nan,48.49982452392578,0.6047562956809998,1.00883948802948,5.0,4.200277805328369,90.0
900.0,True,False,nan,45.27505874633789,0.6053471565246582,0.9100337028503418,3.0,3.254141092300415,90.0
900.0,True,False,nan,45.48481369018555,0.6237906813621521,0.9049398303031921,4.0,3.35325026512146,90.0
900.0,True,False,nan,49.82035827636719,0.669460117816925,0.9740238189697266,5.0,4.072678089141846,90.0
900.0,True,False,nan,46.044151306152344,0.6813644170761108,0.7663738131523132,4.0,3.3189098834991455,90.0
900.0,True,False,nan,45.23685073852539,0.6959803700447083,0.7718184590339661,4.0,3.2344424724578857,90.0
900.0,True,False,nan,45.16393280029297,0.7119297981262207,0.8934097290039062,7.0,4.03300142288208,90.0
900.0,True,False,nan,45.697120666503906,0.6904314756393433,0.9603121876716614,7.0,4.1339111328125,90.0
900.0,True,False,nan,47.168312072753906,0.6807752847671509,0.8972923755645752,5.0,3.9880690574645996,90.0
900.0,True,False,nan,45.52010726928711,0.6334196925163269,0.9717876315116882,6.0,3.901414632797241,90.0
900.0,True,False,nan,46.73753356933594,0.6747470498085022,1.009479284286499,3.0,4.161050319671631,90.0
900.0,True,False,nan,24.331928253173828,0.4670170545578003,0.8794931173324585,4.0,3.6125049591064453,90.0
900.0,True,False,nan,26.788198471069336,0.44769713282585144,1.0087825059890747,4.0,4.0659403800964355,90.0
900.0,True,False,nan,37.427940368652344,0.6353989839553833,0.8504484295845032,4.0,3.503020763397217,90.0
900.0,True,False,nan,2.163017749786377,0.0,0.9213745594024658,3.0,0.8254923820495605,90.0
900.0,True,False,nan,15.233311653137207,0.29031240940093994,0.8525112271308899,4.0,3.5010464191436768,90.0
900.0,True,False,nan,45.84990692138672,0.4730801284313202,0.7929559350013733,4.0,4.914073467254639,180.0
900.0,True,False,nan,45.22898483276367,0.4390925168991089,0.8729106187820435,7.0,4.969866752624512,180.0
900.0,True,False,nan,50.240394592285156,0.41036027669906616,0.9236758351325989,7.0,4.696697235107422,180.0
900.0,True,False,nan,46.607200622558594,0.5034226179122925,1.0561729669570923,5.0,4.607580184936523,180.0
900.0,True,False,nan,50.33727264404297,0.48391464352607727,0.7654733061790466,7.0,4.279007911682129,180.0
900.0,True,False,nan,54.462059020996094,0.5125082731246948,0.9681011438369751,14.0,4.732494831085205,180.0
900.0,True,False,nan,56.015663146972656,0.5045762658119202,0.8208801746368408,1.0,4.728002548217773,180.0
900.0,True,False,nan,46.67487335205078,0.5025662183761597,0.95598304271698,9.0,4.371799945831299,180.0
900.0,True,False,nan,58.07289123535156,0.5192821621894836,0.9620385766029358,12.0,5.020772933959961,180.0
900.0,True,False,nan,52.928466796875,0.5282081365585327,0.9035488963127136,4.0,4.690492153167725,180.0
900.0,True,False,nan,50.88024139404297,0.47878995537757874,1.0539261102676392,7.0,5.164350986480713,180.0
900.0,True,False,nan,51.1444206237793,0.4846768379211426,0.9485642313957214,7.0,5.0760602951049805,180.0
900.0,True,False,nan,49.064701080322266,0.5210699439048767,0.922971248626709,5.0,4.584958553314209,180.0
900.0,True,False,nan,48.35812759399414,0.5175933837890625,0.862388551235199,6.0,4.7099223136901855,180.0
900.0,True,False,nan,53.650962829589844,0.5014434456825256,1.005005121231079,7.0,4.679771900177002,180.0
900.0,True,False,nan,60.337162017822266,0.5230628252029419,0.7043062448501587,6.0,4.980095386505127,180.0
900.0,True,False,nan,47.49897766113281,0.4932180643081665,0.8212323188781738,7.0,3.9840080738067627,180.0
900.0,True,False,nan,48.248592376708984,0.4995022416114807,0.8687832355499268,3.0,4.567667484283447,180.0
900.0,True,False,nan,51.90823745727539,0.5082589983940125,0.8152351975440979,7.0,4.656508922576904,180.0
900.0,True,False,nan,47.93943786621094,0.5026160478591919,0.8617334961891174,7.0,4.491509914398193,180.0
900.0,True,False,nan,49.44906997680664,0.5165885090827942,0.8493841290473938,3.0,4.595283508300781,180.0
900.0,True,False,nan,52.102237701416016,0.5156516432762146,0.971814751625061,4.0,4.604287147521973,180.0
900.0,True,False,nan,51.877960205078125,0.5727209448814392,0.9311931729316711,3.0,4.5761942863464355,180.0
900.0,True,False,nan,52.773311614990234,0.5555006265640259,0.7158214449882507,7.0,4.134045600891113,180.0
900.0,True,False,nan,46.21684265136719,0.5745410323143005,0.9296411275863647,4.0,4.459959983825684,180.0
900.0,True,False,nan,50.22779083251953,0.5877795219421387,0.9185054302215576,11.0,4.850656986236572,180.0
900.0,True,False,nan,46.20585250854492,0.5654363632202148,0.9742487072944641,5.0,4.490248680114746,180.0
900.0,True,False,nan,48.94132995605469,0.5896973013877869,0.7928819060325623,4.0,4.6817626953125,180.0
900.0,True,False,nan,49.65095138549805,0.5684880614280701,0.8721781969070435,7.0,4.186325550079346,180.0
900.0,True,False,nan,47.45502471923828,0.5682297945022583,1.0636534690856934,6.0,4.545818328857422,180.0
900.0,True,False,nan,49.051273345947266,0.5032886862754822,0.9203845858573914,4.0,4.788572311401367,180.0
900.0,True,False,nan,51.75197982788086,0.6511217951774597,0.7953420281410217,3.0,4.587101936340332,180.0
900.0,True,False,nan,46.55813217163086,0.6392175555229187,0.895138144493103,4.0,4.488621711730957,180.0
900.0,True,False,nan,49.2250862121582,0.6343538165092468,0.8300975561141968,5.0,4.487606048583984,180.0
900.0,True,False,nan,52.0058479309082,0.6340116262435913,0.8046799302101135,4.0,4.486408233642578,180.0
900.0,True,False,nan,53.15331268310547,0.6513420343399048,0.7832132577896118,4.0,4.897474765777588,180.0
900.0,True,False,nan,58.38090515136719,0.5899454355239868,0.7463682293891907,6.0,3.97654128074646,180.0
900.0,True,False,nan,52.535789489746094,0.613807737827301,0.8915729522705078,4.0,4.359431743621826,180.0
900.0,True,False,nan,45.05561447143555,0.6490475535392761,0.9603127241134644,7.0,4.382335662841797,180.0
900.0,True,False,nan,50.87202835083008,0.6381550431251526,0.7945659756660461,4.0,4.435693740844727,180.0
900.0,True,False,nan,50.274654388427734,0.6168391108512878,0.8917685747146606,7.0,4.148478031158447,180.0
900.0,True,False,nan,46.616214752197266,0.6258889436721802,1.008829951286316,5.0,4.449567794799805,180.0
900.0,True,False,nan,49.58769607543945,0.6442148685455322,0.8504461646080017,4.0,4.438210487365723,180.0
900.0,True,False,nan,48.603397369384766,0.6360065937042236,0.8372925519943237,4.0,4.298299789428711,180.0
900.0,True,False,nan,49.050315856933594,0.5808529853820801,0.835355281829834,3.0,4.296184062957764,180.0
900.0,True,False,nan,51.081172943115234,0.6960456371307373,0.7523909211158752,3.0,4.326589107513428,180.0
900.0,True,False,nan,47.55901336669922,0.6526547074317932,0.8780723810195923,4.0,4.290948867797852,180.0
900.0,True,False,nan,53.16361999511719,0.6958668231964111,0.8794928789138794,4.0,4.362599849700928,180.0
900.0,True,False,nan,50.96341323852539,0.7037510871887207,0.8117320537567139,4.0,4.425815582275391,180.0
900.0,True,False,nan,46.26091384887695,0.7014607191085815,0.9049058556556702,4.0,4.452810764312744,180.0
900.0,True,False,nan,50.48082733154297,0.693449079990387,0.9717758297920227,6.0,4.409447193145752,180.0
900.0,True,False,nan,53.51370620727539,0.7011792659759521,0.9740186929702759,5.0,4.336451053619385,180.0
900.0,True,False,nan,56.23533630371094,0.7148671746253967,0.9133418798446655,4.0,4.078719139099121,180.0
900.0,True,False,nan,53.05144119262695,0.7564569115638733,0.8972952365875244,5.0,4.362048149108887,180.0
900.0,True,False,nan,47.03443145751953,0.8065127730369568,0.8430692553520203,5.0,4.014012813568115,180.0
900.0,True,False,nan,50.488868713378906,0.8212944269180298,0.7718126177787781,4.0,4.346116542816162,180.0
900.0,True,False,nan,46.199745178222656,0.8098090887069702,0.9099611639976501,3.0,4.483946323394775,180.0
900.0,True,False,nan,48.855140686035156,0.8104196786880493,0.7460463643074036,4.0,4.2237420082092285,180.0
900.0,True,False,nan,45.981266021728516,0.810696542263031,1.0087778568267822,4.0,4.297051429748535,180.0
900.0,True,False,nan,47.161380767822266,0.7430182695388794,1.0094765424728394,3.0,4.228431224822998,180.0
900.0,True,False,nan,49.71290588378906,0.8729544878005981,0.766380250453949,4.0,4.1384429931640625,180.0
900.0,True,False,nan,46.26259994506836,0.8553316593170166,0.9213688373565674,3.0,4.246774673461914,180.0
900.0,True,False,nan,48.1793212890625,0.9213207960128784,0.8525283932685852,4.0,3.984597682952881,180.0
900.0,True,False,nan,46.08003616333008,1.2485889196395874,0.8541969060897827,4.0,4.244721412658691,180.0
900.0,True,False,nan,45.85071563720703,0.4730784296989441,0.7929570078849792,4.0,4.91409158706665,180.0
900.0,True,False,nan,45.22871017456055,0.439092755317688,0.8729086518287659,7.0,4.969862461090088,180.0
900.0,True,False,nan,55.650333404541016,0.5216704607009888,0.7047415375709534,1.0,4.594906806945801,180.0
900.0,True,False,nan,50.240413665771484,0.4103604555130005,0.92366623878479,7.0,4.6966962814331055,180.0
900.0,True,False,nan,54.46215057373047,0.5125079154968262,0.9681041240692139,14.0,4.732497215270996,180.0
900.0,True,False,nan,56.01506805419922,0.50457763671875,0.8208752274513245,1.0,4.7280144691467285,180.0
900.0,True,False,nan,58.07278823852539,0.5192826986312866,0.9620330333709717,12.0,5.020765781402588,180.0
900.0,True,False,nan,52.92872619628906,0.5282086730003357,0.9035484194755554,4.0,4.690486431121826,180.0
900.0,True,False,nan,53.651187896728516,0.5014418363571167,1.0050116777420044,7.0,4.679760932922363,180.0
900.0,True,False,nan,51.90827941894531,0.5082597732543945,0.8152308464050293,7.0,4.656507968902588,180.0
900.0,True,False,nan,47.162017822265625,0.5037412047386169,1.0563151836395264,5.0,4.6097636222839355,180.0
900.0,True,False,nan,50.33717727661133,0.48391446471214294,0.7654721140861511,7.0,4.279001235961914,180.0
900.0,True,False,nan,46.674400329589844,0.5025638341903687,0.9559803605079651,9.0,4.371799945831299,180.0
900.0,True,False,nan,50.88009262084961,0.4787907302379608,1.053924560546875,7.0,5.164371013641357,180.0
900.0,True,False,nan,51.14344024658203,0.484660267829895,0.9486252069473267,7.0,5.076112270355225,180.0
900.0,True,False,nan,53.14876937866211,0.5355958938598633,0.9214779734611511,10.0,4.832852363586426,180.0
900.0,True,False,nan,47.939388275146484,0.5026161670684814,0.8617338538169861,7.0,4.49151086807251,180.0
900.0,True,False,nan,49.44820022583008,0.5165870785713196,0.8493837118148804,3.0,4.595286846160889,180.0
900.0,True,False,nan,52.101280212402344,0.5156502723693848,0.9718340039253235,4.0,4.604296684265137,180.0
900.0,True,False,nan,48.35832595825195,0.5175950527191162,0.8623889088630676,6.0,4.7099289894104,180.0
900.0,True,False,nan,48.24837112426758,0.4995024800300598,0.8687833547592163,3.0,4.567678451538086,180.0
900.0,True,False,nan,55.12409210205078,0.567813515663147,0.9293920397758484,3.0,4.494277477264404,180.0
900.0,True,False,nan,58.381595611572266,0.589945912361145,0.746371328830719,6.0,3.9765396118164062,180.0
900.0,True,False,nan,47.94245910644531,0.6042449474334717,0.7150688767433167,3.0,4.2260613441467285,180.0
900.0,True,False,nan,50.22747039794922,0.5877754092216492,0.9185279607772827,11.0,4.850652694702148,180.0
900.0,True,False,nan,48.94023513793945,0.5896798968315125,0.7929205894470215,4.0,4.681692600250244,180.0
900.0,True,False,nan,49.65097427368164,0.5684873461723328,0.8721834421157837,7.0,4.186315536499023,180.0
900.0,True,False,nan,47.499393463134766,0.4932156801223755,0.8212336897850037,7.0,3.984001398086548,180.0
900.0,True,False,nan,49.0533561706543,0.5032885074615479,0.9203798770904541,4.0,4.788590431213379,180.0
900.0,True,False,nan,53.15229415893555,0.651343822479248,0.7832139730453491,4.0,4.897472381591797,180.0
900.0,True,False,nan,45.52976989746094,0.6191073060035706,0.8925105929374695,4.0,4.268486976623535,180.0
900.0,True,False,nan,46.21674346923828,0.5745412707328796,0.9296349883079529,4.0,4.459953784942627,180.0
900.0,True,False,nan,46.204647064208984,0.5654305815696716,0.9742578268051147,5.0,4.490240097045898,180.0
900.0,True,False,nan,47.454437255859375,0.5682300925254822,1.063649296760559,6.0,4.545803546905518,180.0
900.0,True,False,nan,49.05051040649414,0.5808497071266174,0.8353691101074219,3.0,4.296178817749023,180.0
900.0,True,False,nan,51.75175857543945,0.6511209607124329,0.7953491806983948,3.0,4.587102890014648,180.0
900.0,True,False,nan,46.558284759521484,0.6392150521278381,0.8951373100280762,4.0,4.4885969161987305,180.0
900.0,True,False,nan,49.223487854003906,0.6343543529510498,0.8300912976264954,5.0,4.487593173980713,180.0
900.0,True,False,nan,46.87639236450195,0.5600185394287109,0.9137923717498779,4.0,4.198826313018799,180.0
900.0,True,False,nan,50.271854400634766,0.6168377995491028,0.8917641639709473,7.0,4.1485795974731445,180.0
900.0,True,False,nan,46.61632537841797,0.6258907914161682,1.0088344812393188,5.0,4.449556827545166,180.0
900.0,True,False,nan,47.40745162963867,0.6347711682319641,0.8359832763671875,4.0,4.289231300354004,180.0
900.0,True,False,nan,52.018882751464844,0.633978545665741,0.8046872019767761,4.0,4.486580848693848,180.0
900.0,True,False,nan,45.055824279785156,0.6490494012832642,0.9603148102760315,7.0,4.382355690002441,180.0
900.0,True,False,nan,51.0117301940918,0.6379938125610352,0.7945594787597656,4.0,4.434670448303223,180.0
900.0,True,False,nan,49.588008880615234,0.6442195177078247,0.8504488468170166,4.0,4.438197612762451,180.0
900.0,True,False,nan,50.481773376464844,0.6934363842010498,0.9717842936515808,6.0,4.409502029418945,180.0
900.0,True,False,nan,53.513938903808594,0.7011784911155701,0.9740188121795654,5.0,4.336449146270752,180.0
900.0,True,False,nan,53.057525634765625,0.756458580493927,0.897289514541626,5.0,4.362056732177734,180.0
900.0,True,False,nan,46.26108932495117,0.7014619708061218,0.9049046039581299,4.0,4.4528069496154785,180.0
900.0,True,False,nan,46.91238784790039,0.619594931602478,0.763980507850647,3.0,4.4572296142578125,180.0
900.0,True,False,nan,53.159908294677734,0.6958670020103455,0.8794852495193481,4.0,4.362595081329346,180.0
900.0,True,False,nan,50.984161376953125,0.7037480473518372,0.8117318749427795,4.0,4.425751209259033,180.0
900.0,True,False,nan,50.48905563354492,0.821294367313385,0.7718119025230408,4.0,4.346117973327637,180.0
900.0,True,False,nan,46.199989318847656,0.8098087906837463,0.9099573493003845,3.0,4.483948707580566,180.0
900.0,True,False,nan,45.98189926147461,0.8106980323791504,1.0087764263153076,4.0,4.297051429748535,180.0
900.0,True,False,nan,47.16305923461914,0.7430121898651123,1.009475588798523,3.0,4.22844934463501,180.0
900.0,True,False,nan,47.559173583984375,0.652657151222229,0.8780701160430908,4.0,4.29094934463501,180.0
900.0,True,False,nan,48.852806091308594,0.8104211688041687,0.746049165725708,4.0,4.2237396240234375,180.0
900.0,True,False,nan,46.262149810791016,0.8553298115730286,0.9213701486587524,3.0,4.246764183044434,180.0
900.0,True,False,nan,47.034908294677734,0.8065078854560852,0.8430708050727844,9.0,4.014016151428223,180.0
900.0,True,False,nan,48.18015670776367,0.9213226437568665,0.8525135517120361,4.0,3.984598159790039,180.0
900.0,True,False,nan,49.71303176879883,0.8729491829872131,0.766379714012146,5.0,4.138426780700684,180.0
900.0,True,False,nan,48.079551696777344,0.32632818818092346,0.9681015014648438,14.0,3.920938014984131,270.0
900.0,True,False,nan,49.05156707763672,0.30144378542900085,0.8208771347999573,1.0,3.4389808177948,270.0
900.0,True,False,nan,45.13479995727539,0.3297300934791565,0.9620323181152344,12.0,3.8542191982269287,270.0
900.0,True,False,nan,45.54374313354492,0.3171577453613281,0.783214271068573,4.0,3.1894328594207764,270.0
900.0,True,False,nan,50.56950378417969,0.3247300982475281,1.0539320707321167,7.0,3.789994239807129,270.0
900.0,True,False,nan,48.164161682128906,0.33139345049858093,0.9485731720924377,7.0,3.7857232093811035,270.0
900.0,True,False,nan,49.44277572631836,0.3172609508037567,0.8729086518287659,7.0,3.734113931655884,270.0
900.0,True,False,nan,48.00828552246094,0.300760418176651,1.0050044059753418,7.0,3.9320170879364014,270.0
900.0,True,False,nan,49.18815231323242,0.2959679365158081,0.9236692786216736,7.0,3.6519148349761963,270.0
900.0,True,False,nan,45.44417953491211,0.3294573426246643,0.8493777513504028,3.0,3.558854579925537,270.0
900.0,True,False,nan,45.410221099853516,0.328486829996109,0.9245848655700684,7.0,3.7658541202545166,270.0
900.0,True,False,nan,53.825836181640625,0.3790668249130249,0.7953412532806396,3.0,3.4859142303466797,270.0
900.0,True,False,nan,46.1964225769043,0.32831284403800964,0.7654759287834167,7.0,3.5921437740325928,270.0
900.0,True,False,nan,45.72426986694336,0.3704908788204193,0.792960524559021,4.0,3.6436502933502197,270.0
900.0,True,False,nan,48.262123107910156,0.39465731382369995,0.8951343297958374,4.0,3.7652313709259033,270.0
900.0,True,False,nan,55.80412673950195,0.38049083948135376,0.9312062859535217,3.0,3.8558244705200195,270.0
900.0,True,False,nan,50.99007034301758,0.3862277865409851,0.9427759051322937,7.0,3.9685521125793457,270.0
900.0,True,False,nan,56.04213333129883,0.3764573931694031,0.9035516977310181,4.0,3.8070571422576904,270.0
900.0,True,False,nan,47.0837516784668,0.39154356718063354,0.8915776610374451,4.0,3.942854166030884,270.0
900.0,True,False,nan,51.17283248901367,0.37642040848731995,0.9230760931968689,5.0,3.984380006790161,270.0
900.0,True,False,nan,47.313255310058594,0.3862747848033905,0.8623916506767273,6.0,3.721116065979004,270.0
900.0,True,False,nan,45.96787643432617,0.36939263343811035,0.7945669293403625,4.0,3.4047656059265137,270.0
900.0,True,False,nan,50.350669860839844,0.32564470171928406,0.7047427296638489,1.0,3.0933711528778076,270.0
900.0,True,False,nan,45.29722595214844,0.38457176089286804,0.9742559790611267,5.0,3.949185609817505,270.0
900.0,True,False,nan,47.99223709106445,0.3828165531158447,0.7929204702377319,4.0,3.80680251121521,270.0
900.0,True,False,nan,47.07185745239258,0.37973088026046753,0.8721822500228882,7.0,3.8351664543151855,270.0
900.0,True,False,nan,54.524391174316406,0.3714374303817749,0.8687878251075745,3.0,3.5698752403259277,270.0
900.0,True,False,nan,51.71670913696289,0.3255119025707245,0.8152385950088501,7.0,3.4796812534332275,270.0
900.0,True,False,nan,49.74049377441406,0.35459840297698975,0.8526897430419922,7.0,3.71890926361084,270.0
900.0,True,False,nan,46.17082595825195,0.38608622550964355,0.8373058438301086,4.0,3.7985644340515137,270.0
900.0,True,False,nan,47.34930419921875,0.39064425230026245,0.9718327522277832,4.0,4.06646203994751,270.0
900.0,True,False,nan,56.571083068847656,0.3643478751182556,1.056327223777771,5.0,3.9858670234680176,270.0
900.0,True,False,nan,51.40480041503906,0.40792176127433777,0.8300938606262207,5.0,3.703355312347412,270.0
900.0,True,False,nan,47.01477813720703,0.4158517122268677,0.7718119621276855,4.0,3.4894421100616455,270.0
900.0,True,False,nan,54.43485641479492,0.42879772186279297,0.9132264852523804,4.0,3.8933348655700684,270.0
900.0,True,False,nan,51.315616607666016,0.4046207070350647,0.8046833872795105,4.0,3.3901803493499756,270.0
900.0,True,False,nan,49.80344009399414,0.39686113595962524,0.763977587223053,3.0,3.3581581115722656,270.0
900.0,True,False,nan,49.83491897583008,0.40858426690101624,0.9100286960601807,3.0,3.6524505615234375,270.0
900.0,True,False,nan,45.996829986572266,0.452709823846817,0.8780732154846191,4.0,3.7877368927001953,270.0
900.0,True,False,nan,47.037437438964844,0.357311874628067,0.7590906023979187,7.0,3.323183298110962,270.0
900.0,True,False,nan,47.59954071044922,0.44517067074775696,0.879482626914978,4.0,3.882662534713745,270.0
900.0,True,False,nan,53.68383026123047,0.43258872628211975,0.9603195190429688,7.0,3.888925075531006,270.0
900.0,True,False,nan,46.51702880859375,0.4081977307796478,0.7460537552833557,4.0,3.381836414337158,270.0
900.0,True,False,nan,49.58238220214844,0.3785021901130676,0.7150722742080688,3.0,3.275683641433716,270.0
900.0,True,False,nan,48.66341018676758,0.44117844104766846,1.0087791681289673,4.0,3.929643392562866,270.0
900.0,True,False,nan,53.22611618041992,0.42763465642929077,0.9296849966049194,4.0,3.748399496078491,270.0
900.0,True,False,nan,49.33815383911133,0.42239776253700256,0.8541979789733887,4.0,3.5501670837402344,270.0
900.0,True,False,nan,53.811798095703125,0.43198320269584656,0.8934013843536377,7.0,3.8938488960266113,270.0
900.0,True,False,nan,47.651371002197266,0.42026403546333313,0.8117342591285706,4.0,3.5842061042785645,270.0
900.0,True,False,nan,51.53438949584961,0.42360708117485046,1.0636467933654785,6.0,4.073326587677002,270.0
900.0,True,False,nan,46.89957809448242,0.32993149757385254,0.8212328553199768,7.0,3.384485960006714,270.0
900.0,True,False,nan,51.11016082763672,0.4307668209075928,1.0088322162628174,5.0,4.093427658081055,270.0
900.0,True,False,nan,51.122825622558594,0.4392583668231964,0.8504359722137451,4.0,3.7579572200775146,270.0
900.0,True,False,nan,49.17012023925781,0.4549903869628906,0.8972920775413513,5.0,4.099885940551758,270.0
900.0,True,False,nan,47.93650817871094,0.43185317516326904,0.9214193820953369,3.0,3.7897181510925293,270.0
900.0,True,False,nan,48.58750915527344,0.4386182129383087,1.009474515914917,3.0,3.9136545658111572,270.0
900.0,True,False,nan,51.80882263183594,0.4273664057254791,0.9049063920974731,4.0,3.6495206356048584,270.0
900.0,True,False,nan,51.784481048583984,0.4279429018497467,0.9717808365821838,6.0,3.871812582015991,270.0
900.0,True,False,nan,53.786766052246094,0.4261474907398224,0.97402024269104,5.0,3.8934009075164795,270.0
900.0,True,False,nan,51.768436431884766,0.41855424642562866,0.8353516459465027,3.0,3.684159517288208,270.0
900.0,True,False,nan,51.31197738647461,0.47168394923210144,0.9185060858726501,11.0,4.341615200042725,270.0
900.0,True,False,nan,45.62270736694336,0.4639219641685486,0.852512001991272,4.0,3.7402548789978027,270.0
900.0,False,True,1.7400000095367432,44.42654037475586,2.1766891479492188,0.7663769721984863,4.0,3.395040273666382,270.0
900.0,False,True,1.7999999523162842,42.323856353759766,2.0285160541534424,0.8430619239807129,5.0,3.7834722995758057,270.0
900.0,True,False,nan,48.079776763916016,0.3263032138347626,0.9682406783103943,14.0,3.9209399223327637,270.0
900.0,True,False,nan,45.134910583496094,0.32973000407218933,0.9620312452316284,12.0,3.8542137145996094,270.0
900.0,True,False,nan,50.569698333740234,0.3247300386428833,1.0539299249649048,7.0,3.7899961471557617,270.0
900.0,True,False,nan,48.164215087890625,0.33139345049858093,0.9485691785812378,7.0,3.7857141494750977,270.0
900.0,True,False,nan,49.442867279052734,0.31726130843162537,0.872907280921936,7.0,3.734114646911621,270.0
900.0,True,False,nan,48.007137298583984,0.30075573921203613,1.005009412765503,7.0,3.9320168495178223,270.0
900.0,True,False,nan,49.187713623046875,0.29596564173698425,0.9236801266670227,7.0,3.651918888092041,270.0
900.0,True,False,nan,49.05129623413086,0.30144280195236206,0.8208795785903931,1.0,3.438978672027588,270.0
900.0,True,False,nan,45.54356002807617,0.3171570301055908,0.7832162380218506,4.0,3.1894445419311523,270.0
900.0,True,False,nan,45.44404220581055,0.3294580578804016,0.8493763208389282,3.0,3.558854103088379,270.0
900.0,True,False,nan,53.825138092041016,0.37907153367996216,0.7953387498855591,3.0,3.4859366416931152,270.0
900.0,True,False,nan,55.83417510986328,0.3808456361293793,0.930562436580658,3.0,3.859011173248291,270.0
900.0,True,False,nan,52.06127166748047,0.3785901665687561,0.9559845924377441,9.0,3.927706718444824,270.0
900.0,True,False,nan,56.041507720947266,0.3764544725418091,0.9035552740097046,4.0,3.807069778442383,270.0
900.0,True,False,nan,51.174137115478516,0.37642431259155273,0.9229691028594971,5.0,3.9842991828918457,270.0
900.0,True,False,nan,54.5243034362793,0.3714386820793152,0.8687853217124939,3.0,3.5698792934417725,270.0
900.0,True,False,nan,51.71677017211914,0.3255133330821991,0.8152274489402771,7.0,3.47967791557312,270.0
900.0,True,False,nan,49.74961471557617,0.3518812358379364,0.8617317080497742,7.0,3.7138102054595947,270.0
900.0,True,False,nan,53.59200668334961,0.3625989854335785,0.9203861355781555,4.0,3.7020304203033447,270.0
900.0,True,False,nan,48.844478607177734,0.3929052948951721,0.8931254744529724,3.0,3.7596957683563232,270.0
900.0,True,False,nan,47.0413703918457,0.3921656012535095,0.8925054669380188,4.0,3.8515284061431885,270.0
900.0,True,False,nan,50.350608825683594,0.3256441354751587,0.7047436237335205,1.0,3.093369960784912,270.0
900.0,True,False,nan,47.997013092041016,0.3873613774776459,0.8263298869132996,3.0,3.826606035232544,270.0
900.0,True,False,nan,47.350502014160156,0.39064455032348633,0.9718356132507324,4.0,4.06645393371582,270.0
900.0,True,False,nan,46.19597625732422,0.3283117711544037,0.7654724717140198,7.0,3.5921425819396973,270.0
900.0,True,False,nan,50.113563537597656,0.39779746532440186,0.7551575303077698,3.0,3.37852144241333,270.0
900.0,True,False,nan,49.58183288574219,0.37850114703178406,0.7150699496269226,3.0,3.275684356689453,270.0
900.0,True,False,nan,46.89898681640625,0.32992732524871826,0.8212317824363708,7.0,3.384479284286499,270.0
900.0,True,False,nan,46.91995620727539,0.3589852750301361,0.7463700771331787,6.0,3.3157310485839844,270.0
900.0,True,False,nan,47.31240463256836,0.38627511262893677,0.8623883724212646,5.0,3.721113443374634,270.0
900.0,True,False,nan,45.967742919921875,0.3693934977054596,0.7945597171783447,4.0,3.404766798019409,270.0
900.0,True,False,nan,51.317020416259766,0.4046019911766052,0.8046939373016357,4.0,3.390016794204712,270.0
900.0,True,False,nan,2.699143648147583,0.022284822538495064,1.05632483959198,5.0,1.840291142463684,270.0
900.0,True,False,nan,36.582733154296875,0.22655121982097626,0.7929559946060181,4.0,3.3549551963806152,270.0
900.0,True,False,nan,0.8168523907661438,0.0,0.9603056311607361,10.0,0.0,270.0
900.0,True,False,nan,1.0419260263442993,0.0,0.7460479736328125,3.0,0.0,270.0
900.0,True,False,nan,19.58660316467285,0.18031927943229675,0.9185063242912292,11.0,3.5566837787628174,270.0
900.0,True,False,nan,13.32185173034668,0.160757377743721,1.0636564493179321,6.0,3.7966811656951904,270.0
1000.0,True,False,nan,47.17979049682617,0.214212104678154,0.7654691338539124,7.0,4.418309211730957,0.0
1000.0,True,False,nan,45.592288970947266,0.2278204709291458,0.7663794755935669,4.0,4.792843341827393,0.0
1000.0,True,False,nan,45.180301666259766,0.2162667214870453,0.8430646657943726,5.0,4.89245080947876,0.0
1000.0,True,False,nan,49.72740936279297,0.1841598004102707,0.9681009650230408,14.0,4.796349048614502,0.0
1000.0,True,False,nan,50.23800277709961,0.18970876932144165,0.9559855461120605,9.0,5.05278205871582,0.0
1000.0,True,False,nan,51.306880950927734,0.21754468977451324,0.7639819383621216,3.0,4.655660629272461,0.0
1000.0,True,False,nan,45.84125900268555,0.18863242864608765,0.909950852394104,3.0,4.471555233001709,0.0
1000.0,True,False,nan,52.61823654174805,0.21842022240161896,0.7463726997375488,6.0,4.886571407318115,0.0
1000.0,True,False,nan,45.078575134277344,0.22188326716423035,0.7460471987724304,4.0,4.675573825836182,0.0
1000.0,True,False,nan,50.45366287231445,0.22471393644809723,0.7150699496269226,3.0,4.7951226234436035,0.0
1000.0,True,False,nan,48.32802963256836,0.16009697318077087,0.8729106187820435,7.0,4.503281116485596,0.0
1000.0,True,False,nan,46.8492546081543,0.2022213190793991,0.8541933298110962,4.0,4.633668899536133,0.0
1000.0,True,False,nan,47.2205696105957,0.20707494020462036,0.8917730450630188,7.0,4.912374973297119,0.0
1000.0,True,False,nan,51.586368560791016,0.1909273862838745,0.8721812963485718,7.0,4.776649475097656,0.0
1000.0,True,False,nan,46.73869323730469,0.2058982253074646,0.811729907989502,4.0,4.6316447257995605,0.0
1000.0,True,False,nan,53.913787841796875,0.19895502924919128,0.8212321996688843,7.0,4.8770904541015625,0.0
1000.0,True,False,nan,58.544002532958984,0.18647080659866333,0.8152976036071777,7.0,4.7543134689331055,0.0
1000.0,True,False,nan,45.14240646362305,0.19795024394989014,0.8504377603530884,4.0,4.559821605682373,0.0
1000.0,True,False,nan,55.69611358642578,0.17148718237876892,0.9236670732498169,7.0,4.65594482421875,0.0
1000.0,True,False,nan,46.150970458984375,0.18685902655124664,0.9213699102401733,3.0,4.560390472412109,0.0
1000.0,True,False,nan,54.898887634277344,0.17976298928260803,0.8617312908172607,7.0,4.627328395843506,0.0
1000.0,True,False,nan,50.72812271118164,0.1706911027431488,0.9203833937644958,4.0,4.633552074432373,0.0
1000.0,True,False,nan,45.71641159057617,0.2094695270061493,0.8525193929672241,4.0,4.863277435302734,0.0
1000.0,True,False,nan,45.046592712402344,0.2096819430589676,0.8353518843650818,3.0,4.736947059631348,0.0
1000.0,True,False,nan,55.17866897583008,0.20413579046726227,0.7953453063964844,3.0,4.361724853515625,0.0
1000.0,True,False,nan,58.27582931518555,0.20490941405296326,0.8951326608657837,4.0,4.71320104598999,0.0
1000.0,True,False,nan,60.8304443359375,0.20777851343154907,0.9313830733299255,3.0,5.020901203155518,0.0
1000.0,True,False,nan,58.823795318603516,0.2531324625015259,0.7718143463134766,4.0,4.823362350463867,0.0
1000.0,True,False,nan,61.63719940185547,0.2008255273103714,0.8208792209625244,1.0,4.749269962310791,0.0
1000.0,True,False,nan,57.9541015625,0.22183452546596527,0.9137216210365295,4.0,4.662300109863281,0.0
1000.0,True,False,nan,60.157466888427734,0.24674026668071747,0.8046833276748657,4.0,4.826958179473877,0.0
1000.0,True,False,nan,51.14427947998047,0.15822091698646545,0.962033212184906,12.0,4.281944274902344,0.0
1000.0,True,False,nan,57.048095703125,0.21323105692863464,0.7832081317901611,4.0,4.421027660369873,0.0
1000.0,True,False,nan,45.08248519897461,0.15725195407867432,0.9035508632659912,4.0,4.096516132354736,0.0
1000.0,True,False,nan,57.37998962402344,0.23351986706256866,0.8794922828674316,4.0,4.752019882202148,0.0
1000.0,True,False,nan,53.34648895263672,0.20403993129730225,0.8925096988677979,4.0,4.61527156829834,0.0
1000.0,True,False,nan,54.91964340209961,0.14368847012519836,1.0539231300354004,7.0,4.291918754577637,0.0
1000.0,True,False,nan,58.10204315185547,0.2110253870487213,0.9603121876716614,7.0,4.696708679199219,0.0
1000.0,True,False,nan,62.96950149536133,0.17978954315185547,0.9486455321311951,7.0,4.746146202087402,0.0
1000.0,True,False,nan,52.2955436706543,0.20888519287109375,1.0087774991989136,4.0,4.342336654663086,0.0
1000.0,True,False,nan,48.20978546142578,0.19217216968536377,0.9296368360519409,4.0,4.367501735687256,0.0
1000.0,True,False,nan,60.520912170410156,0.17654354870319366,1.0066101551055908,5.0,4.904087066650391,0.0
1000.0,True,False,nan,55.13902282714844,0.22959907352924347,0.7945644855499268,4.0,4.681313514709473,0.0
1000.0,True,False,nan,62.53876495361328,0.22614642977714539,0.7047410607337952,1.0,4.722869873046875,0.0
1000.0,True,False,nan,58.52619171142578,0.19690732657909393,0.8687797784805298,3.0,4.4893083572387695,0.0
1000.0,True,False,nan,46.140262603759766,0.19974757730960846,0.8972938060760498,5.0,4.35689640045166,0.0
1000.0,True,False,nan,45.27577590942383,0.20799320936203003,1.0094714164733887,3.0,4.347694396972656,0.0
1000.0,True,False,nan,47.94436264038086,0.17331771552562714,0.8493897318840027,3.0,4.064995288848877,0.0
1000.0,True,False,nan,52.21919631958008,0.20867246389389038,0.8372933864593506,4.0,4.537624359130859,0.0
1000.0,True,False,nan,53.52894973754883,0.21694733202457428,0.9049111008644104,4.0,4.564487457275391,0.0
1000.0,True,False,nan,48.92866897583008,0.18604356050491333,0.9717862010002136,6.0,4.4342827796936035,0.0
1000.0,True,False,nan,54.74748611450195,0.19505402445793152,0.9740222692489624,5.0,4.68004846572876,0.0
1000.0,True,False,nan,50.53791427612305,0.14936122298240662,1.0563175678253174,5.0,4.090060234069824,0.0
1000.0,True,False,nan,51.880218505859375,0.21938377618789673,0.7926145195960999,4.0,4.070038318634033,0.0
1000.0,True,False,nan,47.10421371459961,0.22889286279678345,0.8300947546958923,5.0,4.035296440124512,0.0
1000.0,True,False,nan,52.564300537109375,0.1721254289150238,0.9230694770812988,5.0,4.054481506347656,0.0
1000.0,True,False,nan,53.549007415771484,0.20802681148052216,0.8623918294906616,6.0,4.127298355102539,0.0
1000.0,True,False,nan,49.46464157104492,0.1831922084093094,0.9185206890106201,11.0,4.250353813171387,0.0
1000.0,True,False,nan,51.074405670166016,0.18280696868896484,0.9742565751075745,5.0,4.097972869873047,0.0
1000.0,True,False,nan,51.66292190551758,0.21196560561656952,0.7928937673568726,4.0,4.039984226226807,0.0
1000.0,True,False,nan,53.43211364746094,0.17652566730976105,1.0636619329452515,6.0,4.231788158416748,0.0
1000.0,True,False,nan,59.01592254638672,0.20523516833782196,1.0088284015655518,5.0,4.617518424987793,0.0
1000.0,True,False,nan,53.4803466796875,0.17006361484527588,0.9718274474143982,4.0,4.062218189239502,0.0
1000.0,True,False,nan,45.82289505004883,1.0269265174865723,0.8780721426010132,4.0,4.788664817810059,0.0
1000.0,True,False,nan,48.3279914855957,0.1600976288318634,0.8729090690612793,7.0,4.503277778625488,0.0
1000.0,True,False,nan,61.63749313354492,0.20082584023475647,0.8208786845207214,1.0,4.749261379241943,0.0
1000.0,True,False,nan,57.048099517822266,0.21323144435882568,0.7832053899765015,4.0,4.421022415161133,0.0
1000.0,True,False,nan,54.9196662902832,0.14368726313114166,1.0539307594299316,7.0,4.291915416717529,0.0
1000.0,True,False,nan,62.96942138671875,0.17979194223880768,0.9486215710639954,7.0,4.746140480041504,0.0
1000.0,True,False,nan,64.0134506225586,0.17838984727859497,1.0050076246261597,7.0,4.929174900054932,0.0
1000.0,True,False,nan,62.53864669799805,0.22614607214927673,0.704744279384613,1.0,4.722866058349609,0.0
1000.0,True,False,nan,58.526485443115234,0.19690771400928497,0.868777334690094,3.0,4.489299297332764,0.0
1000.0,True,False,nan,55.17975616455078,0.20413635671138763,0.7953411936759949,3.0,4.361751079559326,0.0
1000.0,True,False,nan,58.275352478027344,0.20490720868110657,0.8951413035392761,4.0,4.713179111480713,0.0
1000.0,True,False,nan,60.83003616333008,0.20777779817581177,0.9313758611679077,3.0,5.020925045013428,0.0
1000.0,True,False,nan,51.14413833618164,0.15822134912014008,0.9620292782783508,12.0,4.281935214996338,0.0
1000.0,True,False,nan,55.13917922973633,0.22959989309310913,0.7945667505264282,4.0,4.681305885314941,0.0
1000.0,True,False,nan,47.94485855102539,0.17331914603710175,0.8493771553039551,3.0,4.065003871917725,0.0
1000.0,True,False,nan,54.74760055541992,0.19505423307418823,0.9740245938301086,5.0,4.68004846572876,0.0
1000.0,True,False,nan,45.08297348022461,0.1572503000497818,0.9035516381263733,4.0,4.096568584442139,0.0
1000.0,True,False,nan,55.27626419067383,0.17138567566871643,0.9260213375091553,7.0,4.713627338409424,0.0
1000.0,True,False,nan,47.179805755615234,0.21421001851558685,0.7654749155044556,7.0,4.418245792388916,0.0
1000.0,True,False,nan,53.913814544677734,0.1989555060863495,0.8212335705757141,7.0,4.877091407775879,0.0
1000.0,True,False,nan,58.54433059692383,0.18647722899913788,0.8152329921722412,7.0,4.754313945770264,0.0
1000.0,True,False,nan,49.7271842956543,0.184160515666008,0.9680919051170349,14.0,4.7963433265686035,0.0
1000.0,True,False,nan,54.86940383911133,0.18176493048667908,0.8526868224143982,7.0,4.63363790512085,0.0
1000.0,True,False,nan,50.528785705566406,0.17009739577770233,0.9245856404304504,7.0,4.623153209686279,0.0
1000.0,True,False,nan,50.23801803588867,0.18970941007137299,0.9559820294380188,9.0,5.0527777671813965,0.0
1000.0,True,False,nan,51.306846618652344,0.2175445705652237,0.7639821767807007,3.0,4.655660152435303,0.0
1000.0,True,False,nan,50.99267578125,0.2146490216255188,0.7616577744483948,2.0,4.699220180511475,0.0
1000.0,True,False,nan,50.7595329284668,0.22284191846847534,0.715069055557251,3.0,4.788559436798096,0.0
1000.0,True,False,nan,48.20974349975586,0.1921728253364563,0.929634690284729,4.0,4.367485046386719,0.0
1000.0,True,False,nan,48.901371002197266,0.18604077398777008,0.9717645049095154,6.0,4.4340386390686035,0.0
1000.0,True,False,nan,47.22047424316406,0.20707575976848602,0.8917611837387085,7.0,4.912382125854492,0.0
1000.0,True,False,nan,51.58613586425781,0.19092629849910736,0.8721835613250732,7.0,4.7766594886779785,0.0
1000.0,True,False,nan,53.48031997680664,0.17006322741508484,0.9718276262283325,4.0,4.062222480773926,0.0
1000.0,True,False,nan,58.82412338256836,0.2531317174434662,0.771813154220581,4.0,4.82338285446167,0.0
1000.0,True,False,nan,57.955787658691406,0.22184419631958008,0.9136705994606018,4.0,4.662242412567139,0.0
1000.0,True,False,nan,54.26030349731445,0.2025260627269745,0.8915712237358093,4.0,4.601626396179199,0.0
1000.0,True,False,nan,53.548397064208984,0.20802736282348633,0.862389087677002,5.0,4.127288341522217,0.0
1000.0,True,False,nan,51.0743408203125,0.1828058362007141,0.9742568135261536,4.0,4.097954750061035,0.0
1000.0,True,False,nan,53.43229675292969,0.17652900516986847,1.0636491775512695,6.0,4.2317914962768555,0.0
1000.0,True,False,nan,59.015708923339844,0.20523415505886078,1.008834719657898,5.0,4.617517471313477,0.0
1000.0,True,False,nan,53.528289794921875,0.21693575382232666,0.9049285054206848,4.0,4.564969062805176,0.0
1000.0,True,False,nan,45.716800689697266,0.20946969091892242,0.8525113463401794,9.0,4.86329460144043,0.0
1000.0,True,False,nan,51.88078308105469,0.2193833291530609,0.7926137447357178,4.0,4.070041656494141,0.0
1000.0,True,False,nan,57.38011169433594,0.2335217148065567,0.879485547542572,4.0,4.752005577087402,0.0
1000.0,True,False,nan,52.56599807739258,0.17213758826255798,0.9229671955108643,5.0,4.054424285888672,0.0
1000.0,True,False,nan,51.66304016113281,0.21196001768112183,0.7929145693778992,4.0,4.039997577667236,0.0
1000.0,True,False,nan,52.21927261352539,0.2086733877658844,0.8372906446456909,9.0,4.5376362800598145,0.0
1000.0,True,False,nan,50.73562240600586,0.1491684913635254,1.0562162399291992,10.0,4.08546257019043,0.0
1000.0,True,False,nan,45.59217071533203,0.22782142460346222,0.7663781046867371,4.0,4.7928266525268555,0.0
1000.0,True,False,nan,45.18025588989258,0.21626774966716766,0.8430640697479248,5.0,4.892456531524658,0.0
1000.0,True,False,nan,47.10154724121094,0.22890503704547882,0.8300901055335999,4.0,4.035202980041504,0.0
1000.0,True,False,nan,60.15801239013672,0.2467375099658966,0.8046873211860657,4.0,4.8269524574279785,0.0
1000.0,True,False,nan,45.836708068847656,0.18864445388317108,0.9100292921066284,3.0,4.471102237701416,0.0
1000.0,True,False,nan,58.10231018066406,0.21102604269981384,0.96031653881073,7.0,4.696702003479004,0.0
1000.0,True,False,nan,45.07972717285156,0.22188781201839447,0.7460482716560364,4.0,4.675567150115967,0.0
1000.0,True,False,nan,46.73896026611328,0.20589657127857208,0.8117305636405945,4.0,4.631648063659668,0.0
1000.0,True,False,nan,45.14213180541992,0.19794981181621552,0.850445032119751,4.0,4.559826850891113,0.0
1000.0,True,False,nan,46.140193939208984,0.19974499940872192,0.8973026871681213,5.0,4.356884956359863,0.0
1000.0,True,False,nan,49.46480941772461,0.18319281935691833,0.9185190796852112,11.0,4.250344276428223,0.0
1000.0,True,False,nan,45.04644012451172,0.209683358669281,0.8353503942489624,3.0,4.7369465827941895,0.0
1000.0,True,False,nan,46.84925079345703,0.20222178101539612,0.8542006015777588,4.0,4.633650302886963,0.0
1000.0,True,False,nan,46.15154266357422,0.1868540495634079,0.9214182496070862,3.0,4.56044864654541,0.0
1000.0,True,False,nan,52.29546356201172,0.2088875025510788,1.008774995803833,4.0,4.342334270477295,0.0
1000.0,True,False,nan,45.275840759277344,0.20799219608306885,1.0094761848449707,3.0,4.34769344329834,0.0
1000.0,True,False,nan,43.11519241333008,0.7800071239471436,0.8780673742294312,4.0,4.788659572601318,0.0
1000.0,True,False,nan,46.68040466308594,0.2899792194366455,0.7654743790626526,7.0,3.968721389770508,90.0
1000.0,True,False,nan,47.12515640258789,0.36632347106933594,0.9681043028831482,14.0,4.718857288360596,90.0
1000.0,True,False,nan,48.08567810058594,0.3413340151309967,1.0063704252243042,5.0,4.536001682281494,90.0
1000.0,True,False,nan,45.388206481933594,0.34754708409309387,0.8263264298439026,3.0,4.275632381439209,90.0
1000.0,True,False,nan,46.29863739013672,0.2986094355583191,0.821237325668335,7.0,3.965379476547241,90.0
1000.0,True,False,nan,50.377872467041016,0.278856098651886,0.9236667156219482,7.0,3.8799450397491455,90.0
1000.0,True,False,nan,52.045658111572266,0.35067594051361084,1.0563243627548218,5.0,4.329547882080078,90.0
1000.0,True,False,nan,50.038856506347656,0.355782687664032,0.9311976432800293,3.0,4.309962749481201,90.0
1000.0,True,False,nan,56.859806060791016,0.2662428617477417,0.8208795785903931,1.0,3.434136152267456,90.0
1000.0,True,False,nan,46.469024658203125,0.40373221039772034,0.9136715531349182,4.0,4.489483833312988,90.0
1000.0,True,False,nan,53.997352600097656,0.39868026971817017,0.9559762477874756,9.0,4.487741947174072,90.0
1000.0,True,False,nan,55.15177917480469,0.3861519694328308,0.9620382785797119,12.0,4.596124172210693,90.0
1000.0,True,False,nan,53.71476745605469,0.3590559959411621,0.9035467505455017,4.0,4.234090328216553,90.0
1000.0,True,False,nan,48.258846282958984,0.3392923176288605,0.7463708519935608,6.0,3.7655816078186035,90.0
1000.0,True,False,nan,47.23446273803711,0.37226587533950806,0.8925187587738037,4.0,4.191816806793213,90.0
1000.0,True,False,nan,45.210205078125,0.30140820145606995,1.0539301633834839,7.0,4.049731254577637,90.0
1000.0,True,False,nan,45.521732330322266,0.3231886327266693,0.9486309885978699,7.0,3.99054217338562,90.0
1000.0,True,False,nan,48.616554260253906,0.34035539627075195,0.9240376949310303,5.0,4.2826433181762695,90.0
1000.0,True,False,nan,45.683414459228516,0.3398166298866272,0.7150688767433167,3.0,3.711759090423584,90.0
1000.0,True,False,nan,53.83256912231445,0.31765294075012207,0.8729060292243958,7.0,3.9179270267486572,90.0
1000.0,True,False,nan,46.06217575073242,0.30235791206359863,0.7047407031059265,1.0,3.3454017639160156,90.0
1000.0,True,False,nan,46.60100555419922,0.2785574793815613,0.8687841296195984,3.0,3.446575164794922,90.0
1000.0,True,False,nan,54.23451614379883,0.29182717204093933,0.8152320981025696,7.0,3.6667213439941406,90.0
1000.0,True,False,nan,53.979957580566406,0.32459545135498047,0.8617324233055115,7.0,3.820875883102417,90.0
1000.0,True,False,nan,55.58884048461914,0.3322782814502716,0.8493786454200745,3.0,3.9175336360931396,90.0
1000.0,True,False,nan,49.00483322143555,0.2968539595603943,0.9245879650115967,7.0,3.613041877746582,90.0
1000.0,True,False,nan,48.127288818359375,0.32750943303108215,0.9718257784843445,4.0,4.3360981941223145,90.0
1000.0,True,False,nan,47.55347442626953,0.3143610954284668,0.7953431606292725,3.0,3.3556954860687256,90.0
1000.0,True,False,nan,47.26529312133789,0.4422161877155304,0.8917633891105652,7.0,4.358773708343506,90.0
1000.0,True,False,nan,51.728553771972656,0.3614797294139862,0.7929576635360718,4.0,3.891775608062744,90.0
1000.0,True,False,nan,50.03810119628906,0.39135122299194336,0.830094575881958,5.0,3.848252296447754,90.0
1000.0,True,False,nan,50.96364212036133,0.34902894496917725,0.7832091450691223,4.0,3.629913091659546,90.0
1000.0,True,False,nan,47.32929992675781,0.39923036098480225,0.7552924156188965,3.0,3.5909204483032227,90.0
1000.0,True,False,nan,50.19377899169922,0.34606921672821045,0.8623822927474976,6.0,3.771436929702759,90.0
1000.0,True,False,nan,48.926116943359375,0.3778343200683594,0.794563353061676,4.0,3.6208674907684326,90.0
1000.0,True,False,nan,45.7209358215332,0.40632164478302,0.9742529392242432,5.0,4.137181282043457,90.0
1000.0,True,False,nan,49.27268981933594,0.39521846175193787,0.7928777933120728,4.0,3.8837785720825195,90.0
1000.0,True,False,nan,45.234886169433594,0.43552711606025696,0.8373074531555176,4.0,3.8665850162506104,90.0
1000.0,True,False,nan,45.340049743652344,0.45109447836875916,0.8951373100280762,4.0,4.024796485900879,90.0
1000.0,True,False,nan,49.65177917480469,0.41788575053215027,0.8046809434890747,4.0,3.6025443077087402,90.0
1000.0,True,False,nan,46.65861129760742,0.4053964912891388,0.9099559187889099,3.0,3.5642623901367188,90.0
1000.0,True,False,nan,47.574676513671875,0.4549824595451355,0.7460472583770752,4.0,3.5875720977783203,90.0
1000.0,True,False,nan,45.522377014160156,0.41507861018180847,0.8353735208511353,3.0,3.846040964126587,90.0
1000.0,True,False,nan,45.557861328125,0.5040141940116882,0.7663803100585938,4.0,3.6557137966156006,90.0
1000.0,True,False,nan,45.90115737915039,0.5124853253364563,0.771817684173584,4.0,3.613497495651245,90.0
1000.0,True,False,nan,46.55363464355469,0.501897931098938,0.9296395182609558,4.0,4.007231712341309,90.0
1000.0,True,False,nan,46.40052032470703,0.48750871419906616,0.8117299675941467,4.0,3.531313896179199,90.0
1000.0,True,False,nan,46.240543365478516,0.5118001103401184,1.063647747039795,6.0,4.559145450592041,90.0
1000.0,True,False,nan,50.624263763427734,0.5286761522293091,1.0088391304016113,5.0,4.49360466003418,90.0
1000.0,True,False,nan,49.30483627319336,0.6312288045883179,0.9602985978126526,7.0,4.472341060638428,90.0
1000.0,True,False,nan,45.40184020996094,0.634581446647644,1.0087783336639404,4.0,4.516228199005127,90.0
1000.0,True,False,nan,48.05839920043945,0.6141756772994995,0.9185231924057007,11.0,4.513336181640625,90.0
1000.0,True,False,nan,46.07322692871094,0.5784507393836975,0.8504453301429749,4.0,3.871537685394287,90.0
1000.0,True,False,nan,45.23568344116211,0.6422074437141418,0.8972920775413513,5.0,4.326432704925537,90.0
1000.0,True,False,nan,48.16832733154297,0.6121296286582947,1.00947904586792,3.0,4.571351528167725,90.0
1000.0,True,False,nan,45.88212585449219,0.5888705849647522,0.9717843532562256,6.0,4.268733501434326,90.0
1000.0,True,False,nan,51.8464241027832,0.6041718125343323,0.9740126729011536,5.0,4.360543251037598,90.0
1000.0,True,False,nan,45.18576431274414,0.6600755453109741,0.879496693611145,4.0,3.9672906398773193,90.0
1000.0,True,False,nan,47.789058685302734,0.6129779815673828,0.9213683605194092,3.0,3.9235332012176514,90.0
1000.0,True,False,nan,48.650718688964844,0.5895143747329712,0.904900074005127,4.0,3.7283174991607666,90.0
1000.0,True,False,nan,46.41438293457031,0.6202092170715332,0.8541932106018066,4.0,3.7222917079925537,90.0
1000.0,True,False,nan,46.20634460449219,0.8511910438537598,0.8525273203849792,4.0,3.861243486404419,90.0
1000.0,True,False,nan,46.0235595703125,1.272932767868042,0.8430625200271606,5.0,3.9161813259124756,90.0
1000.0,False,True,1.4199999570846558,35.644813537597656,2.345275402069092,0.8780696988105774,4.0,4.043514251708984,90.0
1000.0,True,False,nan,46.67866897583008,0.2899785041809082,0.7654707431793213,7.0,3.968698740005493,90.0
1000.0,True,False,nan,56.8598518371582,0.26624342799186707,0.8208772540092468,1.0,3.434130907058716,90.0
1000.0,True,False,nan,46.29818344116211,0.2986104190349579,0.8212323784828186,7.0,3.965380907058716,90.0
1000.0,True,False,nan,47.546592712402344,0.34131962060928345,1.0049947500228882,7.0,4.573162078857422,90.0
1000.0,True,False,nan,46.06205368041992,0.3023577928543091,0.7047419548034668,1.0,3.3454020023345947,90.0
1000.0,True,False,nan,54.23455047607422,0.29182809591293335,0.8152294754981995,7.0,3.6667208671569824,90.0
1000.0,True,False,nan,50.37771987915039,0.27885618805885315,0.9236758351325989,7.0,3.8799655437469482,90.0
1000.0,True,False,nan,47.12504577636719,0.36632323265075684,0.9681063294410706,14.0,4.718857288360596,90.0
1000.0,True,False,nan,45.683563232421875,0.33981651067733765,0.7150705456733704,3.0,3.7117624282836914,90.0
1000.0,True,False,nan,46.6010856628418,0.27855825424194336,0.8687784671783447,3.0,3.446575880050659,90.0
1000.0,True,False,nan,55.58882141113281,0.3322785496711731,0.8493794202804565,3.0,3.917532205581665,90.0
1000.0,True,False,nan,52.518680572509766,0.35456523299217224,1.0561821460723877,5.0,4.357486724853516,90.0
1000.0,True,False,nan,55.15213394165039,0.38615289330482483,0.9620277285575867,12.0,4.59610652923584,90.0
1000.0,True,False,nan,53.715274810791016,0.3590550720691681,0.9035500288009644,4.0,4.234076499938965,90.0
1000.0,True,False,nan,48.25856399536133,0.33929115533828735,0.7463710308074951,6.0,3.7655622959136963,90.0
1000.0,True,False,nan,45.210357666015625,0.301410049200058,1.0539156198501587,7.0,4.049723148345947,90.0
1000.0,True,False,nan,48.3087272644043,0.34124112129211426,0.924085259437561,5.0,4.272778511047363,90.0
1000.0,True,False,nan,53.83380126953125,0.31764858961105347,0.8729154467582703,7.0,3.9179110527038574,90.0
1000.0,True,False,nan,53.979984283447266,0.32459765672683716,0.8617300391197205,7.0,3.8208885192871094,90.0
1000.0,True,False,nan,47.552398681640625,0.314364492893219,0.7953320145606995,3.0,3.355717897415161,90.0
1000.0,True,False,nan,50.038543701171875,0.35575202107429504,0.9313833117485046,3.0,4.309969902038574,90.0
1000.0,True,False,nan,53.99750518798828,0.39867833256721497,0.9559835195541382,9.0,4.487739086151123,90.0
1000.0,True,False,nan,47.234474182128906,0.37226903438568115,0.8925068378448486,4.0,4.191806793212891,90.0
1000.0,True,False,nan,45.521827697753906,0.3232041001319885,0.9485734701156616,7.0,3.9904720783233643,90.0
1000.0,True,False,nan,49.91205978393555,0.29644879698753357,0.9203839898109436,4.0,3.590087890625,90.0
1000.0,True,False,nan,48.12736892700195,0.3275092840194702,0.971821665763855,4.0,4.336104869842529,90.0
1000.0,True,False,nan,51.9866943359375,0.36469942331314087,0.872180700302124,7.0,4.230987071990967,90.0
1000.0,True,False,nan,50.037357330322266,0.39135393500328064,0.8300944566726685,5.0,3.848247528076172,90.0
1000.0,True,False,nan,46.46852493286133,0.4037153720855713,0.9137872457504272,4.0,4.489410877227783,90.0
1000.0,True,False,nan,50.96503829956055,0.349026083946228,0.7832084894180298,4.0,3.629915475845337,90.0
1000.0,True,False,nan,51.39815902709961,0.36112892627716064,0.7926120162010193,4.0,3.8970091342926025,90.0
1000.0,True,False,nan,47.32931137084961,0.3992310166358948,0.7552899718284607,3.0,3.590919256210327,90.0
1000.0,True,False,nan,50.19370651245117,0.346071720123291,0.8623889684677124,6.0,3.7714409828186035,90.0
1000.0,True,False,nan,48.926265716552734,0.37782803177833557,0.7945815324783325,4.0,3.620858907699585,90.0
1000.0,True,False,nan,49.27254867553711,0.3952190577983856,0.7928810715675354,4.0,3.8837811946868896,90.0
1000.0,True,False,nan,45.340843200683594,0.4511362910270691,0.8949500322341919,4.0,4.024796009063721,90.0
1000.0,True,False,nan,45.720951080322266,0.40632104873657227,0.9742557406425476,5.0,4.137186050415039,90.0
1000.0,True,False,nan,45.23472213745117,0.4355286955833435,0.8373034596443176,4.0,3.866574764251709,90.0
1000.0,True,False,nan,49.65181350708008,0.41788363456726074,0.8046863675117493,4.0,3.6025595664978027,90.0
1000.0,True,False,nan,47.27457809448242,0.44188520312309265,0.8934070467948914,7.0,4.358654975891113,90.0
1000.0,True,False,nan,50.62427520751953,0.5286779403686523,1.0088317394256592,5.0,4.4936065673828125,90.0
1000.0,True,False,nan,46.65863800048828,0.4053950309753418,0.9099586606025696,3.0,3.5642621517181396,90.0
1000.0,True,False,nan,47.574607849121094,0.4549815356731415,0.7460479736328125,4.0,3.587559700012207,90.0
1000.0,True,False,nan,46.554039001464844,0.5018988251686096,0.9296317100524902,4.0,4.007231712341309,90.0
1000.0,True,False,nan,46.24060821533203,0.5118000507354736,1.0636473894119263,6.0,4.559142112731934,90.0
1000.0,True,False,nan,45.524269104003906,0.41508620977401733,0.8353704214096069,3.0,3.8461387157440186,90.0
1000.0,True,False,nan,45.557884216308594,0.5040143132209778,0.7663779258728027,4.0,3.655724048614502,90.0
1000.0,True,False,nan,45.901607513427734,0.5124849677085876,0.7718130350112915,4.0,3.6135013103485107,90.0
1000.0,True,False,nan,45.88205337524414,0.6459138989448547,0.960318922996521,7.0,4.49016809463501,90.0
1000.0,True,False,nan,46.4007453918457,0.48750874400138855,0.8117300271987915,4.0,3.531306028366089,90.0
1000.0,True,False,nan,51.84324264526367,0.6041272878646851,0.974018394947052,5.0,4.360513210296631,90.0
1000.0,True,False,nan,45.40123748779297,0.6345800161361694,1.0087810754776,4.0,4.5162153244018555,90.0
1000.0,True,False,nan,48.059566497802734,0.6141761541366577,0.9185094237327576,11.0,4.513312339782715,90.0
1000.0,True,False,nan,46.07370376586914,0.5784460306167603,0.8504467010498047,4.0,3.8715291023254395,90.0
1000.0,True,False,nan,48.237266540527344,0.6128796339035034,1.0097240209579468,3.0,4.564862251281738,90.0
1000.0,True,False,nan,45.87990951538086,0.5888653993606567,0.9717785716056824,6.0,4.268764495849609,90.0
1000.0,True,False,nan,45.18546676635742,0.6600782871246338,0.8794893026351929,4.0,3.9672911167144775,90.0
1000.0,True,False,nan,45.233524322509766,0.6422122716903687,0.8972985148429871,5.0,4.326390266418457,90.0
1000.0,True,False,nan,48.650474548339844,0.5895134806632996,0.9049058556556702,4.0,3.7283143997192383,90.0
1000.0,True,False,nan,47.78587341308594,0.6130030751228333,0.9213760495185852,3.0,3.9235713481903076,90.0
1000.0,True,False,nan,46.41461944580078,0.6202059984207153,0.8541956543922424,4.0,3.7222909927368164,90.0
1000.0,True,False,nan,30.649131774902344,0.47880280017852783,0.8430715203285217,9.0,3.9161744117736816,90.0
1000.0,True,False,nan,35.61745071411133,0.6617746949195862,0.8525200486183167,9.0,3.8612570762634277,90.0
1000.0,True,False,nan,45.15853500366211,0.4441930651664734,1.0561835765838623,5.0,5.136682510375977,180.0
1000.0,True,False,nan,45.505252838134766,0.4670669734477997,0.9035118818283081,4.0,5.054286479949951,180.0
1000.0,True,False,nan,47.159061431884766,0.48557770252227783,0.7654675841331482,7.0,4.642490386962891,180.0
1000.0,True,False,nan,55.26760482788086,0.5202956795692444,0.7929537296295166,4.0,5.244878768920898,180.0
1000.0,True,False,nan,52.90805435180664,0.5099642872810364,0.8300999999046326,5.0,4.886219501495361,180.0
1000.0,True,False,nan,46.069061279296875,0.5021761655807495,0.9680988192558289,14.0,4.907965183258057,180.0
1000.0,True,False,nan,50.11637496948242,0.5003830194473267,0.8208738565444946,1.0,5.082034111022949,180.0
1000.0,True,False,nan,49.169925689697266,0.5162090063095093,0.9620333313941956,12.0,5.2439961433410645,180.0
1000.0,True,False,nan,47.161373138427734,0.5033418536186218,0.7832132577896118,4.0,5.254304885864258,180.0
1000.0,True,False,nan,45.18584442138672,0.5144839286804199,0.746369481086731,6.0,4.633824348449707,180.0
1000.0,True,False,nan,54.024932861328125,0.490618497133255,1.053929090499878,7.0,5.394487380981445,180.0
1000.0,True,False,nan,49.350738525390625,0.49356746673583984,0.9485781192779541,7.0,5.268305778503418,180.0
1000.0,True,False,nan,54.30339813232422,0.5178439021110535,0.9230649471282959,5.0,4.961244106292725,180.0
1000.0,True,False,nan,53.61838150024414,0.5041903853416443,0.8623858094215393,6.0,5.193607330322266,180.0
1000.0,True,False,nan,47.99140930175781,0.5417150855064392,0.9185099601745605,11.0,4.990285396575928,180.0
1000.0,True,False,nan,48.03630447387695,0.4798920154571533,0.872908353805542,7.0,5.294240951538086,180.0
1000.0,True,False,nan,46.237186431884766,0.4984302520751953,1.005005121231079,7.0,5.008108139038086,180.0
1000.0,True,False,nan,52.33652877807617,0.5122695565223694,0.7047414183616638,1.0,4.934796333312988,180.0
1000.0,True,False,nan,47.20146560668945,0.5021257400512695,0.9742532968521118,5.0,4.994385242462158,180.0
1000.0,True,False,nan,51.33147430419922,0.5171761512756348,0.7929099798202515,4.0,4.932652950286865,180.0
1000.0,True,False,nan,50.968902587890625,0.48115554451942444,0.8212348818778992,7.0,4.334416389465332,180.0
1000.0,True,False,nan,49.13837432861328,0.5036453604698181,0.8687827587127686,3.0,5.030045986175537,180.0
1000.0,True,False,nan,46.82658767700195,0.5070071220397949,0.8152321577072144,7.0,4.979959964752197,180.0
1000.0,True,False,nan,56.5637092590332,0.5178689956665039,0.8493856191635132,3.0,4.911007404327393,180.0
1000.0,True,False,nan,45.98307418823242,0.5144557356834412,0.8372970819473267,4.0,4.808030128479004,180.0
1000.0,True,False,nan,52.29512405395508,0.5058599710464478,0.9718323349952698,4.0,5.004190921783447,180.0
1000.0,True,False,nan,49.643577575683594,0.5772413015365601,0.7953457832336426,3.0,4.97866678237915,180.0
1000.0,True,False,nan,45.38335037231445,0.5807195901870728,0.8951377272605896,4.0,4.8636322021484375,180.0
1000.0,True,False,nan,50.404212951660156,0.5714149475097656,0.9312024712562561,3.0,4.861003398895264,180.0
1000.0,True,False,nan,46.331974029541016,0.5503376722335815,0.9137552380561829,4.0,4.554011821746826,180.0
1000.0,True,False,nan,49.99470138549805,0.5567814111709595,0.9559816718101501,9.0,4.823838710784912,180.0
1000.0,True,False,nan,48.342586517333984,0.5704834461212158,0.8925077319145203,4.0,4.811450004577637,180.0
1000.0,True,False,nan,50.15201950073242,0.5448428988456726,0.7150692939758301,3.0,4.544140338897705,180.0
1000.0,True,False,nan,47.27646255493164,0.5689772963523865,0.9296371340751648,4.0,4.797914028167725,180.0
1000.0,True,False,nan,45.01189422607422,0.5652448534965515,0.7945634722709656,4.0,4.774940013885498,180.0
1000.0,True,False,nan,51.61613464355469,0.5592785477638245,1.063652515411377,6.0,4.900930881500244,180.0
1000.0,True,False,nan,50.198463439941406,0.5763320326805115,1.0088343620300293,5.0,4.906683444976807,180.0
1000.0,True,False,nan,54.76197052001953,0.4858570098876953,0.923677384853363,7.0,5.063157558441162,180.0
1000.0,True,False,nan,55.0322265625,0.5629553198814392,0.8526900410652161,7.0,4.849184036254883,180.0
1000.0,True,False,nan,45.11460494995117,0.579704999923706,0.971781313419342,6.0,4.903090000152588,180.0
1000.0,True,False,nan,45.506839752197266,0.520277738571167,0.9203870892524719,4.0,4.839261054992676,180.0
1000.0,True,False,nan,48.814430236816406,0.6422207951545715,0.7718111276626587,4.0,4.739214897155762,180.0
1000.0,True,False,nan,55.98884582519531,0.6279892325401306,0.8046855330467224,4.0,4.806792736053467,180.0
1000.0,True,False,nan,47.053707122802734,0.6147839426994324,0.7639729380607605,3.0,4.8122782707214355,180.0
1000.0,True,False,nan,49.1944465637207,0.6352156400680542,0.9099552035331726,3.0,4.909567356109619,180.0
1000.0,True,False,nan,54.10187911987305,0.6363941431045532,0.8794921636581421,4.0,4.740362644195557,180.0
1000.0,True,False,nan,50.873558044433594,0.646195650100708,0.9603123664855957,7.0,4.768118381500244,180.0
1000.0,True,False,nan,46.459590911865234,0.6211023926734924,0.746050238609314,4.0,4.5770745277404785,180.0
1000.0,True,False,nan,45.09279251098633,0.5910413861274719,0.8541894555091858,4.0,4.948212623596191,180.0
1000.0,True,False,nan,52.79622268676758,0.6264790892601013,0.8917677402496338,7.0,4.509002685546875,180.0
1000.0,True,False,nan,52.26411056518555,0.6270287036895752,0.826327919960022,3.0,4.61431360244751,180.0
1000.0,True,False,nan,50.4976921081543,0.6474785804748535,0.8504418730735779,4.0,4.870397567749023,180.0
1000.0,True,False,nan,53.59050750732422,0.6433215737342834,0.904904842376709,4.0,4.837412357330322,180.0
1000.0,True,False,nan,45.43135070800781,0.6293520927429199,0.852516233921051,4.0,4.4680328369140625,180.0
1000.0,True,False,nan,50.80562210083008,0.6455418467521667,0.9740210771560669,5.0,4.724531173706055,180.0
1000.0,True,False,nan,45.671669006347656,0.590951681137085,0.8353737592697144,3.0,4.751347541809082,180.0
1000.0,True,False,nan,49.7630615234375,0.688112735748291,0.7663761973381042,4.0,4.522651672363281,180.0
1000.0,True,False,nan,46.59247970581055,0.6653990149497986,0.8780716061592102,4.0,4.773536205291748,180.0
1000.0,True,False,nan,48.00722885131836,0.7026227116584778,1.0087790489196777,4.0,4.710071086883545,180.0
1000.0,True,False,nan,50.553462982177734,0.6921229362487793,0.8972973823547363,5.0,4.812836170196533,180.0
1000.0,True,False,nan,49.22843551635742,0.7643536925315857,0.8430671691894531,5.0,4.466484546661377,180.0
1000.0,True,False,nan,46.59497833251953,0.7636378407478333,0.8117296695709229,4.0,4.831291198730469,180.0
1000.0,True,False,nan,49.793643951416016,0.7700363397598267,0.9213699102401733,3.0,4.67025899887085,180.0
1000.0,True,False,nan,46.51630401611328,0.7132433652877808,1.0094707012176514,3.0,4.587582111358643,180.0
1000.0,True,False,nan,60.96552658081055,0.5077725052833557,1.0563298463821411,5.0,5.129684925079346,180.0
1000.0,True,False,nan,46.06919479370117,0.5021499991416931,0.9682376384735107,14.0,4.907952308654785,180.0
1000.0,True,False,nan,50.1165885925293,0.5003820657730103,0.8208800554275513,1.0,5.082055568695068,180.0
1000.0,True,False,nan,49.169700622558594,0.5162101984024048,0.9620293378829956,12.0,5.243992805480957,180.0
1000.0,True,False,nan,45.48850631713867,0.46703997254371643,0.9035549163818359,4.0,5.0538740158081055,180.0
1000.0,True,False,nan,54.0247688293457,0.4906190037727356,1.0539271831512451,7.0,5.394464015960693,180.0
1000.0,True,False,nan,46.237510681152344,0.4984298348426819,1.0050091743469238,7.0,5.008093357086182,180.0
1000.0,True,False,nan,46.826663970947266,0.5070064067840576,0.8152327537536621,7.0,4.979954242706299,180.0
1000.0,True,False,nan,56.56317138671875,0.5178700089454651,0.8493837714195251,3.0,4.911001205444336,180.0
1000.0,True,False,nan,47.15885543823242,0.48557737469673157,0.7654702067375183,7.0,4.642490386962891,180.0
1000.0,True,False,nan,49.349449157714844,0.4935586750507355,0.9486252665519714,7.0,5.268389701843262,180.0
1000.0,True,False,nan,48.0368766784668,0.4798910319805145,0.8729114532470703,7.0,5.294267654418945,180.0
1000.0,True,False,nan,52.336883544921875,0.512269914150238,0.7047438621520996,1.0,4.9348015785217285,180.0
1000.0,True,False,nan,49.138309478759766,0.5036447048187256,0.8687859177589417,3.0,5.03004264831543,180.0
1000.0,True,False,nan,55.267982482910156,0.5202988386154175,0.7929518222808838,4.0,5.244951248168945,180.0
1000.0,True,False,nan,52.908287048339844,0.5099643468856812,0.8300974369049072,5.0,4.886219024658203,180.0
1000.0,True,False,nan,50.61904525756836,0.5703478455543518,0.9305594563484192,3.0,4.82478666305542,180.0
1000.0,True,False,nan,47.1605339050293,0.5033442974090576,0.7832090258598328,4.0,5.254303455352783,180.0
1000.0,True,False,nan,45.18560791015625,0.514480471611023,0.7463710308074951,6.0,4.633821964263916,180.0
1000.0,True,False,nan,54.2658576965332,0.5179052352905273,0.9229715466499329,5.0,4.9612274169921875,180.0
1000.0,True,False,nan,53.618350982666016,0.5041906237602234,0.8623846173286438,6.0,5.193609714508057,180.0
1000.0,True,False,nan,47.99077224731445,0.5417153835296631,0.918514609336853,11.0,4.990286827087402,180.0
1000.0,True,False,nan,47.20265197753906,0.5021249651908875,0.9742591381072998,5.0,4.994383335113525,180.0
1000.0,True,False,nan,51.330810546875,0.5171513557434082,0.7929221391677856,4.0,4.932799339294434,180.0
1000.0,True,False,nan,54.76194763183594,0.4858568012714386,0.9236765503883362,7.0,5.063159465789795,180.0
1000.0,True,False,nan,55.115943908691406,0.5615656971931458,0.8617396354675293,7.0,4.864834308624268,180.0
1000.0,True,False,nan,52.295101165771484,0.5058600306510925,0.9718301296234131,4.0,5.004189491271973,180.0
1000.0,True,False,nan,49.64262008666992,0.577248752117157,0.7953352928161621,3.0,4.978675842285156,180.0
1000.0,True,False,nan,49.994754791259766,0.5567804574966431,0.9559857845306396,9.0,4.823842525482178,180.0
1000.0,True,False,nan,48.34221267700195,0.5704852342605591,0.8925026059150696,4.0,4.811437606811523,180.0
1000.0,True,False,nan,51.61616516113281,0.5592790246009827,1.0636544227600098,6.0,4.9009246826171875,180.0
1000.0,True,False,nan,50.96930694580078,0.48115813732147217,0.8212324380874634,7.0,4.334415435791016,180.0
1000.0,True,False,nan,46.079345703125,0.5157947540283203,0.8359777927398682,4.0,4.810690402984619,180.0
1000.0,True,False,nan,45.506839752197266,0.5202784538269043,0.9203811883926392,4.0,4.839266300201416,180.0
1000.0,True,False,nan,46.318302154541016,0.5500048995018005,0.9136715531349182,4.0,4.554199695587158,180.0
1000.0,True,False,nan,47.23713302612305,0.5309911966323853,0.7174246907234192,1.0,4.370569229125977,180.0
1000.0,True,False,nan,45.01313781738281,0.5652474164962769,0.7945653796195984,4.0,4.774941921234131,180.0
1000.0,True,False,nan,52.79694747924805,0.6264787912368774,0.8917661905288696,7.0,4.5090179443359375,180.0
1000.0,True,False,nan,50.1980094909668,0.5763344168663025,1.0088269710540771,5.0,4.906683921813965,180.0
1000.0,True,False,nan,45.12272644042969,0.5796964764595032,0.9717885851860046,6.0,4.903158187866211,180.0
1000.0,True,False,nan,45.38208770751953,0.5807459354400635,0.894940197467804,4.0,4.863578796386719,180.0
1000.0,True,False,nan,55.98896789550781,0.6279885172843933,0.8046853542327881,4.0,4.806788921356201,180.0
1000.0,True,False,nan,50.87410354614258,0.6461933255195618,0.9603173136711121,7.0,4.768131256103516,180.0
1000.0,True,False,nan,47.276546478271484,0.5689772367477417,0.9296392202377319,4.0,4.797906398773193,180.0
1000.0,True,False,nan,45.09212112426758,0.5910437703132629,0.8541833758354187,4.0,4.948215961456299,180.0
1000.0,True,False,nan,49.983882904052734,0.6244489550590515,0.8721817135810852,7.0,4.572139263153076,180.0
1000.0,True,False,nan,53.59024429321289,0.6433221697807312,0.9049012660980225,4.0,4.837409973144531,180.0
1000.0,True,False,nan,50.80522155761719,0.6455424427986145,0.9740230441093445,5.0,4.724517345428467,180.0
1000.0,True,False,nan,45.66712188720703,0.5909627079963684,0.835368812084198,3.0,4.751228332519531,180.0
1000.0,True,False,nan,48.812557220458984,0.6422222256660461,0.7718154191970825,4.0,4.739221572875977,180.0
1000.0,True,False,nan,47.054107666015625,0.6147828102111816,0.7639749646186829,3.0,4.812291145324707,180.0
1000.0,True,False,nan,49.192527770996094,0.6352145671844482,0.9099567532539368,3.0,4.909566879272461,180.0
1000.0,True,False,nan,54.10194778442383,0.6363958716392517,0.8794822096824646,4.0,4.740366458892822,180.0
1000.0,True,False,nan,46.45998764038086,0.6211018562316895,0.7460482120513916,4.0,4.577071666717529,180.0
1000.0,True,False,nan,50.49858093261719,0.6474772691726685,0.8504411578178406,4.0,4.870409965515137,180.0
1000.0,True,False,nan,50.553531646728516,0.6921231746673584,0.8972951769828796,5.0,4.812838554382324,180.0
1000.0,True,False,nan,46.591468811035156,0.6653984785079956,0.8780727982521057,4.0,4.773523807525635,180.0
1000.0,True,False,nan,48.00968933105469,0.7026227116584778,1.008772850036621,4.0,4.710092067718506,180.0
1000.0,True,False,nan,45.43286895751953,0.629349946975708,0.8525180816650391,4.0,4.468024253845215,180.0
1000.0,True,False,nan,46.59486770629883,0.7636371850967407,0.8117307424545288,4.0,4.831295967102051,180.0
1000.0,True,False,nan,49.792789459228516,0.7700371742248535,0.9213719367980957,3.0,4.670254707336426,180.0
1000.0,True,False,nan,46.51617431640625,0.7132419347763062,1.0094748735427856,3.0,4.587592124938965,180.0
1000.0,True,False,nan,49.76350402832031,0.688113272190094,0.7663769721984863,4.0,4.522650241851807,180.0
1000.0,True,False,nan,49.2311897277832,0.7643493413925171,0.8430721759796143,5.0,4.466484546661377,180.0
1000.0,True,False,nan,45.5388298034668,0.2282859981060028,0.7832164168357849,4.0,3.635603904724121,270.0
1000.0,True,False,nan,45.408477783203125,0.3264080584049225,1.0539231300354004,7.0,4.197595596313477,270.0
1000.0,True,False,nan,52.20146942138672,0.38634151220321655,0.7953447103500366,3.0,3.926861047744751,270.0
1000.0,True,False,nan,46.197227478027344,0.339236855506897,0.7654704451560974,7.0,4.009397983551025,270.0
1000.0,True,False,nan,45.73207473754883,0.37050294876098633,0.7926157116889954,4.0,3.8222007751464844,270.0
1000.0,True,False,nan,45.53938293457031,0.40465083718299866,0.894944965839386,4.0,4.229318618774414,270.0
1000.0,True,False,nan,51.189544677734375,0.3898897171020508,0.9313852190971375,3.0,4.289999008178711,270.0
1000.0,True,False,nan,55.836029052734375,0.37003734707832336,0.9682382941246033,14.0,4.314126968383789,270.0
1000.0,True,False,nan,54.289669036865234,0.3362151086330414,0.8208802938461304,1.0,3.854552984237671,270.0
1000.0,True,False,nan,46.8923454284668,0.38830482959747314,0.9559849500656128,9.0,4.336400508880615,270.0
1000.0,True,False,nan,52.14997863769531,0.3742131292819977,0.9620431661605835,12.0,4.260036468505859,270.0
1000.0,True,False,nan,46.91489791870117,0.3806948661804199,0.9035527110099792,4.0,4.138402462005615,270.0
1000.0,True,False,nan,45.31396484375,0.3991081714630127,0.8925032019615173,4.0,4.205801010131836,270.0
1000.0,True,False,nan,56.28998947143555,0.3749290406703949,0.9485529065132141,7.0,4.233523845672607,270.0
1000.0,True,False,nan,45.038414001464844,0.3769031763076782,0.9230777621269226,5.0,4.15376615524292,270.0
1000.0,True,False,nan,46.47277069091797,0.3863803446292877,0.8623870611190796,6.0,3.999013662338257,270.0
1000.0,True,False,nan,45.37116622924805,0.39875781536102295,0.9296298027038574,4.0,4.137676239013672,270.0
1000.0,True,False,nan,56.48225784301758,0.35733333230018616,0.8729045391082764,7.0,4.153728485107422,270.0
1000.0,True,False,nan,53.98345947265625,0.3458626866340637,1.0050052404403687,7.0,4.326570987701416,270.0
1000.0,True,False,nan,47.680816650390625,0.32139039039611816,0.7063155174255371,1.0,3.5369603633880615,270.0
1000.0,True,False,nan,47.0471076965332,0.38301098346710205,0.792926549911499,4.0,3.9930238723754883,270.0
1000.0,True,False,nan,45.03519821166992,0.38630810379981995,0.8721833229064941,7.0,4.261099338531494,270.0
1000.0,True,False,nan,50.87960433959961,0.37613198161125183,0.8687804937362671,3.0,4.004148483276367,270.0
1000.0,True,False,nan,48.44078826904297,0.32341164350509644,0.8152316808700562,7.0,3.9148051738739014,270.0
1000.0,True,False,nan,55.65898895263672,0.33233916759490967,0.9236629605293274,7.0,4.106986999511719,270.0
1000.0,True,False,nan,48.391239166259766,0.35445764660835266,0.8617408871650696,7.0,4.180124282836914,270.0
1000.0,True,False,nan,50.956512451171875,0.3724738359451294,0.8493849039077759,3.0,3.939342975616455,270.0
1000.0,True,False,nan,50.99105453491211,0.36470741033554077,0.9203855395317078,4.0,4.155178070068359,270.0
1000.0,True,False,nan,50.339256286621094,0.39416882395744324,1.0563212633132935,5.0,4.134764671325684,270.0
1000.0,True,False,nan,52.3880500793457,0.41958552598953247,0.8300963044166565,5.0,3.983064651489258,270.0
1000.0,True,False,nan,48.95927810668945,0.4230075478553772,0.7718129754066467,4.0,3.9063005447387695,270.0
1000.0,True,False,nan,51.53679656982422,0.45373213291168213,0.9141517877578735,4.0,4.340399265289307,270.0
1000.0,True,False,nan,49.86724090576172,0.40910765528678894,0.8046864867210388,4.0,3.7290916442871094,270.0
1000.0,True,False,nan,48.64128494262695,0.40480512380599976,0.7551571726799011,3.0,3.817070245742798,270.0
1000.0,True,False,nan,49.946815490722656,0.42043381929397583,0.9099562168121338,3.0,4.108229637145996,270.0
1000.0,True,False,nan,48.76327133178711,0.46460628509521484,0.8780749440193176,4.0,4.2423176765441895,270.0
1000.0,True,False,nan,47.08869934082031,0.37447938323020935,0.7616584897041321,2.0,3.7680115699768066,270.0
1000.0,True,False,nan,50.290489196777344,0.4573182463645935,0.8794991970062256,4.0,4.210257530212402,270.0
1000.0,True,False,nan,53.40626907348633,0.4547773599624634,0.9603129625320435,7.0,4.330893516540527,270.0
1000.0,True,False,nan,46.44356918334961,0.4127635359764099,0.7460477352142334,4.0,3.7579922676086426,270.0
1000.0,True,False,nan,48.533504486083984,0.37883761525154114,0.7150736451148987,3.0,3.658954620361328,270.0
1000.0,True,False,nan,49.433650970458984,0.46018409729003906,1.0087810754776,4.0,4.398645877838135,270.0
1000.0,True,False,nan,53.744537353515625,0.4196529686450958,0.7945650219917297,4.0,3.7859315872192383,270.0
1000.0,True,False,nan,49.783695220947266,0.43368738889694214,0.854189932346344,4.0,3.9718451499938965,270.0
1000.0,True,False,nan,52.88051986694336,0.4533846080303192,0.8917638659477234,7.0,4.34386682510376,270.0
1000.0,True,False,nan,52.42026901245117,0.43674832582473755,0.9742489457130432,5.0,4.332153797149658,270.0
1000.0,True,False,nan,48.080135345458984,0.4309273064136505,0.8117272853851318,4.0,4.010385036468506,270.0
1000.0,True,False,nan,52.74598693847656,0.4396267235279083,1.0636495351791382,6.0,4.340002536773682,270.0
1000.0,True,False,nan,47.57347869873047,0.3492071330547333,0.8212345838546753,7.0,3.791804075241089,270.0
1000.0,True,False,nan,51.38547897338867,0.4483720660209656,1.0088311433792114,5.0,4.350886821746826,270.0
1000.0,True,False,nan,50.57117462158203,0.45561593770980835,0.8504420518875122,4.0,4.209826946258545,270.0
1000.0,True,False,nan,52.35445022583008,0.4656793773174286,0.8973020315170288,5.0,4.254822254180908,270.0
1000.0,True,False,nan,49.20847702026367,0.4490601420402527,0.9213681221008301,3.0,4.2687201499938965,270.0
1000.0,True,False,nan,48.53616714477539,0.45936521887779236,1.009476900100708,3.0,4.397674560546875,270.0
1000.0,True,False,nan,55.24464797973633,0.4324598014354706,0.8371387720108032,4.0,4.067214012145996,270.0
1000.0,True,False,nan,52.733428955078125,0.44220855832099915,0.904898464679718,4.0,4.089409351348877,270.0
1000.0,True,False,nan,52.92518615722656,0.4435780644416809,0.9717921614646912,6.0,4.230320930480957,270.0
1000.0,True,False,nan,54.77630615234375,0.4484245181083679,0.9740233421325684,5.0,4.2999725341796875,270.0
1000.0,True,False,nan,52.04359436035156,0.43596020340919495,0.8353694081306458,3.0,4.118119239807129,270.0
1000.0,True,False,nan,53.65371322631836,0.4408835172653198,0.97182297706604,4.0,4.427956581115723,270.0
1000.0,True,False,nan,47.389713287353516,0.4521026015281677,0.7663785815238953,4.0,3.730041027069092,270.0
1000.0,True,False,nan,53.165977478027344,0.5023823976516724,0.8430731892585754,5.0,4.221435070037842,270.0
1000.0,True,False,nan,54.288143157958984,0.4889618456363678,0.9185211062431335,11.0,4.70413064956665,270.0
1000.0,True,False,nan,53.80192565917969,0.4868953824043274,0.8525184392929077,4.0,4.1870880126953125,270.0
1000.0,True,False,nan,45.53871154785156,0.22828572988510132,0.7832145690917969,4.0,3.6355984210968018,270.0
1000.0,True,False,nan,45.407684326171875,0.3264070749282837,1.0539283752441406,7.0,4.197597026824951,270.0
1000.0,True,False,nan,45.333770751953125,0.21680797636508942,0.7047426104545593,1.0,3.5409510135650635,270.0
1000.0,True,False,nan,52.20074462890625,0.38634660840034485,0.7953389883041382,3.0,3.9268858432769775,270.0
1000.0,True,False,nan,51.18926239013672,0.38992300629615784,0.9312024712562561,3.0,4.290018081665039,270.0
1000.0,True,False,nan,55.83598327636719,0.3700617849826813,0.9681038856506348,14.0,4.314120292663574,270.0
1000.0,True,False,nan,54.289833068847656,0.3362152576446533,0.8208763599395752,1.0,3.8545541763305664,270.0
1000.0,True,False,nan,46.89207458496094,0.388305127620697,0.9559784531593323,9.0,4.336400032043457,270.0
1000.0,True,False,nan,52.150108337402344,0.3742150068283081,0.9620316028594971,12.0,4.260036945343018,270.0
1000.0,True,False,nan,46.915096282958984,0.38069626688957214,0.903546929359436,4.0,4.138403415679932,270.0
1000.0,True,False,nan,56.28960037231445,0.374926894903183,0.9485529065132141,7.0,4.233517169952393,270.0
1000.0,True,False,nan,56.48227310180664,0.3573344349861145,0.8729018568992615,7.0,4.153730869293213,270.0
1000.0,True,False,nan,53.983612060546875,0.3458625078201294,1.005008339881897,7.0,4.326575756072998,270.0
1000.0,True,False,nan,50.87958526611328,0.37613239884376526,0.8687780499458313,3.0,4.0041422843933105,270.0
1000.0,True,False,nan,55.658756256103516,0.3323386013507843,0.923665463924408,7.0,4.106983184814453,270.0
1000.0,True,False,nan,48.34612274169922,0.3567616939544678,0.852745532989502,7.0,4.18575382232666,270.0
1000.0,True,False,nan,50.95656967163086,0.37247568368911743,0.8493775129318237,3.0,3.9393491744995117,270.0
1000.0,True,False,nan,51.87227249145508,0.3687669634819031,0.9245900511741638,7.0,4.229246139526367,270.0
1000.0,True,False,nan,45.77262878417969,0.3703972399234772,0.7929537296295166,4.0,3.8243300914764404,270.0
1000.0,True,False,nan,45.537498474121094,0.40461573004722595,0.8951385617256165,4.0,4.229290962219238,270.0
1000.0,True,False,nan,45.313819885253906,0.39910614490509033,0.8925132751464844,4.0,4.2058024406433105,270.0
1000.0,True,False,nan,46.47360610961914,0.3863794803619385,0.862385094165802,6.0,3.998986005783081,270.0
1000.0,True,False,nan,45.36991882324219,0.39875659346580505,0.9296463131904602,4.0,4.13766622543335,270.0
1000.0,True,False,nan,47.047218322753906,0.3830089271068573,0.7929338216781616,4.0,3.9930200576782227,270.0
1000.0,True,False,nan,45.035011291503906,0.38630861043930054,0.8721756935119629,7.0,4.261099815368652,270.0
1000.0,True,False,nan,48.44072341918945,0.3234116733074188,0.815229594707489,7.0,3.9148004055023193,270.0
1000.0,True,False,nan,50.3389778137207,0.3941684067249298,1.0563181638717651,5.0,4.134760856628418,270.0
1000.0,True,False,nan,46.19705581665039,0.33923569321632385,0.7654745578765869,7.0,4.009393692016602,270.0
1000.0,True,False,nan,52.38779067993164,0.4195849895477295,0.8300923705101013,5.0,3.983065605163574,270.0
1000.0,True,False,nan,53.28939437866211,0.42450156807899475,0.9240782260894775,5.0,4.336050987243652,270.0
1000.0,True,False,nan,53.74491882324219,0.4196518659591675,0.7945674061775208,4.0,3.7859225273132324,270.0
1000.0,True,False,nan,52.87996292114258,0.4533825218677521,0.8917686939239502,7.0,4.343872547149658,270.0
1000.0,True,False,nan,52.42256164550781,0.43674564361572266,0.9742603302001953,5.0,4.332127571105957,270.0
1000.0,True,False,nan,52.746253967285156,0.43962642550468445,1.0636534690856934,6.0,4.339999198913574,270.0
1000.0,True,False,nan,51.38493347167969,0.4483700692653656,1.008843183517456,5.0,4.350890159606934,270.0
1000.0,True,False,nan,52.35565948486328,0.4656732678413391,0.897300124168396,5.0,4.254830360412598,270.0
1000.0,True,False,nan,55.14297103881836,0.43256279826164246,0.8372966051101685,4.0,4.065356731414795,270.0
1000.0,True,False,nan,52.92534637451172,0.44357794523239136,0.9717879295349121,6.0,4.230325222015381,270.0
1000.0,True,False,nan,54.77538299560547,0.448424756526947,0.9740259051322937,5.0,4.299971580505371,270.0
1000.0,True,False,nan,52.04307556152344,0.43596071004867554,0.8353708386421204,3.0,4.118111610412598,270.0
1000.0,True,False,nan,53.6556282043457,0.4408816695213318,0.9718369245529175,4.0,4.427959442138672,270.0
1000.0,True,False,nan,48.959957122802734,0.42300957441329956,0.7718152403831482,4.0,3.906304121017456,270.0
1000.0,True,False,nan,51.669010162353516,0.45439308881759644,0.913727343082428,4.0,4.351359844207764,270.0
1000.0,True,False,nan,49.86750411987305,0.4091089069843292,0.8046849966049194,4.0,3.7291011810302734,270.0
1000.0,True,False,nan,49.358184814453125,0.3944750428199768,0.7639800906181335,3.0,3.8026602268218994,270.0
1000.0,True,False,nan,49.950557708740234,0.420447438955307,0.9100257754325867,3.0,4.107854843139648,270.0
1000.0,True,False,nan,48.6141357421875,0.3811975419521332,0.7463725209236145,6.0,3.7532975673675537,270.0
1000.0,True,False,nan,53.40587615966797,0.45477819442749023,0.9603188037872314,7.0,4.330906391143799,270.0
1000.0,True,False,nan,48.53388977050781,0.3788400888442993,0.7150666117668152,3.0,3.6589457988739014,270.0
1000.0,True,False,nan,49.432960510253906,0.4601862132549286,1.0087847709655762,4.0,4.398642063140869,270.0
1000.0,True,False,nan,49.783294677734375,0.4336850941181183,0.8541944622993469,4.0,3.971851110458374,270.0
1000.0,True,False,nan,47.573795318603516,0.3492072820663452,0.8212370276451111,7.0,3.791804790496826,270.0
1000.0,True,False,nan,50.5726318359375,0.4556195139884949,0.8504379987716675,4.0,4.209831237792969,270.0
1000.0,True,False,nan,49.209285736083984,0.4490613341331482,0.9213720560073853,3.0,4.268719673156738,270.0
1000.0,True,False,nan,48.536094665527344,0.4593687653541565,1.00947904586792,3.0,4.397665023803711,270.0
1000.0,True,False,nan,52.73347091674805,0.4422077536582947,0.9049022793769836,4.0,4.089410305023193,270.0
1000.0,True,False,nan,46.44306564331055,0.4127642810344696,0.7460446953773499,4.0,3.7579925060272217,270.0
1000.0,True,False,nan,54.289058685302734,0.4889640510082245,0.9185112118721008,11.0,4.704142093658447,270.0
1000.0,True,False,nan,48.08034896850586,0.4309268593788147,0.8117285966873169,4.0,4.010378360748291,270.0
1000.0,True,False,nan,37.62599182128906,0.31298208236694336,0.7663754820823669,4.0,3.7300379276275635,270.0
1000.0,True,False,nan,0.9989719390869141,0.0,0.8525317311286926,4.0,0.9537131190299988,270.0
