push_n,fell,recovered,recovery_time_s,max_tilt_deg,velocity_loss,pre_push_vel_err,feet_in_contact_at_push,peak_dv,direction_deg
0.0,False,True,0.0,3.0386040210723877,0.0,1.056180715560913,5.0,0.38172248005867004,0.0
0.0,False,True,0.0,2.8703081607818604,0.0,0.7953416705131531,3.0,0.26162952184677124,0.0
0.0,False,True,0.0,2.3607399463653564,0.0,0.7654756307601929,7.0,0.3311951458454132,0.0
0.0,False,True,0.0,2.0501363277435303,0.0,0.7663776874542236,4.0,0.2996571362018585,0.0
0.0,False,True,0.0,1.879510760307312,0.0,0.7926117777824402,4.0,0.2892105281352997,0.0
0.0,False,True,0.0,2.8607442378997803,0.0,0.843059241771698,5.0,0.3094750642776489,0.0
0.0,False,True,0.0,2.5938215255737305,0.0,0.8949416279792786,4.0,0.26062890887260437,0.0
0.0,False,True,0.0,1.992526888847351,0.0,0.8300834894180298,5.0,0.2988327741622925,0.0
0.0,False,True,0.0,2.9596245288848877,0.0,0.9313890337944031,3.0,0.2981489896774292,0.0
0.0,False,True,0.0,2.2719333171844482,0.0,0.7718127965927124,4.0,0.3117141127586365,0.0
0.0,False,True,0.0,2.8167500495910645,0.0,0.9681060910224915,14.0,0.23970527946949005,0.0
0.0,False,True,0.0,2.667851448059082,0.0,0.8208794593811035,1.0,0.26128870248794556,0.0
0.0,False,True,0.0,2.990877389907837,0.0,0.9137230515480042,4.0,0.3084971606731415,0.0
0.0,False,True,0.0,2.047461748123169,0.0,0.8046846985816956,4.0,0.2724558711051941,0.0
0.0,False,True,0.0,2.8452377319335938,0.0,0.9559825658798218,9.0,0.3103983402252197,0.0
0.0,False,True,0.0,2.858485460281372,0.0,0.962033748626709,12.0,0.32548922300338745,0.0
0.0,False,True,0.0,2.4401581287384033,0.0,0.7832083106040955,4.0,0.2883051633834839,0.0
0.0,False,True,0.0,2.3710808753967285,0.0,0.7523939609527588,3.0,0.2544276714324951,0.0
0.0,False,True,0.0,2.9943442344665527,0.0,0.9035495519638062,4.0,0.29450085759162903,0.0
0.0,False,True,0.0,2.1455745697021484,0.0,0.9099926948547363,3.0,0.2503955662250519,0.0
0.0,False,True,0.0,2.8221654891967773,0.0,0.8780716061592102,4.0,0.2728317081928253,0.0
0.0,False,True,0.0,2.5282459259033203,0.0,0.7463688850402832,6.0,0.30219149589538574,0.0
0.0,False,True,0.0,2.553206443786621,0.0,0.8794907331466675,4.0,0.2734585702419281,0.0
0.0,False,True,0.0,2.7807300090789795,0.0,0.8915815949440002,4.0,0.30886879563331604,0.0
0.0,False,True,0.0,2.9047467708587646,0.0,1.0539251565933228,7.0,0.28290504217147827,0.0
0.0,False,True,0.0,3.2286481857299805,0.0,0.9603188037872314,7.0,0.31187501549720764,0.0
0.0,False,True,0.0,2.492457389831543,0.0,0.9485715627670288,7.0,0.3038100302219391,0.0
0.0,False,True,0.0,2.6218926906585693,0.0,0.9229621291160583,5.0,0.3164600431919098,0.0
0.0,False,True,0.0,2.1011476516723633,0.0,0.8623883724212646,6.0,0.2738175094127655,0.0
0.0,False,True,0.0,2.4358227252960205,0.0,0.7460455298423767,4.0,0.2610834240913391,0.0
0.0,False,True,0.0,2.459174156188965,0.0,0.7174232602119446,1.0,0.2749171555042267,0.0
0.0,False,True,0.0,2.685985565185547,0.0,1.0087814331054688,4.0,0.26551932096481323,0.0
0.0,False,True,0.0,2.3292739391326904,0.0,0.9296910166740417,4.0,0.26380738615989685,0.0
0.0,False,True,0.0,2.9000930786132812,0.0,0.9185096621513367,11.0,0.3517023026943207,0.0
0.0,False,True,0.0,2.6842360496520996,0.0,0.8729116916656494,7.0,0.32064682245254517,0.0
0.0,False,True,0.0,3.027632236480713,0.0,1.005001425743103,7.0,0.33072054386138916,0.0
0.0,False,True,0.0,2.1372578144073486,0.0,0.7945771217346191,4.0,0.25760120153427124,0.0
0.0,False,True,0.0,2.6630046367645264,0.0,0.8542054891586304,4.0,0.2787979245185852,0.0
0.0,False,True,0.0,3.0218722820281982,0.0,0.8917648792266846,7.0,0.34268873929977417,0.0
0.0,False,True,0.0,2.339251756668091,0.0,0.706317126750946,1.0,0.3043851852416992,0.0
0.0,False,True,0.0,2.4725890159606934,0.0,0.9742437601089478,5.0,0.2679979205131531,0.0
0.0,False,True,0.0,2.1984684467315674,0.0,0.7928904891014099,4.0,0.29238978028297424,0.0
0.0,False,True,0.0,2.2966949939727783,0.0,0.872180700302124,7.0,0.31186869740486145,0.0
0.0,False,True,0.0,2.0433473587036133,0.0,0.8117313981056213,4.0,0.2956571578979492,0.0
0.0,False,True,0.0,2.8043525218963623,0.0,1.0636576414108276,6.0,0.2690228223800659,0.0
0.0,False,True,0.0,1.9583473205566406,0.0,0.8212345242500305,7.0,0.33895596861839294,0.0
0.0,False,True,0.0,2.7329444885253906,0.0,0.8687909841537476,3.0,0.2633798122406006,0.0
0.0,False,True,0.0,2.1770875453948975,0.0,0.8152343034744263,7.0,0.3385017216205597,0.0
0.0,False,True,0.0,2.9622690677642822,0.0,1.0088293552398682,5.0,0.3021697700023651,0.0
0.0,False,True,0.0,2.4720346927642822,0.0,0.8504399657249451,4.0,0.26644036173820496,0.0
0.0,False,True,0.0,2.458378314971924,0.0,0.9236657619476318,7.0,0.3070080280303955,0.0
0.0,False,True,0.0,3.016620397567749,0.0,0.897294282913208,5.0,0.316504567861557,0.0
0.0,False,True,0.0,2.2799313068389893,0.0,0.9213668704032898,3.0,0.2757387161254883,0.0
0.0,False,True,0.0,2.6554229259490967,0.0,1.0094743967056274,3.0,0.23597599565982819,0.0
0.0,False,True,0.0,2.0337467193603516,0.0,0.8617404699325562,7.0,0.3143337666988373,0.0
0.0,False,True,0.0,2.829023599624634,0.0,0.8493907451629639,3.0,0.2979598939418793,0.0
0.0,False,True,0.0,2.4016737937927246,0.0,0.8372961282730103,4.0,0.328247606754303,0.0
0.0,False,True,0.0,2.290294885635376,0.0,0.9049134850502014,4.0,0.2673676908016205,0.0
0.0,False,True,0.0,2.4660892486572266,0.0,0.9717878699302673,6.0,0.2843635678291321,0.0
0.0,False,True,0.0,2.808119297027588,0.0,0.924588143825531,7.0,0.29870128631591797,0.0
0.0,False,True,0.0,2.0966718196868896,0.0,0.8525176048278809,4.0,0.296292245388031,0.0
0.0,False,True,0.0,3.121673583984375,0.0,0.9740230441093445,5.0,0.3385528326034546,0.0
0.0,False,True,0.0,3.022390365600586,0.0,0.8353700041770935,3.0,0.2705010175704956,0.0
0.0,False,True,0.0,2.4547133445739746,0.0,0.9718297719955444,4.0,0.24457375705242157,0.0
0.0,False,True,0.0,3.0312507152557373,0.0,1.0563105344772339,5.0,0.38200604915618896,90.0
0.0,False,True,0.0,2.8704445362091064,0.0,0.7953319549560547,3.0,0.2616243362426758,90.0
0.0,False,True,0.0,2.3607399463653564,0.0,0.7654712796211243,7.0,0.33121258020401,90.0
0.0,False,True,0.0,2.05023193359375,0.0,0.7663789987564087,4.0,0.2996683716773987,90.0
0.0,False,True,0.0,1.880239486694336,0.0,0.7929568290710449,4.0,0.2900833785533905,90.0
0.0,False,True,0.0,2.8607442378997803,0.0,0.8430699110031128,5.0,0.3094881474971771,90.0
0.0,False,True,0.0,2.5967628955841064,0.0,0.8951466083526611,4.0,0.26056477427482605,90.0
0.0,False,True,0.0,1.992526888847351,0.0,0.8300957679748535,5.0,0.2988418638706207,90.0
0.0,False,True,0.0,2.959359884262085,0.0,0.9313798546791077,3.0,0.2981441617012024,90.0
0.0,False,True,0.0,2.2718472480773926,0.0,0.7718132734298706,4.0,0.3116981089115143,90.0
0.0,False,True,0.0,2.8508737087249756,0.0,0.964982807636261,12.0,0.2954767942428589,90.0
0.0,False,True,0.0,2.9752590656280518,0.0,0.8208754062652588,1.0,0.26129150390625,90.0
0.0,False,True,0.0,2.891575813293457,0.0,0.9138826727867126,4.0,0.31171971559524536,90.0
0.0,False,True,0.0,2.0476529598236084,0.0,0.8046845197677612,4.0,0.27245497703552246,90.0
0.0,False,True,0.0,2.8453755378723145,0.0,0.9559852480888367,9.0,0.3104124367237091,90.0
0.0,False,True,0.0,2.858416795730591,0.0,0.9620331525802612,12.0,0.32549381256103516,90.0
0.0,False,True,0.0,2.4403183460235596,0.0,0.7832129001617432,4.0,0.2883041501045227,90.0
0.0,False,True,0.0,2.4111902713775635,0.0,0.7523874044418335,3.0,0.2544272243976593,90.0
0.0,False,True,0.0,2.9943442344665527,0.0,0.9035503268241882,4.0,0.2944992780685425,90.0
0.0,False,True,0.0,2.145209789276123,0.0,0.9099568128585815,3.0,0.2511090040206909,90.0
0.0,False,True,0.0,2.8221654891967773,0.0,0.8780670166015625,4.0,0.27283287048339844,90.0
0.0,False,True,0.0,2.4728262424468994,0.0,0.7616598606109619,2.0,0.32691487669944763,90.0
0.0,False,True,0.0,2.553206443786621,0.0,0.8794931173324585,4.0,0.27345794439315796,90.0
0.0,False,True,0.0,2.969463348388672,0.0,0.8925010561943054,4.0,0.3218468427658081,90.0
0.0,False,True,0.0,2.9047467708587646,0.0,1.053923487663269,7.0,0.2828986942768097,90.0
0.0,False,True,0.0,3.2286481857299805,0.0,0.9603069424629211,7.0,0.3118849992752075,90.0
0.0,False,True,0.0,2.4919862747192383,0.0,0.9486258625984192,7.0,0.3042900264263153,90.0
0.0,False,True,0.0,2.6219675540924072,0.0,0.9229723215103149,5.0,0.316478431224823,90.0
0.0,False,True,0.0,2.1011476516723633,0.0,0.8623883128166199,6.0,0.2738429605960846,90.0
0.0,False,True,0.0,2.4358227252960205,0.0,0.7460508942604065,4.0,0.26109880208969116,90.0
0.0,False,True,0.0,2.568493366241455,0.0,0.7150731086730957,3.0,0.28375566005706787,90.0
0.0,False,True,0.0,2.685912847518921,0.0,1.008786678314209,4.0,0.265504390001297,90.0
0.0,False,True,0.0,2.329357862472534,0.0,0.9296472668647766,4.0,0.26386013627052307,90.0
0.0,False,True,0.0,2.9000930786132812,0.0,0.9185177683830261,11.0,0.3517124652862549,90.0
0.0,False,True,0.0,2.6842360496520996,0.0,0.872908353805542,7.0,0.3206501305103302,90.0
0.0,False,True,0.0,3.0275676250457764,0.0,1.005001187324524,7.0,0.3307267129421234,90.0
0.0,False,True,0.0,2.1373493671417236,0.0,0.7945610284805298,4.0,0.2575874924659729,90.0
0.0,False,True,0.0,2.6630780696868896,0.0,0.8542048931121826,4.0,0.2787887752056122,90.0
0.0,False,True,0.0,3.0218074321746826,0.0,0.8917627930641174,7.0,0.34269264340400696,90.0
0.0,False,True,0.0,2.31992769241333,0.0,0.7047451138496399,1.0,0.28581884503364563,90.0
0.0,False,True,0.0,2.4725890159606934,0.0,0.9742471575737,5.0,0.2679966390132904,90.0
0.0,False,True,0.0,2.1983795166015625,0.0,0.7929240465164185,4.0,0.2923811972141266,90.0
0.0,False,True,0.0,2.2966949939727783,0.0,0.8721771836280823,7.0,0.31187158823013306,90.0
0.0,False,True,0.0,2.0433473587036133,0.0,0.8117303252220154,4.0,0.2956438362598419,90.0
0.0,False,True,0.0,2.8043525218963623,0.0,1.0636601448059082,6.0,0.269030898809433,90.0
0.0,False,True,0.0,1.9583473205566406,0.0,0.8212365508079529,7.0,0.3389602303504944,90.0
0.0,False,True,0.0,2.7405974864959717,0.0,0.8687772154808044,3.0,0.26337969303131104,90.0
0.0,False,True,0.0,2.176997661590576,0.0,0.815237820148468,7.0,0.33847805857658386,90.0
0.0,False,True,0.0,2.9623351097106934,0.0,1.0088366270065308,5.0,0.302156537771225,90.0
0.0,False,True,0.0,2.4719552993774414,0.0,0.850442111492157,4.0,0.2664441168308258,90.0
0.0,False,True,0.0,2.458298683166504,0.0,0.923662543296814,7.0,0.30700355768203735,90.0
0.0,False,True,0.0,3.016620397567749,0.0,0.8973020911216736,5.0,0.3165050745010376,90.0
0.0,False,True,0.0,2.2799313068389893,0.0,0.921417236328125,3.0,0.2757320702075958,90.0
0.0,False,True,0.0,2.6553492546081543,0.0,1.0094776153564453,3.0,0.23586656153202057,90.0
0.0,False,True,0.0,2.0337467193603516,0.0,0.8617316484451294,7.0,0.31433233618736267,90.0
0.0,False,True,0.0,2.8290929794311523,0.0,0.8493873476982117,3.0,0.2979626953601837,90.0
0.0,False,True,0.0,2.4017553329467773,0.0,0.8372896313667297,4.0,0.32824084162712097,90.0
0.0,False,True,0.0,2.2903802394866943,0.0,0.9048991203308105,4.0,0.26735907793045044,90.0
0.0,False,True,0.0,2.4660892486572266,0.0,0.9717735052108765,6.0,0.28463730216026306,90.0
0.0,False,True,0.0,2.808119297027588,0.0,0.9245867133140564,7.0,0.29870542883872986,90.0
0.0,False,True,0.0,2.096578359603882,0.0,0.8525121808052063,4.0,0.29632607102394104,90.0
0.0,False,True,0.0,3.1217987537384033,0.0,0.9740175008773804,5.0,0.3385652005672455,90.0
0.0,False,True,0.0,3.022390365600586,0.0,0.835354745388031,3.0,0.2705134451389313,90.0
0.0,False,True,0.0,2.4547133445739746,0.0,0.9718325734138489,4.0,0.244568333029747,90.0
0.0,False,True,0.0,3.0312507152557373,0.0,1.056325078010559,5.0,0.38200560212135315,180.0
0.0,False,True,0.0,2.8705124855041504,0.0,0.7953328490257263,3.0,0.2616255283355713,180.0
0.0,False,True,0.0,2.3607399463653564,0.0,0.7654754519462585,7.0,0.3312002420425415,180.0
0.0,False,True,0.0,2.05023193359375,0.0,0.7663766741752625,4.0,0.2996593713760376,180.0
0.0,False,True,0.0,1.880239486694336,0.0,0.7929604053497314,4.0,0.29006361961364746,180.0
0.0,False,True,0.0,2.860675811767578,0.0,0.843056857585907,5.0,0.309487521648407,180.0
0.0,False,True,0.0,2.5968382358551025,0.0,0.8949446082115173,4.0,0.2606246769428253,180.0
0.0,False,True,0.0,1.9924287796020508,0.0,0.830089807510376,5.0,0.2986921966075897,180.0
0.0,False,True,0.0,2.9596245288848877,0.0,0.9313831329345703,3.0,0.29814741015434265,180.0
0.0,False,True,0.0,2.2719333171844482,0.0,0.7718157768249512,4.0,0.31172975897789,180.0
0.0,False,True,0.0,2.8167500495910645,0.0,0.9682391285896301,14.0,0.2397128790616989,180.0
0.0,False,True,0.0,2.9752590656280518,0.0,0.8208763003349304,1.0,0.26128971576690674,180.0
0.0,False,True,0.0,2.9036009311676025,0.0,0.9136914014816284,4.0,0.31221237778663635,180.0
0.0,False,True,0.0,2.0475573539733887,0.0,0.8046871423721313,4.0,0.27241167426109314,180.0
0.0,False,True,0.0,2.8452377319335938,0.0,0.9559800028800964,9.0,0.31039947271347046,180.0
0.0,False,True,0.0,2.858485460281372,0.0,0.96202552318573,12.0,0.3254912793636322,180.0
0.0,False,True,0.0,2.4401581287384033,0.0,0.7832074761390686,4.0,0.2883053421974182,180.0
0.0,False,True,0.0,2.365957498550415,0.0,0.7639756798744202,3.0,0.23187202215194702,180.0
0.0,False,True,0.0,2.9943442344665527,0.0,0.9035484194755554,4.0,0.2945040464401245,180.0
0.0,False,True,0.0,2.1454834938049316,0.0,0.9100281000137329,3.0,0.2503978908061981,180.0
0.0,False,True,0.0,2.822234869003296,0.0,0.878074049949646,4.0,0.2728356719017029,180.0
0.0,False,True,0.0,2.4875051975250244,0.0,0.7698079943656921,7.0,0.2982977628707886,180.0
0.0,False,True,0.0,2.553283214569092,0.0,0.8794907927513123,4.0,0.27345800399780273,180.0
0.0,False,True,0.0,2.9570438861846924,0.0,0.8925049304962158,4.0,0.3218410909175873,180.0
0.0,False,True,0.0,2.9047467708587646,0.0,1.053928017616272,7.0,0.28289639949798584,180.0
0.0,False,True,0.0,3.2286481857299805,0.0,0.960307240486145,7.0,0.3118903636932373,180.0
0.0,False,True,0.0,2.572681188583374,0.0,0.9486231803894043,7.0,0.3061526417732239,180.0
0.0,False,True,0.0,2.632769823074341,0.0,0.9240859746932983,5.0,0.30811887979507446,180.0
0.0,False,True,0.0,2.1013340950012207,0.0,0.8623913526535034,6.0,0.2738443911075592,180.0
0.0,False,True,0.0,2.4358227252960205,0.0,0.7460474371910095,4.0,0.26109668612480164,180.0
0.0,False,True,0.0,2.568493366241455,0.0,0.7150673866271973,3.0,0.28374624252319336,180.0
0.0,False,True,0.0,2.685912847518921,0.0,1.008785367012024,4.0,0.26552337408065796,180.0
0.0,False,True,0.0,2.327676773071289,0.0,0.9296367764472961,4.0,0.263874351978302,180.0
0.0,False,True,0.0,2.900160551071167,0.0,0.9185060262680054,11.0,0.3516979217529297,180.0
0.0,False,True,0.0,2.6842360496520996,0.0,0.872904896736145,7.0,0.3206481635570526,180.0
0.0,False,True,0.0,3.0275676250457764,0.0,1.0050101280212402,7.0,0.33073174953460693,180.0
0.0,False,True,0.0,2.1372578144073486,0.0,0.7945597171783447,4.0,0.2575887143611908,180.0
0.0,False,True,0.0,2.6630046367645264,0.0,0.8542050719261169,4.0,0.2787967026233673,180.0
0.0,False,True,0.0,3.0218074321746826,0.0,0.8917770385742188,7.0,0.34268510341644287,180.0
0.0,False,True,0.0,2.3219516277313232,0.0,0.7047417163848877,1.0,0.2858155369758606,180.0
0.0,False,True,0.0,2.4725890159606934,0.0,0.9742486476898193,5.0,0.2679920494556427,180.0
0.0,False,True,0.0,2.1984684467315674,0.0,0.7929237484931946,4.0,0.29236656427383423,180.0
0.0,False,True,0.0,2.2966949939727783,0.0,0.8721795082092285,7.0,0.31187328696250916,180.0
0.0,False,True,0.0,2.0432515144348145,0.0,0.8117334246635437,4.0,0.29564523696899414,180.0
0.0,False,True,0.0,2.8042826652526855,0.0,1.0636483430862427,6.0,0.26903101801872253,180.0
0.0,False,True,0.0,1.9583473205566406,0.0,0.8212354779243469,7.0,0.33896568417549133,180.0
0.0,False,True,0.0,2.7329444885253906,0.0,0.8687848448753357,3.0,0.2633773386478424,180.0
0.0,False,True,0.0,2.176997661590576,0.0,0.8152335286140442,7.0,0.3385033905506134,180.0
0.0,False,True,0.0,2.962203025817871,0.0,1.008832573890686,5.0,0.30217137932777405,180.0
0.0,False,True,0.0,2.4719552993774414,0.0,0.8504441976547241,4.0,0.2664419710636139,180.0
0.0,False,True,0.0,2.458458185195923,0.0,0.923667311668396,7.0,0.3070089817047119,180.0
0.0,False,True,0.0,3.016620397567749,0.0,0.8973029851913452,5.0,0.31650081276893616,180.0
0.0,False,True,0.0,2.2799313068389893,0.0,0.9214164614677429,3.0,0.27573898434638977,180.0
0.0,False,True,0.0,2.6130685806274414,0.0,1.009476900100708,3.0,0.23586401343345642,180.0
0.0,False,True,0.0,2.0337467193603516,0.0,0.8617362380027771,7.0,0.3143322467803955,180.0
0.0,False,True,0.0,2.829023599624634,0.0,0.8493818640708923,3.0,0.29795682430267334,180.0
0.0,False,True,0.0,2.401266098022461,0.0,0.8369614481925964,4.0,0.33167320489883423,180.0
0.0,False,True,0.0,2.290466070175171,0.0,0.9049007892608643,4.0,0.2673496901988983,180.0
0.0,False,True,0.0,2.4660096168518066,0.0,0.9717800617218018,6.0,0.2844674289226532,180.0
0.0,False,True,0.0,2.7254135608673096,0.0,0.9203798770904541,4.0,0.2991228699684143,180.0
0.0,False,True,0.0,2.096578359603882,0.0,0.8525248765945435,4.0,0.29633134603500366,180.0
0.0,False,True,0.0,3.121673583984375,0.0,0.9740235209465027,5.0,0.33856305480003357,180.0
0.0,False,True,0.0,3.0223257541656494,0.0,0.835356593132019,3.0,0.27021294832229614,180.0
0.0,False,True,0.0,2.4547133445739746,0.0,0.9718267917633057,4.0,0.24458196759223938,180.0
0.0,False,True,0.0,3.03118634223938,0.0,1.0563278198242188,5.0,0.38201212882995605,270.0
0.0,False,True,0.0,2.8704445362091064,0.0,0.7953360080718994,3.0,0.26162397861480713,270.0
0.0,False,True,0.0,2.3607399463653564,0.0,0.7654771208763123,7.0,0.3311974108219147,270.0
0.0,False,True,0.0,2.05023193359375,0.0,0.7663726806640625,4.0,0.29965299367904663,270.0
0.0,False,True,0.0,1.8801352977752686,0.0,0.7929497361183167,4.0,0.29009130597114563,270.0
0.0,False,True,0.0,2.860607385635376,0.0,0.8430715203285217,5.0,0.3094986081123352,270.0
0.0,False,True,0.0,2.5938215255737305,0.0,0.8951388597488403,4.0,0.26057910919189453,270.0
0.0,False,True,0.0,1.992526888847351,0.0,0.8300937414169312,5.0,0.29883772134780884,270.0
0.0,False,True,0.0,2.9595582485198975,0.0,0.9311975240707397,3.0,0.29815536737442017,270.0
0.0,False,True,0.0,2.2719333171844482,0.0,0.7718139886856079,4.0,0.31171607971191406,270.0
0.0,False,True,0.0,2.8167500495910645,0.0,0.9681009650230408,14.0,0.23970536887645721,270.0
0.0,False,True,0.0,2.667851448059082,0.0,0.8208775520324707,1.0,0.2612926959991455,270.0
0.0,False,True,0.0,2.914703607559204,0.0,0.9132211804389954,4.0,0.3130212426185608,270.0
0.0,False,True,0.0,2.0476529598236084,0.0,0.8046823740005493,4.0,0.27246326208114624,270.0
0.0,False,True,0.0,2.8453755378723145,0.0,0.9559877514839172,9.0,0.3104077875614166,270.0
0.0,False,True,0.0,2.858416795730591,0.0,0.962027907371521,12.0,0.32549551129341125,270.0
0.0,False,True,0.0,2.4402382373809814,0.0,0.7832115292549133,4.0,0.2882939875125885,270.0
0.0,False,True,0.0,2.365957498550415,0.0,0.7639837861061096,3.0,0.23188021779060364,270.0
0.0,False,True,0.0,2.9943442344665527,0.0,0.903551459312439,4.0,0.29449668526649475,270.0
0.0,False,True,0.0,2.145392417907715,0.0,0.909953236579895,3.0,0.25110936164855957,270.0
0.0,False,True,0.0,2.822234869003296,0.0,0.8780716061592102,4.0,0.2728387117385864,270.0
0.0,False,True,0.0,2.472905397415161,0.0,0.7616557478904724,2.0,0.3269236981868744,270.0
0.0,False,True,0.0,2.5284781455993652,0.0,0.8794912099838257,4.0,0.27354153990745544,270.0
0.0,False,True,0.0,2.77099871635437,0.0,0.8925080299377441,4.0,0.3218473792076111,270.0
0.0,False,True,0.0,2.9047467708587646,0.0,1.0539261102676392,7.0,0.2828974425792694,270.0
0.0,False,True,0.0,3.2286481857299805,0.0,0.960307240486145,7.0,0.31188663840293884,270.0
0.0,False,True,0.0,2.4923789501190186,0.0,0.9485775232315063,7.0,0.30435705184936523,270.0
0.0,False,True,0.0,2.6041393280029297,0.0,0.9214761853218079,10.0,0.28313758969306946,270.0
0.0,False,True,0.0,2.101240873336792,0.0,0.8623880743980408,6.0,0.2738356590270996,270.0
0.0,False,True,0.0,2.4358227252960205,0.0,0.7460476160049438,4.0,0.2610807716846466,270.0
0.0,False,True,0.0,2.568493366241455,0.0,0.7150688767433167,3.0,0.28375425934791565,270.0
0.0,False,True,0.0,2.685912847518921,0.0,1.008785367012024,4.0,0.26550987362861633,270.0
0.0,False,True,0.0,2.327676773071289,0.0,0.9296451807022095,4.0,0.26386094093322754,270.0
0.0,False,True,0.0,2.900160551071167,0.0,0.9185137748718262,11.0,0.3517051637172699,270.0
0.0,False,True,0.0,2.6842360496520996,0.0,0.8729116916656494,7.0,0.320648193359375,270.0
0.0,False,True,0.0,3.0250446796417236,0.0,1.0066057443618774,5.0,0.3833558261394501,270.0
0.0,False,True,0.0,2.1373493671417236,0.0,0.7945660352706909,4.0,0.2575918436050415,270.0
0.0,False,True,0.0,2.662931203842163,0.0,0.8541929125785828,4.0,0.27879247069358826,270.0
0.0,False,True,0.0,3.0218722820281982,0.0,0.8934072852134705,7.0,0.3426564931869507,270.0
0.0,False,True,0.0,2.3219516277313232,0.0,0.7047446966171265,1.0,0.28581786155700684,270.0
0.0,False,True,0.0,2.4725890159606934,0.0,0.9742457866668701,5.0,0.267991840839386,270.0
0.0,False,True,0.0,2.1983795166015625,0.0,0.792890191078186,4.0,0.29239025712013245,270.0
0.0,False,True,0.0,2.296609878540039,0.0,0.8721830248832703,7.0,0.31187400221824646,270.0
0.0,False,True,0.0,2.0433473587036133,0.0,0.8117339611053467,4.0,0.29564663767814636,270.0
0.0,False,True,0.0,2.8043525218963623,0.0,1.0636543035507202,6.0,0.26905080676078796,270.0
0.0,False,True,0.0,1.9583473205566406,0.0,0.821238100528717,7.0,0.3389720916748047,270.0
0.0,False,True,0.0,2.7329444885253906,0.0,0.8687807321548462,3.0,0.26337748765945435,270.0
0.0,False,True,0.0,2.176997661590576,0.0,0.8152329325675964,7.0,0.3384920060634613,270.0
0.0,False,True,0.0,2.962136745452881,0.0,1.00876784324646,5.0,0.30255842208862305,270.0
0.0,False,True,0.0,2.4719552993774414,0.0,0.8504465222358704,4.0,0.2664376497268677,270.0
0.0,False,True,0.0,2.458458185195923,0.0,0.9236675500869751,7.0,0.30700165033340454,270.0
0.0,False,True,0.0,3.016620397567749,0.0,0.8972977995872498,5.0,0.3165026903152466,270.0
0.0,False,True,0.0,2.2799313068389893,0.0,0.921375036239624,3.0,0.2757300138473511,270.0
0.0,False,True,0.0,2.6553492546081543,0.0,1.0094763040542603,3.0,0.2359737604856491,270.0
0.0,False,True,0.0,2.0337467193603516,0.0,0.8617370128631592,7.0,0.314334899187088,270.0
0.0,False,True,0.0,2.829023599624634,0.0,0.8493726849555969,3.0,0.29796960949897766,270.0
0.0,False,True,0.0,2.394409656524658,0.0,0.836251437664032,4.0,0.324571818113327,270.0
0.0,False,True,0.0,2.290294885635376,0.0,0.9049146771430969,4.0,0.2673628032207489,270.0
0.0,False,True,0.0,2.4660096168518066,0.0,0.9717686176300049,6.0,0.28453218936920166,270.0
0.0,False,True,0.0,2.8080499172210693,0.0,0.9245869517326355,7.0,0.29869914054870605,270.0
0.0,False,True,0.0,2.0966718196868896,0.0,0.8525117635726929,4.0,0.2963142991065979,270.0
0.0,False,True,0.0,3.121673583984375,0.0,0.9740241169929504,5.0,0.33857154846191406,270.0
0.0,False,True,0.0,3.022260904312134,0.0,0.8353661298751831,3.0,0.2702125310897827,270.0
0.0,False,True,0.0,2.4547133445739746,0.0,0.9718247056007385,4.0,0.24457262456417084,270.0
50.0,False,True,0.0,3.83905291557312,0.0,1.056185007095337,5.0,0.43072864413261414,0.0
50.0,False,True,0.0,3.1259348392486572,0.0,0.7953414916992188,3.0,0.34371885657310486,0.0
50.0,False,True,0.0,3.284139394760132,0.0,0.7654697895050049,7.0,0.3496735990047455,0.0
50.0,False,True,0.0,3.7455952167510986,0.0,0.7663822174072266,4.0,0.3306773602962494,0.0
50.0,False,True,0.0,3.548948049545288,0.0,0.7926180362701416,4.0,0.33798086643218994,0.0
50.0,False,True,0.0,4.147843360900879,0.0,0.8430715203285217,5.0,0.3388391435146332,0.0
50.0,False,True,0.0,3.6779658794403076,0.0,0.8951348662376404,4.0,0.32863715291023254,0.0
50.0,False,True,0.0,3.726517915725708,0.0,0.8300948143005371,5.0,0.3621090352535248,0.0
50.0,False,True,0.0,3.9730093479156494,0.0,0.931203305721283,3.0,0.33255767822265625,0.0
50.0,False,True,0.0,3.802769422531128,0.0,0.7718133330345154,4.0,0.3628552258014679,0.0
50.0,False,True,0.0,3.9611623287200928,0.0,0.9681036472320557,14.0,0.2992880642414093,0.0
50.0,False,True,0.0,3.3357176780700684,0.0,0.8208797574043274,1.0,0.3486343324184418,0.0
50.0,False,True,0.0,4.1371588706970215,0.0,0.9136759042739868,4.0,0.3576836884021759,0.0
50.0,False,True,0.0,3.488912343978882,0.0,0.8046767711639404,4.0,0.3554428517818451,0.0
50.0,False,True,0.0,4.108420372009277,0.0,0.9559799432754517,9.0,0.33616137504577637,0.0
50.0,False,True,0.0,3.9014885425567627,0.0,0.9620301723480225,12.0,0.3863321840763092,0.0
50.0,False,True,0.0,3.5959725379943848,0.0,0.7832107543945312,4.0,0.33597901463508606,0.0
50.0,False,True,0.0,3.381650924682617,0.0,0.7639796733856201,3.0,0.294749915599823,0.0
50.0,False,True,0.0,4.541785717010498,0.0,0.9035552144050598,4.0,0.35196179151535034,0.0
50.0,False,True,0.0,2.997807264328003,0.0,0.9099587202072144,3.0,0.3100769519805908,0.0
50.0,False,True,0.0,3.89249324798584,0.0,0.8780710101127625,4.0,0.31558987498283386,0.0
50.0,False,True,0.0,4.295186519622803,0.0,0.7463746666908264,6.0,0.3410966992378235,0.0
50.0,False,True,0.0,4.013564586639404,0.0,0.8794988393783569,4.0,0.33742159605026245,0.0
50.0,False,True,0.0,4.311842918395996,0.0,0.8925127983093262,4.0,0.36010730266571045,0.0
50.0,False,True,0.0,3.6646320819854736,0.0,1.0539205074310303,7.0,0.3378947079181671,0.0
50.0,False,True,0.0,4.244363307952881,0.0,0.9603005051612854,7.0,0.34439346194267273,0.0
50.0,False,True,0.0,3.5321919918060303,0.0,0.9485584497451782,7.0,0.3509834110736847,0.0
50.0,False,True,0.0,3.564472198486328,0.0,0.9240851402282715,5.0,0.37124836444854736,0.0
50.0,False,True,0.0,3.4243409633636475,0.0,0.8623892068862915,6.0,0.3420620560646057,0.0
50.0,False,True,0.0,3.7390546798706055,0.0,0.7460479140281677,4.0,0.31468307971954346,0.0
50.0,False,True,0.0,4.317290306091309,0.0,0.7150681018829346,3.0,0.3333725929260254,0.0
50.0,False,True,0.0,3.6951217651367188,0.0,1.0087790489196777,4.0,0.3295508325099945,0.0
50.0,False,True,0.0,3.6964993476867676,0.0,0.9296306371688843,4.0,0.3253040909767151,0.0
50.0,False,True,0.0,4.271501541137695,0.0,0.9185113310813904,11.0,0.40354377031326294,0.0
50.0,False,True,0.0,3.725677013397217,0.0,0.8728988170623779,7.0,0.3669264614582062,0.0
50.0,False,True,0.0,3.8573715686798096,0.0,1.0050075054168701,7.0,0.3617674708366394,0.0
50.0,False,True,0.0,3.351468324661255,0.0,0.7945671081542969,4.0,0.33365514874458313,0.0
50.0,False,True,0.0,3.3609771728515625,0.0,0.8542119860649109,4.0,0.3416178822517395,0.0
50.0,False,True,0.0,4.343567848205566,0.0,0.8934015035629272,7.0,0.3715555965900421,0.0
50.0,False,True,0.0,3.2202088832855225,0.0,0.7047430276870728,1.0,0.32734665274620056,0.0
50.0,False,True,0.0,3.7114596366882324,0.0,0.9742610454559326,5.0,0.3399416208267212,0.0
50.0,False,True,0.0,3.645185708999634,0.0,0.7929195165634155,4.0,0.376110702753067,0.0
50.0,False,True,0.0,3.5701801776885986,0.0,0.8721769452095032,7.0,0.33871155977249146,0.0
50.0,False,True,0.0,3.4594383239746094,0.0,0.8117311596870422,4.0,0.3591589629650116,0.0
50.0,False,True,0.0,3.8037989139556885,0.0,1.0636494159698486,6.0,0.328752338886261,0.0
50.0,False,True,0.0,3.195736885070801,0.0,0.8212358951568604,7.0,0.3445266783237457,0.0
50.0,False,True,0.0,3.086228132247925,0.0,0.8687768578529358,3.0,0.3317331075668335,0.0
50.0,False,True,0.0,3.1899118423461914,0.0,0.815229594707489,7.0,0.3671213984489441,0.0
50.0,False,True,0.0,4.068808555603027,0.0,1.0088322162628174,5.0,0.35787221789360046,0.0
50.0,False,True,0.0,3.4950239658355713,0.0,0.8504458665847778,4.0,0.33907613158226013,0.0
50.0,False,True,0.0,3.4428157806396484,0.0,0.9236701130867004,7.0,0.3401449918746948,0.0
50.0,False,True,0.0,4.1741533279418945,0.0,0.8972952961921692,5.0,0.3565700650215149,0.0
50.0,False,True,0.0,3.3159382343292236,0.0,0.9214144945144653,3.0,0.3169975280761719,0.0
50.0,False,True,0.0,3.5877418518066406,0.0,1.0094817876815796,3.0,0.3017048239707947,0.0
50.0,False,True,0.0,3.132628917694092,0.0,0.861741304397583,7.0,0.3644304573535919,0.0
50.0,False,True,0.0,4.215936183929443,0.0,0.8493815660476685,3.0,0.3413453698158264,0.0
50.0,False,True,0.0,4.159018516540527,0.0,0.8372939825057983,4.0,0.3709850013256073,0.0
50.0,False,True,0.0,3.501516342163086,0.0,0.9049050211906433,4.0,0.33127132058143616,0.0
50.0,False,True,0.0,3.507605791091919,0.0,0.9717916250228882,6.0,0.35232293605804443,0.0
50.0,False,True,0.0,3.164649486541748,0.0,0.9203812479972839,4.0,0.3529440462589264,0.0
50.0,False,True,0.0,3.5708932876586914,0.0,0.8525224924087524,4.0,0.3516249358654022,0.0
50.0,False,True,0.0,4.214449405670166,0.0,0.9740206003189087,5.0,0.36924463510513306,0.0
50.0,False,True,0.0,3.7487826347351074,0.0,0.8353672623634338,3.0,0.3263539671897888,0.0
50.0,False,True,0.0,3.649909734725952,0.0,0.9720234870910645,4.0,0.33506861329078674,0.0
50.0,False,True,0.0,3.3979387283325195,0.0,1.0563278198242188,5.0,0.29360431432724,90.0
50.0,False,True,0.0,2.794703483581543,0.0,0.7953429222106934,3.0,0.20617954432964325,90.0
50.0,False,True,0.0,2.3001866340637207,0.0,0.765471875667572,7.0,0.3179854452610016,90.0
50.0,False,True,0.0,2.20273756980896,0.0,0.7663789987564087,4.0,0.26365169882774353,90.0
50.0,False,True,0.0,2.5088164806365967,0.0,0.7929545044898987,4.0,0.24557572603225708,90.0
50.0,False,True,0.0,3.046518087387085,0.0,0.8430712819099426,5.0,0.2668290436267853,90.0
50.0,False,True,0.0,2.9397146701812744,0.0,0.8949397802352905,4.0,0.20470035076141357,90.0
50.0,False,True,0.0,2.6953699588775635,0.0,0.8300905823707581,5.0,0.24045255780220032,90.0
50.0,False,True,0.0,3.4270269870758057,0.0,0.931490421295166,3.0,0.2318512201309204,90.0
50.0,False,True,0.0,2.622340679168701,0.0,0.7718124985694885,4.0,0.25808465480804443,90.0
50.0,False,True,0.0,3.0570383071899414,0.0,0.9682353734970093,14.0,0.22279047966003418,90.0
50.0,False,True,0.0,2.725844144821167,0.0,0.8208765983581543,1.0,0.22211305797100067,90.0
50.0,False,True,0.0,3.377537965774536,0.0,0.913676381111145,4.0,0.2441793829202652,90.0
50.0,False,True,0.0,2.211339235305786,0.0,0.8046863675117493,4.0,0.23973941802978516,90.0
50.0,False,True,0.0,2.9146363735198975,0.0,0.9559838771820068,9.0,0.24395808577537537,90.0
50.0,False,True,0.0,3.1135730743408203,0.0,0.9620334506034851,12.0,0.2778036892414093,90.0
50.0,False,True,0.0,2.540602922439575,0.0,0.7832080125808716,4.0,0.2607269287109375,90.0
50.0,False,True,0.0,2.417351484298706,0.0,0.7639790177345276,3.0,0.2187231034040451,90.0
50.0,False,True,0.0,3.546354055404663,0.0,0.9035516977310181,4.0,0.24494431912899017,90.0
50.0,False,True,0.0,2.14274525642395,0.0,0.9099586606025696,3.0,0.1963813602924347,90.0
50.0,False,True,0.0,3.098951816558838,0.0,0.8780718445777893,4.0,0.23756057024002075,90.0
50.0,False,True,0.0,2.541064977645874,0.0,0.7698094844818115,7.0,0.24301613867282867,90.0
50.0,False,True,0.0,2.745877742767334,0.0,0.8794915676116943,4.0,0.21684671938419342,90.0
50.0,False,True,0.0,3.2590057849884033,0.0,0.8925124406814575,4.0,0.23400235176086426,90.0
50.0,False,True,0.0,3.2299818992614746,0.0,1.0539287328720093,7.0,0.2421128898859024,90.0
50.0,False,True,0.0,3.1676790714263916,0.0,0.9603176116943359,7.0,0.24081869423389435,90.0
50.0,False,True,0.0,2.81695818901062,0.0,0.9485560655593872,7.0,0.25143125653266907,90.0
50.0,False,True,0.0,2.80393385887146,0.0,0.9240949153900146,5.0,0.24248260259628296,90.0
50.0,False,True,0.0,2.4109463691711426,0.0,0.8623934984207153,6.0,0.23244497179985046,90.0
50.0,False,True,0.0,2.5213463306427,0.0,0.7460445165634155,4.0,0.22968924045562744,90.0
50.0,False,True,0.0,2.5519793033599854,0.0,0.7150684595108032,3.0,0.26478344202041626,90.0
50.0,False,True,0.0,3.087116003036499,0.0,1.0087834596633911,4.0,0.19435153901576996,90.0
50.0,False,True,0.0,2.630836248397827,0.0,0.9296426177024841,4.0,0.20638154447078705,90.0
50.0,False,True,0.0,3.5855581760406494,0.0,0.9185066819190979,11.0,0.29204440116882324,90.0
50.0,False,True,0.0,2.9456355571746826,0.0,0.8729013204574585,7.0,0.28501537442207336,90.0
50.0,False,True,0.0,3.0469038486480713,0.0,1.005002498626709,7.0,0.2549591660499573,90.0
50.0,False,True,0.0,2.3594958782196045,0.0,0.7945627570152283,4.0,0.21450181305408478,90.0
50.0,False,True,0.0,2.7484428882598877,0.0,0.8542066216468811,4.0,0.2511461675167084,90.0
50.0,False,True,0.0,3.305293560028076,0.0,0.8917640447616577,7.0,0.25771284103393555,90.0
50.0,False,True,0.0,2.4747252464294434,0.0,0.7063157558441162,1.0,0.267487108707428,90.0
50.0,False,True,0.0,2.8527958393096924,0.0,0.9742493629455566,5.0,0.19918027520179749,90.0
50.0,False,True,0.0,2.383759021759033,0.0,0.7928826808929443,4.0,0.253121018409729,90.0
50.0,False,True,0.0,2.5472967624664307,0.0,0.8721821308135986,7.0,0.2863961160182953,90.0
50.0,False,True,0.0,2.460685968399048,0.0,0.8117318153381348,4.0,0.2284156084060669,90.0
50.0,False,True,0.0,3.0142834186553955,0.0,1.0636523962020874,6.0,0.20190264284610748,90.0
50.0,False,True,0.0,2.1642842292785645,0.0,0.8212350606918335,7.0,0.3132387101650238,90.0
50.0,False,True,0.0,2.739311456680298,0.0,0.8687775135040283,3.0,0.22047273814678192,90.0
50.0,False,True,0.0,2.4452860355377197,0.0,0.8152324557304382,7.0,0.3179854154586792,90.0
50.0,False,True,0.0,3.2400882244110107,0.0,1.0087722539901733,5.0,0.21872270107269287,90.0
50.0,False,True,0.0,2.8268086910247803,0.0,0.8504469394683838,4.0,0.20898379385471344,90.0
50.0,False,True,0.0,2.5825531482696533,0.0,0.9236658215522766,7.0,0.28603431582450867,90.0
50.0,False,True,0.0,3.20881986618042,0.0,0.8972979187965393,5.0,0.2524101138114929,90.0
50.0,False,True,0.0,2.336153984069824,0.0,0.921369731426239,3.0,0.2063116431236267,90.0
50.0,False,True,0.0,2.632249593734741,0.0,1.0094760656356812,3.0,0.18646614253520966,90.0
50.0,False,True,0.0,2.313084125518799,0.0,0.8617420196533203,7.0,0.2883145213127136,90.0
50.0,False,True,0.0,2.758183002471924,0.0,0.849379301071167,3.0,0.23815999925136566,90.0
50.0,False,True,0.0,2.9009029865264893,0.0,0.8373087048530579,4.0,0.2485729306936264,90.0
50.0,False,True,0.0,2.4984967708587646,0.0,0.9049082398414612,4.0,0.21265144646167755,90.0
50.0,False,True,0.0,2.7407405376434326,0.0,0.9717843532562256,6.0,0.21018864214420319,90.0
50.0,False,True,0.0,2.7528553009033203,0.0,0.9203816056251526,4.0,0.23109664022922516,90.0
50.0,False,True,0.0,2.293198585510254,0.0,0.85251784324646,4.0,0.24857039749622345,90.0
50.0,False,True,0.0,3.3560802936553955,0.0,0.9740233421325684,5.0,0.2545378804206848,90.0
50.0,False,True,0.0,2.988192558288574,0.0,0.8353685736656189,3.0,0.20961648225784302,90.0
50.0,False,True,0.0,2.890221357345581,0.0,0.9718262553215027,4.0,0.1906968504190445,90.0
50.0,False,True,0.0,3.5093915462493896,0.0,1.0561712980270386,5.0,0.4436019957065582,180.0
50.0,False,True,0.0,3.02510929107666,0.0,0.7953452467918396,3.0,0.3978274464607239,180.0
50.0,False,True,0.0,3.014543056488037,0.0,0.7654762268066406,7.0,0.4728114902973175,180.0
50.0,False,True,0.0,2.632323980331421,0.0,0.7663794159889221,4.0,0.41286733746528625,180.0
50.0,False,True,0.0,2.8530702590942383,0.0,0.7926118969917297,4.0,0.3956681787967682,180.0
50.0,False,True,0.0,3.368715524673462,0.0,0.8430607318878174,5.0,0.415725439786911,180.0
50.0,False,True,0.0,3.1685445308685303,0.0,0.8951429128646851,4.0,0.3756163716316223,180.0
50.0,False,True,0.0,2.8268778324127197,0.0,0.8300866484642029,5.0,0.40257906913757324,180.0
50.0,False,True,0.0,3.5916690826416016,0.0,0.9305664896965027,3.0,0.4194198548793793,180.0
50.0,False,True,0.0,3.1243691444396973,0.0,0.7718133330345154,4.0,0.4179282784461975,180.0
50.0,False,True,0.0,3.022390365600586,0.0,0.9681012630462646,14.0,0.3706032633781433,180.0
50.0,False,True,0.0,3.046518087387085,0.0,0.8208765387535095,1.0,0.39176544547080994,180.0
50.0,False,True,0.0,3.1761345863342285,0.0,0.9136723875999451,4.0,0.4045086205005646,180.0
50.0,False,True,0.0,2.839177131652832,0.0,0.8046861886978149,4.0,0.40163347125053406,180.0
50.0,False,True,0.0,2.9226179122924805,0.0,0.9427734613418579,7.0,0.4541929066181183,180.0
50.0,False,True,0.0,2.963061809539795,0.0,0.962037980556488,12.0,0.3904516100883484,180.0
50.0,False,True,0.0,3.0464539527893066,0.0,0.7832083702087402,4.0,0.42136380076408386,180.0
50.0,False,True,0.0,2.7221076488494873,0.0,0.7551541924476624,3.0,0.3847890794277191,180.0
50.0,False,True,0.0,3.5145764350891113,0.0,0.9035468101501465,4.0,0.3851262032985687,180.0
50.0,False,True,0.0,2.4317212104797363,0.0,0.9099534749984741,3.0,0.3763822019100189,180.0
50.0,False,True,0.0,3.4588723182678223,0.0,0.8780715465545654,4.0,0.40085896849632263,180.0
50.0,False,True,0.0,3.1485865116119385,0.0,0.7463698387145996,6.0,0.41483259201049805,180.0
50.0,False,True,0.0,3.1738533973693848,0.0,0.8795000314712524,4.0,0.38900166749954224,180.0
50.0,False,True,0.0,2.9927749633789062,0.0,0.8925042748451233,4.0,0.4042866826057434,180.0
50.0,False,True,0.0,3.5918326377868652,0.0,1.0539300441741943,7.0,0.40708136558532715,180.0
50.0,False,True,0.0,3.5048694610595703,0.0,0.9603250622749329,7.0,0.4151267111301422,180.0
50.0,False,True,0.0,3.333310127258301,0.0,0.9485742449760437,7.0,0.4105064272880554,180.0
50.0,False,True,0.0,3.057422637939453,0.0,0.9230645895004272,5.0,0.40014976263046265,180.0
50.0,False,True,0.0,2.9719016551971436,0.0,0.8623810410499573,6.0,0.39851099252700806,180.0
50.0,False,True,0.0,3.062221050262451,0.0,0.7460455298423767,4.0,0.38980796933174133,180.0
50.0,False,True,0.0,2.945568799972534,0.0,0.71506667137146,3.0,0.4015088677406311,180.0
50.0,False,True,0.0,3.2172892093658447,0.0,1.0087789297103882,4.0,0.36671149730682373,180.0
50.0,False,True,0.0,2.9996352195739746,0.0,0.9296419620513916,4.0,0.38867026567459106,180.0
50.0,False,True,0.0,3.2458834648132324,0.0,0.9185178279876709,11.0,0.41852524876594543,180.0
50.0,False,True,0.0,3.4080069065093994,0.0,0.8729112148284912,7.0,0.44058552384376526,180.0
50.0,False,True,0.0,3.359520673751831,0.0,1.005010724067688,7.0,0.4314957559108734,180.0
50.0,False,True,0.0,2.755626916885376,0.0,0.7945706248283386,4.0,0.3913670480251312,180.0
50.0,False,True,0.0,2.989567995071411,0.0,0.8542036414146423,4.0,0.4057764708995819,180.0
50.0,False,True,0.0,3.206928014755249,0.0,0.8917701244354248,7.0,0.42325031757354736,180.0
50.0,False,True,0.0,2.9749300479888916,0.0,0.7047432065010071,1.0,0.41694962978363037,180.0
50.0,False,True,0.0,3.1350650787353516,0.0,0.9742571115493774,5.0,0.3829456865787506,180.0
50.0,False,True,0.0,2.8470261096954346,0.0,0.7929226160049438,4.0,0.39747434854507446,180.0
50.0,False,True,0.0,2.96398663520813,0.0,0.8721834421157837,7.0,0.42127808928489685,180.0
50.0,False,True,0.0,2.8438615798950195,0.0,0.8117296695709229,4.0,0.3964338004589081,180.0
50.0,False,True,0.0,3.3946526050567627,0.0,1.0636532306671143,6.0,0.38616374135017395,180.0
50.0,False,True,0.0,2.542604923248291,0.0,0.8212337493896484,7.0,0.44288957118988037,180.0
50.0,False,True,0.0,2.8527958393096924,0.0,0.8687809705734253,3.0,0.3938293159008026,180.0
50.0,False,True,0.0,2.826046943664551,0.0,0.8152339458465576,7.0,0.45850446820259094,180.0
50.0,False,True,0.0,3.5199761390686035,0.0,1.0088375806808472,5.0,0.39111462235450745,180.0
50.0,False,True,0.0,2.9707157611846924,0.0,0.850441575050354,4.0,0.3714471757411957,180.0
50.0,False,True,0.0,3.221059799194336,0.0,0.923668622970581,7.0,0.43304669857025146,180.0
50.0,False,True,0.0,3.4715850353240967,0.0,0.8972972631454468,5.0,0.4124402105808258,180.0
50.0,False,True,0.0,2.866896152496338,0.0,0.9214169979095459,3.0,0.3838046193122864,180.0
50.0,False,True,0.0,3.1695327758789062,0.0,1.009475827217102,3.0,0.35060104727745056,180.0
50.0,False,True,0.0,2.759814739227295,0.0,0.8617306351661682,7.0,0.42171424627304077,180.0
50.0,False,True,0.0,3.3028640747070312,0.0,0.8493834137916565,3.0,0.4005352258682251,180.0
50.0,False,True,0.0,3.0472893714904785,0.0,0.8369165062904358,5.0,0.4213765561580658,180.0
50.0,False,True,0.0,2.995520830154419,0.0,0.9049096703529358,4.0,0.39285317063331604,180.0
50.0,False,True,0.0,3.140181541442871,0.0,0.9717845320701599,6.0,0.3919043242931366,180.0
50.0,False,True,0.0,3.1506998538970947,0.0,0.9203850626945496,4.0,0.40491747856140137,180.0
50.0,False,True,0.0,2.696822166442871,0.0,0.8525218367576599,4.0,0.4028436839580536,180.0
50.0,False,True,0.0,3.5910146236419678,0.0,0.9740243554115295,5.0,0.4294690489768982,180.0
50.0,False,True,0.0,3.3097329139709473,0.0,0.8353694081306458,3.0,0.37345588207244873,180.0
50.0,False,True,0.0,3.1827847957611084,0.0,0.9718210697174072,4.0,0.3636949956417084,180.0
50.0,False,True,0.0,3.326960802078247,0.0,1.056322455406189,5.0,0.5479775071144104,270.0
50.0,False,True,0.0,2.9303104877471924,0.0,0.7953430414199829,3.0,0.5467978119850159,270.0
50.0,False,True,0.0,2.374298334121704,0.0,0.7654759883880615,7.0,0.5397356748580933,270.0
50.0,False,True,0.0,2.0810248851776123,0.0,0.7663773894309998,4.0,0.4786469340324402,270.0
50.0,False,True,0.0,2.1599390506744385,0.0,0.7926181554794312,4.0,0.490734726190567,270.0
50.0,False,True,0.0,2.907777786254883,0.0,0.8430559635162354,5.0,0.4873409867286682,270.0
50.0,False,True,0.0,2.840142011642456,0.0,0.8951391577720642,4.0,0.5058751702308655,270.0
50.0,False,True,0.0,2.2095682621002197,0.0,0.8300920128822327,5.0,0.5040303468704224,270.0
50.0,False,True,0.0,3.176751136779785,0.0,0.9311974048614502,3.0,0.5346339344978333,270.0
50.0,False,True,0.0,2.3218674659729004,0.0,0.7718138694763184,4.0,0.518104612827301,270.0
50.0,False,True,0.0,3.115898609161377,0.0,0.9681053161621094,14.0,0.4963117241859436,270.0
50.0,False,True,0.0,2.7814340591430664,0.0,0.8208776116371155,1.0,0.5459582209587097,270.0
50.0,False,True,0.0,2.9820284843444824,0.0,0.9129176139831543,5.0,0.5064054131507874,270.0
50.0,False,True,0.0,2.2990803718566895,0.0,0.8046847581863403,4.0,0.5242510437965393,270.0
50.0,False,True,0.0,2.9565141201019287,0.0,0.9559851288795471,9.0,0.5031177997589111,270.0
50.0,False,True,0.0,2.9449708461761475,0.0,0.9620364904403687,12.0,0.5220928192138672,270.0
50.0,False,True,0.0,2.868875503540039,0.0,0.7832071185112,4.0,0.5276402235031128,270.0
50.0,False,True,0.0,2.3706681728363037,0.0,0.7639336585998535,3.0,0.47471871972084045,270.0
50.0,False,True,0.0,3.211381196975708,0.0,0.9035519957542419,4.0,0.4982074797153473,270.0
50.0,False,True,0.0,2.312068462371826,0.0,0.909955620765686,3.0,0.49926450848579407,270.0
50.0,False,True,0.0,3.0462613105773926,0.0,0.8780762553215027,4.0,0.532499372959137,270.0
50.0,False,True,0.0,2.5895166397094727,0.0,0.7463712096214294,6.0,0.49629727005958557,270.0
50.0,False,True,0.0,2.605567216873169,0.0,0.8794899582862854,4.0,0.4984290599822998,270.0
50.0,False,True,0.0,2.7473032474517822,0.0,0.8925032019615173,4.0,0.5160000324249268,270.0
50.0,False,True,0.0,2.9220821857452393,0.0,1.053928256034851,7.0,0.5369795560836792,270.0
50.0,False,True,0.0,3.4081220626831055,0.0,0.9603243470191956,7.0,0.5285844802856445,270.0
50.0,False,True,0.0,2.9273695945739746,0.0,0.9485731720924377,7.0,0.5675702691078186,270.0
50.0,False,True,0.0,2.71490740776062,0.0,0.9229630827903748,5.0,0.5158532857894897,270.0
50.0,False,True,0.0,2.771775484085083,0.0,0.862384557723999,6.0,0.5202056765556335,270.0
50.0,False,True,0.0,2.5311858654022217,0.0,0.7460468411445618,4.0,0.4617863893508911,270.0
50.0,False,True,0.0,2.6276350021362305,0.0,0.715823769569397,7.0,0.5062462687492371,270.0
50.0,False,True,0.0,2.8256313800811768,0.0,1.008782982826233,4.0,0.5252158045768738,270.0
50.0,False,True,0.0,2.418161153793335,0.0,0.9296428561210632,4.0,0.5216320753097534,270.0
50.0,False,True,0.0,3.105388641357422,0.0,0.918515145778656,11.0,0.5274555683135986,270.0
50.0,False,True,0.0,2.88371205329895,0.0,0.8729101419448853,7.0,0.5585982799530029,270.0
50.0,False,True,0.0,3.131441354751587,0.0,1.0050079822540283,7.0,0.5469276905059814,270.0
50.0,False,True,0.0,2.5707783699035645,0.0,0.7945660352706909,4.0,0.49715185165405273,270.0
50.0,False,True,0.0,2.893944025039673,0.0,0.854206919670105,4.0,0.5572619438171387,270.0
50.0,False,True,0.0,2.9812405109405518,0.0,0.8917796611785889,7.0,0.5255552530288696,270.0
50.0,False,True,0.0,2.7339470386505127,0.0,0.7047443985939026,1.0,0.476136177778244,270.0
50.0,False,True,0.0,2.689918041229248,0.0,0.9742554426193237,5.0,0.5115234851837158,270.0
50.0,False,True,0.0,2.262523889541626,0.0,0.7928787469863892,4.0,0.5096836090087891,270.0
50.0,False,True,0.0,2.719733715057373,0.0,0.8721799254417419,7.0,0.5064392685890198,270.0
50.0,False,True,0.0,2.35160231590271,0.0,0.8117343783378601,4.0,0.5271634459495544,270.0
50.0,False,True,0.0,3.050114393234253,0.0,1.0636485815048218,6.0,0.5335266590118408,270.0
50.0,False,True,0.0,2.0781075954437256,0.0,0.821235179901123,7.0,0.5174002051353455,270.0
50.0,False,True,0.0,2.683652400970459,0.0,0.8687856197357178,3.0,0.5577006340026855,270.0
50.0,False,True,0.0,2.4050941467285156,0.0,0.815233051776886,7.0,0.5489178895950317,270.0
50.0,False,True,0.0,3.1976351737976074,0.0,1.008840560913086,5.0,0.530742347240448,270.0
50.0,False,True,0.0,2.4617199897766113,0.0,0.8504430651664734,4.0,0.49816474318504333,270.0
50.0,False,True,0.0,2.433089017868042,0.0,0.9236673712730408,7.0,0.5589836239814758,270.0
50.0,False,True,0.0,3.1610593795776367,0.0,0.8972910046577454,5.0,0.505570113658905,270.0
50.0,False,True,0.0,2.4622766971588135,0.0,0.921417772769928,3.0,0.5296841859817505,270.0
50.0,False,True,0.0,2.71822190284729,0.0,1.0097283124923706,3.0,0.4961456060409546,270.0
50.0,False,True,0.0,2.1412830352783203,0.0,0.8617298603057861,7.0,0.5587996244430542,270.0
50.0,False,True,0.0,2.7368810176849365,0.0,0.8493883609771729,3.0,0.503154993057251,270.0
50.0,False,True,0.0,2.5629241466522217,0.0,0.8373018503189087,4.0,0.5155450701713562,270.0
50.0,False,True,0.0,2.368603229522705,0.0,0.9049088358879089,4.0,0.520540177822113,270.0
50.0,False,True,0.0,2.7883925437927246,0.0,0.9717816710472107,6.0,0.5520923137664795,270.0
50.0,False,True,0.0,2.8682613372802734,0.0,0.9245868921279907,7.0,0.5481006503105164,270.0
50.0,False,True,0.0,2.2106311321258545,0.0,0.8525121212005615,4.0,0.49885496497154236,270.0
50.0,False,True,0.0,3.4927265644073486,0.0,0.9740215539932251,5.0,0.5430353879928589,270.0
50.0,False,True,0.0,2.923086643218994,0.0,0.8353652954101562,3.0,0.5226751565933228,270.0
50.0,False,True,0.0,2.6414542198181152,0.0,0.9718369841575623,4.0,0.5018451809883118,270.0
100.0,False,True,0.0,5.244524002075195,0.0,1.0563305616378784,5.0,0.572120726108551,0.0
100.0,False,True,0.0,4.324497699737549,0.0,0.7953460216522217,3.0,0.5719040632247925,0.0
100.0,False,True,0.0,4.280890464782715,0.0,0.7654756903648376,7.0,0.5022594332695007,0.0
100.0,False,True,0.0,4.712059020996094,0.0,0.766376256942749,4.0,0.5017931461334229,0.0
100.0,False,True,0.0,4.800324440002441,0.0,0.7929528951644897,4.0,0.5527320504188538,0.0
100.0,False,True,0.0,5.3481903076171875,0.0,0.8430607318878174,5.0,0.4889184832572937,0.0
100.0,False,True,0.0,4.433984756469727,0.0,0.8951331377029419,4.0,0.5211998820304871,0.0
100.0,False,True,0.0,5.014267444610596,0.0,0.8300923705101013,5.0,0.5508372187614441,0.0
100.0,False,True,0.0,4.833388805389404,0.0,0.9305611252784729,3.0,0.517577052116394,0.0
100.0,False,True,0.0,4.913146495819092,0.0,0.7718111276626587,4.0,0.5236464738845825,0.0
100.0,False,True,0.0,5.0658135414123535,0.0,0.9680886268615723,14.0,0.45391416549682617,0.0
100.0,False,True,0.0,4.474833965301514,0.0,0.8208749294281006,1.0,0.5679145455360413,0.0
100.0,False,True,0.0,5.614576816558838,0.0,0.9132211208343506,4.0,0.505983293056488,0.0
100.0,False,True,0.0,4.405178070068359,0.0,0.8046754598617554,4.0,0.5535253286361694,0.0
100.0,False,True,0.0,5.128201484680176,0.0,0.9559858441352844,9.0,0.5124884247779846,0.0
100.0,False,True,0.0,5.195425987243652,0.0,0.9620290994644165,12.0,0.5798285007476807,0.0
100.0,False,True,0.0,4.613077640533447,0.0009504759218543768,0.7832040190696716,4.0,0.5619609355926514,0.0
100.0,False,True,0.0,4.338695526123047,0.0,0.7523877024650574,3.0,0.5170930027961731,0.0
100.0,False,True,0.0,5.984220504760742,0.0,0.9035537838935852,4.0,0.5602447986602783,0.0
100.0,False,True,0.0,3.996598243713379,0.0,0.9099549651145935,3.0,0.5026919841766357,0.0
100.0,False,True,0.0,4.798079013824463,0.0,0.8780758380889893,4.0,0.4797805845737457,0.0
100.0,False,True,0.0,5.10107946395874,0.0,0.761658787727356,2.0,0.4907754957675934,0.0
100.0,False,True,0.0,5.054080963134766,0.0,0.8794944882392883,4.0,0.5170103907585144,0.0
100.0,False,True,0.0,5.279193878173828,0.0,0.8915746212005615,4.0,0.5371543765068054,0.0
100.0,False,True,0.0,4.617703437805176,0.0,1.0539236068725586,7.0,0.5433266162872314,0.0
100.0,False,True,0.0,5.1214728355407715,0.0,0.9603184461593628,7.0,0.5082520842552185,0.0
100.0,False,True,0.0,4.3889641761779785,0.0,0.9486263394355774,7.0,0.5490699410438538,0.0
100.0,False,True,0.0,4.6485676765441895,0.0,0.9230377674102783,5.0,0.5977680683135986,0.0
100.0,False,True,0.0,4.440119743347168,0.0,0.8623856902122498,6.0,0.550971269607544,0.0
100.0,False,True,0.0,5.039522647857666,0.0,0.7460500597953796,4.0,0.4944223165512085,0.0
100.0,False,True,0.0,5.053150177001953,0.0,0.7173773050308228,1.0,0.5338849425315857,0.0
100.0,False,True,0.0,4.7653045654296875,0.0,1.0087852478027344,4.0,0.5091666579246521,0.0
100.0,False,True,0.0,4.879616737365723,0.0,0.9296460747718811,4.0,0.5216782093048096,0.0
100.0,False,True,0.0,5.642884731292725,0.0,0.9185155630111694,11.0,0.5943864583969116,0.0
100.0,False,True,0.0,4.4510908126831055,0.0,0.8729102611541748,7.0,0.5579488277435303,0.0
100.0,False,True,0.0,4.929666519165039,0.0,1.0050060749053955,7.0,0.5318464636802673,0.0
100.0,False,True,0.0,4.357434272766113,0.0,0.7945625185966492,4.0,0.5330820083618164,0.0
100.0,False,True,0.0,4.2610344886779785,0.0,0.8541943430900574,4.0,0.5276162624359131,0.0
100.0,False,True,0.0,5.498147964477539,0.0,0.8917715549468994,7.0,0.5260502696037292,0.0
100.0,False,True,0.0,4.553802967071533,0.0008990001515485346,0.7047405242919922,1.0,0.558440625667572,0.0
100.0,False,True,0.0,4.63218879699707,0.0,0.9742545485496521,5.0,0.5379323363304138,0.0
100.0,False,True,0.0,4.8956098556518555,0.0,0.7928899526596069,4.0,0.5759661197662354,0.0
100.0,False,True,0.0,4.587444305419922,0.0,0.8721858859062195,7.0,0.49162596464157104,0.0
100.0,False,True,0.0,4.3196940422058105,0.0,0.8117313385009766,4.0,0.5312150120735168,0.0
100.0,False,True,0.0,4.839990615844727,0.0,1.0636543035507202,6.0,0.5269668102264404,0.0
100.0,False,True,0.0,4.3791351318359375,0.0,0.8212359547615051,7.0,0.5073392391204834,0.0
100.0,False,True,0.0,4.209892749786377,0.0,0.8687846660614014,3.0,0.5369203686714172,0.0
100.0,False,True,0.0,4.390079498291016,0.0,0.815234899520874,7.0,0.5293110609054565,0.0
100.0,False,True,0.0,4.904206275939941,0.0,1.0088294744491577,5.0,0.5381554961204529,0.0
100.0,False,True,0.0,4.554619312286377,0.0,0.8504384756088257,4.0,0.5235708355903625,0.0
100.0,False,True,0.0,4.436501502990723,0.0,0.9236640334129333,7.0,0.5232959985733032,0.0
100.0,False,True,0.0,5.202963352203369,0.0,0.8972917199134827,5.0,0.525061845779419,0.0
100.0,False,True,0.0,4.2899394035339355,0.0,0.9213700294494629,3.0,0.508048415184021,0.0
100.0,False,True,0.0,4.554791450500488,0.0,1.0097297430038452,3.0,0.4966296851634979,0.0
100.0,False,True,0.0,4.119654655456543,0.0,0.8617315888404846,7.0,0.522299587726593,0.0
100.0,False,True,0.0,5.375307559967041,0.0,0.8493795990943909,3.0,0.5475441813468933,0.0
100.0,False,True,0.0,4.945577144622803,0.0,0.8372913599014282,4.0,0.5427367687225342,0.0
100.0,False,True,0.0,4.3730034828186035,0.0,0.904930591583252,4.0,0.5119326114654541,0.0
100.0,False,True,0.0,4.521600246429443,0.0,0.9717827439308167,6.0,0.5386537313461304,0.0
100.0,False,True,0.0,4.111612796783447,0.0,0.9203804731369019,4.0,0.5352164506912231,0.0
100.0,False,True,0.0,4.826818466186523,0.0,0.8525238037109375,4.0,0.5119531154632568,0.0
100.0,False,True,0.0,5.13545560836792,0.0,0.9740315079689026,5.0,0.5236726403236389,0.0
100.0,False,True,0.0,4.899529933929443,0.0,0.835378885269165,3.0,0.5092447996139526,0.0
100.0,False,True,0.0,4.434911727905273,0.0,0.9718352556228638,4.0,0.552901566028595,0.0
100.0,False,True,0.0,4.460980415344238,0.0,1.0563236474990845,5.0,0.42987310886383057,90.0
100.0,False,True,0.0,3.231557607650757,0.0,0.7953502535820007,3.0,0.3818613886833191,90.0
100.0,False,True,0.0,3.0704567432403564,0.0,0.7654702663421631,7.0,0.39721664786338806,90.0
100.0,False,True,0.0,3.2523910999298096,0.0,0.7663794159889221,4.0,0.3921387493610382,90.0
100.0,False,True,0.0,3.75942325592041,0.0,0.7929551005363464,4.0,0.41632726788520813,90.0
100.0,False,True,0.0,3.715888500213623,0.0,0.8430658578872681,5.0,0.3686923682689667,90.0
100.0,False,True,0.0,3.6741840839385986,0.0,0.8951394557952881,4.0,0.3900739550590515,90.0
100.0,False,True,0.0,3.769618511199951,0.0,0.8300963640213013,5.0,0.402093768119812,90.0
100.0,False,True,0.0,3.838900089263916,0.0,0.9293854236602783,3.0,0.35764384269714355,90.0
100.0,False,True,0.0,3.0678415298461914,0.0,0.7718133330345154,4.0,0.3982003927230835,90.0
100.0,False,True,0.0,3.4897541999816895,0.0,0.9682371020317078,14.0,0.353325754404068,90.0
100.0,False,True,0.0,3.4945197105407715,0.0,0.8208779692649841,1.0,0.37508171796798706,90.0
100.0,False,True,0.0,4.26365327835083,0.0,0.913669228553772,4.0,0.3904079496860504,90.0
100.0,False,True,0.0,3.088193893432617,0.0,0.8046859502792358,4.0,0.3804694414138794,90.0
100.0,False,True,0.0,3.8193137645721436,0.0,0.9559777975082397,9.0,0.36704376339912415,90.0
100.0,False,True,0.0,3.472431182861328,0.0,0.9620407223701477,12.0,0.3782546818256378,90.0
100.0,False,True,0.0,2.9189987182617188,0.0,0.7832121849060059,4.0,0.40842509269714355,90.0
100.0,False,True,0.0,2.738668441772461,0.0,0.7639780640602112,3.0,0.3701249063014984,90.0
100.0,False,True,0.0,4.319014072418213,0.0,0.9035521745681763,4.0,0.42606285214424133,90.0
100.0,False,True,0.0,2.561396360397339,0.0,0.9100276827812195,3.0,0.3597257733345032,90.0
100.0,False,True,0.0,3.287416696548462,0.0,0.8780708312988281,4.0,0.3738507926464081,90.0
100.0,False,True,0.0,3.2859275341033936,0.0,0.7463754415512085,6.0,0.3657418191432953,90.0
100.0,False,True,0.0,3.4571170806884766,0.0,0.8794963955879211,4.0,0.37620648741722107,90.0
100.0,False,True,0.0,4.027933120727539,0.0,0.8915799856185913,4.0,0.38065657019615173,90.0
100.0,False,True,0.0,4.002865314483643,0.0,1.053925633430481,7.0,0.36365652084350586,90.0
100.0,False,True,0.0,3.4763755798339844,0.0,0.9603246450424194,7.0,0.36573123931884766,90.0
100.0,False,True,0.0,3.5313050746917725,0.0,0.9486296772956848,7.0,0.3488171696662903,90.0
100.0,False,True,0.0,3.6266064643859863,0.0,0.9230692386627197,5.0,0.41196396946907043,90.0
100.0,False,True,0.0,3.1096725463867188,0.0,0.8623886704444885,6.0,0.40464985370635986,90.0
100.0,False,True,0.0,3.2343430519104004,0.0,0.7460486888885498,4.0,0.3955094814300537,90.0
100.0,False,True,0.0,3.3167648315429688,0.0,0.715067982673645,3.0,0.40093955397605896,90.0
100.0,False,True,0.0,3.3427531719207764,0.0,1.0087801218032837,4.0,0.34008967876434326,90.0
100.0,False,True,0.0,3.08939790725708,0.0,0.9296837449073792,4.0,0.3593367636203766,90.0
100.0,False,True,0.0,4.422306537628174,0.0,0.9185140132904053,11.0,0.4189926087856293,90.0
100.0,False,True,0.0,3.578014373779297,0.0,0.8729074597358704,7.0,0.35237008333206177,90.0
100.0,False,True,0.0,3.6718387603759766,0.0,1.0050028562545776,7.0,0.34745603799819946,90.0
100.0,False,True,0.0,2.7890944480895996,0.0,0.7945657968521118,4.0,0.3880501091480255,90.0
100.0,False,True,0.0,2.8614284992218018,0.0,0.854203462600708,4.0,0.37884101271629333,90.0
100.0,False,True,0.0,3.811615228652954,0.0,0.8917633891105652,7.0,0.3744824230670929,90.0
100.0,False,True,0.0,3.162731170654297,0.0,0.7047430276870728,1.0,0.38555559515953064,90.0
100.0,False,True,0.0,3.4973762035369873,0.0,0.9742582440376282,5.0,0.3800011873245239,90.0
100.0,False,True,0.0,3.5229783058166504,0.0,0.7929011583328247,4.0,0.41778644919395447,90.0
100.0,False,True,0.0,3.0722413063049316,0.0,0.8721827864646912,7.0,0.37783634662628174,90.0
100.0,False,True,0.0,2.96398663520813,0.0,0.8117337822914124,4.0,0.3734060525894165,90.0
100.0,False,True,0.0,3.4596645832061768,0.0,1.0636502504348755,6.0,0.36143162846565247,90.0
100.0,False,True,0.0,2.8879854679107666,0.0,0.821236252784729,7.0,0.3887545168399811,90.0
100.0,False,True,0.0,2.9317128658294678,0.0,0.8687814474105835,3.0,0.3841790556907654,90.0
100.0,False,True,0.0,3.1116862297058105,0.0,0.8152332901954651,7.0,0.3783836364746094,90.0
100.0,False,True,0.0,3.793179750442505,0.0,1.0087674856185913,5.0,0.3690125644207001,90.0
100.0,False,True,0.0,3.112755537033081,0.0,0.8504480719566345,4.0,0.36903876066207886,90.0
100.0,False,True,0.0,3.2796058654785156,0.0,0.9236673712730408,7.0,0.35702624917030334,90.0
100.0,False,True,0.0,4.0365777015686035,0.0,0.897297739982605,5.0,0.39359307289123535,90.0
100.0,False,True,0.0,2.9260988235473633,0.0,0.9214164614677429,3.0,0.3507192134857178,90.0
100.0,False,True,0.0,3.2353718280792236,0.0,1.009994387626648,4.0,0.35120272636413574,90.0
100.0,False,True,0.0,3.1737916469573975,0.0,0.8617339134216309,7.0,0.36411571502685547,90.0
100.0,False,True,0.0,3.8022029399871826,0.0,0.8493828773498535,3.0,0.4158827066421509,90.0
100.0,False,True,0.0,3.5626590251922607,0.0,0.836957573890686,4.0,0.39231666922569275,90.0
100.0,False,True,0.0,2.9357833862304688,0.0,0.9049132466316223,4.0,0.36489957571029663,90.0
100.0,False,True,0.0,3.113636016845703,0.0,0.9717867970466614,6.0,0.3543801009654999,90.0
100.0,False,True,0.0,3.446964740753174,0.0,0.9203786253929138,4.0,0.33877822756767273,90.0
100.0,False,True,0.0,3.2405717372894287,0.0,0.8525203466415405,4.0,0.35831135511398315,90.0
100.0,False,True,0.0,3.5916690826416016,0.0,0.974017858505249,5.0,0.37338680028915405,90.0
100.0,False,True,0.0,3.365168571472168,0.0,0.8353742361068726,3.0,0.36254990100860596,90.0
100.0,False,True,0.0,3.506321668624878,0.0,0.9718137979507446,4.0,0.40295514464378357,90.0
100.0,False,True,0.0,3.2622480392456055,0.0,1.0563243627548218,5.0,0.6569899916648865,180.0
100.0,False,True,0.0,3.4101321697235107,0.0,0.7953335642814636,3.0,0.6154053211212158,180.0
100.0,False,True,0.0,3.5299742221832275,0.0,0.7654751539230347,7.0,0.655756950378418,180.0
100.0,False,True,0.0,3.015841484069824,0.0,0.7663784027099609,4.0,0.6118801832199097,180.0
100.0,False,True,0.0,3.0947163105010986,0.0,0.7926189303398132,4.0,0.6349434852600098,180.0
100.0,False,True,0.0,3.4492359161376953,0.0,0.8430600166320801,5.0,0.6217564940452576,180.0
100.0,False,True,0.0,3.3192431926727295,0.0,0.8951418399810791,4.0,0.6044382452964783,180.0
100.0,False,True,0.0,2.714186191558838,0.0,0.8300940990447998,5.0,0.6326356530189514,180.0
100.0,False,True,0.0,3.4717540740966797,0.0,0.9293912649154663,3.0,0.6293109655380249,180.0
100.0,False,True,0.0,3.2466676235198975,0.0,0.7718124389648438,4.0,0.6290680766105652,180.0
100.0,False,True,0.0,2.916919231414795,0.0,0.9682391881942749,14.0,0.5813834071159363,180.0
100.0,False,True,0.0,3.547182083129883,0.0,0.8208749890327454,1.0,0.6106401085853577,180.0
100.0,False,True,0.0,3.1843221187591553,0.0,0.9137865304946899,4.0,0.6143341660499573,180.0
100.0,False,True,0.0,3.147902488708496,0.0,0.8046807646751404,4.0,0.6085137128829956,180.0
100.0,False,True,0.0,2.9138975143432617,0.0,0.9559849500656128,9.0,0.617185652256012,180.0
100.0,False,True,0.0,2.9809775352478027,0.0,0.962034285068512,12.0,0.598906934261322,180.0
100.0,False,True,0.0,3.467521905899048,0.0,0.7832109928131104,4.0,0.6368950605392456,180.0
100.0,False,True,0.0,3.3490142822265625,0.0,0.76397705078125,3.0,0.5958800315856934,180.0
100.0,False,True,0.0,3.3235459327697754,0.0,0.903555691242218,4.0,0.6157427430152893,180.0
100.0,False,True,0.0,2.8913726806640625,0.0,0.9100295901298523,3.0,0.5911915898323059,180.0
100.0,False,True,0.0,3.7262024879455566,0.0,0.8780748844146729,4.0,0.6058475375175476,180.0
100.0,False,True,0.0,3.360219717025757,0.0,0.7463688850402832,6.0,0.6199626326560974,180.0
100.0,False,True,0.0,3.18173885345459,0.0,0.8794875144958496,4.0,0.6106272339820862,180.0
100.0,False,True,0.0,2.8381426334381104,0.0,0.892509937286377,4.0,0.6181418895721436,180.0
100.0,False,True,0.0,3.6412084102630615,0.0,1.053922176361084,7.0,0.6346384286880493,180.0
100.0,False,True,0.0,3.2849738597869873,0.0,0.9603052735328674,7.0,0.6303024888038635,180.0
100.0,False,True,0.0,3.3713879585266113,0.0,0.9485715627670288,7.0,0.6338376998901367,180.0
100.0,False,True,0.0,2.807003974914551,0.0,0.922990620136261,5.0,0.6335955858230591,180.0
100.0,False,True,0.0,3.019085168838501,0.0,0.8623858094215393,6.0,0.6299553513526917,180.0
100.0,False,True,0.0,3.1534948348999023,0.0,0.7460472583770752,4.0,0.6119675636291504,180.0
100.0,False,True,0.0,3.1539292335510254,0.0,0.7150701880455017,3.0,0.6079303026199341,180.0
100.0,False,True,0.0,3.487790107727051,0.0,1.0087755918502808,4.0,0.5842372179031372,180.0
100.0,False,True,0.0,3.009798765182495,0.0,0.9296466112136841,4.0,0.6141022443771362,180.0
100.0,False,True,0.0,3.040987014770508,0.0,0.9185135364532471,11.0,0.6336327195167542,180.0
100.0,False,True,0.0,3.4733331203460693,0.0,0.872905969619751,7.0,0.6483703851699829,180.0
100.0,False,True,0.0,3.045361280441284,0.0,1.0049967765808105,7.0,0.6437457203865051,180.0
100.0,False,True,0.0,2.9627978801727295,0.0,0.7945611476898193,4.0,0.6122380495071411,180.0
100.0,False,True,0.0,3.44480562210083,0.0,0.8542006611824036,4.0,0.6014096736907959,180.0
100.0,False,True,0.0,3.147156238555908,0.0,0.8934099674224854,7.0,0.6129271388053894,180.0
100.0,False,True,0.0,3.808274984359741,0.0,0.704744279384613,1.0,0.6225277781486511,180.0
100.0,False,True,0.0,3.046389579772949,0.0,0.9742574095726013,5.0,0.6216095089912415,180.0
100.0,False,True,0.0,2.703636407852173,0.0,0.7928846478462219,4.0,0.638401985168457,180.0
100.0,False,True,0.0,3.0709030628204346,0.0,0.8721815347671509,7.0,0.633094847202301,180.0
100.0,False,True,0.0,3.007326126098633,0.0,0.8117272853851318,4.0,0.6033962368965149,180.0
100.0,False,True,0.0,3.3979387283325195,0.0,1.0636507272720337,6.0,0.6211846470832825,180.0
100.0,False,True,0.0,3.7674880027770996,0.0,0.8212340474128723,7.0,0.6358031630516052,180.0
100.0,False,True,0.0,3.195124387741089,0.0,0.8687707781791687,3.0,0.6127652525901794,180.0
100.0,False,True,0.0,3.2234294414520264,0.0,0.8152315020561218,7.0,0.6558800935745239,180.0
100.0,False,True,0.0,3.529585838317871,0.0,1.0088396072387695,5.0,0.6145111918449402,180.0
100.0,False,True,0.0,3.179276704788208,0.0,0.850445568561554,4.0,0.5846853256225586,180.0
100.0,False,True,0.0,3.3491311073303223,0.0,0.9236730337142944,7.0,0.6478168964385986,180.0
100.0,False,True,0.0,3.348020315170288,0.0,0.8973081111907959,5.0,0.6346023082733154,180.0
100.0,False,True,0.0,3.195124387741089,0.0,0.9213715195655823,3.0,0.5959715843200684,180.0
100.0,False,True,0.0,3.535682439804077,0.0,1.0094799995422363,3.0,0.5690698623657227,180.0
100.0,False,True,0.0,2.9652411937713623,0.0,0.8617401719093323,7.0,0.6301886439323425,180.0
100.0,False,True,0.0,2.98747181892395,0.0,0.8493823409080505,3.0,0.6320804357528687,180.0
100.0,False,True,0.0,2.9708473682403564,0.0,0.837303102016449,4.0,0.6317057013511658,180.0
100.0,False,True,0.0,3.1207327842712402,0.0,0.9049150943756104,4.0,0.615797221660614,180.0
100.0,False,True,0.0,3.07281494140625,0.0,0.9717810153961182,6.0,0.6144058108329773,180.0
100.0,False,True,0.0,3.1948180198669434,0.0,0.9203832149505615,4.0,0.6155842542648315,180.0
100.0,False,True,0.0,2.7537083625793457,0.0,0.8525224328041077,4.0,0.6100523471832275,180.0
100.0,False,True,0.0,3.37080717086792,0.0,0.9740253686904907,5.0,0.6446499228477478,180.0
100.0,False,True,0.0,3.7725257873535156,0.0,0.8353528380393982,3.0,0.5784780383110046,180.0
100.0,False,True,0.0,3.211686134338379,0.0,0.9718307256698608,4.0,0.6106736063957214,180.0
100.0,False,True,0.0,3.9539380073547363,0.0,1.0563158988952637,5.0,0.8403249979019165,270.0
100.0,False,True,0.0,3.7455430030822754,0.0,0.7953518033027649,3.0,0.8744469881057739,270.0
100.0,False,True,0.0,3.4408247470855713,0.0,0.7654745578765869,7.0,0.7195004224777222,270.0
100.0,False,True,0.0,2.351435899734497,0.0,0.7663837671279907,4.0,0.7387946844100952,270.0
100.0,False,True,0.0,2.7104334831237793,0.0,0.7926134467124939,4.0,0.7924217581748962,270.0
100.0,False,True,0.0,2.9245595932006836,0.0,0.843071460723877,5.0,0.7430469393730164,270.0
100.0,False,True,0.0,3.27871036529541,0.0,0.8951371908187866,4.0,0.8174930810928345,270.0
100.0,False,True,0.0,2.4054198265075684,0.0,0.8300933241844177,5.0,0.7872642278671265,270.0
100.0,False,True,0.0,3.5507681369781494,0.0,0.9313876628875732,3.0,0.7673572301864624,270.0
100.0,False,True,0.0,2.5858099460601807,0.0,0.7718107104301453,4.0,0.7865102291107178,270.0
100.0,False,True,0.0,3.6163337230682373,0.0,0.9681031107902527,14.0,0.7429810762405396,270.0
100.0,False,True,0.0,3.8365530967712402,0.0,0.8208775520324707,1.0,0.8054346442222595,270.0
100.0,False,True,0.0,3.229800224304199,0.0,0.9136786460876465,4.0,0.7610693573951721,270.0
100.0,False,True,0.0,2.754348039627075,0.0,0.8046842217445374,4.0,0.8048580288887024,270.0
100.0,False,True,0.0,3.405938148498535,0.0,0.955986738204956,9.0,0.7533402442932129,270.0
100.0,False,True,0.0,3.491044282913208,0.0,0.9620293974876404,12.0,0.7818983793258667,270.0
100.0,False,True,0.0,3.4470784664154053,0.0003402054135221988,0.7832157015800476,4.0,0.8247591853141785,270.0
100.0,False,True,0.0,2.5688743591308594,0.0,0.7639800906181335,3.0,0.7514864206314087,270.0
100.0,False,True,0.0,3.245582103729248,0.0,0.9035511612892151,4.0,0.7989088296890259,270.0
100.0,False,True,0.0,3.1978189945220947,0.0,0.9100275635719299,3.0,0.7934490442276001,270.0
100.0,False,True,0.0,3.420107364654541,0.0,0.8780686259269714,4.0,0.7810719609260559,270.0
100.0,False,True,0.0,2.874056816101074,0.0,0.7463737726211548,6.0,0.7421577572822571,270.0
100.0,False,True,0.0,2.9149723052978516,0.0,0.8794944286346436,4.0,0.7701749205589294,270.0
100.0,False,True,0.0,3.0707755088806152,0.0,0.8925113081932068,4.0,0.7880786061286926,270.0
100.0,False,True,0.0,4.196426868438721,0.0,1.0539312362670898,7.0,0.8005232214927673,270.0
100.0,False,True,0.0,3.836603879928589,0.0,0.9603118896484375,7.0,0.7948381304740906,270.0
100.0,False,True,0.0,4.0104899406433105,0.0,0.9485787749290466,7.0,0.7964113354682922,270.0
100.0,False,True,0.0,3.038217782974243,0.0,0.9240858554840088,5.0,0.8055001497268677,270.0
100.0,False,True,0.0,3.6098310947418213,0.0,0.8623892068862915,6.0,0.8036732077598572,270.0
100.0,False,True,0.0,2.5231311321258545,0.0,0.7460425496101379,4.0,0.7270487546920776,270.0
100.0,False,True,0.0,3.1431727409362793,0.0,0.7150649428367615,3.0,0.7047151923179626,270.0
100.0,False,True,0.0,3.2150979042053223,0.0,1.0087745189666748,4.0,0.802545428276062,270.0
100.0,False,True,0.0,3.0358972549438477,0.0,0.9296424388885498,4.0,0.8101446628570557,270.0
100.0,False,True,0.0,3.522533655166626,0.0,0.9185131192207336,11.0,0.8019881844520569,270.0
100.0,False,True,0.0,3.862799882888794,0.0,0.8729084730148315,7.0,0.8047574758529663,270.0
100.0,False,True,0.0,4.208822727203369,0.0,1.0066136121749878,5.0,0.8750142455101013,270.0
100.0,False,True,0.0,2.9355833530426025,0.0,0.7945643067359924,4.0,0.7765880227088928,270.0
100.0,False,True,0.0,3.7049648761749268,0.0,0.8541919589042664,4.0,0.8275440335273743,270.0
100.0,False,True,0.0,3.222214460372925,0.0,0.8917617797851562,7.0,0.7913598418235779,270.0
100.0,False,True,0.0,3.172187566757202,0.0,0.7047432065010071,1.0,0.7153967022895813,270.0
100.0,False,True,0.0,3.1243691444396973,0.0,0.9742587208747864,5.0,0.813319981098175,270.0
100.0,False,True,0.0,2.6129190921783447,0.0,0.7928870320320129,4.0,0.7948805093765259,270.0
100.0,False,True,0.0,2.8627281188964844,0.0,0.8721802234649658,7.0,0.7485353946685791,270.0
100.0,False,True,0.0,3.0049819946289062,0.0,0.811726987361908,4.0,0.8151440620422363,270.0
100.0,False,True,0.0,3.5727570056915283,0.0,1.0636478662490845,6.0,0.8156649470329285,270.0
100.0,False,True,0.0,2.355926513671875,0.0,0.8212313652038574,7.0,0.7614109516143799,270.0
100.0,False,True,0.0,3.9531948566436768,0.0,0.8687847256660461,3.0,0.843534529209137,270.0
100.0,False,True,0.0,3.213331460952759,0.0,0.8152332901954651,7.0,0.7560110688209534,270.0
100.0,False,True,0.0,3.6838173866271973,0.0,1.008833646774292,5.0,0.8194157481193542,270.0
100.0,False,True,0.0,2.8330342769622803,0.0,0.8504408001899719,4.0,0.781497597694397,270.0
100.0,False,True,0.0,4.060328483581543,0.0,0.9236642718315125,7.0,0.7879639267921448,270.0
100.0,False,True,0.0,3.4766008853912354,0.0,0.8973121643066406,5.0,0.7786276936531067,270.0
100.0,False,True,0.0,3.101351261138916,0.0,0.9214164018630981,3.0,0.8196548223495483,270.0
100.0,False,True,0.0,3.1126296520233154,0.0,1.009472370147705,3.0,0.7669239640235901,270.0
100.0,False,True,0.0,3.1074681282043457,0.0,0.8617306351661682,7.0,0.8050143718719482,270.0
100.0,False,True,0.0,3.030217409133911,0.0,0.8493846654891968,3.0,0.7825104594230652,270.0
100.0,False,True,0.0,2.9353830814361572,0.0,0.837297797203064,4.0,0.7935312986373901,270.0
100.0,False,True,0.0,3.0634355545043945,0.0,0.9049148559570312,4.0,0.801680326461792,270.0
100.0,False,True,0.0,3.2755439281463623,0.0,0.9717897772789001,6.0,0.8260932564735413,270.0
100.0,False,True,0.0,3.977984666824341,0.0,0.9245910048484802,7.0,0.7833939790725708,270.0
100.0,False,True,0.0,2.596461296081543,0.0,0.8525097370147705,4.0,0.7506966590881348,270.0
100.0,False,True,0.0,3.9184165000915527,0.0,0.9740216135978699,5.0,0.8113730549812317,270.0
100.0,False,True,0.0,3.2049739360809326,0.0,0.8353521823883057,3.0,0.8080940246582031,270.0
100.0,False,True,0.0,3.3781754970550537,0.0,0.971831202507019,4.0,0.805797278881073,270.0
150.0,False,True,0.0,5.856451034545898,0.0,1.0563147068023682,5.0,0.7844079732894897,0.0
150.0,False,True,0.0,5.265182018280029,0.004885033238679171,0.7953352928161621,3.0,0.8273565173149109,0.0
150.0,False,True,0.0,4.663754940032959,0.0008562016300857067,0.7654761672019958,7.0,0.7174109816551208,0.0
150.0,False,True,0.0,5.33325719833374,0.001267708488740027,0.7663791179656982,4.0,0.7042367458343506,0.0
150.0,False,True,0.0,5.374360084533691,0.0030107770580798388,0.7929515242576599,4.0,0.7893270254135132,0.0
150.0,False,True,0.0,5.782757759094238,0.0,0.8430602550506592,5.0,0.672978401184082,0.0
150.0,False,True,0.0,5.182549476623535,0.0,0.8951380848884583,4.0,0.7438468933105469,0.0
150.0,False,True,0.0,5.611225128173828,0.0,0.83009934425354,5.0,0.7667361497879028,0.0
150.0,False,True,0.0,5.41649055480957,0.0,0.93137526512146,3.0,0.7299677133560181,0.0
150.0,False,True,0.0,5.331750392913818,0.001220869948156178,0.7718140482902527,4.0,0.719784677028656,0.0
150.0,False,True,0.0,5.347310543060303,0.0,0.9681069850921631,14.0,0.6938853859901428,0.0
150.0,False,True,0.0,5.345954418182373,0.002523047849535942,0.8208798170089722,1.0,0.8213576674461365,0.0
150.0,False,True,0.0,6.42357873916626,0.0,0.9138870239257812,4.0,0.7175765633583069,0.0
150.0,False,True,0.0,4.973032474517822,0.004373555071651936,0.8046866059303284,4.0,0.7776558995246887,0.0
150.0,False,True,0.0,5.517077445983887,0.0,0.955980658531189,9.0,0.7172360420227051,0.0
150.0,False,True,0.0,5.562676429748535,0.0,0.9620324969291687,12.0,0.7953801155090332,0.0
150.0,False,True,0.0,5.280047416687012,0.012244408018887043,0.7832103967666626,4.0,0.817298173904419,0.0
150.0,False,True,0.0,5.155219078063965,0.004223802126944065,0.7551557421684265,3.0,0.7682031989097595,0.0
150.0,False,True,0.0,6.236650466918945,0.0,0.9035486578941345,4.0,0.7957383394241333,0.0
150.0,False,True,0.0,4.808112621307373,0.0,0.9099889397621155,3.0,0.7258707880973816,0.0
150.0,False,True,0.0,5.202096939086914,0.0,0.8780739307403564,4.0,0.6768511533737183,0.0
150.0,False,True,0.0,5.5635576248168945,0.00025026319781318307,0.7590926289558411,7.0,0.738925039768219,0.0
150.0,False,True,0.0,5.411205768585205,0.0,0.8794888854026794,4.0,0.714310348033905,0.0
150.0,False,True,0.0,5.6372551918029785,0.0,0.8925132155418396,4.0,0.7635016441345215,0.0
150.0,False,True,0.0,5.422890663146973,0.0,1.0539275407791138,7.0,0.7716042995452881,0.0
150.0,False,True,0.0,5.341847896575928,0.0,0.9603181481361389,7.0,0.6961538791656494,0.0
150.0,False,True,0.0,5.357268810272217,0.0,0.9486204385757446,7.0,0.7734559178352356,0.0
150.0,False,True,0.0,5.195011138916016,0.0,0.9230610132217407,5.0,0.8193713426589966,0.0
150.0,False,True,0.0,5.151188850402832,0.0007621538243256509,0.8623932003974915,6.0,0.7881267666816711,0.0
150.0,False,True,0.0,5.519953727722168,0.0020648206118494272,0.7460458874702454,4.0,0.6986305117607117,0.0
150.0,False,True,0.0,5.545280456542969,0.004247474484145641,0.7150672674179077,3.0,0.7601467967033386,0.0
150.0,False,True,0.0,5.18493127822876,0.0,1.0087785720825195,4.0,0.7045332193374634,0.0
150.0,False,True,0.0,5.2074432373046875,0.0,0.9296395778656006,4.0,0.732957124710083,0.0
150.0,False,True,0.0,6.140503406524658,0.0,0.9185187816619873,11.0,0.8059018850326538,0.0
150.0,False,True,0.0,5.345404624938965,0.0,0.8729101419448853,7.0,0.7755794525146484,0.0
150.0,False,True,0.0,5.642780303955078,0.0,1.005007266998291,7.0,0.7365966439247131,0.0
150.0,False,True,0.0,5.278265476226807,0.0019457959569990635,0.794564425945282,4.0,0.7673784494400024,0.0
150.0,False,True,0.0,4.875680923461914,0.00131427519954741,0.8541948199272156,4.0,0.7429221272468567,0.0
150.0,False,True,0.0,5.913142681121826,0.0,0.8917720913887024,7.0,0.7262857556343079,0.0
150.0,False,True,0.0,5.040922164916992,0.0097638675943017,0.7043032646179199,6.0,0.7949279546737671,0.0
150.0,False,True,0.0,5.383504390716553,0.0,0.9742528796195984,5.0,0.7551845908164978,0.0
150.0,False,True,0.0,5.3214497566223145,0.0016369663644582033,0.792926013469696,4.0,0.8105994462966919,0.0
150.0,False,True,0.0,5.114811420440674,0.0,0.8721834421157837,7.0,0.691508948802948,0.0
150.0,False,True,0.0,4.990336894989014,0.0,0.8117315173149109,4.0,0.7395374774932861,0.0
150.0,False,True,0.0,5.456142902374268,0.0,1.063653588294983,6.0,0.7400087118148804,0.0
150.0,False,True,0.0,4.980630397796631,0.0,0.8202552795410156,7.0,0.7154346108436584,0.0
150.0,False,True,0.0,4.826412200927734,0.00027599334134720266,0.8687882423400879,3.0,0.7791309356689453,0.0
150.0,False,True,0.0,4.98853063583374,0.0,0.8152329325675964,7.0,0.7538236379623413,0.0
150.0,False,True,0.0,5.621030807495117,0.0,1.008839726448059,5.0,0.73561692237854,0.0
150.0,False,True,0.0,5.2781171798706055,0.0,0.85044264793396,4.0,0.7346892952919006,0.0
150.0,False,True,0.0,4.953968048095703,0.0,0.923665463924408,7.0,0.7406761646270752,0.0
150.0,False,True,0.0,5.712681770324707,0.0,0.8972976803779602,5.0,0.719870924949646,0.0
150.0,False,True,0.0,4.855347633361816,0.0,0.9214144349098206,3.0,0.7134799361228943,0.0
150.0,False,True,0.0,5.3041887283325195,0.0,1.0094794034957886,3.0,0.6986851692199707,0.0
150.0,False,True,0.0,4.911032199859619,0.0,0.8617362380027771,7.0,0.7307806611061096,0.0
150.0,False,True,0.0,5.93956995010376,0.0,0.8493858575820923,3.0,0.78879314661026,0.0
150.0,False,True,0.0,5.522190093994141,0.0,0.8359788656234741,4.0,0.7572592496871948,0.0
150.0,False,True,0.0,5.036139488220215,0.0,0.9049091935157776,4.0,0.7207424640655518,0.0
150.0,False,True,0.0,5.0502028465271,0.0,0.9717790484428406,6.0,0.7458957433700562,0.0
150.0,False,True,0.0,4.987941741943359,0.0,0.9203819036483765,4.0,0.758731484413147,0.0
150.0,False,True,0.0,5.004058837890625,0.0,0.8525106906890869,4.0,0.6960884928703308,0.0
150.0,False,True,0.0,5.4935479164123535,0.0,0.9740246534347534,5.0,0.7190007567405701,0.0
150.0,False,True,0.0,5.35781717300415,0.0,0.8353519439697266,3.0,0.7319232225418091,0.0
150.0,False,True,0.0,5.138506889343262,0.0,0.9718259572982788,4.0,0.7920282483100891,0.0
150.0,False,True,0.0,5.381392478942871,0.003317262977361679,1.0563255548477173,5.0,0.6879335045814514,90.0
150.0,False,True,0.0,3.507829189300537,0.0006927609210833907,0.7953335642814636,3.0,0.62051922082901,90.0
150.0,False,True,0.0,3.322662115097046,0.0,0.7654734253883362,7.0,0.5645622611045837,90.0
150.0,False,True,0.0,4.393067359924316,0.0061551546677947044,0.7663770318031311,4.0,0.6005751490592957,90.0
150.0,False,True,0.0,4.863088130950928,0.006055624224245548,0.7926139831542969,4.0,0.6718144416809082,90.0
150.0,False,True,0.0,4.8206048011779785,0.0034682261757552624,0.843056857585907,5.0,0.5805314779281616,90.0
150.0,False,True,0.0,4.107943534851074,0.0010641777189448476,0.8951379656791687,4.0,0.6334133148193359,90.0
150.0,False,True,0.0,4.796568393707275,0.007324419915676117,0.8300911784172058,5.0,0.6445236206054688,90.0
150.0,False,True,0.0,4.641229152679443,0.0004705047467723489,0.9313850402832031,3.0,0.5952663421630859,90.0
150.0,False,True,0.0,4.1684722900390625,0.007187460549175739,0.7718122601509094,4.0,0.6127024292945862,90.0
150.0,False,True,0.0,5.05888557434082,0.0,0.9681041240692139,14.0,0.5565024614334106,90.0
150.0,False,True,0.0,3.728881597518921,0.0,0.8208767771720886,1.0,0.6148939728736877,90.0
150.0,False,True,0.0,5.241272926330566,0.007498844526708126,0.9136753082275391,4.0,0.6273942589759827,90.0
150.0,False,True,0.0,4.217979431152344,0.0,0.8046926856040955,4.0,0.60100919008255,90.0
150.0,False,True,0.0,4.80497407913208,0.0025949287228286266,0.9559817314147949,9.0,0.6018559336662292,90.0
150.0,False,True,0.0,4.874032974243164,0.0017918801167979836,0.9620302319526672,12.0,0.6254509091377258,90.0
150.0,False,True,0.0,4.066064357757568,0.0,0.7832083106040955,4.0,0.6366719603538513,90.0
150.0,False,True,0.0,3.3041679859161377,0.0015290605369955301,0.7523919939994812,3.0,0.5600371360778809,90.0
150.0,False,True,0.0,4.906682014465332,0.007008778862655163,0.9035553932189941,4.0,0.6854372024536133,90.0
150.0,False,True,0.0,3.348780393600464,0.0,0.9100355505943298,3.0,0.5969514846801758,90.0
150.0,False,True,0.0,3.8722174167633057,0.0,0.8780691623687744,4.0,0.5633466243743896,90.0
150.0,False,True,0.0,4.313841819763184,0.005591405555605888,0.7463687062263489,6.0,0.5498353838920593,90.0
150.0,False,True,0.0,4.6180853843688965,0.0026071500033140182,0.8794916272163391,4.0,0.6080130934715271,90.0
150.0,False,True,0.0,4.951911449432373,0.005847625434398651,0.8925142884254456,4.0,0.611473798751831,90.0
150.0,False,True,0.0,4.275534629821777,0.0,1.0539251565933228,7.0,0.6059914827346802,90.0
150.0,False,True,0.0,4.779220104217529,0.000282784691080451,0.9603219628334045,7.0,0.601115345954895,90.0
150.0,False,True,0.0,4.158924102783203,0.0,0.9486204385757446,7.0,0.5934134721755981,90.0
150.0,False,True,0.0,4.645869731903076,0.00312211737036705,0.9229671955108643,5.0,0.6660537123680115,90.0
150.0,False,True,0.0,4.237990856170654,0.0,0.8623795509338379,6.0,0.6614707708358765,90.0
150.0,False,True,0.0,4.2796549797058105,0.008388228714466095,0.7460452318191528,4.0,0.6141334772109985,90.0
150.0,False,True,0.0,4.275580406188965,0.00628869142383337,0.7173786163330078,1.0,0.5891344547271729,90.0
150.0,False,True,0.0,4.432393550872803,0.0,1.0087826251983643,4.0,0.5808826684951782,90.0
150.0,False,True,0.0,4.236512184143066,0.0,0.929634690284729,4.0,0.6059604287147522,90.0
150.0,False,True,0.0,5.389688491821289,0.007338986732065678,0.9185161590576172,11.0,0.6764761209487915,90.0
150.0,False,True,0.0,4.293726921081543,0.0,0.8729087710380554,7.0,0.5763645768165588,90.0
150.0,False,True,0.0,5.174831390380859,0.0,1.0050054788589478,7.0,0.592745304107666,90.0
150.0,False,True,0.0,3.8081207275390625,0.001358418376185,0.7945657968521118,4.0,0.6205394268035889,90.0
150.0,False,True,0.0,3.264347791671753,0.0,0.8541820049285889,4.0,0.5713278651237488,90.0
150.0,False,True,0.0,4.831929683685303,0.005306120030581951,0.891767144203186,7.0,0.5883037447929382,90.0
150.0,False,True,0.0,4.5955071449279785,0.0019110273569822311,0.7047427296638489,1.0,0.5882177352905273,90.0
150.0,False,True,0.0,4.6910600662231445,0.0005483722779899836,0.9742523431777954,5.0,0.6450536251068115,90.0
150.0,False,True,0.0,4.5675458908081055,0.007463187910616398,0.7928805351257324,4.0,0.657626748085022,90.0
150.0,False,True,0.0,4.163912296295166,0.0010338699212297797,0.8721844553947449,7.0,0.5710638165473938,90.0
150.0,False,True,0.0,3.4475326538085938,0.001217411714605987,0.8117324709892273,4.0,0.5916526317596436,90.0
150.0,False,True,0.0,4.761438369750977,0.0,1.0636475086212158,6.0,0.6259621381759644,90.0
150.0,False,True,0.0,4.00144624710083,0.0008676206925883889,0.8212334513664246,7.0,0.5634565949440002,90.0
150.0,False,True,0.0,3.853715181350708,0.0,0.8687785863876343,3.0,0.6093879342079163,90.0
150.0,False,True,0.0,3.457853078842163,0.0,0.8152369856834412,7.0,0.5558937788009644,90.0
150.0,False,True,0.0,5.038394927978516,0.00017092943016905338,1.008831262588501,5.0,0.6216078996658325,90.0
150.0,False,True,0.0,3.941685914993286,0.0011246775975450873,0.8504431843757629,4.0,0.5970528721809387,90.0
150.0,False,True,0.0,3.9484362602233887,0.0,0.9236719012260437,7.0,0.5616813898086548,90.0
150.0,False,True,0.0,5.152976036071777,0.003171756165102124,0.897300660610199,5.0,0.6361775398254395,90.0
150.0,False,True,0.0,3.579327344894409,0.0,0.9214147925376892,3.0,0.5575980544090271,90.0
150.0,False,True,0.0,4.2938642501831055,0.0,1.0094764232635498,3.0,0.5932207703590393,90.0
150.0,False,True,0.0,3.8978729248046875,0.0,0.8617343902587891,7.0,0.5519118905067444,90.0
150.0,False,True,0.0,4.8162946701049805,0.0031117296312004328,0.8493829965591431,3.0,0.6495780348777771,90.0
150.0,False,True,0.0,4.591242790222168,0.007938253693282604,0.8369792699813843,4.0,0.6144227385520935,90.0
150.0,False,True,0.0,4.018343925476074,0.0,0.9049148559570312,4.0,0.6043317914009094,90.0
150.0,False,True,0.0,4.302521705627441,0.0,0.9717742800712585,6.0,0.5986542105674744,90.0
150.0,False,True,0.0,3.982166290283203,0.0,0.9203855395317078,4.0,0.5550425052642822,90.0
150.0,False,True,0.0,4.455621242523193,0.0036909771151840687,0.8525208830833435,4.0,0.5668061971664429,90.0
150.0,False,True,0.0,4.7457380294799805,0.0,0.9740250110626221,5.0,0.6087337136268616,90.0
150.0,False,True,0.0,3.8858470916748047,0.0,0.8353532552719116,3.0,0.5656799674034119,90.0
150.0,False,True,0.0,4.622409820556641,0.00022759317653253675,0.9718279242515564,4.0,0.6774969696998596,90.0
150.0,False,True,0.0,4.450650691986084,0.0,1.0563170909881592,5.0,0.8859444260597229,180.0
150.0,False,True,0.0,4.991592884063721,0.0,0.7953475713729858,3.0,0.8866257071495056,180.0
150.0,False,True,0.0,4.612398147583008,0.0,0.7654740214347839,7.0,0.8727982044219971,180.0
150.0,False,True,0.0,4.372331619262695,0.0,0.7663783431053162,4.0,0.8520192503929138,180.0
150.0,False,True,0.0,4.709689617156982,0.0,0.792952299118042,4.0,0.9059942960739136,180.0
150.0,False,True,0.0,3.6647393703460693,0.0,0.8430649638175964,5.0,0.8461028337478638,180.0
150.0,False,True,0.0,3.7100346088409424,0.0,0.8951415419578552,4.0,0.8565824627876282,180.0
150.0,False,True,0.0,4.427220821380615,0.0,0.8300860524177551,5.0,0.8846080899238586,180.0
150.0,False,True,0.0,3.652965784072876,0.0,0.9312021136283875,3.0,0.8748571872711182,180.0
150.0,False,True,0.0,3.994539737701416,0.0,0.7718135118484497,4.0,0.8779926300048828,180.0
150.0,False,True,0.0,4.6328654289245605,0.0,0.9681066274642944,14.0,0.8172001838684082,180.0
150.0,False,True,0.0,5.273809432983398,0.0,0.8208763599395752,1.0,0.8730438947677612,180.0
150.0,False,True,0.0,4.3361663818359375,0.0,0.9136714339256287,4.0,0.8264327645301819,180.0
150.0,False,True,0.0,4.382264614105225,0.0,0.8046891689300537,4.0,0.8623328804969788,180.0
150.0,False,True,0.0,4.265628814697266,0.0,0.9559823870658875,9.0,0.8336037397384644,180.0
150.0,False,True,0.0,5.37978982925415,0.0,0.9620328545570374,12.0,0.8307961225509644,180.0
150.0,False,True,0.0,5.20352840423584,0.0,0.783210039138794,4.0,0.9099823832511902,180.0
150.0,False,True,0.0,4.796200275421143,0.0,0.7640416026115417,3.0,0.840248167514801,180.0
150.0,False,True,0.0,4.0235066413879395,0.0,0.9035518765449524,4.0,0.8548654913902283,180.0
150.0,False,True,0.0,4.3473992347717285,0.0,0.9099583625793457,3.0,0.8337339162826538,180.0
150.0,False,True,0.0,3.734705686569214,0.0,0.8780697584152222,4.0,0.8370860815048218,180.0
150.0,False,True,0.0,5.342764854431152,0.0,0.76165771484375,2.0,0.8743746280670166,180.0
150.0,False,True,0.0,3.3949990272521973,0.0,0.8794916272163391,4.0,0.8480951189994812,180.0
150.0,False,True,0.0,4.486592769622803,0.0,0.8925159573554993,4.0,0.8447478413581848,180.0
150.0,False,True,0.0,3.863255739212036,0.0,1.0539281368255615,7.0,0.8877688050270081,180.0
150.0,False,True,0.0,3.681105852127075,0.0,0.960313618183136,7.0,0.8597421646118164,180.0
150.0,False,True,0.0,4.1508636474609375,0.0,0.9485541582107544,7.0,0.8844691514968872,180.0
150.0,False,True,0.0,4.363318920135498,0.0,0.9240851402282715,5.0,0.8751158118247986,180.0
150.0,False,True,0.0,4.547302722930908,0.0,0.8623809814453125,6.0,0.9066915512084961,180.0
150.0,False,True,0.0,4.5714898109436035,0.0,0.7460501790046692,4.0,0.8584044575691223,180.0
150.0,False,True,0.0,5.775670051574707,0.0,0.7158229351043701,7.0,0.8988218903541565,180.0
150.0,False,True,0.0,3.7083983421325684,0.0,1.0087764263153076,4.0,0.8162985444068909,180.0
150.0,False,True,0.0,4.063125133514404,0.0,0.9296398758888245,4.0,0.862219512462616,180.0
150.0,False,True,0.0,3.986196994781494,0.0,0.918510377407074,11.0,0.8688400387763977,180.0
150.0,False,True,0.0,4.088351249694824,0.0,0.8729078769683838,7.0,0.8912656307220459,180.0
150.0,False,True,0.0,4.637387275695801,0.0,1.0050055980682373,7.0,0.8803272247314453,180.0
150.0,False,True,0.0,4.693022727966309,0.0,0.7945694923400879,4.0,0.8695394396781921,180.0
150.0,False,True,0.0,4.314204692840576,0.0,0.8541910648345947,4.0,0.8317646384239197,180.0
150.0,False,True,0.0,3.7890992164611816,0.0,0.8917693495750427,7.0,0.8222171068191528,180.0
150.0,False,True,0.0,5.4371819496154785,0.0,0.7047393918037415,1.0,0.879697859287262,180.0
150.0,False,True,0.0,4.040554046630859,0.0,0.9742526412010193,5.0,0.8759310841560364,180.0
150.0,False,True,0.0,4.458521366119385,0.00011670470121316612,0.792925238609314,4.0,0.8920579552650452,180.0
150.0,False,True,0.0,3.834970712661743,0.0,0.8721832036972046,7.0,0.8570929765701294,180.0
150.0,False,True,0.0,3.97916579246521,0.0,0.8117318749427795,4.0,0.8452059030532837,180.0
150.0,False,True,0.0,3.79312801361084,0.0,1.06366765499115,6.0,0.8720200061798096,180.0
150.0,False,True,0.0,6.0611982345581055,0.0,0.8212329149246216,7.0,0.8577169179916382,180.0
150.0,False,True,0.0,4.667827129364014,0.0,0.8687760829925537,3.0,0.8699172735214233,180.0
150.0,False,True,0.0,4.621520519256592,0.0,0.8152332901954651,7.0,0.892011284828186,180.0
150.0,False,True,0.0,3.6847739219665527,0.0,1.0088319778442383,5.0,0.8557413220405579,180.0
150.0,False,True,0.0,3.4242262840270996,0.0,0.8504447340965271,4.0,0.820601761341095,180.0
150.0,False,True,0.0,4.172510623931885,0.0,0.923666775226593,7.0,0.8793812990188599,180.0
150.0,False,True,0.0,3.432278871536255,0.0,0.8972944617271423,5.0,0.8688045740127563,180.0
150.0,False,True,0.0,3.803438663482666,0.0,0.9213736057281494,3.0,0.8304105401039124,180.0
150.0,False,True,0.0,3.7071313858032227,0.0,1.0097019672393799,3.0,0.7968676090240479,180.0
150.0,False,True,0.0,4.416501045227051,0.0,0.8617329597473145,7.0,0.8680880665779114,180.0
150.0,False,True,0.0,4.013906478881836,0.0,0.8493843674659729,3.0,0.8747326135635376,180.0
150.0,False,True,0.0,4.504152297973633,0.0,0.837137758731842,4.0,0.8585694432258606,180.0
150.0,False,True,0.0,4.103269100189209,0.0,0.9049001336097717,4.0,0.865608274936676,180.0
150.0,False,True,0.0,3.8321101665496826,0.0,0.9717864990234375,6.0,0.8591976165771484,180.0
150.0,False,True,0.0,4.536952972412109,0.0,0.9203845262527466,4.0,0.86318039894104,180.0
150.0,False,True,0.0,4.3568501472473145,0.0,0.8525243997573853,4.0,0.8341612219810486,180.0
150.0,False,True,0.0,3.7532200813293457,0.0,0.9740186333656311,5.0,0.8758741617202759,180.0
150.0,False,True,0.0,3.886099338531494,0.0,0.8353728652000427,3.0,0.8135970234870911,180.0
150.0,False,True,0.0,4.1511945724487305,0.0,0.9718338847160339,4.0,0.8741220831871033,180.0
150.0,False,True,0.0,4.614902973175049,0.0,1.0563184022903442,5.0,1.0954006910324097,270.0
150.0,False,True,0.0,4.77388858795166,0.008778232149779797,0.7953357696533203,3.0,1.162149429321289,270.0
150.0,False,True,0.0,4.308389663696289,0.004102008417248726,0.7654702663421631,7.0,0.9802015423774719,270.0
150.0,False,True,0.0,3.1577131748199463,0.002186061115935445,0.7663783431053162,4.0,0.9872218370437622,270.0
150.0,False,True,0.0,3.95542311668396,0.004607737064361572,0.7929543852806091,4.0,1.0670920610427856,270.0
150.0,False,True,0.0,3.238819122314453,0.0,0.8430704474449158,5.0,0.9857950210571289,270.0
150.0,False,True,0.0,4.39685583114624,0.0002791929291561246,0.8951396346092224,4.0,1.0216200351715088,270.0
150.0,False,True,0.0,3.360103130340576,0.0010283577721565962,0.8300961256027222,5.0,1.0533015727996826,270.0
150.0,False,True,0.0,4.287382125854492,0.0,0.93138587474823,3.0,1.0382015705108643,270.0
150.0,False,True,0.0,3.556718349456787,0.00309013482183218,0.7718113660812378,4.0,1.0564086437225342,270.0
150.0,False,True,0.0,4.853652477264404,0.0,0.9681041836738586,14.0,1.0658059120178223,270.0
150.0,False,True,0.0,4.76908540725708,0.006021483801305294,0.8208778500556946,1.0,1.0441890954971313,270.0
150.0,False,True,0.0,3.5476789474487305,0.0,0.9136926531791687,4.0,1.0369205474853516,270.0
150.0,False,True,0.0,3.854121208190918,0.0069795818999409676,0.8046845197677612,4.0,1.0332411527633667,270.0
150.0,False,True,0.0,4.060039520263672,0.0,0.9559848308563232,9.0,0.99098140001297,270.0
150.0,False,True,0.0,4.927320957183838,0.0,0.9620347619056702,12.0,1.0875674486160278,270.0
150.0,False,True,0.0,4.491479873657227,0.010724394582211971,0.7832077145576477,4.0,1.0458011627197266,270.0
150.0,False,True,0.0,3.818955183029175,0.005213552620261908,0.7551590800285339,3.0,1.0103012323379517,270.0
150.0,False,True,0.0,3.7756905555725098,0.0,0.9035519361495972,4.0,1.042872667312622,270.0
150.0,False,True,0.0,4.254641056060791,0.0011739515466615558,0.9100276827812195,3.0,1.055189847946167,270.0
150.0,False,True,0.0,4.188859462738037,0.000732557731680572,0.8780654668807983,4.0,0.9774073958396912,270.0
150.0,False,True,0.0,3.2962188720703125,0.001957436790689826,0.7463719844818115,6.0,0.9823060631752014,270.0
150.0,False,True,0.0,3.5589747428894043,0.0,0.8794960975646973,4.0,0.9959985017776489,270.0
150.0,False,True,0.0,3.310856819152832,0.0,0.8925026059150696,4.0,1.016156792640686,270.0
150.0,False,True,0.0,5.692300796508789,0.0006828784826211631,1.0539287328720093,7.0,1.1310477256774902,270.0
150.0,False,True,0.0,4.18829870223999,0.0,0.960318922996521,7.0,1.0232579708099365,270.0
150.0,False,True,0.0,5.177216053009033,0.0014053296763449907,0.9486271142959595,7.0,1.1102427244186401,270.0
150.0,False,True,0.0,4.418097019195557,0.0,0.9230407476425171,5.0,1.0733376741409302,270.0
150.0,False,True,0.0,4.53790283203125,0.0038766192737966776,0.8623948097229004,6.0,1.0333212614059448,270.0
150.0,False,True,0.0,3.228041887283325,0.004093223717063665,0.7460464239120483,4.0,0.9886666536331177,270.0
150.0,False,True,0.0,3.242323398590088,0.0037295937072485685,0.7150678038597107,3.0,0.9806599617004395,270.0
150.0,False,True,0.0,4.183900356292725,0.0,1.0087758302688599,4.0,1.0033459663391113,270.0
150.0,False,True,0.0,4.155579566955566,0.0,0.9296460151672363,4.0,1.0109366178512573,270.0
150.0,False,True,0.0,3.885343313217163,0.0,0.9185122847557068,11.0,1.051350712776184,270.0
150.0,False,True,0.0,5.849552154541016,0.002611036179587245,0.8729074001312256,7.0,1.138223648071289,270.0
150.0,False,True,0.0,5.769524097442627,0.0,1.0050071477890015,7.0,1.1213266849517822,270.0
150.0,False,True,0.0,4.050767421722412,0.004960797727108002,0.7945652604103088,4.0,1.0555201768875122,270.0
150.0,False,True,0.0,4.559605598449707,0.00556671479716897,0.8541975617408752,4.0,1.007192850112915,270.0
150.0,False,True,0.0,3.6224467754364014,0.0,0.8934129476547241,7.0,1.0422543287277222,270.0
150.0,False,True,0.0,3.841704845428467,0.006156764924526215,0.7047420740127563,1.0,0.9431597590446472,270.0
150.0,False,True,0.0,4.448185443878174,0.0,0.974245548248291,5.0,1.0402954816818237,270.0
150.0,False,True,0.0,3.8696377277374268,0.002149306470528245,0.7929366827011108,4.0,1.0291498899459839,270.0
150.0,False,True,0.0,3.7791643142700195,0.0,0.8721829056739807,7.0,0.9728288650512695,270.0
150.0,False,True,0.0,4.13853120803833,0.00320597761310637,0.8117302656173706,4.0,1.07461678981781,270.0
150.0,False,True,0.0,4.740203380584717,0.0,1.0636601448059082,6.0,1.0546164512634277,270.0
150.0,False,True,0.0,3.2467281818389893,0.00020995258819311857,0.8212342262268066,7.0,0.9737895131111145,270.0
150.0,False,True,0.0,4.799630165100098,0.0048110606148839,0.8687804937362671,3.0,1.042309284210205,270.0
150.0,False,True,0.0,4.206634998321533,0.002512912731617689,0.8152351975440979,7.0,1.021606206893921,270.0
150.0,False,True,0.0,4.377703666687012,0.0,1.008834958076477,5.0,1.0435569286346436,270.0
150.0,False,True,0.0,3.755671262741089,0.001273392466828227,0.85044264793396,4.0,1.0281122922897339,270.0
150.0,False,True,0.0,5.8199567794799805,0.0014843344688415527,0.9236695170402527,7.0,1.1498441696166992,270.0
150.0,False,True,0.0,3.707183837890625,0.0,0.8973042368888855,5.0,0.9991025924682617,270.0
150.0,False,True,0.0,4.1141839027404785,0.0,0.9213709831237793,3.0,1.0109310150146484,270.0
150.0,False,True,0.0,4.2530293464660645,0.0,1.0097254514694214,3.0,0.9658670425415039,270.0
150.0,False,True,0.0,4.304296493530273,0.00037641284870915115,0.8617308139801025,7.0,1.0257617235183716,270.0
150.0,False,True,0.0,3.387204647064209,0.001146711059845984,0.849382758140564,3.0,1.0316253900527954,270.0
150.0,False,True,0.0,3.405190944671631,0.0,0.8372931480407715,4.0,1.0479686260223389,270.0
150.0,False,True,0.0,4.1741533279418945,0.0011561058927327394,0.9049150943756104,4.0,1.0140502452850342,270.0
150.0,False,True,0.0,4.399127006530762,0.0,0.9717897772789001,6.0,1.0523803234100342,270.0
150.0,False,True,0.0,4.987509250640869,0.0016523873200640082,0.9203848242759705,4.0,1.0660680532455444,270.0
150.0,False,True,0.0,3.116903781890869,0.0,0.8525248169898987,4.0,0.9993722438812256,270.0
150.0,False,True,0.0,4.453246593475342,0.0,0.9740243554115295,5.0,1.0455492734909058,270.0
150.0,False,True,0.0,4.293726921081543,0.004951117094606161,0.8353590965270996,3.0,1.0613352060317993,270.0
150.0,False,True,0.0,4.746026515960693,0.0,0.9718276262283325,4.0,1.0294822454452515,270.0
200.0,False,True,0.0,6.483617305755615,0.0,1.0561835765838623,5.0,1.0158824920654297,0.0
200.0,False,True,0.3199999928474426,5.438262939453125,0.025045866146683693,0.7953423857688904,3.0,1.087178349494934,0.0
200.0,False,True,0.0,5.359682559967041,0.015596904791891575,0.7654702067375183,7.0,0.9398260116577148,0.0
200.0,False,True,0.0,5.584161281585693,0.013204565271735191,0.7663768529891968,4.0,0.9227458238601685,0.0
200.0,False,True,0.0,5.735144138336182,0.0217557642608881,0.7926153540611267,4.0,1.0391981601715088,0.0
200.0,False,True,0.0,6.107274055480957,0.0013123261742293835,0.843068540096283,5.0,0.8739055395126343,0.0
200.0,False,True,0.0,5.761841297149658,0.001840301789343357,0.8951399922370911,4.0,0.973096489906311,0.0
200.0,False,True,0.0,5.968410491943359,0.008586721494793892,0.8300922513008118,5.0,1.0007036924362183,0.0
200.0,False,True,0.0,6.031857013702393,0.0,0.9314762949943542,3.0,0.9487472176551819,0.0
200.0,False,True,0.0,5.895879745483398,0.014509724453091621,0.771812379360199,4.0,0.9411398768424988,0.0
200.0,False,True,0.0,5.842813014984131,0.0,0.9681045413017273,14.0,0.9109789729118347,0.0
200.0,False,True,0.0,5.979304790496826,0.016366146504878998,0.8208786845207214,1.0,1.0794072151184082,0.0
200.0,False,True,0.0,6.402237415313721,0.0,0.9136716723442078,4.0,0.9305225610733032,0.0
200.0,False,True,0.0,5.280010223388672,0.020938634872436523,0.8046904802322388,4.0,1.0155670642852783,0.0
200.0,False,True,0.0,5.933395862579346,0.0,0.9559839367866516,9.0,0.9285005331039429,0.0
200.0,False,True,0.0,6.0414042472839355,0.0,0.9620314836502075,12.0,1.025518536567688,0.0
200.0,False,True,0.3199999928474426,5.721286773681641,0.0453852042555809,0.7832057476043701,4.0,1.0794366598129272,0.0
200.0,False,True,0.0,5.437506198883057,0.02518206089735031,0.7523948550224304,3.0,0.9805012345314026,0.0
200.0,False,True,0.0,6.609218120574951,0.002656242810189724,0.9035506248474121,4.0,1.033095359802246,0.0
200.0,False,True,0.0,5.482657432556152,0.0021921396255493164,0.9100343585014343,3.0,0.9609980583190918,0.0
200.0,False,True,0.0,5.628243446350098,0.0015846847090870142,0.8780716061592102,4.0,0.8853980302810669,0.0
200.0,False,True,0.0,5.857455253601074,0.014268429949879646,0.7463727593421936,6.0,0.9525246024131775,0.0
200.0,False,True,0.0,5.742180347442627,0.001330512692220509,0.8794898986816406,4.0,0.9247532486915588,0.0
200.0,False,True,0.0,5.95427131652832,0.0011777841718867421,0.8915789723396301,4.0,0.9862895011901855,0.0
200.0,False,True,0.0,6.13938570022583,0.0,1.053929090499878,7.0,1.0095477104187012,0.0
200.0,False,True,0.0,5.798666477203369,0.0,0.9603129625320435,7.0,0.895897626876831,0.0
200.0,False,True,0.0,5.835999488830566,0.0005455124191939831,0.948574960231781,7.0,1.005659818649292,0.0
200.0,False,True,0.0,5.788111209869385,0.002132838824763894,0.9240860939025879,5.0,1.0550529956817627,0.0
200.0,False,True,0.0,5.560456275939941,0.01412268541753292,0.8623934984207153,6.0,1.044539451599121,0.0
200.0,False,True,0.0,6.035398483276367,0.019307754933834076,0.7460484504699707,4.0,0.9365898370742798,0.0
200.0,False,True,0.0,5.781876564025879,0.025151770561933517,0.7150682210922241,3.0,0.9876915812492371,0.0
200.0,False,True,0.0,6.308758735656738,0.0,1.0087813138961792,4.0,0.9254827499389648,0.0
200.0,False,True,0.0,5.711584091186523,0.0004872643912676722,0.9296451807022095,4.0,0.9592512249946594,0.0
200.0,False,True,0.0,6.74936056137085,0.0018966341158375144,0.9185207486152649,11.0,1.0314464569091797,0.0
200.0,False,True,0.0,6.261436462402344,0.0052458010613918304,0.8729102611541748,7.0,1.0076318979263306,0.0
200.0,False,True,0.0,5.893718242645264,0.0,1.0066126585006714,5.0,0.9470046758651733,0.0
200.0,False,True,0.0,5.377202987670898,0.014619015157222748,0.7945941686630249,4.0,0.9965118765830994,0.0
200.0,False,True,0.0,5.100887298583984,0.01185047347098589,0.8541924357414246,4.0,0.9701467156410217,0.0
200.0,False,True,0.0,6.180187702178955,0.0,0.8917720317840576,7.0,0.9364580512046814,0.0
200.0,False,True,0.3199999928474426,5.220295429229736,0.0444934144616127,0.7063143849372864,1.0,1.0696598291397095,0.0
200.0,False,True,0.0,5.854241847991943,0.0,0.9742500185966492,5.0,0.9863139390945435,0.0
200.0,False,True,0.0,5.728749752044678,0.014798271469771862,0.7928924560546875,4.0,1.048478126525879,0.0
200.0,False,True,0.0,5.470132350921631,4.106760115973884e-06,0.8721767663955688,7.0,0.9047585129737854,0.0
200.0,False,True,0.0,5.125144004821777,0.007981480099260807,0.8117302060127258,4.0,0.9532920718193054,0.0
200.0,False,True,0.0,5.955422878265381,0.0,1.0636436939239502,6.0,0.9624571204185486,0.0
200.0,False,True,0.0,5.539340019226074,0.0046550920233130455,0.8212382793426514,7.0,0.9373019337654114,0.0
200.0,False,True,0.0,5.438479423522949,0.009732142090797424,0.8687776923179626,3.0,1.0318421125411987,0.0
200.0,False,True,0.0,5.565212726593018,0.008968272246420383,0.8152298927307129,7.0,0.9868932366371155,0.0
200.0,False,True,0.0,6.1958394050598145,0.0,1.008834958076477,5.0,0.9648395776748657,0.0
200.0,False,True,0.0,5.65779972076416,0.00390057684853673,0.8504420518875122,4.0,0.9595350027084351,0.0
200.0,False,True,0.0,5.716591835021973,0.0005735158920288086,0.9236729145050049,7.0,0.9716241359710693,0.0
200.0,False,True,0.0,6.1170244216918945,8.27765470603481e-05,0.8972938060760498,5.0,0.928542971611023,0.0
200.0,False,True,0.0,5.349069595336914,0.0,0.9214174747467041,3.0,0.9377437233924866,0.0
200.0,False,True,0.0,5.9333624839782715,0.0,1.009477972984314,3.0,0.916023850440979,0.0
200.0,False,True,0.0,5.377312660217285,0.0037237689830362797,0.8526925444602966,7.0,0.9517695903778076,0.0
200.0,False,True,0.0,6.37876558303833,0.007123742252588272,0.8493810892105103,3.0,1.0215718746185303,0.0
200.0,False,True,0.0,6.006486892700195,0.005077819339931011,0.8372982144355774,4.0,0.9869918823242188,0.0
200.0,False,True,0.0,5.5146260261535645,0.0020633970852941275,0.9049085974693298,4.0,0.9459289908409119,0.0
200.0,False,True,0.0,5.598601818084717,0.0,0.9717984199523926,6.0,0.965109646320343,0.0
200.0,False,True,0.0,5.5293192863464355,0.0029761609621345997,0.9245864748954773,7.0,1.0002846717834473,0.0
200.0,False,True,0.0,5.6685967445373535,0.0018211125861853361,0.8525203466415405,4.0,0.9184076189994812,0.0
200.0,False,True,0.0,6.011380672454834,0.0,0.9740236401557922,5.0,0.9242777824401855,0.0
200.0,False,True,0.0,5.764732360839844,0.0067979395389556885,0.8353686332702637,3.0,0.9613001942634583,0.0
200.0,False,True,0.0,6.0444536209106445,0.000432177766924724,0.971824049949646,4.0,1.0381666421890259,0.0
200.0,False,True,0.0,4.728825092315674,0.0295553095638752,1.0563305616378784,5.0,1.0308666229248047,90.0
200.0,False,True,0.0,4.1306681632995605,0.020455846562981606,0.7953493595123291,3.0,0.8446117043495178,90.0
200.0,False,True,0.0,4.116943836212158,0.00799629744142294,0.7654738426208496,7.0,0.7564232349395752,90.0
200.0,False,True,0.0,5.143385410308838,0.04773776978254318,0.7663784623146057,4.0,0.8037814497947693,90.0
200.0,False,True,0.0,5.183986663818359,0.05542723834514618,0.7926135063171387,4.0,0.9092605113983154,90.0
200.0,False,True,0.0,5.303708553314209,0.036057792603969574,0.8430581092834473,5.0,0.8126283884048462,90.0
200.0,False,True,0.0,4.498234748840332,0.022206788882613182,0.8930163383483887,3.0,0.8957830667495728,90.0
200.0,False,True,0.0,5.054235935211182,0.05396067723631859,0.8300892114639282,5.0,0.8822806477546692,90.0
200.0,False,True,0.0,4.635274887084961,0.00978991948068142,0.9312005043029785,3.0,0.8652618527412415,90.0
200.0,False,True,0.0,4.8408002853393555,0.06059165298938751,0.7718186974525452,4.0,0.827748715877533,90.0
200.0,False,True,0.0,5.183456897735596,0.012730659916996956,0.9681017398834229,14.0,0.8612645864486694,90.0
200.0,False,True,0.0,4.808723449707031,0.012117061764001846,0.8208755254745483,1.0,0.8504241108894348,90.0
200.0,False,True,0.5,6.4720845222473145,0.04297349229454994,0.9136714339256287,4.0,0.914344072341919,90.0
200.0,False,True,0.0,5.003902435302734,0.009428292512893677,0.8046831488609314,4.0,0.8203586339950562,90.0
200.0,False,True,0.0,5.794168949127197,0.0190858393907547,0.9559794664382935,9.0,0.8872933983802795,90.0
200.0,False,True,0.0,4.876122951507568,0.028107061982154846,0.9620406627655029,12.0,0.8992404937744141,90.0
200.0,False,True,0.0,4.9738993644714355,0.009953122586011887,0.7832090258598328,4.0,0.8536020517349243,90.0
200.0,False,True,0.0,4.442368984222412,0.017894640564918518,0.7639815807342529,3.0,0.7654635310173035,90.0
200.0,False,True,0.0,6.676968574523926,0.050227195024490356,0.9035518765449524,4.0,1.134660243988037,90.0
200.0,False,True,0.0,4.116325378417969,0.008584624156355858,0.9100313782691956,3.0,0.8219871520996094,90.0
200.0,False,True,0.0,4.52030086517334,0.007376453839242458,0.8780721426010132,4.0,0.8026247620582581,90.0
200.0,False,True,0.0,5.247138977050781,0.04489874094724655,0.7616617679595947,2.0,0.769164502620697,90.0
200.0,False,True,0.0,4.915218830108643,0.026786934584379196,0.8794845342636108,4.0,0.855697512626648,90.0
200.0,False,True,0.0,4.908238887786865,0.037389371544122696,0.8925132155418396,4.0,0.8709059357643127,90.0
200.0,False,True,0.0,5.412328720092773,0.002492578001692891,1.0539323091506958,7.0,0.878644585609436,90.0
200.0,False,True,0.0,5.055476188659668,0.012504401616752148,0.9603157043457031,7.0,0.8681732416152954,90.0
200.0,False,True,0.0,4.739170074462891,0.006522034760564566,0.9486243724822998,7.0,0.8500512838363647,90.0
200.0,False,True,0.0,4.845006942749023,0.032081134617328644,0.9214803576469421,10.0,0.9243959784507751,90.0
200.0,False,True,0.0,4.792400360107422,0.014296559616923332,0.8623870015144348,6.0,0.9169832468032837,90.0
200.0,False,True,0.0,4.8350911140441895,0.05434826761484146,0.7460448741912842,4.0,0.8250274062156677,90.0
200.0,False,True,0.0,5.484229564666748,0.05670122057199478,0.7150692939758301,3.0,0.7911614179611206,90.0
200.0,False,True,0.0,4.938640117645264,0.006706502288579941,1.0087789297103882,4.0,0.843111515045166,90.0
200.0,False,True,0.0,4.599086761474609,0.00896816048771143,0.9296314716339111,4.0,0.8676162362098694,90.0
200.0,False,True,0.0,5.228396892547607,0.06345988065004349,0.9185087084770203,11.0,0.9600949287414551,90.0
200.0,False,True,0.0,4.788638591766357,0.008940622210502625,0.872907280921936,7.0,0.8228477239608765,90.0
200.0,False,True,0.0,5.254266738891602,0.012992218136787415,1.0050104856491089,7.0,0.9091312885284424,90.0
200.0,False,True,0.0,4.495664119720459,0.025617357343435287,0.7945654392242432,4.0,0.8443183302879333,90.0
200.0,False,True,0.0,4.0119547843933105,0.002588666509836912,0.8541978597640991,4.0,0.7908108234405518,90.0
200.0,False,True,0.0,5.046515941619873,0.031332001090049744,0.8917673230171204,7.0,0.8307613730430603,90.0
200.0,False,True,0.0,5.650069713592529,0.0323244109749794,0.7063132524490356,1.0,0.7842522859573364,90.0
200.0,False,True,0.0,4.73520040512085,0.013266614638268948,0.9742581248283386,5.0,0.9362252950668335,90.0
200.0,False,True,0.0,4.800895690917969,0.06897157430648804,0.7929257154464722,4.0,0.9010715484619141,90.0
200.0,False,True,0.0,4.91772985458374,0.035617005079984665,0.8263288140296936,3.0,0.8198840618133545,90.0
200.0,False,True,0.0,4.177670955657959,0.027828969061374664,0.8117274641990662,4.0,0.8121738433837891,90.0
200.0,False,True,0.0,4.815847873687744,0.0031172132585197687,1.0636565685272217,6.0,0.92385333776474,90.0
200.0,False,True,0.0,5.215977191925049,0.014573372900485992,0.8212326169013977,7.0,0.7666471004486084,90.0
200.0,False,True,0.0,4.519867420196533,0.008266032673418522,0.8687734007835388,3.0,0.8562273979187012,90.0
200.0,False,True,0.0,4.552382469177246,0.00768820196390152,0.8152291774749756,7.0,0.7610157132148743,90.0
200.0,False,True,0.0,5.102346897125244,0.01160207949578762,1.0088344812393188,5.0,0.9091395139694214,90.0
200.0,False,True,0.0,4.699613094329834,0.02273838222026825,0.8504396677017212,4.0,0.8371760845184326,90.0
200.0,False,True,0.0,5.277968406677246,0.002733938628807664,0.9236660003662109,7.0,0.7938060760498047,90.0
200.0,False,True,0.0,5.142775535583496,0.03906664252281189,0.8972925543785095,5.0,0.9025480151176453,90.0
200.0,False,True,0.0,4.31815242767334,0.00933433510363102,0.9213701486587524,3.0,0.8053730130195618,90.0
200.0,False,True,0.0,4.841893196105957,0.00563812255859375,1.0094741582870483,3.0,0.8903495073318481,90.0
200.0,False,True,0.0,4.742434501647949,0.013739068061113358,0.8617302775382996,7.0,0.7807719707489014,90.0
200.0,False,True,0.0,5.300382137298584,0.04213239252567291,0.8493789434432983,3.0,0.903619110584259,90.0
200.0,False,True,0.0,4.710395812988281,0.0645299181342125,0.8359783887863159,4.0,0.8626755475997925,90.0
200.0,False,True,0.0,4.546010494232178,0.008612441830337048,0.9049317240715027,4.0,0.8576602339744568,90.0
200.0,False,True,0.0,4.605981349945068,0.00909075140953064,0.971782386302948,6.0,0.8654299974441528,90.0
200.0,False,True,0.0,4.555178642272949,0.002308651339262724,0.9245862364768982,7.0,0.7910864353179932,90.0
200.0,False,True,0.0,4.915896892547607,0.03129524737596512,0.8525232076644897,4.0,0.7969063520431519,90.0
200.0,False,True,0.0,4.975396156311035,0.010305991396307945,0.9740312695503235,5.0,0.8796289563179016,90.0
200.0,False,True,0.0,4.216168403625488,0.007191285956650972,0.8353719115257263,3.0,0.7832284569740295,90.0
200.0,False,True,0.0,4.586248874664307,0.01241588220000267,0.9718191623687744,4.0,1.0023802518844604,90.0
200.0,False,True,0.0,6.200836658477783,0.03781538084149361,1.0563127994537354,5.0,1.161737084388733,180.0
200.0,False,True,0.0,6.954150676727295,0.03651518002152443,0.7953311800956726,3.0,1.1511929035186768,180.0
200.0,False,True,0.0,6.200109481811523,0.01726156659424305,0.7654767632484436,7.0,1.1186178922653198,180.0
200.0,False,True,0.0,6.270479202270508,0.02285214141011238,0.7663737535476685,4.0,1.085532784461975,180.0
200.0,False,True,0.0,6.154662609100342,0.05457326024770737,0.7929570078849792,4.0,1.155991554260254,180.0
200.0,False,True,0.0,5.539163589477539,0.022259043529629707,0.8430581092834473,5.0,1.0856081247329712,180.0
200.0,False,True,0.0,4.905404567718506,0.027073318138718605,0.8951435685157776,4.0,1.0984222888946533,180.0
200.0,False,True,0.0,6.17339563369751,0.05002989247441292,0.8300979137420654,5.0,1.1176645755767822,180.0
200.0,False,True,0.0,4.854015827178955,0.02641546167433262,0.9305654764175415,3.0,1.1081116199493408,180.0
200.0,False,True,0.0,5.5639801025390625,0.02938707172870636,0.7718102931976318,4.0,1.1193838119506836,180.0
200.0,False,True,0.0,6.621698379516602,0.012460523284971714,0.968092679977417,14.0,1.0667599439620972,180.0
200.0,False,True,0.0,7.320004463195801,0.04887905716896057,0.8208746910095215,1.0,1.137202501296997,180.0
200.0,False,True,0.0,6.024084568023682,0.02337465062737465,0.9137927889823914,4.0,1.0553653240203857,180.0
200.0,False,True,0.0,6.113466262817383,0.013560735620558262,0.8046800494194031,4.0,1.1139600276947021,180.0
200.0,False,True,0.0,6.345913410186768,0.01839432306587696,0.9559778571128845,9.0,1.0650355815887451,180.0
200.0,False,True,0.0,7.207207202911377,0.03259359300136566,0.9620307087898254,12.0,1.060129165649414,180.0
200.0,False,True,0.0,7.134268760681152,0.0203406922519207,0.7832058668136597,4.0,1.1766247749328613,180.0
200.0,False,True,0.0,6.608773231506348,0.014033242128789425,0.7551557421684265,3.0,1.0747779607772827,180.0
200.0,False,True,0.0,6.085762023925781,0.04879217594861984,0.9035544395446777,4.0,1.0930306911468506,180.0
200.0,False,True,0.0,6.0458807945251465,0.009959126822650433,0.9099583625793457,3.0,1.0799537897109985,180.0
200.0,False,True,0.0,4.699946880340576,0.005768227390944958,0.8780714273452759,4.0,1.0877829790115356,180.0
200.0,False,True,0.0,7.938104152679443,0.0432417169213295,0.7616562843322754,2.0,1.0950099229812622,180.0
200.0,False,True,0.0,5.0663161277771,0.020407019183039665,0.8794853091239929,4.0,1.0877923965454102,180.0
200.0,False,True,0.0,6.430748462677002,0.03585777431726456,0.8925135731697083,4.0,1.0620380640029907,180.0
200.0,False,True,0.0,5.434658050537109,0.009305820800364017,1.053928256034851,7.0,1.129649043083191,180.0
200.0,False,True,0.0,5.091006278991699,0.020867029204964638,0.9603142738342285,7.0,1.0899772644042969,180.0
200.0,False,True,0.0,5.924071788787842,0.02270910143852234,0.9486222267150879,7.0,1.1216974258422852,180.0
200.0,False,True,0.0,6.252161026000977,0.04467921331524849,0.9230716824531555,5.0,1.114153265953064,180.0
200.0,False,True,0.0,6.307640075683594,0.03926964849233627,0.8623899817466736,6.0,1.1624130010604858,180.0
200.0,False,True,0.0,6.100368499755859,0.03526967018842697,0.7460492849349976,4.0,1.0995283126831055,180.0
200.0,False,True,0.0,8.318714141845703,0.049577344208955765,0.7158219218254089,7.0,1.1211167573928833,180.0
200.0,False,True,0.0,4.445013523101807,0.003466801717877388,1.0087788105010986,4.0,1.0618287324905396,180.0
200.0,False,True,0.0,5.2485575675964355,0.022598259150981903,0.9296321272850037,4.0,1.1038771867752075,180.0
200.0,False,True,0.0,5.556225299835205,0.04408513754606247,0.9185166954994202,11.0,1.093819260597229,180.0
200.0,False,True,0.0,5.72310209274292,0.033135224133729935,0.8729146718978882,7.0,1.1235671043395996,180.0
200.0,False,True,0.0,6.814861297607422,0.027143577113747597,1.0050066709518433,7.0,1.1230850219726562,180.0
200.0,False,True,0.0,6.25705099105835,0.03633492439985275,0.7945842146873474,4.0,1.1241443157196045,180.0
200.0,False,True,0.0,5.603466033935547,0.0028038276359438896,0.8541989326477051,4.0,1.0732382535934448,180.0
200.0,False,True,0.0,5.893186092376709,0.018795626237988472,0.8917770981788635,7.0,1.0471277236938477,180.0
200.0,False,True,0.0,8.010404586791992,0.05242288485169411,0.7047426104545593,1.0,1.1208652257919312,180.0
200.0,False,True,0.0,5.393032550811768,0.03027605451643467,0.9742559790611267,5.0,1.1178505420684814,180.0
200.0,False,True,0.0,6.2801642417907715,0.055783238261938095,0.7929216623306274,4.0,1.1390271186828613,180.0
200.0,False,True,0.0,6.485432147979736,0.023835450410842896,0.872181236743927,7.0,1.1066813468933105,180.0
200.0,False,True,0.0,5.625491619110107,0.02173744887113571,0.8117281198501587,4.0,1.0879713296890259,180.0
200.0,False,True,0.0,4.985387802124023,0.00783836655318737,1.0636543035507202,6.0,1.1095736026763916,180.0
200.0,False,True,0.0,8.362245559692383,0.03421488031744957,0.8212354779243469,7.0,1.0925856828689575,180.0
200.0,False,True,0.0,6.328370571136475,0.029350021854043007,0.8687883615493774,3.0,1.1175141334533691,180.0
200.0,False,True,0.0,6.651513576507568,0.030613914132118225,0.8152338266372681,7.0,1.1196916103363037,180.0
200.0,False,True,0.0,4.916335105895996,0.02244601771235466,1.0088365077972412,5.0,1.0840386152267456,180.0
200.0,False,True,0.0,4.919920444488525,0.01823377050459385,0.8504458069801331,4.0,1.0685597658157349,180.0
200.0,False,True,0.0,7.980499744415283,0.022165466099977493,0.9236741662025452,7.0,1.1798797845840454,180.0
200.0,False,True,0.0,5.095852851867676,0.03321438655257225,0.8972904086112976,5.0,1.0928012132644653,180.0
200.0,False,True,0.0,5.0388617515563965,0.00554610462859273,0.9213746786117554,3.0,1.078348994255066,180.0
200.0,False,True,0.0,4.231747627258301,0.0018837356474250555,1.0094810724258423,3.0,1.0444594621658325,180.0
200.0,False,True,0.0,6.820414066314697,0.02358222007751465,0.8617284297943115,7.0,1.1044244766235352,180.0
200.0,False,True,0.0,6.302011966705322,0.05458832532167435,0.8493806719779968,3.0,1.1045563220977783,180.0
200.0,False,True,0.0,6.57685661315918,0.04364747926592827,0.837299108505249,4.0,1.0860300064086914,180.0
200.0,False,True,0.0,5.697325706481934,0.019013818353414536,0.9049192667007446,4.0,1.10622239112854,180.0
200.0,False,True,0.0,5.176080703735352,0.015619221143424511,0.9717840552330017,6.0,1.0986829996109009,180.0
200.0,False,True,0.0,5.800457954406738,0.00889524258673191,0.9245858192443848,7.0,1.0855737924575806,180.0
200.0,False,True,0.0,6.458740234375,0.019993504509329796,0.8525164127349854,4.0,1.0779099464416504,180.0
200.0,False,True,0.0,5.099811553955078,0.025434469804167747,0.9740232825279236,5.0,1.0988980531692505,180.0
200.0,False,True,0.0,5.560491561889648,0.007632720284163952,0.8353732228279114,3.0,1.062456727027893,180.0
200.0,False,True,0.0,5.463536739349365,0.03669537231326103,0.971829891204834,4.0,1.1229780912399292,180.0
200.0,False,True,0.0,5.875998020172119,0.004455334972590208,1.0563260316848755,5.0,1.4246259927749634,270.0
200.0,False,True,0.29999998211860657,5.244935035705566,0.028440222144126892,0.7953384518623352,3.0,1.3390907049179077,270.0
200.0,False,True,0.0,5.711240768432617,0.016132721677422523,0.7654701471328735,7.0,1.2720308303833008,270.0
200.0,False,True,0.0,3.84043025970459,0.020247817039489746,0.7663761377334595,4.0,1.1728264093399048,270.0
200.0,False,True,0.0,4.623045921325684,0.025747328996658325,0.7929527759552002,4.0,1.2913386821746826,270.0
200.0,False,True,0.0,3.7308239936828613,0.008396306075155735,0.8430635333061218,5.0,1.18495774269104,270.0
200.0,False,True,0.0,5.013798713684082,0.012606983073055744,0.8951435089111328,4.0,1.3033249378204346,270.0
200.0,False,True,0.0,4.290806770324707,0.016285261139273643,0.8300920128822327,5.0,1.274801254272461,270.0
200.0,False,True,0.0,5.4245524406433105,0.011314338073134422,0.9313833713531494,3.0,1.3531616926193237,270.0
200.0,False,True,0.0,4.27448034286499,0.021181229501962662,0.771816074848175,4.0,1.2576781511306763,270.0
200.0,False,True,0.0,6.214827537536621,0.002598340390250087,0.9680955410003662,14.0,1.2716975212097168,270.0
200.0,False,True,0.2800000011920929,5.478151321411133,0.020768921822309494,0.8208768963813782,1.0,1.3695735931396484,270.0
200.0,False,True,0.0,4.1969404220581055,0.004337498918175697,0.9136722683906555,4.0,1.2661044597625732,270.0
200.0,False,True,0.2800000011920929,4.601768493652344,0.028841480612754822,0.8046848773956299,4.0,1.2719268798828125,270.0
200.0,False,True,0.0,4.83991003036499,0.004096393473446369,0.9559840559959412,9.0,1.2856340408325195,270.0
200.0,False,True,0.0,5.962233066558838,0.005503031890839338,0.9620285630226135,12.0,1.3063335418701172,270.0
200.0,False,True,0.29999998211860657,5.223672866821289,0.035523779690265656,0.7832066416740417,4.0,1.3088138103485107,270.0
200.0,False,True,0.0,4.279975414276123,0.022806791588664055,0.7639824748039246,3.0,1.1700139045715332,270.0
200.0,False,True,0.0,4.969801425933838,0.011020615696907043,0.9035486578941345,4.0,1.3548294305801392,270.0
200.0,False,True,0.0,4.732096195220947,0.01099222432821989,0.9100341796875,3.0,1.2260818481445312,270.0
200.0,False,True,0.0,5.0016703605651855,0.013960381969809532,0.8780756592750549,4.0,1.2502970695495605,270.0
200.0,False,True,0.0,3.8595035076141357,0.015514511615037918,0.7616556286811829,2.0,1.2008720636367798,270.0
200.0,False,True,0.0,4.54954195022583,0.009839670732617378,0.8794987201690674,4.0,1.247945785522461,270.0
200.0,False,True,0.0,4.467693328857422,0.008039611391723156,0.8925060033798218,4.0,1.29068922996521,270.0
200.0,False,True,0.0,6.3288044929504395,0.010897243395447731,1.053929090499878,7.0,1.4382295608520508,270.0
200.0,False,True,0.0,5.189728260040283,0.006578412372618914,0.9603170156478882,7.0,1.3281053304672241,270.0
200.0,False,True,0.0,6.101075649261475,0.012177777476608753,0.9485803842544556,7.0,1.409857988357544,270.0
200.0,False,True,0.0,5.4375786781311035,0.009933371096849442,0.9229711294174194,5.0,1.375353217124939,270.0
200.0,False,True,0.0,5.279008388519287,0.024298736825585365,0.8623871803283691,6.0,1.3409862518310547,270.0
200.0,False,True,0.0,3.9948339462280273,0.0249052532017231,0.7460463643074036,4.0,1.1811131238937378,270.0
200.0,False,True,0.0,4.0804877281188965,0.021189268678426743,0.7173784375190735,1.0,1.1564165353775024,270.0
200.0,False,True,0.0,5.06766939163208,0.004619648680090904,1.0087791681289673,4.0,1.2966326475143433,270.0
200.0,False,True,0.0,5.067476272583008,0.01178012229502201,0.9296313524246216,4.0,1.3101768493652344,270.0
200.0,False,True,0.0,5.152215480804443,0.008644632063806057,0.9185114502906799,11.0,1.357491374015808,270.0
200.0,False,True,0.0,7.75729513168335,0.011112435720860958,0.872903048992157,7.0,1.4037818908691406,270.0
200.0,False,True,0.0,8.47424030303955,0.0037837529089301825,1.0066068172454834,5.0,1.3529412746429443,270.0
200.0,False,True,0.0,4.581077575683594,0.023801494389772415,0.794565737247467,4.0,1.241316795349121,270.0
200.0,False,True,0.0,4.891486167907715,0.02404521405696869,0.8542048931121826,4.0,1.2748355865478516,270.0
200.0,False,True,0.0,4.0081939697265625,0.005774800665676594,0.8917674422264099,7.0,1.2509633302688599,270.0
200.0,False,True,0.2800000011920929,4.498321056365967,0.026606077328324318,0.7063141465187073,1.0,1.2079344987869263,270.0
200.0,False,True,0.0,5.299569129943848,0.008811159990727901,0.9742498993873596,5.0,1.3380788564682007,270.0
200.0,False,True,0.0,4.851149082183838,0.01985943876206875,0.7929235100746155,4.0,1.3154515027999878,270.0
200.0,False,True,0.0,4.828928470611572,0.009377632290124893,0.8721798062324524,7.0,1.2276297807693481,270.0
200.0,False,True,0.0,4.6068315505981445,0.017461707815527916,0.8117296695709229,4.0,1.2553045749664307,270.0
200.0,False,True,0.0,5.660050868988037,0.006052203010767698,1.0636485815048218,6.0,1.375709056854248,270.0
200.0,False,True,0.0,4.222064018249512,0.012162747792899609,0.8212321996688843,7.0,1.2246111631393433,270.0
200.0,False,True,0.0,5.412835597991943,0.02078772336244583,0.8687776327133179,3.0,1.3228929042816162,270.0
200.0,False,True,0.0,5.171801567077637,0.016804277896881104,0.8152345418930054,7.0,1.2914947271347046,270.0
200.0,False,True,0.0,5.253856182098389,0.00588969187811017,1.0087668895721436,5.0,1.3582030534744263,270.0
200.0,False,True,0.0,4.344334602355957,0.01394097600132227,0.8504391312599182,4.0,1.2322300672531128,270.0
200.0,False,True,0.0,9.2412691116333,0.006490873172879219,0.9236640930175781,7.0,1.401910662651062,270.0
200.0,False,True,0.0,4.883790493011475,0.009138893336057663,0.8973029255867004,5.0,1.2958855628967285,270.0
200.0,False,True,0.0,4.671812534332275,0.009443304501473904,0.9213747978210449,3.0,1.2533401250839233,270.0
200.0,False,True,0.0,4.90764045715332,0.004321861080825329,1.0094711780548096,3.0,1.2375614643096924,270.0
200.0,False,True,0.0,5.1912760734558105,0.01178126409649849,0.861737072467804,7.0,1.3270560503005981,270.0
200.0,False,True,0.0,4.509454727172852,0.01621476374566555,0.8493793606758118,3.0,1.311966896057129,270.0
200.0,False,True,0.0,4.458433628082275,0.010003305040299892,0.837296724319458,4.0,1.2740960121154785,270.0
200.0,False,True,0.0,4.830915927886963,0.014197204262018204,0.9049164652824402,4.0,1.284738302230835,270.0
200.0,False,True,0.0,5.324357986450195,0.008624891750514507,0.9717843532562256,6.0,1.3560261726379395,270.0
200.0,False,True,0.0,5.7071213722229,0.014339861460030079,0.9203813672065735,4.0,1.3797597885131836,270.0
200.0,False,True,0.0,3.969804286956787,0.007694788742810488,0.8525199890136719,4.0,1.200063705444336,270.0
200.0,False,True,0.0,5.402906894683838,0.006102843210101128,0.9740294814109802,5.0,1.3307486772537231,270.0
200.0,False,True,0.0,4.694232940673828,0.019722096621990204,0.8353704214096069,3.0,1.2074543237686157,270.0
200.0,False,True,0.0,5.416201591491699,0.011501318775117397,0.9718241691589355,4.0,1.3549286127090454,270.0
250.0,False,True,0.0,6.898475170135498,0.0017023634864017367,1.0563210248947144,5.0,1.2385520935058594,0.0
250.0,False,True,0.3199999928474426,5.866316318511963,0.07123936712741852,0.7953391075134277,3.0,1.3436622619628906,0.0
250.0,False,True,0.29999998211860657,17.446331024169922,0.05677768588066101,0.7654731869697571,7.0,1.1515225172042847,0.0
250.0,False,True,0.3199999928474426,5.8161492347717285,0.05322514474391937,0.7663795948028564,4.0,1.1406739950180054,0.0
250.0,False,True,0.3400000035762787,6.2774481773376465,0.06772046536207199,0.7929604053497314,4.0,1.2738064527511597,0.0
250.0,False,True,0.0,6.289710521697998,0.016962356865406036,0.8430578708648682,5.0,1.0829309225082397,0.0
250.0,False,True,0.0,6.190299034118652,0.01821834035217762,0.895138680934906,4.0,1.207446813583374,0.0
250.0,False,True,0.3199999928474426,6.2800397872924805,0.037810832262039185,0.8300942778587341,5.0,1.2373229265213013,0.0
250.0,False,True,0.0,6.462685585021973,0.009288529865443707,0.9305617809295654,3.0,1.1759843826293945,0.0
250.0,False,True,0.3199999928474426,6.20115327835083,0.05682314559817314,0.7718126177787781,4.0,1.1621639728546143,0.0
250.0,False,True,0.0,6.085439682006836,0.0006541383336298168,0.9680987000465393,14.0,1.1214044094085693,0.0
250.0,False,True,0.3199999928474426,6.290645599365234,0.055884331464767456,0.8208752274513245,1.0,1.3161507844924927,0.0
250.0,False,True,0.0,6.667945384979248,0.008134477771818638,0.9137877821922302,4.0,1.1318895816802979,0.0
250.0,False,True,0.3199999928474426,5.656621932983398,0.06680859625339508,0.8046902418136597,4.0,1.2501537799835205,0.0
250.0,False,True,0.0,6.315654754638672,0.004215136636048555,0.9559816122055054,9.0,1.1377216577529907,0.0
250.0,False,True,0.0,6.419395446777344,0.008066611364483833,0.9620293378829956,12.0,1.2325536012649536,0.0
250.0,False,True,0.3199999928474426,6.011706829071045,0.0954347625374794,0.7832128405570984,4.0,1.3230541944503784,0.0
250.0,False,True,0.3199999928474426,5.5987420082092285,0.07109980285167694,0.763978123664856,3.0,1.2144619226455688,0.0
250.0,False,True,0.0,7.047260284423828,0.016299420967698097,0.9035528302192688,4.0,1.2500947713851929,0.0
250.0,False,True,0.0,5.748969078063965,0.017680130898952484,0.9099575281143188,3.0,1.1991260051727295,0.0
250.0,False,True,0.0,6.256361961364746,0.01972520351409912,0.8780645728111267,4.0,1.1046411991119385,0.0
250.0,False,True,0.3199999928474426,6.050775051116943,0.05214828625321388,0.746369481086731,6.0,1.1675211191177368,0.0
250.0,False,True,0.0,6.2621564865112305,0.018310967832803726,0.8794873952865601,4.0,1.1557995080947876,0.0
250.0,False,True,0.0,6.536450386047363,0.012911936268210411,0.8925122022628784,4.0,1.195937991142273,0.0
250.0,False,True,0.0,6.363777160644531,0.0070838830433785915,1.053921103477478,7.0,1.2566348314285278,0.0
250.0,False,True,0.0,6.219021320343018,0.0032394372392445803,0.9602987170219421,7.0,1.1204633712768555,0.0
250.0,False,True,0.0,6.176761150360107,0.014646724797785282,0.9486167430877686,7.0,1.238166332244873,0.0
250.0,False,True,0.0,5.934221267700195,0.015777956694364548,0.9229823350906372,5.0,1.2900935411453247,0.0
250.0,False,True,0.3199999928474426,6.191407680511475,0.05315610393881798,0.8623888492584229,6.0,1.2902822494506836,0.0
250.0,False,True,0.3199999928474426,6.148097038269043,0.062397513538599014,0.7460493445396423,4.0,1.1652612686157227,0.0
250.0,False,True,0.3199999928474426,5.982189178466797,0.06952875107526779,0.7150697112083435,3.0,1.203445315361023,0.0
250.0,False,True,0.0,7.090579509735107,0.001279535237699747,1.0087708234786987,4.0,1.1480660438537598,0.0
250.0,False,True,0.0,6.009031772613525,0.01305512897670269,0.929633617401123,4.0,1.1949352025985718,0.0
250.0,False,True,0.0,7.080944538116455,0.01913686841726303,0.9185131788253784,11.0,1.2644697427749634,0.0
250.0,False,True,0.0,11.454078674316406,0.030727101489901543,0.8729093670845032,7.0,1.2428967952728271,0.0
250.0,False,True,0.0,6.473841667175293,0.0006109499954618514,1.0066108703613281,5.0,1.1599608659744263,0.0
250.0,False,True,0.3199999928474426,5.592157363891602,0.05675921589136124,0.7945601940155029,4.0,1.2372736930847168,0.0
250.0,False,True,0.0,5.49308443069458,0.04867478460073471,0.8541960716247559,4.0,1.1968518495559692,0.0
250.0,False,True,0.0,6.532519340515137,0.00980248861014843,0.8934037089347839,7.0,1.1411734819412231,0.0
250.0,False,True,0.3199999928474426,5.502316474914551,0.09220625460147858,0.7047411203384399,1.0,1.2899564504623413,0.0
250.0,False,True,0.0,6.2947587966918945,0.009476643055677414,0.9742529988288879,5.0,1.2283687591552734,0.0
250.0,False,True,0.3199999928474426,6.2349534034729,0.05687771737575531,0.7928978204727173,4.0,1.2824174165725708,0.0
250.0,False,True,0.0,5.757791996002197,0.012953045777976513,0.8721824884414673,7.0,1.1148314476013184,0.0
250.0,False,True,0.3199999928474426,5.745490074157715,0.04301946237683296,0.8117358684539795,4.0,1.1989021301269531,0.0
250.0,False,True,0.0,6.404013633728027,0.0024536990094929934,1.0636420249938965,6.0,1.1962822675704956,0.0
250.0,False,True,0.0,6.2601213455200195,0.024920912459492683,0.82123863697052,7.0,1.1459492444992065,0.0
250.0,False,True,0.3199999928474426,6.0380940437316895,0.04207996279001236,0.8687797784805298,3.0,1.2862833738327026,0.0
250.0,False,True,0.0,6.0458807945251465,0.0419863723218441,0.8152328729629517,7.0,1.2048585414886475,0.0
250.0,False,True,0.0,6.610612869262695,0.0024148677475750446,1.0088311433792114,5.0,1.1929888725280762,0.0
250.0,False,True,0.0,6.211577415466309,0.0289316326379776,0.850449800491333,4.0,1.1941038370132446,0.0
250.0,False,True,0.0,11.360369682312012,0.04722462594509125,0.9236661791801453,7.0,1.1976369619369507,0.0
250.0,False,True,0.0,6.517071723937988,0.012518446892499924,0.8972901105880737,5.0,1.14972984790802,0.0
250.0,False,True,0.0,5.94352912902832,0.011890454217791557,0.9214163422584534,3.0,1.1639068126678467,0.0
250.0,False,True,0.0,6.769323348999023,0.0020992278587073088,1.0094819068908691,3.0,1.1456782817840576,0.0
250.0,False,True,0.0,5.71652364730835,0.02150174230337143,0.861737072467804,7.0,1.1712404489517212,0.0
250.0,False,True,0.0,6.730068206787109,0.033355746418237686,0.8493791222572327,3.0,1.2616004943847656,0.0
250.0,False,True,0.0,6.024312496185303,0.026324991136789322,0.8372954726219177,4.0,1.2021496295928955,0.0
250.0,False,True,0.0,5.6392364501953125,0.01857931725680828,0.9049102067947388,4.0,1.1801484823226929,0.0
250.0,False,True,0.0,5.948078632354736,0.007263054605573416,0.9717898368835449,6.0,1.1943260431289673,0.0
250.0,False,True,0.0,5.818238735198975,0.021547533571720123,0.9245874881744385,7.0,1.2362464666366577,0.0
250.0,False,True,0.0,6.013173580169678,0.01746545359492302,0.8525176048278809,4.0,1.131873607635498,0.0
250.0,False,True,0.0,6.33422327041626,0.0029960963875055313,0.9740199446678162,5.0,1.1404461860656738,0.0
250.0,False,True,0.0,6.077057361602783,0.04105357825756073,0.8353521823883057,3.0,1.1933897733688354,0.0
250.0,False,True,0.0,6.358537673950195,0.012983446009457111,0.9718285202980042,4.0,1.2925984859466553,0.0
250.0,True,False,nan,49.31715393066406,0.01651255413889885,0.9236637353897095,7.0,1.0386217832565308,90.0
250.0,False,True,0.25999999046325684,7.356235027313232,0.10175426304340363,1.0563182830810547,5.0,1.4254393577575684,90.0
250.0,False,True,0.5,4.382890701293945,0.08193846791982651,0.7953322529792786,3.0,1.0614620447158813,90.0
250.0,False,True,0.0,22.658538818359375,0.03764699772000313,0.7654716968536377,7.0,0.9607718586921692,90.0
250.0,False,True,0.5,5.978682041168213,0.11174621433019638,0.7663781642913818,4.0,1.000146746635437,90.0
250.0,False,True,0.5,5.1894636154174805,0.12108273804187775,0.7926130890846252,4.0,1.1382554769515991,90.0
250.0,False,True,0.47999998927116394,7.502291202545166,0.10805333405733109,0.8430615067481995,5.0,1.0822101831436157,90.0
250.0,False,True,0.0,5.892121315002441,0.09201335906982422,0.8951370120048523,4.0,1.1746217012405396,90.0
250.0,False,True,0.47999998927116394,6.748779773712158,0.11716732382774353,0.830091118812561,5.0,1.1669232845306396,90.0
250.0,False,True,0.0,6.176856517791748,0.06029888615012169,0.9305618405342102,3.0,1.1880626678466797,90.0
250.0,False,True,0.5,5.318576812744141,0.12687022984027863,0.7718132734298706,4.0,1.0447653532028198,90.0
250.0,False,True,0.0,7.494624137878418,0.05444781482219696,0.9680909514427185,14.0,1.1846437454223633,90.0
250.0,False,True,0.0,7.529992580413818,0.038422130048274994,0.8208767175674438,1.0,1.081807017326355,90.0
250.0,False,True,0.25999999046325684,12.08902359008789,0.09049172699451447,0.9133396148681641,4.0,1.2985024452209473,90.0
250.0,False,True,0.0,5.337591171264648,0.060024384409189224,0.804680585861206,4.0,1.0236387252807617,90.0
250.0,False,True,0.0,7.497947692871094,0.08883322030305862,0.9559838175773621,9.0,1.1916723251342773,90.0
250.0,False,True,0.0,6.022034168243408,0.09430412203073502,0.9620313048362732,12.0,1.250961184501648,90.0
250.0,False,True,0.0,5.160157680511475,0.058414243161678314,0.7832099795341492,4.0,1.048782229423523,90.0
250.0,False,True,0.5,5.502993106842041,0.07852296531200409,0.763975977897644,3.0,0.987133264541626,90.0
250.0,False,True,0.4399999976158142,9.63398551940918,0.11942289024591446,0.9035543203353882,4.0,1.343440294265747,90.0
250.0,False,True,0.0,4.608616828918457,0.049603886902332306,0.9100282788276672,3.0,1.0533127784729004,90.0
250.0,False,True,0.5,5.207480430603027,0.06277671456336975,0.878070056438446,4.0,1.0469762086868286,90.0
250.0,False,True,0.5,5.826756000518799,0.1128753200173378,0.7463690042495728,6.0,0.9770018458366394,90.0
250.0,False,True,0.47999998927116394,6.493257999420166,0.09721912443637848,0.8794874548912048,4.0,1.1492528915405273,90.0
250.0,False,True,0.4599999785423279,7.802126884460449,0.0970325917005539,0.8925068378448486,4.0,1.2077970504760742,90.0
250.0,False,True,0.0,4.511279106140137,0.027189496904611588,1.053928017616272,7.0,1.1673589944839478,90.0
250.0,False,True,0.0,6.352429389953613,0.0832778811454773,0.9603137969970703,7.0,1.2689419984817505,90.0
250.0,False,True,0.0,4.364799499511719,0.05362329259514809,0.9485605359077454,7.0,1.1239393949508667,90.0
250.0,False,True,0.47999998927116394,7.898365020751953,0.11043695360422134,0.922961950302124,5.0,1.331561803817749,90.0
250.0,False,True,0.0,4.857404708862305,0.0696648433804512,0.8623831868171692,6.0,1.1549321413040161,90.0
250.0,False,True,0.47999998927116394,5.530949115753174,0.11639406532049179,0.7460446953773499,4.0,1.0361757278442383,90.0
250.0,False,True,0.47999998927116394,5.883465766906738,0.11981181800365448,0.7150681018829346,3.0,1.009467363357544,90.0
250.0,False,True,0.0,6.141620635986328,0.04613761976361275,1.0087785720825195,4.0,1.235473394393921,90.0
250.0,False,True,0.0,5.845261573791504,0.05752946808934212,0.9296351075172424,4.0,1.194291591644287,90.0
250.0,False,True,0.47999998927116394,8.67409896850586,0.13927197456359863,0.9185137748718262,11.0,1.384158968925476,90.0
250.0,False,True,0.0,13.314809799194336,0.04948607459664345,0.8729066252708435,7.0,1.080417275428772,90.0
250.0,False,True,0.0,10.31375789642334,0.05437552183866501,1.0050036907196045,7.0,1.2290410995483398,90.0
250.0,False,True,0.5,4.829658508300781,0.09042392671108246,0.7945631146430969,4.0,1.058592677116394,90.0
250.0,False,True,0.0,4.42832612991333,0.035037290304899216,0.8542046546936035,4.0,1.000036358833313,90.0
250.0,False,True,0.47999998927116394,7.216701030731201,0.1043231338262558,0.8917667269706726,7.0,1.1866772174835205,90.0
250.0,False,True,0.5,6.234135150909424,0.08681204169988632,0.7047419548034668,1.0,0.9936047792434692,90.0
250.0,False,True,0.0,7.551149845123291,0.06827548146247864,0.9742521047592163,5.0,1.2817308902740479,90.0
250.0,False,True,0.47999998927116394,5.0822625160217285,0.13107627630233765,0.7928783893585205,4.0,1.135148048400879,90.0
250.0,False,True,0.47999998927116394,5.892653942108154,0.09018175303936005,0.8721786737442017,7.0,1.0599275827407837,90.0
250.0,False,True,0.5,4.576714515686035,0.10204257816076279,0.8117278814315796,4.0,1.0336697101593018,90.0
250.0,False,True,0.0,7.589334011077881,0.037548553198575974,1.0636508464813232,6.0,1.3182494640350342,90.0
250.0,False,True,0.0,13.063806533813477,0.07436951994895935,0.8212343454360962,7.0,0.9844344258308411,90.0
250.0,False,True,0.0,5.097121715545654,0.05251172184944153,0.868783712387085,3.0,1.1162405014038086,90.0
250.0,False,True,0.0,7.8088154792785645,0.036666419357061386,0.8152306079864502,7.0,0.9684887528419495,90.0
250.0,False,True,0.0,5.889459609985352,0.07315476983785629,1.0088410377502441,5.0,1.2782427072525024,90.0
250.0,False,True,0.47999998927116394,5.254080295562744,0.09028399735689163,0.8504414558410645,4.0,1.0806515216827393,90.0
250.0,False,True,0.47999998927116394,7.680124282836914,0.10988502204418182,0.897289514541626,5.0,1.2724257707595825,90.0
250.0,False,True,0.0,5.443845272064209,0.04748683050274849,0.9214144349098206,3.0,1.054591178894043,90.0
250.0,False,True,0.0,6.023596286773682,0.04495515674352646,1.0094752311706543,3.0,1.207648515701294,90.0
250.0,False,True,0.0,4.822798728942871,0.07292440533638,0.8617343306541443,7.0,1.0184173583984375,90.0
250.0,False,True,0.4599999785423279,7.685232639312744,0.10411905497312546,0.8493841290473938,3.0,1.2787854671478271,90.0
250.0,False,True,0.47999998927116394,6.24767541885376,0.12382307648658752,0.8369916677474976,4.0,1.1408696174621582,90.0
250.0,False,True,0.0,5.358475685119629,0.059539973735809326,0.9049041867256165,4.0,1.1080220937728882,90.0
250.0,False,True,0.0,5.42614221572876,0.059834398329257965,0.9717729687690735,6.0,1.1802724599838257,90.0
250.0,False,True,0.0,4.975829601287842,0.026186952367424965,0.9245908260345459,7.0,1.0271114110946655,90.0
250.0,False,True,0.47999998927116394,6.840542316436768,0.09876465052366257,0.852522075176239,4.0,1.0352309942245483,90.0
250.0,False,True,0.0,5.792714595794678,0.0791238471865654,0.974020779132843,5.0,1.2164039611816406,90.0
250.0,False,True,0.0,4.4525861740112305,0.0556604377925396,0.8353562355041504,3.0,1.0024354457855225,90.0
250.0,False,True,0.0,8.030158042907715,0.06778111308813095,0.9718241095542908,4.0,1.360153317451477,90.0
250.0,False,True,0.3199999928474426,7.172334671020508,0.20094089210033417,1.0563262701034546,5.0,1.4679101705551147,180.0
250.0,False,True,0.35999998450279236,7.919734001159668,0.12540176510810852,0.7953437566757202,3.0,1.4037121534347534,180.0
250.0,False,True,0.29999998211860657,8.649698257446289,0.0821351408958435,0.7654761672019958,7.0,1.3762906789779663,180.0
250.0,False,True,0.14000000059604645,7.713883399963379,0.12613704800605774,0.7663794159889221,4.0,1.336730718612671,180.0
250.0,False,True,0.3799999952316284,7.690364360809326,0.16659998893737793,0.7926135063171387,4.0,1.4139347076416016,180.0
250.0,False,True,0.11999999731779099,6.487306118011475,0.13865050673484802,0.8430600762367249,5.0,1.3424268960952759,180.0
250.0,False,True,0.0,6.484252452850342,0.11701890081167221,0.8951348066329956,4.0,1.3448883295059204,180.0
250.0,False,True,0.35999998450279236,7.772637367248535,0.17764225602149963,0.8300955891609192,5.0,1.3678193092346191,180.0
250.0,False,True,0.0,6.889057159423828,0.1174548864364624,0.9293890595436096,3.0,1.3579072952270508,180.0
250.0,False,True,0.35999998450279236,7.0548834800720215,0.12838910520076752,0.7718122601509094,4.0,1.3784127235412598,180.0
250.0,False,True,0.0,7.530409336090088,0.13447104394435883,0.9680935144424438,14.0,1.3274255990982056,180.0
250.0,False,True,0.35999998450279236,8.656213760375977,0.14072757959365845,0.8208776712417603,1.0,1.407947063446045,180.0
250.0,False,True,0.0,7.147675037384033,0.1768631637096405,0.9136711359024048,4.0,1.2949362993240356,180.0
250.0,False,True,0.14000000059604645,7.461272239685059,0.09520575404167175,0.8046795725822449,4.0,1.3681117296218872,180.0
250.0,False,True,0.0,7.471705436706543,0.15256240963935852,0.9559882283210754,9.0,1.3173491954803467,180.0
250.0,False,True,0.3400000035762787,8.229055404663086,0.1949123591184616,0.9620322585105896,12.0,1.368417501449585,180.0
250.0,False,True,0.3400000035762787,7.866091728210449,0.10556692630052567,0.783210813999176,4.0,1.4368032217025757,180.0
250.0,False,True,0.14000000059604645,7.338289737701416,0.0963953360915184,0.7551582455635071,3.0,1.3404690027236938,180.0
250.0,False,True,0.35999998450279236,7.2939324378967285,0.20281389355659485,0.9035585522651672,4.0,1.3864747285842896,180.0
250.0,False,True,0.0,7.0895280838012695,0.08775945007801056,0.9100270867347717,3.0,1.3297735452651978,180.0
250.0,False,True,0.0,5.870791912078857,0.08044838905334473,0.8780689835548401,4.0,1.3397237062454224,180.0
250.0,False,True,0.35999998450279236,9.145313262939453,0.19145439565181732,0.7698063850402832,7.0,1.281978726387024,180.0
250.0,False,True,0.11999999731779099,6.651130199432373,0.11593464761972427,0.8794906139373779,4.0,1.3493032455444336,180.0
250.0,False,True,0.3400000035762787,7.561225891113281,0.19029761850833893,0.8915699124336243,4.0,1.3212000131607056,180.0
250.0,False,True,0.0,7.427083969116211,0.09144043922424316,1.053928017616272,7.0,1.4144580364227295,180.0
250.0,False,True,0.0,6.272698879241943,0.12173119932413101,0.9603146910667419,7.0,1.349178433418274,180.0
250.0,False,True,0.0,7.844977855682373,0.1084693893790245,0.9486203789710999,7.0,1.3806915283203125,180.0
250.0,False,True,0.3400000035762787,7.968905448913574,0.1784236580133438,0.9230673909187317,5.0,1.394801139831543,180.0
250.0,False,True,0.35999998450279236,7.764552116394043,0.13201524317264557,0.8623882532119751,6.0,1.4095531702041626,180.0
250.0,False,True,0.35999998450279236,7.710015773773193,0.14083954691886902,0.7460510730743408,4.0,1.351208209991455,180.0
250.0,False,True,0.3799999952316284,9.135401725769043,0.17619939148426056,0.7150666117668152,3.0,1.3055518865585327,180.0
250.0,False,True,0.0,6.039035320281982,0.07576451450586319,1.0087751150131226,4.0,1.3151166439056396,180.0
250.0,False,True,0.0,7.0036749839782715,0.10941975563764572,0.9296278357505798,4.0,1.35860013961792,180.0
250.0,False,True,0.3400000035762787,6.6133713722229,0.20232751965522766,0.918514609336853,11.0,1.3841997385025024,180.0
250.0,False,True,0.14000000059604645,7.080252170562744,0.08665867894887924,0.8729111552238464,7.0,1.3942618370056152,180.0
250.0,False,True,0.0,6.273167610168457,0.08385153114795685,1.0050088167190552,7.0,1.4334148168563843,180.0
250.0,False,True,0.35999998450279236,8.066890716552734,0.13036051392555237,0.7945602536201477,4.0,1.3772608041763306,180.0
250.0,False,True,0.0,6.487849712371826,0.058951131999492645,0.8541828989982605,4.0,1.330064296722412,180.0
250.0,False,True,0.0,7.035866737365723,0.16205206513404846,0.893404483795166,7.0,1.2964199781417847,180.0
250.0,False,True,0.3799999952316284,10.647194862365723,0.17673733830451965,0.7047405242919922,1.0,1.3644570112228394,180.0
250.0,False,True,0.0,6.843982219696045,0.11993138492107391,0.9742491245269775,5.0,1.371705412864685,180.0
250.0,False,True,0.3799999952316284,7.59313440322876,0.1798795908689499,0.7929273247718811,4.0,1.4091118574142456,180.0
250.0,False,True,0.11999999731779099,8.470090866088867,0.13072583079338074,0.8721828460693359,7.0,1.3588075637817383,180.0
250.0,False,True,0.14000000059604645,7.31214714050293,0.11036036908626556,0.8117259740829468,4.0,1.3479310274124146,180.0
250.0,False,True,0.0,6.461593151092529,0.0876043438911438,1.0636475086212158,6.0,1.3786121606826782,180.0
250.0,False,True,0.3400000035762787,9.829473495483398,0.1638210266828537,0.8212356567382812,7.0,1.3453890085220337,180.0
250.0,False,True,0.3400000035762787,7.441469192504883,0.11553157866001129,0.8687790632247925,3.0,1.3530058860778809,180.0
250.0,False,True,0.3199999928474426,8.691449165344238,0.11538269370794296,0.8152337074279785,7.0,1.367282748222351,180.0
250.0,False,True,0.0,6.296689510345459,0.11495357006788254,1.0088300704956055,5.0,1.3514769077301025,180.0
250.0,False,True,0.14000000059604645,6.485189914703369,0.10764417052268982,0.8504369854927063,4.0,1.3363394737243652,180.0
250.0,False,True,0.0,8.215109825134277,0.06107957661151886,0.923661470413208,7.0,1.3802671432495117,180.0
250.0,False,True,0.3400000035762787,6.342637062072754,0.15763214230537415,0.8973000049591064,5.0,1.3451478481292725,180.0
250.0,False,True,0.0,6.205071449279785,0.07551392167806625,0.9213752746582031,3.0,1.3375840187072754,180.0
250.0,False,True,0.0,5.590895175933838,0.06683041155338287,1.0094887018203735,3.0,1.301788091659546,180.0
250.0,False,True,0.3400000035762787,8.634061813354492,0.11699087172746658,0.8617339134216309,7.0,1.3664846420288086,180.0
250.0,False,True,0.35999998450279236,7.7140116691589355,0.19383783638477325,0.8493794202804565,3.0,1.3807233572006226,180.0
250.0,False,True,0.35999998450279236,7.829575061798096,0.19332128763198853,0.8372928500175476,4.0,1.3341000080108643,180.0
250.0,False,True,0.0,7.161412715911865,0.10305627435445786,0.9049140214920044,4.0,1.356126070022583,180.0
250.0,False,True,0.0,6.927218437194824,0.09954121708869934,0.9717900156974792,6.0,1.348476529121399,180.0
250.0,False,True,0.0,6.776505470275879,0.0843145027756691,0.9245899319648743,7.0,1.3295520544052124,180.0
250.0,False,True,0.11999999731779099,7.5371294021606445,0.14068357646465302,0.8525144457817078,4.0,1.3329951763153076,180.0
250.0,False,True,0.0,6.752411365509033,0.12592406570911407,0.9740214347839355,5.0,1.3565622568130493,180.0
250.0,False,True,0.0,6.264097690582275,0.07805398851633072,0.8353525400161743,3.0,1.315761685371399,180.0
250.0,False,True,0.3400000035762787,7.351564884185791,0.1270667463541031,0.971831738948822,4.0,1.4048477411270142,180.0
250.0,False,True,0.0,6.254449844360352,0.02413361892104149,1.0561846494674683,5.0,1.7560348510742188,270.0
250.0,False,True,0.29999998211860657,5.702208042144775,0.05840402469038963,0.7953461408615112,3.0,1.6097842454910278,270.0
250.0,False,True,0.25999999046325684,44.59575271606445,0.26488593220710754,0.7654736042022705,7.0,1.434075951576233,270.0
250.0,False,True,0.29999998211860657,4.3621063232421875,0.05855151638388634,0.7663763165473938,4.0,1.4338546991348267,270.0
250.0,False,True,0.29999998211860657,5.164711952209473,0.06017524003982544,0.7929540872573853,4.0,1.591949462890625,270.0
250.0,False,True,0.0,4.568618297576904,0.04226243495941162,0.8430730700492859,5.0,1.420974850654602,270.0
250.0,False,True,0.2800000011920929,5.461850643157959,0.0379684753715992,0.8951357007026672,4.0,1.6102606058120728,270.0
250.0,False,True,0.2800000011920929,5.086000442504883,0.04819346219301224,0.8300936222076416,5.0,1.5706745386123657,270.0
250.0,False,True,0.0,5.732306957244873,0.033612046390771866,0.931203305721283,3.0,1.5059536695480347,270.0
250.0,False,True,0.29999998211860657,4.5918402671813965,0.05568568781018257,0.7718135714530945,4.0,1.5112000703811646,270.0
250.0,False,True,0.0,8.5712308883667,0.019541794434189796,0.9680912494659424,14.0,1.40851891040802,270.0
250.0,False,True,0.2800000011920929,8.529080390930176,0.035509850829839706,0.8208768367767334,1.0,1.5497347116470337,270.0
250.0,False,True,0.0,4.721777439117432,0.026659607887268066,0.913790762424469,4.0,1.4638330936431885,270.0
250.0,False,True,0.29999998211860657,4.917570114135742,0.0650031566619873,0.8046861290931702,4.0,1.5411878824234009,270.0
250.0,False,True,0.0,5.556789875030518,0.017764655873179436,0.9559758901596069,9.0,1.471895456314087,270.0
250.0,False,True,0.25999999046325684,8.357712745666504,0.028031060472130775,0.9620301723480225,12.0,1.6990036964416504,270.0
250.0,False,True,0.29999998211860657,5.990081310272217,0.07122072577476501,0.7832143306732178,4.0,1.5817630290985107,270.0
250.0,False,True,0.29999998211860657,4.665854454040527,0.05651991441845894,0.7639746069908142,3.0,1.4041661024093628,270.0
250.0,False,True,0.2800000011920929,5.68692684173584,0.03972611576318741,0.9035557508468628,4.0,1.6625906229019165,270.0
250.0,False,True,0.2800000011920929,4.871500015258789,0.0328415147960186,0.9100277423858643,3.0,1.4970465898513794,270.0
250.0,False,True,0.2800000011920929,5.541851043701172,0.04738317430019379,0.8780779242515564,4.0,1.5269150733947754,270.0
250.0,False,True,0.2800000011920929,4.670260429382324,0.05234605073928833,0.7463755011558533,6.0,1.4608080387115479,270.0
250.0,False,True,0.2800000011920929,5.243478298187256,0.039325375109910965,0.8794869184494019,4.0,1.5089011192321777,270.0
250.0,False,True,0.0,4.907999515533447,0.034285031259059906,0.8915677070617676,4.0,1.4850995540618896,270.0
250.0,False,True,0.0,6.88601016998291,0.025600198656320572,1.0539237260818481,7.0,1.6359983682632446,270.0
250.0,False,True,0.0,5.664792537689209,0.027638040482997894,0.9603222608566284,7.0,1.534227728843689,270.0
250.0,False,True,0.25999999046325684,7.285830497741699,0.02891647070646286,0.9485544562339783,7.0,1.6615043878555298,270.0
250.0,False,True,0.2800000011920929,5.96735954284668,0.03516094759106636,0.9240015149116516,5.0,1.6109644174575806,270.0
250.0,False,True,0.29999998211860657,5.885097503662109,0.05696289241313934,0.8623902201652527,6.0,1.6464396715164185,270.0
250.0,False,True,0.29999998211860657,4.454829692840576,0.06419285386800766,0.746046245098114,4.0,1.4338029623031616,270.0
250.0,False,True,0.29999998211860657,4.8514323234558105,0.060441404581069946,0.7150697112083435,3.0,1.4089301824569702,270.0
250.0,False,True,0.0,5.486837387084961,0.022893575951457024,1.0087807178497314,4.0,1.5514893531799316,270.0
250.0,False,True,0.2800000011920929,5.5567193031311035,0.03864533454179764,0.9296795129776001,4.0,1.6142226457595825,270.0
250.0,False,True,0.2800000011920929,5.856082439422607,0.03690510615706444,0.918509304523468,11.0,1.6120083332061768,270.0
250.0,False,True,0.23999999463558197,10.502603530883789,0.025617333129048347,0.8729093074798584,7.0,1.504148006439209,270.0
250.0,False,True,0.0,10.391995429992676,0.012487026862800121,1.0050052404403687,7.0,1.5559725761413574,270.0
250.0,False,True,0.29999998211860657,4.735861778259277,0.05735630914568901,0.7945612072944641,4.0,1.5183788537979126,270.0
250.0,False,True,0.29999998211860657,5.333477020263672,0.05963122844696045,0.8541916012763977,4.0,1.5386724472045898,270.0
250.0,False,True,0.0,4.685126304626465,0.03375943750143051,0.8917666077613831,7.0,1.4371731281280518,270.0
250.0,False,True,0.29999998211860657,4.764729022979736,0.06011104956269264,0.7047435641288757,1.0,1.4640657901763916,270.0
250.0,False,True,0.2800000011920929,5.817363262176514,0.03300441801548004,0.974256157875061,5.0,1.6582002639770508,270.0
250.0,False,True,0.2800000011920929,5.391688346862793,0.05279969424009323,0.7929188013076782,4.0,1.6257573366165161,270.0
250.0,False,True,0.0,5.132898330688477,0.03918077051639557,0.872181236743927,7.0,1.3912822008132935,270.0
250.0,False,True,0.2800000011920929,5.110097885131836,0.04871268942952156,0.8117367029190063,4.0,1.5301154851913452,270.0
250.0,False,True,0.0,6.090430736541748,0.027091849595308304,1.063642978668213,6.0,1.7021650075912476,270.0
250.0,False,True,0.0,5.31522274017334,0.02898620441555977,0.8212358951568604,7.0,1.3690123558044434,270.0
250.0,False,True,0.2800000011920929,5.445321083068848,0.04552018269896507,0.8687829375267029,3.0,1.6236302852630615,270.0
250.0,False,True,0.2800000011920929,7.755397319793701,0.03331034630537033,0.8152340650558472,7.0,1.538156270980835,270.0
250.0,False,True,0.0,5.742930889129639,0.02559049241244793,1.0088285207748413,5.0,1.6342365741729736,270.0
250.0,False,True,0.2800000011920929,4.929348468780518,0.04571274295449257,0.8504414558410645,4.0,1.5161488056182861,270.0
250.0,False,True,0.0,10.761922836303711,0.016604915261268616,0.9236725568771362,7.0,1.4613220691680908,270.0
250.0,False,True,0.0,5.499002933502197,0.0373091958463192,0.89729905128479,5.0,1.5025522708892822,270.0
250.0,False,True,0.2800000011920929,5.104611396789551,0.03310881555080414,0.9214150309562683,3.0,1.530968189239502,270.0
250.0,False,True,0.0,5.401383399963379,0.022237952798604965,1.0094722509384155,3.0,1.5334645509719849,270.0
250.0,False,True,0.0,6.2625322341918945,0.026811951771378517,0.8526892066001892,7.0,1.484400987625122,270.0
250.0,False,True,0.2800000011920929,5.30330228805542,0.04754390940070152,0.8493716716766357,3.0,1.6464052200317383,270.0
250.0,False,True,0.2800000011920929,5.234389781951904,0.039112452417612076,0.8372976779937744,4.0,1.540934443473816,270.0
250.0,False,True,0.2800000011920929,5.424588680267334,0.0425083264708519,0.9049080014228821,4.0,1.585602879524231,270.0
250.0,False,True,0.2800000011920929,5.719710826873779,0.030277393758296967,0.9717842936515808,6.0,1.6201441287994385,270.0
250.0,False,True,0.2800000011920929,5.841102123260498,0.03438534587621689,0.9203859567642212,4.0,1.6166890859603882,270.0
250.0,False,True,0.0,4.740947246551514,0.037635039538145065,0.8525181412696838,4.0,1.4408329725265503,270.0
250.0,False,True,0.0,5.835797309875488,0.02722936123609543,0.9740189909934998,5.0,1.5381006002426147,270.0
250.0,False,True,0.2800000011920929,5.075974464416504,0.04943356290459633,0.8353686332702637,3.0,1.4722057580947876,270.0
250.0,False,True,0.2800000011920929,5.893918037414551,0.037048518657684326,0.9718341827392578,4.0,1.6919554471969604,270.0
300.0,True,False,nan,53.52170944213867,0.09191953390836716,0.815235435962677,7.0,1.383247971534729,0.0
300.0,True,False,nan,51.09992980957031,0.11381072551012039,0.8208777904510498,1.0,1.5115982294082642,0.0
300.0,False,True,0.0,8.124557495117188,0.02051038295030594,1.0563290119171143,5.0,1.450362205505371,0.0
300.0,False,True,0.3400000035762787,8.760130882263184,0.12699660658836365,0.7953402996063232,3.0,1.5638458728790283,0.0
300.0,False,True,0.3199999928474426,17.478548049926758,0.912674069404602,0.7654721736907959,7.0,1.371288537979126,0.0
300.0,False,True,0.3199999928474426,6.491023063659668,0.10418988019227982,0.7663803100585938,4.0,1.352722406387329,0.0
300.0,False,True,0.35999998450279236,15.672076225280762,0.13588418066501617,0.7926114797592163,4.0,1.4689022302627563,0.0
300.0,False,True,0.3199999928474426,6.789401531219482,0.05848561227321625,0.8430609703063965,5.0,1.2867826223373413,0.0
300.0,False,True,0.3199999928474426,6.604201793670654,0.06520165503025055,0.8951398730278015,4.0,1.4359465837478638,0.0
300.0,False,True,0.3400000035762787,12.015539169311523,0.09681721776723862,0.8300985097885132,5.0,1.4333009719848633,0.0
300.0,False,True,0.0,7.013191223144531,0.04651881009340286,0.9313791394233704,3.0,1.404030442237854,0.0
300.0,False,True,0.3400000035762787,6.832193851470947,0.10879434645175934,0.7718140482902527,4.0,1.377991795539856,0.0
300.0,False,True,0.0,6.857295513153076,0.02110837958753109,0.968106746673584,14.0,1.3348456621170044,0.0
300.0,False,True,0.0,7.1854248046875,0.03601875156164169,0.9137958288192749,4.0,1.3366032838821411,0.0
300.0,False,True,0.3400000035762787,7.949520587921143,0.12198062241077423,0.8046824932098389,4.0,1.450708270072937,0.0
300.0,False,True,0.0,6.725636959075928,0.025042302906513214,0.9559903740882874,9.0,1.3490791320800781,0.0
300.0,False,True,0.0,6.893127918243408,0.03187761455774307,0.9620375037193298,12.0,1.4615179300308228,0.0
300.0,False,True,0.35999998450279236,14.083481788635254,0.16581611335277557,0.783210039138794,4.0,1.4981935024261475,0.0
300.0,False,True,0.3199999928474426,6.161252498626709,0.11984580010175705,0.755289614200592,3.0,1.4487121105194092,0.0
300.0,False,True,0.3199999928474426,7.998067855834961,0.06458818912506104,0.9035521745681763,4.0,1.4597504138946533,0.0
300.0,False,True,0.3199999928474426,6.271167278289795,0.06281907856464386,0.9099581241607666,3.0,1.442252278327942,0.0
300.0,False,True,0.0,6.230234622955322,0.063523069024086,0.8780744075775146,4.0,1.3427338600158691,0.0
300.0,False,True,0.3199999928474426,6.562708854675293,0.09797421842813492,0.7590868473052979,7.0,1.3805031776428223,0.0
300.0,False,True,0.3199999928474426,6.56252908706665,0.06203009560704231,0.8794869780540466,4.0,1.3914862871170044,0.0
300.0,False,True,0.3199999928474426,6.838936805725098,0.05052990838885307,0.8925082683563232,4.0,1.4056588411331177,0.0
300.0,False,True,0.0,7.202332973480225,0.03262932598590851,1.053939938545227,7.0,1.4835116863250732,0.0
300.0,False,True,0.0,6.4355034828186035,0.029774948954582214,0.9603069424629211,7.0,1.3478419780731201,0.0
300.0,False,True,0.3199999928474426,7.063803672790527,0.05611160770058632,0.9485783576965332,7.0,1.4523320198059082,0.0
300.0,False,True,0.3400000035762787,9.02096939086914,0.06193174794316292,0.9239221215248108,8.0,1.4776976108551025,0.0
300.0,False,True,0.35999998450279236,13.857502937316895,0.11430466175079346,0.8623881340026855,6.0,1.497443675994873,0.0
300.0,False,True,0.3199999928474426,6.4133758544921875,0.1117975041270256,0.7460455894470215,4.0,1.3734982013702393,0.0
300.0,False,True,0.3199999928474426,6.710982799530029,0.13369162380695343,0.7150736451148987,3.0,1.3969804048538208,0.0
300.0,False,True,0.0,7.564236640930176,0.02498391829431057,1.0087774991989136,4.0,1.3909921646118164,0.0
300.0,False,True,0.3199999928474426,6.58939790725708,0.05855228379368782,0.929637610912323,4.0,1.4271743297576904,0.0
300.0,False,True,0.3400000035762787,8.18784236907959,0.06560307741165161,0.9185165166854858,11.0,1.4730955362319946,0.0
300.0,False,True,0.3199999928474426,12.164972305297852,0.14699973165988922,0.8729105591773987,7.0,1.4610528945922852,0.0
300.0,False,True,0.0,8.990381240844727,0.020484566688537598,1.0050065517425537,7.0,1.374759316444397,0.0
300.0,False,True,0.3199999928474426,8.460649490356445,0.10886327177286148,0.7945615649223328,4.0,1.4670132398605347,0.0
300.0,False,True,0.3199999928474426,5.973204135894775,0.09757356345653534,0.8541957139968872,4.0,1.4226473569869995,0.0
300.0,False,True,0.0,6.976117134094238,0.041594911366701126,0.8917636871337891,7.0,1.3510210514068604,0.0
300.0,False,True,0.3400000035762787,14.55766773223877,0.1866224855184555,0.7047433257102966,1.0,1.453171730041504,0.0
300.0,False,True,0.0,7.366682529449463,0.05003912374377251,0.9742545485496521,5.0,1.4663552045822144,0.0
300.0,False,True,0.3400000035762787,13.188667297363281,0.11730135977268219,0.7929186820983887,4.0,1.4633642435073853,0.0
300.0,False,True,0.3199999928474426,6.56252908706665,0.051918089389801025,0.8721839785575867,7.0,1.32491135597229,0.0
300.0,False,True,0.3199999928474426,6.258242130279541,0.09261573106050491,0.8117286562919617,4.0,1.440717339515686,0.0
300.0,False,True,0.0,6.826248645782471,0.024311648681759834,1.06365168094635,6.0,1.4334160089492798,0.0
300.0,False,True,0.3199999928474426,7.280362606048584,0.06564577668905258,0.8212368488311768,7.0,1.3448091745376587,0.0
300.0,False,True,0.3199999928474426,6.622438430786133,0.0922255888581276,0.8687788248062134,3.0,1.50850248336792,0.0
300.0,False,True,0.0,7.228137493133545,0.026101350784301758,1.0088298320770264,5.0,1.4351212978363037,0.0
300.0,False,True,0.3199999928474426,6.41441535949707,0.07652755081653595,0.8504459261894226,4.0,1.4266947507858276,0.0
300.0,False,True,0.0,13.086947441101074,0.08127426356077194,0.9236676096916199,7.0,1.445562481880188,0.0
300.0,False,True,0.0,7.078035354614258,0.056186117231845856,0.8972964286804199,5.0,1.3688786029815674,0.0
300.0,False,True,0.0,6.29538106918335,0.05362582206726074,0.9214145541191101,3.0,1.392134189605713,0.0
300.0,False,True,0.0,7.05332612991333,0.024463381618261337,1.0094749927520752,3.0,1.3762153387069702,0.0
300.0,False,True,0.3199999928474426,6.639089584350586,0.06444013118743896,0.8617373704910278,7.0,1.380334734916687,0.0
300.0,False,True,0.3400000035762787,7.835263729095459,0.08632570505142212,0.8493853807449341,3.0,1.467222809791565,0.0
300.0,False,True,0.3199999928474426,6.991901874542236,0.07628554105758667,0.8373001217842102,4.0,1.4060914516448975,0.0
300.0,False,True,0.3199999928474426,6.411418914794922,0.06707936525344849,0.9049039483070374,4.0,1.4183015823364258,0.0
300.0,False,True,0.0,6.863328456878662,0.04312102124094963,0.9717721343040466,6.0,1.435266375541687,0.0
300.0,False,True,0.3199999928474426,6.0895609855651855,0.06527284532785416,0.9203827381134033,4.0,1.4440159797668457,0.0
300.0,False,True,0.3199999928474426,6.159757137298584,0.058245401829481125,0.8525171875953674,4.0,1.343112826347351,0.0
300.0,False,True,0.0,6.747442722320557,0.02568167634308338,0.9740259647369385,5.0,1.3564833402633667,0.0
300.0,False,True,0.3199999928474426,6.571010112762451,0.08542082458734512,0.8353694081306458,3.0,1.4252289533615112,0.0
300.0,False,True,0.3199999928474426,7.676852703094482,0.05914325639605522,0.9718271493911743,4.0,1.5192008018493652,0.0
300.0,False,True,0.4399999976158142,8.314558029174805,0.19270260632038116,1.0563162565231323,5.0,1.6914983987808228,90.0
300.0,False,True,0.47999998927116394,5.160802841186523,0.14499783515930176,0.7953357100486755,3.0,1.2693684101104736,90.0
300.0,False,True,0.11999999731779099,19.132442474365234,0.08785885572433472,0.7654732465744019,7.0,1.1677440404891968,90.0
300.0,False,True,0.4599999785423279,7.0875630378723145,0.16934245824813843,0.7663766741752625,4.0,1.21042001247406,90.0
300.0,False,True,0.4599999785423279,11.177816390991211,0.1805478036403656,0.7929564714431763,4.0,1.3347516059875488,90.0
300.0,False,True,0.4399999976158142,9.94037914276123,0.1719329059123993,0.8430588245391846,5.0,1.368977665901184,90.0
300.0,False,True,0.41999998688697815,8.68111515045166,0.15138237178325653,0.8951388001441956,4.0,1.551845669746399,90.0
300.0,False,True,0.4399999976158142,17.642505645751953,0.1322164535522461,0.8300990462303162,5.0,1.406254529953003,90.0
300.0,False,True,0.25999999046325684,9.726557731628418,0.1228262409567833,0.9312058091163635,3.0,1.5101847648620605,90.0
300.0,False,True,0.4599999785423279,6.1286468505859375,0.18794110417366028,0.771812379360199,4.0,1.2656099796295166,90.0
300.0,False,True,0.3999999761581421,9.256694793701172,0.13841907680034637,0.9682413339614868,14.0,1.464550256729126,90.0
300.0,False,True,0.19999998807907104,10.343377113342285,0.09097537398338318,0.8208761811256409,1.0,1.2888013124465942,90.0
300.0,False,True,0.41999998688697815,8.508654594421387,0.2109038531780243,0.9136695265769958,4.0,1.4958022832870483,90.0
300.0,False,True,0.47999998927116394,6.230548858642578,0.12268295139074326,0.804694414138794,4.0,1.2373709678649902,90.0
300.0,False,True,0.41999998688697815,7.432260036468506,0.16839680075645447,0.955981969833374,9.0,1.4627755880355835,90.0
300.0,False,True,0.29999998211860657,9.383975982666016,0.14629586040973663,0.9620350003242493,12.0,1.6151913404464722,90.0
300.0,False,True,0.5,5.966538906097412,0.12493166327476501,0.78321373462677,4.0,1.2539982795715332,90.0
300.0,False,True,0.4599999785423279,6.361867427825928,0.14732274413108826,0.7639744281768799,3.0,1.194614291191101,90.0
300.0,False,True,0.41999998688697815,16.550880432128906,0.1630236804485321,0.9035585522651672,4.0,1.6579393148422241,90.0
300.0,False,True,0.4399999976158142,7.215450286865234,0.10577214509248734,0.9099557995796204,3.0,1.3303635120391846,90.0
300.0,False,True,0.4599999785423279,8.259872436523438,0.13554926216602325,0.8780732750892639,4.0,1.3516074419021606,90.0
300.0,False,True,0.3999999761581421,9.714866638183594,0.1344790905714035,0.7616590857505798,2.0,1.2434096336364746,90.0
300.0,False,True,0.41999998688697815,9.865456581115723,0.1599562168121338,0.879488468170166,4.0,1.476923942565918,90.0
300.0,False,True,0.4399999976158142,10.243036270141602,0.19803068041801453,0.8915701508522034,4.0,1.52415132522583,90.0
300.0,False,True,0.0,9.917146682739258,0.059393562376499176,1.053931474685669,7.0,1.5818310976028442,90.0
300.0,False,True,0.4399999976158142,7.966935157775879,0.160111203789711,0.9603193402290344,7.0,1.528930425643921,90.0
300.0,False,True,0.23999999463558197,8.294838905334473,0.09747821092605591,0.9485579133033752,7.0,1.4820152521133423,90.0
300.0,False,True,0.4399999976158142,12.719803810119629,0.16441385447978973,0.9214721918106079,10.0,1.5552364587783813,90.0
300.0,False,True,0.4399999976158142,17.242788314819336,0.08982305228710175,0.8623878359794617,6.0,1.4307799339294434,90.0
300.0,False,True,0.4399999976158142,10.125741958618164,0.16328682005405426,0.746040403842926,4.0,1.281610369682312,90.0
300.0,False,True,0.4599999785423279,6.965311527252197,0.18530556559562683,0.7173771858215332,1.0,1.2005305290222168,90.0
300.0,False,True,0.4399999976158142,8.319421768188477,0.12525805830955505,1.008774757385254,4.0,1.5209087133407593,90.0
300.0,False,True,0.41999998688697815,11.292031288146973,0.10716979205608368,0.9296349287033081,4.0,1.5125764608383179,90.0
300.0,False,True,0.4399999976158142,18.073850631713867,0.16272778809070587,0.9185158014297485,11.0,1.6661990880966187,90.0
300.0,False,True,0.23999999463558197,9.818925857543945,0.09974081814289093,0.8729078769683838,7.0,1.4467796087265015,90.0
300.0,False,True,0.2800000011920929,8.529609680175781,0.13956959545612335,1.0050020217895508,7.0,1.5603878498077393,90.0
300.0,False,True,0.4399999976158142,8.942305564880371,0.13668093085289001,0.7945641279220581,4.0,1.303731083869934,90.0
300.0,False,True,0.47999998927116394,5.049892902374268,0.09837528318166733,0.8541895151138306,4.0,1.2040623426437378,90.0
300.0,False,True,0.41999998688697815,10.798093795776367,0.1580994427204132,0.8917704820632935,7.0,1.4319453239440918,90.0
300.0,False,True,0.47999998927116394,7.530747890472412,0.15824715793132782,0.704743504524231,1.0,1.1860156059265137,90.0
300.0,False,True,0.41999998688697815,11.333708763122559,0.12752188742160797,0.9742624163627625,5.0,1.5925514698028564,90.0
300.0,False,True,0.41999998688697815,16.022634506225586,0.1453465074300766,0.7928821444511414,4.0,1.3998106718063354,90.0
300.0,False,True,0.41999998688697815,9.936104774475098,0.13093280792236328,0.8721840381622314,7.0,1.3724027872085571,90.0
300.0,False,True,0.4599999785423279,5.394594669342041,0.16298310458660126,0.8117338418960571,4.0,1.2504900693893433,90.0
300.0,False,True,0.23999999463558197,10.017712593078613,0.10757908970117569,1.0636520385742188,6.0,1.6343717575073242,90.0
300.0,False,True,0.17999999225139618,15.344730377197266,0.12200254946947098,0.8212366700172424,7.0,1.2039421796798706,90.0
300.0,False,True,0.41999998688697815,8.855965614318848,0.10551176220178604,0.8687840104103088,3.0,1.4092614650726318,90.0
300.0,False,True,0.0,14.728059768676758,0.08569462597370148,0.8152304887771606,7.0,1.17922043800354,90.0
300.0,False,True,0.4399999976158142,7.7988810539245605,0.14883394539356232,1.0087661743164062,5.0,1.6204140186309814,90.0
300.0,False,True,0.4399999976158142,8.835556983947754,0.15121795237064362,0.8504348993301392,4.0,1.4315499067306519,90.0
300.0,False,True,0.0,13.46641731262207,0.07070344686508179,0.9236681461334229,7.0,1.3504141569137573,90.0
300.0,False,True,0.41999998688697815,10.146524429321289,0.17758892476558685,0.8972991108894348,5.0,1.581351637840271,90.0
300.0,False,True,0.4399999976158142,7.926695823669434,0.12154761701822281,0.9213643670082092,3.0,1.3871263265609741,90.0
300.0,False,True,0.41999998688697815,7.624188423156738,0.1236233189702034,1.0094772577285767,3.0,1.4775254726409912,90.0
300.0,False,True,0.23999999463558197,8.512924194335938,0.1065739095211029,0.861733078956604,7.0,1.2544857263565063,90.0
300.0,False,True,0.41999998688697815,14.660934448242188,0.1333593875169754,0.8493881821632385,3.0,1.4788495302200317,90.0
300.0,False,True,0.4399999976158142,10.198347091674805,0.18077543377876282,0.8372884392738342,4.0,1.4485063552856445,90.0
300.0,False,True,0.4399999976158142,8.899603843688965,0.12372037768363953,0.9049118757247925,4.0,1.4427472352981567,90.0
300.0,False,True,0.25999999046325684,9.554071426391602,0.12432138621807098,0.9717651605606079,6.0,1.5186902284622192,90.0
300.0,False,True,0.0,7.888766765594482,0.0729048028588295,0.9203857183456421,4.0,1.3814728260040283,90.0
300.0,False,True,0.41999998688697815,9.534525871276855,0.15533624589443207,0.8525135517120361,4.0,1.362027645111084,90.0
300.0,False,True,0.4399999976158142,7.274241924285889,0.15419703722000122,0.9740222692489624,5.0,1.5358905792236328,90.0
300.0,False,True,0.4599999785423279,5.428994178771973,0.1280805766582489,0.8353530764579773,3.0,1.2233309745788574,90.0
300.0,False,True,0.41999998688697815,11.932592391967773,0.14474070072174072,0.9718201160430908,4.0,1.627976894378662,90.0
300.0,False,True,0.6399999856948853,8.770730972290039,0.3621646463871002,1.0563260316848755,5.0,1.7577943801879883,180.0
300.0,False,True,0.3999999761581421,8.890305519104004,0.23457081615924835,0.7953411340713501,3.0,1.629838466644287,180.0
300.0,False,True,0.29999998211860657,9.781024932861328,0.12212555855512619,0.7654702663421631,7.0,1.6499985456466675,180.0
300.0,False,True,0.4599999785423279,9.043614387512207,0.285529226064682,0.7663779258728027,4.0,1.5999549627304077,180.0
300.0,False,True,0.4599999785423279,9.433423042297363,0.3309844136238098,0.7929527163505554,4.0,1.6984061002731323,180.0
300.0,False,True,0.4599999785423279,7.51590633392334,0.299356609582901,0.8430696129798889,5.0,1.6008222103118896,180.0
300.0,False,True,0.3799999952316284,7.930533409118652,0.23594273626804352,0.8951418399810791,4.0,1.605709195137024,180.0
300.0,False,True,0.6399999856948853,9.53403091430664,0.34308862686157227,0.8300907611846924,5.0,1.6548527479171753,180.0
300.0,False,True,0.35999998450279236,8.16834831237793,0.2466278374195099,0.9305626749992371,3.0,1.6380112171173096,180.0
300.0,False,True,0.4399999976158142,8.40856647491455,0.26756492257118225,0.7718138694763184,4.0,1.6296868324279785,180.0
300.0,False,True,0.29999998211860657,6.693221092224121,0.16255180537700653,0.9682376384735107,14.0,1.5828912258148193,180.0
300.0,False,True,0.3199999928474426,9.800806045532227,0.17507411539554596,0.8208760619163513,1.0,1.6398167610168457,180.0
300.0,False,True,0.6399999856948853,8.355268478393555,0.3311610519886017,0.913347601890564,4.0,1.5492562055587769,180.0
300.0,False,True,0.3999999761581421,9.135467529296875,0.19936831295490265,0.8046804666519165,4.0,1.6263552904129028,180.0
300.0,False,True,0.6200000047683716,8.519058227539062,0.31329163908958435,0.9427738785743713,7.0,1.626922607421875,180.0
300.0,False,True,0.5999999642372131,7.862771987915039,0.28915533423423767,0.9620327949523926,12.0,1.6311620473861694,180.0
300.0,False,True,0.3999999761581421,9.144283294677734,0.207711860537529,0.7832090854644775,4.0,1.7012299299240112,180.0
300.0,False,True,0.3999999761581421,9.454651832580566,0.20502248406410217,0.7552886009216309,3.0,1.5968098640441895,180.0
300.0,False,True,0.6399999856948853,8.432400703430176,0.3602510988712311,0.9035559296607971,4.0,1.6707189083099365,180.0
300.0,False,True,0.35999998450279236,8.202696800231934,0.1798357367515564,0.909956693649292,3.0,1.590400218963623,180.0
300.0,False,True,0.35999998450279236,7.2011613845825195,0.18023425340652466,0.8780684471130371,4.0,1.5839765071868896,180.0
300.0,False,True,0.6599999666213989,10.78720474243164,0.36439642310142517,0.7616624236106873,2.0,1.5740413665771484,180.0
300.0,False,True,0.3999999761581421,7.685156345367432,0.2582758069038391,0.8794955611228943,4.0,1.6088017225265503,180.0
300.0,False,True,0.6399999856948853,8.70626163482666,0.3621271848678589,0.8915804028511047,4.0,1.593963623046875,180.0
300.0,False,True,0.3400000035762787,7.8739728927612305,0.19767321646213531,1.0539271831512451,7.0,1.7156134843826294,180.0
300.0,False,True,0.3799999952316284,6.809823036193848,0.2734328508377075,0.9603168368339539,7.0,1.6120377779006958,180.0
300.0,False,True,0.35999998450279236,8.125887870788574,0.2021031230688095,0.9485596418380737,7.0,1.6859244108200073,180.0
300.0,False,True,0.6399999856948853,8.563528060913086,0.3504544198513031,0.9229726195335388,5.0,1.6942226886749268,180.0
300.0,False,True,0.3999999761581421,8.901679039001465,0.26014697551727295,0.8623858690261841,6.0,1.6857852935791016,180.0
300.0,False,True,0.4599999785423279,9.188593864440918,0.2903536558151245,0.7460460662841797,4.0,1.6072030067443848,180.0
300.0,False,True,0.6399999856948853,10.442404747009277,0.33789774775505066,0.7174224257469177,1.0,1.5399179458618164,180.0
300.0,False,True,0.3400000035762787,6.705193996429443,0.1762535721063614,1.008782148361206,4.0,1.554510235786438,180.0
300.0,False,True,0.3799999952316284,7.848679542541504,0.22557173669338226,0.9296386241912842,4.0,1.615431547164917,180.0
300.0,False,True,0.6599999666213989,8.020298957824707,0.3708136975765228,0.9185099005699158,11.0,1.6672412157058716,180.0
300.0,False,True,0.29999998211860657,7.211207866668701,0.1467977613210678,0.8729074001312256,7.0,1.6346704959869385,180.0
300.0,False,True,0.29999998211860657,7.284322738647461,0.1493157297372818,1.0050036907196045,7.0,1.6469833850860596,180.0
300.0,False,True,0.41999998688697815,9.420016288757324,0.2544003427028656,0.794562578201294,4.0,1.627994179725647,180.0
300.0,False,True,0.35999998450279236,7.513112545013428,0.14758306741714478,0.8541954755783081,4.0,1.5767884254455566,180.0
300.0,False,True,0.6399999856948853,8.228793144226074,0.32953089475631714,0.8917784690856934,7.0,1.539041519165039,180.0
300.0,False,True,0.6599999666213989,12.189291000366211,0.3426034450531006,0.7047417163848877,1.0,1.6376330852508545,180.0
300.0,False,True,0.3799999952316284,7.545560359954834,0.2456057220697403,0.9742524027824402,5.0,1.6704353094100952,180.0
300.0,False,True,0.6399999856948853,9.150897979736328,0.34667399525642395,0.7929189205169678,4.0,1.6667709350585938,180.0
300.0,False,True,0.3999999761581421,9.282666206359863,0.2747248113155365,0.8721824884414673,7.0,1.60649573802948,180.0
300.0,False,True,0.3999999761581421,8.494424819946289,0.22198161482810974,0.8117290735244751,4.0,1.6108235120773315,180.0
300.0,False,True,0.35999998450279236,6.92914342880249,0.19610123336315155,1.0636489391326904,6.0,1.6759223937988281,180.0
300.0,False,True,0.29999998211860657,11.978275299072266,0.17734625935554504,0.821235179901123,7.0,1.617766261100769,180.0
300.0,False,True,0.3799999952316284,8.197931289672852,0.21968495845794678,0.8687735199928284,3.0,1.6508504152297974,180.0
300.0,False,True,0.29999998211860657,9.478053092956543,0.1475406289100647,0.8152307271957397,7.0,1.6349875926971436,180.0
300.0,False,True,0.35999998450279236,7.007566928863525,0.25069987773895264,1.0088410377502441,5.0,1.6488592624664307,180.0
300.0,False,True,0.3799999952316284,7.702885150909424,0.21885482966899872,0.8504449725151062,4.0,1.5877628326416016,180.0
300.0,False,True,0.17999999225139618,8.879670143127441,0.1041366457939148,0.9260247945785522,7.0,1.6568825244903564,180.0
300.0,False,True,0.41999998688697815,7.256283760070801,0.32072383165359497,0.8972963690757751,5.0,1.6174309253692627,180.0
300.0,False,True,0.35999998450279236,7.311099529266357,0.16712036728858948,0.9214140176773071,3.0,1.5826481580734253,180.0
300.0,False,True,0.3400000035762787,6.187099456787109,0.15826572477817535,1.0097301006317139,3.0,1.5464357137680054,180.0
300.0,False,True,0.3400000035762787,7.492031097412109,0.17958205938339233,0.8617393970489502,7.0,1.6286485195159912,180.0
300.0,False,True,0.6399999856948853,8.99673843383789,0.35959646105766296,0.8493813872337341,3.0,1.6736361980438232,180.0
300.0,False,True,0.6599999666213989,9.203275680541992,0.36183059215545654,0.8372910022735596,4.0,1.5918697118759155,180.0
300.0,False,True,0.35999998450279236,7.990013599395752,0.2025105059146881,0.9049016833305359,4.0,1.5886298418045044,180.0
300.0,False,True,0.35999998450279236,7.630543231964111,0.21129389107227325,0.9717894792556763,6.0,1.6174215078353882,180.0
300.0,False,True,0.35999998450279236,7.620454788208008,0.17675763368606567,0.9245893955230713,7.0,1.5857073068618774,180.0
300.0,False,True,0.4599999785423279,8.29097843170166,0.3007981479167938,0.8525124192237854,4.0,1.5752878189086914,180.0
300.0,False,True,0.3799999952316284,7.153738498687744,0.2775508165359497,0.9740163683891296,5.0,1.643677830696106,180.0
300.0,False,True,0.35999998450279236,7.335747718811035,0.16719448566436768,0.8353774547576904,3.0,1.56342351436615,180.0
300.0,False,True,0.3799999952316284,8.291973114013672,0.2721472978591919,0.9718267321586609,4.0,1.7348045110702515,180.0
300.0,False,True,0.2800000011920929,6.600786209106445,0.05565644055604935,1.056168556213379,5.0,1.9788373708724976,270.0
300.0,False,True,0.29999998211860657,6.094838619232178,0.09772490710020065,0.7953438758850098,3.0,1.8751654624938965,270.0
300.0,False,True,0.25999999046325684,10.809736251831055,0.05448172613978386,0.7654715180397034,7.0,1.4483596086502075,270.0
300.0,False,True,0.29999998211860657,4.72716760635376,0.09874645620584488,0.7663781046867371,4.0,1.6830064058303833,270.0
300.0,False,True,0.29999998211860657,5.594119071960449,0.10033619403839111,0.7929519414901733,4.0,1.8828966617584229,270.0
300.0,False,True,0.2800000011920929,4.891726493835449,0.08099013566970825,0.8430721759796143,5.0,1.5577222108840942,270.0
300.0,False,True,0.2800000011920929,5.87175989151001,0.07615838199853897,0.8951370716094971,4.0,1.918864130973816,270.0
300.0,False,True,0.29999998211860657,5.659773349761963,0.08730372041463852,0.8300924897193909,5.0,1.865727424621582,270.0
300.0,False,True,0.25999999046325684,7.605555534362793,0.06381358951330185,0.9313819408416748,3.0,1.8599224090576172,270.0
300.0,False,True,0.29999998211860657,5.109752655029297,0.09552091360092163,0.7718138098716736,4.0,1.7718653678894043,270.0
300.0,False,True,0.23999999463558197,11.121036529541016,0.04698769375681877,0.9681059122085571,14.0,1.7522636651992798,270.0
300.0,False,True,0.25999999046325684,11.555017471313477,0.05718470737338066,0.8208763599395752,1.0,1.8612706661224365,270.0
300.0,False,True,0.2800000011920929,4.991082668304443,0.066612608730793,0.9136744141578674,4.0,1.7054778337478638,270.0
300.0,False,True,0.29999998211860657,5.73921012878418,0.10465754568576813,0.8046929836273193,4.0,1.7815536260604858,270.0
300.0,False,True,0.25999999046325684,7.494361877441406,0.050683725625276566,0.9559836387634277,9.0,1.7472795248031616,270.0
300.0,False,True,0.25999999046325684,11.0687894821167,0.05439193546772003,0.9620298147201538,12.0,1.788143515586853,270.0
300.0,False,True,0.29999998211860657,6.57274055480957,0.11128648370504379,0.7832124829292297,4.0,1.8372864723205566,270.0
300.0,False,True,0.29999998211860657,5.173733234405518,0.09248378127813339,0.7523922920227051,3.0,1.6857448816299438,270.0
300.0,False,True,0.2800000011920929,6.201500415802002,0.08408951759338379,0.903552770614624,4.0,1.8949733972549438,270.0
300.0,False,True,0.2800000011920929,4.979331970214844,0.06771564483642578,0.9099559187889099,3.0,1.7499333620071411,270.0
300.0,False,True,0.2800000011920929,5.94461727142334,0.08594675362110138,0.8780661821365356,4.0,1.7367637157440186,270.0
300.0,False,True,0.2800000011920929,5.9500885009765625,0.08246617019176483,0.7698131799697876,7.0,1.6691279411315918,270.0
300.0,False,True,0.2800000011920929,5.596396446228027,0.0783056914806366,0.879486620426178,4.0,1.6904891729354858,270.0
300.0,False,True,0.2800000011920929,5.439091682434082,0.07439707964658737,0.8925067782402039,4.0,1.7699943780899048,270.0
300.0,False,True,0.2800000011920929,8.937690734863281,0.06127620488405228,1.0539244413375854,7.0,2.0092029571533203,270.0
300.0,False,True,0.2800000011920929,5.953217506408691,0.06619732081890106,0.9603217244148254,7.0,1.7557659149169922,270.0
300.0,False,True,0.25999999046325684,10.053730964660645,0.06205711513757706,0.9486327171325684,7.0,1.9940215349197388,270.0
300.0,False,True,0.2800000011920929,6.538879871368408,0.07795952260494232,0.9214749932289124,10.0,2.006741523742676,270.0
300.0,False,True,0.29999998211860657,6.301980495452881,0.09951800853013992,0.8623899817466736,6.0,1.955631136894226,270.0
300.0,False,True,0.29999998211860657,4.881904602050781,0.10345226526260376,0.7460481524467468,4.0,1.6868243217468262,270.0
300.0,False,True,0.29999998211860657,5.695570468902588,0.09846056997776031,0.715069591999054,3.0,1.6554441452026367,270.0
300.0,False,True,0.2800000011920929,5.553756237030029,0.05678480118513107,1.0087792873382568,4.0,1.6892199516296387,270.0
300.0,False,True,0.2800000011920929,5.780554294586182,0.07734265178442001,0.9296314716339111,4.0,1.854648470878601,270.0
300.0,False,True,0.2800000011920929,6.429101943969727,0.0786931961774826,0.9185150861740112,11.0,1.9188259840011597,270.0
300.0,False,True,0.23999999463558197,13.795998573303223,0.04933960363268852,0.8729094862937927,7.0,1.7823680639266968,270.0
300.0,False,True,0.23999999463558197,13.383618354797363,0.031080499291419983,1.0050055980682373,7.0,1.7577694654464722,270.0
300.0,False,True,0.29999998211860657,5.0630669593811035,0.09561686217784882,0.794569194316864,4.0,1.7776402235031128,270.0
300.0,False,True,0.29999998211860657,5.574676990509033,0.09952795505523682,0.8541998267173767,4.0,1.7862439155578613,270.0
300.0,False,True,0.2800000011920929,5.119100093841553,0.07260781526565552,0.8917723894119263,7.0,1.700980305671692,270.0
300.0,False,True,0.29999998211860657,5.80160665512085,0.0929860919713974,0.7047426700592041,1.0,1.708182454109192,270.0
300.0,False,True,0.2800000011920929,6.023238658905029,0.07176870852708817,0.974254846572876,5.0,2.003354072570801,270.0
300.0,False,True,0.29999998211860657,5.798260688781738,0.09491017460823059,0.7929204702377319,4.0,1.9452072381973267,270.0
300.0,False,True,0.25999999046325684,6.123783111572266,0.0678103044629097,0.872179388999939,7.0,1.663879632949829,270.0
300.0,False,True,0.29999998211860657,5.5175395011901855,0.08745873719453812,0.8117339611053467,4.0,1.792441487312317,270.0
300.0,False,True,0.2800000011920929,6.254543781280518,0.06281173974275589,1.063659429550171,6.0,2.0480105876922607,270.0
300.0,False,True,0.25999999046325684,7.4787397384643555,0.049489978700876236,0.8212327361106873,7.0,1.648668646812439,270.0
300.0,False,True,0.29999998211860657,5.878066062927246,0.07984848320484161,0.8687915802001953,3.0,1.877642273902893,270.0
300.0,False,True,0.25999999046325684,10.25679874420166,0.057019252330064774,0.8152297139167786,7.0,1.7267811298370361,270.0
300.0,False,True,0.2800000011920929,6.036957740783691,0.06240810081362724,1.0088295936584473,5.0,1.9432944059371948,270.0
300.0,False,True,0.2800000011920929,5.3738861083984375,0.08348405361175537,0.8504419922828674,4.0,1.7401162385940552,270.0
300.0,False,True,0.23999999463558197,42.70066833496094,0.05922030657529831,0.9260231256484985,7.0,1.72614586353302,270.0
300.0,False,True,0.2800000011920929,5.7861127853393555,0.07764258235692978,0.8972917795181274,5.0,1.7223020792007446,270.0
300.0,False,True,0.2800000011920929,5.431989669799805,0.06965994834899902,0.9213671684265137,3.0,1.7981832027435303,270.0
300.0,False,True,0.2800000011920929,5.583143711090088,0.05768800526857376,1.0094759464263916,3.0,1.7639001607894897,270.0
300.0,False,True,0.25999999046325684,8.895938873291016,0.04899363964796066,0.8617314100265503,7.0,1.7144111394882202,270.0
300.0,False,True,0.2800000011920929,5.601541519165039,0.0866585299372673,0.8493831753730774,3.0,1.8878698348999023,270.0
300.0,False,True,0.2800000011920929,5.708631992340088,0.07831091433763504,0.8369184732437134,5.0,1.7090469598770142,270.0
300.0,False,True,0.2800000011920929,5.771460056304932,0.08068706840276718,0.9049109816551208,4.0,1.869653582572937,270.0
300.0,False,True,0.2800000011920929,6.0149335861206055,0.06722189486026764,0.9717826843261719,6.0,1.8414629697799683,270.0
300.0,False,True,0.2800000011920929,8.082718849182129,0.06473318487405777,0.9203840494155884,4.0,1.8110727071762085,270.0
300.0,False,True,0.2800000011920929,5.012195587158203,0.07556529343128204,0.8525185585021973,4.0,1.5770162343978882,270.0
300.0,False,True,0.2800000011920929,5.980190277099609,0.06489206105470657,0.974016547203064,5.0,1.7762624025344849,270.0
300.0,False,True,0.29999998211860657,5.5759429931640625,0.08738930523395538,0.8353500962257385,3.0,1.7018029689788818,270.0
300.0,False,True,0.2800000011920929,5.896543979644775,0.0799272432923317,0.9718252420425415,4.0,2.0528564453125,270.0
350.0,True,False,nan,57.720584869384766,0.25084158778190613,0.7654736042022705,7.0,1.5465748310089111,0.0
350.0,True,False,nan,45.90439987182617,0.16498500108718872,0.8152309656143188,7.0,1.6073213815689087,0.0
350.0,True,False,nan,46.4808349609375,0.12354189902544022,0.8212364315986633,7.0,1.5693485736846924,0.0
350.0,False,True,0.3400000035762787,16.141761779785156,0.0686044991016388,1.0563271045684814,5.0,1.816244125366211,0.0
350.0,False,True,0.35999998450279236,18.355024337768555,0.21460969746112823,0.7953411340713501,3.0,1.7598153352737427,0.0
350.0,False,True,0.3400000035762787,12.331808090209961,0.1906617283821106,0.7663766741752625,4.0,1.5455149412155151,0.0
350.0,False,True,0.6200000047683716,23.70779800415039,0.27171680331230164,0.7926150560379028,4.0,1.752983808517456,0.0
350.0,False,True,0.3199999928474426,7.478188991546631,0.1096600815653801,0.8430631160736084,5.0,1.5089850425720215,0.0
350.0,False,True,0.3400000035762787,8.71586799621582,0.12413520365953445,0.8930147290229797,3.0,1.6649374961853027,0.0
350.0,False,True,0.35999998450279236,20.91584014892578,0.20710822939872742,0.8300882577896118,5.0,1.7586891651153564,0.0
350.0,False,True,0.3400000035762787,9.263232231140137,0.10502737760543823,0.9311975836753845,3.0,1.6186102628707886,0.0
350.0,False,True,0.35999998450279236,13.212327003479004,0.19305899739265442,0.771811306476593,4.0,1.5905019044876099,0.0
350.0,False,True,0.0,7.7230119705200195,0.06265924125909805,0.9681007266044617,14.0,1.5388418436050415,0.0
350.0,False,True,0.35999998450279236,21.269821166992188,0.17265759408473969,0.8208780884742737,1.0,1.6942874193191528,0.0
350.0,False,True,0.3199999928474426,8.17082405090332,0.08842910081148148,0.9137933850288391,4.0,1.5351920127868652,0.0
350.0,False,True,0.35999998450279236,16.396236419677734,0.21399900317192078,0.8046871423721313,4.0,1.6516772508621216,0.0
350.0,False,True,0.3199999928474426,7.724841594696045,0.06996467709541321,0.955982506275177,9.0,1.5648785829544067,0.0
350.0,False,True,0.3400000035762787,12.428654670715332,0.08443430811166763,0.9620392322540283,12.0,1.6743512153625488,0.0
350.0,False,True,0.6200000047683716,22.9544620513916,0.3110191226005554,0.7831957936286926,4.0,1.693760871887207,0.0
350.0,False,True,0.3400000035762787,11.123478889465332,0.19582828879356384,0.7551564574241638,3.0,1.6309694051742554,0.0
350.0,False,True,0.35999998450279236,17.697858810424805,0.13390034437179565,0.9035554528236389,4.0,1.7789744138717651,0.0
350.0,False,True,0.3199999928474426,6.567487716674805,0.11578035354614258,0.9099594354629517,3.0,1.648757815361023,0.0
350.0,False,True,0.3199999928474426,6.7992448806762695,0.11182564496994019,0.8780691623687744,4.0,1.5736790895462036,0.0
350.0,False,True,0.3400000035762787,11.550260543823242,0.20376241207122803,0.7463741302490234,6.0,1.5642424821853638,0.0
350.0,False,True,0.3400000035762787,8.0851469039917,0.1171499490737915,0.8794887661933899,4.0,1.582475185394287,0.0
350.0,False,True,0.3400000035762787,12.180180549621582,0.11519581079483032,0.8925039768218994,4.0,1.6181628704071045,0.0
350.0,False,True,0.3400000035762787,12.793391227722168,0.0891944095492363,1.0539326667785645,7.0,1.709531545639038,0.0
350.0,False,True,0.3199999928474426,7.450323581695557,0.08058810979127884,0.9603156447410583,7.0,1.545230746269226,0.0
350.0,False,True,0.3400000035762787,12.870322227478027,0.11562540382146835,0.9486261010169983,7.0,1.678311824798584,0.0
350.0,False,True,0.35999998450279236,19.988676071166992,0.12630657851696014,0.9214740991592407,10.0,1.7901898622512817,0.0
350.0,False,True,0.35999998450279236,22.0118465423584,0.20076824724674225,0.8623889684677124,6.0,1.719237208366394,0.0
350.0,False,True,0.3400000035762787,12.145135879516602,0.19412006437778473,0.7460463643074036,4.0,1.5551786422729492,0.0
350.0,False,True,0.6200000047683716,13.470654487609863,0.23904576897621155,0.7173800468444824,1.0,1.5972108840942383,0.0
350.0,False,True,0.0,7.863521099090576,0.07177916914224625,1.0087815523147583,4.0,1.6262189149856567,0.0
350.0,False,True,0.3400000035762787,10.531137466430664,0.1180732250213623,0.9296395182609558,4.0,1.650057315826416,0.0
350.0,False,True,0.35999998450279236,18.93177604675293,0.1576642543077469,0.9185166358947754,11.0,1.817083716392517,0.0
350.0,False,True,0.3400000035762787,14.42880916595459,0.24061088263988495,0.8729097843170166,7.0,1.6643012762069702,0.0
350.0,False,True,0.3199999928474426,12.896773338317871,0.13698692619800568,1.0049922466278076,7.0,1.589482307434082,0.0
350.0,False,True,0.3400000035762787,16.642404556274414,0.18252591788768768,0.7945600748062134,4.0,1.6612560749053955,0.0
350.0,False,True,0.3199999928474426,7.009161949157715,0.15103347599506378,0.8542061448097229,4.0,1.638877034187317,0.0
350.0,False,True,0.3199999928474426,7.580666542053223,0.09001266211271286,0.8917645215988159,7.0,1.5681239366531372,0.0
350.0,False,True,0.6200000047683716,23.832916259765625,0.31600961089134216,0.7047432661056519,1.0,1.6857901811599731,0.0
350.0,False,True,0.3400000035762787,14.488402366638184,0.11066104471683502,0.9742526412010193,5.0,1.695520281791687,0.0
350.0,False,True,0.35999998450279236,22.363628387451172,0.23361817002296448,0.7929194569587708,4.0,1.7542115449905396,0.0
350.0,False,True,0.3199999928474426,7.456168174743652,0.10032723844051361,0.872184157371521,7.0,1.5190386772155762,0.0
350.0,False,True,0.3199999928474426,9.190838813781738,0.1444133073091507,0.8117289543151855,4.0,1.6503214836120605,0.0
350.0,False,True,0.3400000035762787,10.421602249145508,0.0815577283501625,1.0636496543884277,6.0,1.6649603843688965,0.0
350.0,False,True,0.3400000035762787,15.251068115234375,0.15300117433071136,0.8687822818756104,3.0,1.7266801595687866,0.0
350.0,False,True,0.3199999928474426,9.315847396850586,0.08070158958435059,1.0088396072387695,5.0,1.6490176916122437,0.0
350.0,False,True,0.3199999928474426,7.659269332885742,0.13090601563453674,0.8504471778869629,4.0,1.6326442956924438,0.0
350.0,False,True,0.3199999928474426,14.202701568603516,1.1781595945358276,0.9236651659011841,7.0,1.6450978517532349,0.0
350.0,False,True,0.3400000035762787,9.532732009887695,0.11350730061531067,0.8973045349121094,5.0,1.60359787940979,0.0
350.0,False,True,0.3199999928474426,6.718839645385742,0.10331997275352478,0.9214153289794922,3.0,1.6177434921264648,0.0
350.0,False,True,0.0,7.4066596031188965,0.07204324752092361,1.0097296237945557,3.0,1.6119084358215332,0.0
350.0,False,True,0.3400000035762787,10.63408088684082,0.11894490569829941,0.8617410063743591,7.0,1.5745521783828735,0.0
350.0,False,True,0.35999998450279236,18.76190948486328,0.16359500586986542,0.8493802547454834,3.0,1.7188143730163574,0.0
350.0,False,True,0.3400000035762787,14.774348258972168,0.15352080762386322,0.8359805345535278,4.0,1.6488711833953857,0.0
350.0,False,True,0.3400000035762787,8.928871154785156,0.12373284250497818,0.9049070477485657,4.0,1.6343333721160889,0.0
350.0,False,True,0.3400000035762787,9.15263843536377,0.09824290126562119,0.9717937707901001,6.0,1.6759686470031738,0.0
350.0,False,True,0.3199999928474426,8.908915519714355,0.11929484456777573,0.9245885610580444,7.0,1.6659226417541504,0.0
350.0,False,True,0.3199999928474426,7.057913303375244,0.10875537246465683,0.8525286316871643,4.0,1.5346839427947998,0.0
350.0,False,True,0.3199999928474426,8.84897518157959,0.07870994508266449,0.9740173816680908,5.0,1.5912209749221802,0.0
350.0,False,True,0.3199999928474426,6.44570255279541,0.13773982226848602,0.8353573083877563,3.0,1.6420810222625732,0.0
350.0,False,True,0.35999998450279236,16.806745529174805,0.12113133817911148,0.9718244075775146,4.0,1.735797643661499,0.0
350.0,True,False,nan,2.080460548400879,0.021275144070386887,0.7654702663421631,7.0,1.174999713897705,0.0
350.0,True,False,nan,46.5263557434082,0.14116878807544708,0.7654688358306885,7.0,1.3779150247573853,90.0
350.0,False,True,0.4399999976158142,9.495251655578613,0.3301953375339508,1.0563195943832397,5.0,1.9190641641616821,90.0
350.0,False,True,0.41999998688697815,11.2422513961792,0.1943407654762268,0.7953317761421204,3.0,1.495422124862671,90.0
350.0,False,True,0.41999998688697815,16.35895538330078,0.18225447833538055,0.7663735151290894,4.0,1.4329473972320557,90.0
350.0,False,True,0.6200000047683716,24.193784713745117,0.20191895961761475,0.7929556369781494,4.0,1.5010316371917725,90.0
350.0,False,True,0.4399999976158142,8.96449089050293,0.26061198115348816,0.8430681824684143,5.0,1.5622317790985107,90.0
350.0,False,True,0.41999998688697815,9.147439956665039,0.24903906881809235,0.8951378464698792,4.0,1.7312417030334473,90.0
350.0,False,True,0.47999998927116394,21.336814880371094,0.21308329701423645,0.8300955891609192,5.0,1.541093111038208,90.0
350.0,False,True,0.41999998688697815,8.380658149719238,0.22036056220531464,0.9314728379249573,3.0,1.7305340766906738,90.0
350.0,False,True,0.3999999761581421,14.376675605773926,0.20112287998199463,0.771813154220581,4.0,1.4806756973266602,90.0
350.0,False,True,0.3999999761581421,8.494100570678711,0.26541945338249207,0.9682391881942749,14.0,1.7689071893692017,90.0
350.0,False,True,0.3999999761581421,13.780237197875977,0.13451066613197327,0.8208781480789185,1.0,1.5060851573944092,90.0
350.0,False,True,0.4399999976158142,8.558985710144043,0.316768079996109,0.9137875437736511,4.0,1.7436038255691528,90.0
350.0,False,True,0.4599999785423279,7.155822277069092,0.18922898173332214,0.8046844601631165,4.0,1.4262484312057495,90.0
350.0,False,True,0.3999999761581421,7.372060775756836,0.25212132930755615,0.9559805989265442,9.0,1.7078518867492676,90.0
350.0,False,True,0.3999999761581421,10.524820327758789,0.23292919993400574,0.9620345830917358,12.0,1.848550796508789,90.0
350.0,False,True,0.47999998927116394,7.0842132568359375,0.1889725774526596,0.7832148671150208,4.0,1.3968998193740845,90.0
350.0,False,True,0.41999998688697815,9.795287132263184,0.19497253000736237,0.755286693572998,3.0,1.4147433042526245,90.0
350.0,False,True,0.41999998688697815,16.206764221191406,0.2462836354970932,0.9035524129867554,4.0,1.8363192081451416,90.0
350.0,False,True,0.41999998688697815,8.278512954711914,0.1714015007019043,0.9100224375724792,3.0,1.5167289972305298,90.0
350.0,False,True,0.4399999976158142,8.676566123962402,0.21801845729351044,0.8780688643455505,4.0,1.561944603919983,90.0
350.0,False,True,0.3999999761581421,12.046651840209961,0.19623982906341553,0.761660099029541,2.0,1.4606454372406006,90.0
350.0,False,True,0.4399999976158142,9.886383056640625,0.2586047649383545,0.8794929385185242,4.0,1.6612002849578857,90.0
350.0,False,True,0.41999998688697815,14.325573921203613,0.2788194715976715,0.8925052881240845,4.0,1.732683777809143,90.0
350.0,False,True,0.3999999761581421,11.018603324890137,0.1420266330242157,1.053921103477478,7.0,1.8117010593414307,90.0
350.0,False,True,0.4399999976158142,6.453181743621826,0.2672073543071747,0.9603222608566284,7.0,1.7473584413528442,90.0
350.0,False,True,0.3999999761581421,9.583819389343262,0.17081867158412933,0.9485753774642944,7.0,1.7403135299682617,90.0
350.0,False,True,0.41999998688697815,16.763545989990234,0.22966372966766357,0.9240872859954834,5.0,1.800665020942688,90.0
350.0,False,True,0.5199999809265137,22.579599380493164,0.16802679002285004,0.8623844385147095,6.0,1.594438910484314,90.0
350.0,False,True,0.41999998688697815,11.256746292114258,0.23344160616397858,0.7460525631904602,4.0,1.4820797443389893,90.0
350.0,False,True,0.41999998688697815,9.892885208129883,0.2240287959575653,0.7173766493797302,1.0,1.4110451936721802,90.0
350.0,False,True,0.41999998688697815,6.4619879722595215,0.21900315582752228,1.008782148361206,4.0,1.725060224533081,90.0
350.0,False,True,0.41999998688697815,12.160061836242676,0.21685074269771576,0.9296474456787109,4.0,1.6942572593688965,90.0
350.0,False,True,0.4399999976158142,19.526927947998047,0.30114179849624634,0.9185164570808411,11.0,1.8967353105545044,90.0
350.0,False,True,0.3799999952316284,12.353934288024902,0.17262156307697296,0.8729097843170166,7.0,1.6817946434020996,90.0
350.0,False,True,1.5199999809265137,12.930500030517578,0.7713980674743652,1.005007266998291,7.0,1.8654903173446655,90.0
350.0,False,True,0.41999998688697815,12.147635459899902,0.17654290795326233,0.7945615649223328,4.0,1.50509512424469,90.0
350.0,False,True,0.41999998688697815,9.977936744689941,0.14432722330093384,0.8541983962059021,4.0,1.4327207803726196,90.0
350.0,False,True,0.4399999976158142,8.473243713378906,0.2753773629665375,0.8917674422264099,7.0,1.6582919359207153,90.0
350.0,False,True,0.47999998927116394,9.632229804992676,0.22614876925945282,0.7047423720359802,1.0,1.3490737676620483,90.0
350.0,False,True,0.41999998688697815,12.48508071899414,0.23128628730773926,0.9742505550384521,5.0,1.8075915575027466,90.0
350.0,False,True,0.4599999785423279,20.5742244720459,0.2487407624721527,0.7929219007492065,4.0,1.5795775651931763,90.0
350.0,False,True,0.41999998688697815,9.97535514831543,0.25707337260246277,0.8263242840766907,3.0,1.61597740650177,90.0
350.0,False,True,0.41999998688697815,9.189983367919922,0.20987650752067566,0.8117338418960571,4.0,1.515255331993103,90.0
350.0,False,True,0.41999998688697815,10.102249145507812,0.200941801071167,1.0636475086212158,6.0,1.879199504852295,90.0
350.0,False,True,0.3999999761581421,11.780673027038574,0.15031762421131134,0.8212321996688843,7.0,1.4412705898284912,90.0
350.0,False,True,0.41999998688697815,10.932648658752441,0.16518187522888184,0.8687758445739746,3.0,1.6315793991088867,90.0
350.0,False,True,0.41999998688697815,14.110907554626465,0.1369483917951584,0.8152326345443726,7.0,1.3823347091674805,90.0
350.0,False,True,0.41999998688697815,6.503818988800049,0.2371876835823059,1.008760929107666,5.0,1.7891240119934082,90.0
350.0,False,True,0.4399999976158142,9.0348539352417,0.23680360615253448,0.850434422492981,4.0,1.6318645477294922,90.0
350.0,False,True,0.3799999952316284,13.15898323059082,0.130953848361969,0.9236674308776855,7.0,1.5816850662231445,90.0
350.0,False,True,0.4399999976158142,8.586957931518555,0.29815158247947693,0.897291898727417,5.0,1.7334343194961548,90.0
350.0,False,True,0.41999998688697815,8.077932357788086,0.2023046314716339,0.9214188456535339,3.0,1.5957380533218384,90.0
350.0,False,True,0.41999998688697815,6.036892414093018,0.21132221817970276,1.0094788074493408,3.0,1.7034189701080322,90.0
350.0,False,True,0.3799999952316284,9.649012565612793,0.1612352430820465,0.8617352247238159,7.0,1.5587704181671143,90.0
350.0,False,True,0.4399999976158142,19.17706298828125,0.2242342084646225,0.8493899703025818,3.0,1.6837594509124756,90.0
350.0,False,True,0.3999999761581421,16.49734115600586,0.21252520382404327,0.8372370004653931,5.0,1.6770515441894531,90.0
350.0,False,True,0.41999998688697815,10.715993881225586,0.20126165449619293,0.9049123525619507,4.0,1.6131463050842285,90.0
350.0,False,True,0.4399999976158142,10.66981315612793,0.22853557765483856,0.9717801809310913,6.0,1.7295626401901245,90.0
350.0,False,True,0.3999999761581421,9.568197250366211,0.1493929773569107,0.9203799366950989,4.0,1.5731297731399536,90.0
350.0,False,True,0.41999998688697815,9.078917503356934,0.2328067421913147,0.852515697479248,4.0,1.5782133340835571,90.0
350.0,False,True,0.41999998688697815,5.886430263519287,0.24248965084552765,0.9740217328071594,5.0,1.7498195171356201,90.0
350.0,False,True,0.41999998688697815,9.367980003356934,0.17733460664749146,0.8353685140609741,3.0,1.4736499786376953,90.0
350.0,False,True,0.41999998688697815,12.724346160888672,0.23678208887577057,0.9718238711357117,4.0,1.8699469566345215,90.0
350.0,True,False,nan,47.42726516723633,0.2431921809911728,0.9236745238304138,7.0,1.882229208946228,180.0
350.0,False,True,0.6599999666213989,9.811452865600586,0.5063470005989075,1.0563298463821411,5.0,2.0201518535614014,180.0
350.0,False,True,0.4599999785423279,9.429171562194824,0.35907700657844543,0.7953429222106934,3.0,1.9253326654434204,180.0
350.0,False,True,0.29999998211860657,10.446209907531738,0.18213558197021484,0.7654743790626526,7.0,1.9259816408157349,180.0
350.0,False,True,0.6800000071525574,10.270291328430176,0.43994298577308655,0.7663787007331848,4.0,1.86941397190094,180.0
350.0,False,True,0.7199999690055847,9.900833129882812,0.5079859495162964,0.7929509878158569,4.0,1.9994133710861206,180.0
350.0,False,True,0.6800000071525574,8.414262771606445,0.45690682530403137,0.8430631160736084,5.0,1.8495116233825684,180.0
350.0,False,True,0.4599999785423279,8.264673233032227,0.38242119550704956,0.8949446082115173,4.0,1.8785064220428467,180.0
350.0,False,True,0.699999988079071,10.709894180297852,0.49774473905563354,0.8300893902778625,5.0,1.964393138885498,180.0
350.0,False,True,0.4599999785423279,8.370787620544434,0.3836364448070526,0.9312078952789307,3.0,1.9129019975662231,180.0
350.0,False,True,0.6599999666213989,9.474506378173828,0.42260825634002686,0.7718124985694885,4.0,1.8659415245056152,180.0
350.0,False,True,0.29999998211860657,10.666769981384277,0.25140780210494995,0.9682372212409973,14.0,1.8403167724609375,180.0
350.0,False,True,0.35999998450279236,10.85452938079834,0.28154048323631287,0.8208776712417603,1.0,1.9516024589538574,180.0
350.0,False,True,0.6599999666213989,9.180870056152344,0.46343737840652466,0.9137309789657593,4.0,1.8099292516708374,180.0
350.0,False,True,0.4599999785423279,9.976557731628418,0.3362780511379242,0.8046795129776001,4.0,1.8732093572616577,180.0
350.0,False,True,0.5999999642372131,8.867915153503418,0.33535757660865784,0.9559874534606934,9.0,1.8038338422775269,180.0
350.0,False,True,0.6200000047683716,10.865259170532227,0.37254101037979126,0.9620302319526672,12.0,1.7985665798187256,180.0
350.0,False,True,0.4599999785423279,9.889823913574219,0.33375632762908936,0.783212423324585,4.0,2.026707887649536,180.0
350.0,False,True,0.47999998927116394,10.750852584838867,0.3437066078186035,0.7639753818511963,3.0,1.8617591857910156,180.0
350.0,False,True,0.6800000071525574,9.420036315917969,0.5101914405822754,0.9035484790802002,4.0,1.9498250484466553,180.0
350.0,False,True,0.41999998688697815,8.857096672058105,0.30031782388687134,0.9100298881530762,3.0,1.8134008646011353,180.0
350.0,False,True,0.4399999976158142,7.561798095703125,0.31110116839408875,0.8780713677406311,4.0,1.82089102268219,180.0
350.0,False,True,0.6800000071525574,11.144824981689453,0.49459123611450195,0.746369481086731,6.0,1.813680648803711,180.0
350.0,False,True,0.6599999666213989,8.220963478088379,0.41504713892936707,0.8794950842857361,4.0,1.8263860940933228,180.0
350.0,False,True,0.6800000071525574,9.659419059753418,0.4974807798862457,0.8925102949142456,4.0,1.821638584136963,180.0
350.0,False,True,0.3400000035762787,7.069383144378662,0.2653324604034424,1.0539331436157227,7.0,2.0162129402160645,180.0
350.0,False,True,0.6399999856948853,7.332858562469482,0.4276857078075409,0.9603174328804016,7.0,1.8798637390136719,180.0
350.0,False,True,0.3400000035762787,7.39921236038208,0.2465709149837494,0.9485612511634827,7.0,1.9836212396621704,180.0
350.0,False,True,0.699999988079071,9.742754936218262,0.5201171636581421,0.9229776859283447,5.0,1.9856314659118652,180.0
350.0,False,True,0.47999998927116394,9.192122459411621,0.42006587982177734,0.8623901605606079,6.0,1.9635666608810425,180.0
350.0,False,True,0.6800000071525574,10.461494445800781,0.44392189383506775,0.7460468411445618,4.0,1.8547589778900146,180.0
350.0,False,True,0.699999988079071,12.063787460327148,0.5076213479042053,0.7158223986625671,7.0,1.8611730337142944,180.0
350.0,False,True,0.3799999952316284,6.699956893920898,0.3194498121738434,1.008777379989624,4.0,1.8379162549972534,180.0
350.0,False,True,0.4399999976158142,8.30179500579834,0.3647473156452179,0.9296357035636902,4.0,1.882433533668518,180.0
350.0,False,True,0.699999988079071,9.22822380065918,0.5359288454055786,0.9185112714767456,11.0,1.9219845533370972,180.0
350.0,False,True,0.3199999928474426,9.045763969421387,0.23951810598373413,0.8729038834571838,7.0,1.8908814191818237,180.0
350.0,False,True,0.2800000011920929,13.546882629394531,0.40099456906318665,1.0050039291381836,7.0,1.818597435951233,180.0
350.0,False,True,0.5199999809265137,10.53515338897705,0.40906646847724915,0.7945722937583923,4.0,1.8882642984390259,180.0
350.0,False,True,0.3999999761581421,8.385578155517578,0.25256818532943726,0.8542090058326721,4.0,1.8224644660949707,180.0
350.0,False,True,0.6800000071525574,9.198726654052734,0.4681911766529083,0.8917705416679382,7.0,1.7825171947479248,180.0
350.0,False,True,0.6800000071525574,13.302437782287598,0.46708670258522034,0.704744279384613,1.0,1.8829865455627441,180.0
350.0,False,True,0.4399999976158142,7.694038391113281,0.40568095445632935,0.9742502570152283,5.0,1.9642767906188965,180.0
350.0,False,True,0.7199999690055847,9.898846626281738,0.5107209086418152,0.7929175496101379,4.0,1.9525279998779297,180.0
350.0,False,True,0.5,8.695290565490723,0.37165674567222595,0.8721850514411926,7.0,1.8619745969772339,180.0
350.0,False,True,0.47999998927116394,9.38791275024414,0.35987916588783264,0.8117328882217407,4.0,1.8406158685684204,180.0
350.0,False,True,0.3799999952316284,6.973445415496826,0.34379035234451294,1.063655972480774,6.0,1.9629155397415161,180.0
350.0,False,True,0.2800000011920929,14.867295265197754,0.2759968936443329,0.8212367296218872,7.0,1.9249987602233887,180.0
350.0,False,True,0.4399999976158142,8.817082405090332,0.3436565399169922,0.8687824010848999,3.0,1.92933988571167,180.0
350.0,False,True,0.3199999928474426,12.188708305358887,0.2628057599067688,0.8152983784675598,7.0,1.9080466032028198,180.0
350.0,False,True,0.4399999976158142,7.065025329589844,0.3990572392940521,1.0088324546813965,5.0,1.9215168952941895,180.0
350.0,False,True,0.47999998927116394,8.742152214050293,0.3599628806114197,0.8504417538642883,4.0,1.799862265586853,180.0
350.0,False,True,0.6800000071525574,8.139792442321777,0.4825021028518677,0.8973007202148438,5.0,1.8702645301818848,180.0
350.0,False,True,0.3999999761581421,7.505037784576416,0.2852160334587097,0.9213700890541077,3.0,1.8107017278671265,180.0
350.0,False,True,0.3799999952316284,6.4798359870910645,0.2907542586326599,1.0094802379608154,3.0,1.813942551612854,180.0
350.0,False,True,0.3199999928474426,8.561004638671875,0.2371414452791214,0.8617396354675293,7.0,1.8809216022491455,180.0
350.0,False,True,0.6800000071525574,9.844386100769043,0.49461543560028076,0.849383533000946,3.0,1.9281212091445923,180.0
350.0,False,True,0.699999988079071,10.069780349731445,0.5182246565818787,0.837292492389679,4.0,1.8292675018310547,180.0
350.0,False,True,0.4399999976158142,8.749002456665039,0.33948203921318054,0.904917299747467,4.0,1.862391471862793,180.0
350.0,False,True,0.41999998688697815,7.723520755767822,0.3537590205669403,0.9717797040939331,6.0,1.8937627077102661,180.0
350.0,False,True,0.3400000035762787,6.817796230316162,0.225266233086586,0.9203850030899048,4.0,1.9111502170562744,180.0
350.0,False,True,0.6800000071525574,9.361327171325684,0.46139171719551086,0.85251784324646,4.0,1.830562710762024,180.0
350.0,False,True,0.6599999666213989,7.422380447387695,0.4393714368343353,0.9740222096443176,5.0,1.90932035446167,180.0
350.0,False,True,0.41999998688697815,8.086409568786621,0.27398204803466797,0.8353546857833862,3.0,1.806646704673767,180.0
350.0,False,True,0.6599999666213989,8.335880279541016,0.43891727924346924,0.9718338251113892,4.0,2.0480189323425293,180.0
350.0,True,False,nan,52.76747512817383,0.05649492144584656,0.9236694574356079,7.0,1.776669979095459,270.0
350.0,True,False,nan,48.363006591796875,0.08013729751110077,0.7654728889465332,7.0,1.6373823881149292,270.0
350.0,False,True,0.2800000011920929,9.129226684570312,0.09981264919042587,1.0563193559646606,5.0,2.317171096801758,270.0
350.0,False,True,0.29999998211860657,6.069343090057373,0.1409892737865448,0.7953417897224426,3.0,2.1693360805511475,270.0
350.0,False,True,0.29999998211860657,5.065774440765381,0.14015193283557892,0.7663788795471191,4.0,1.906391978263855,270.0
350.0,False,True,0.3199999928474426,5.593664169311523,0.15233834087848663,0.7926151156425476,4.0,2.198359966278076,270.0
350.0,False,True,0.2800000011920929,5.099850177764893,0.12318085879087448,0.8430690765380859,5.0,1.8018004894256592,270.0
350.0,False,True,0.29999998211860657,5.446976661682129,0.11715377122163773,0.8949524164199829,4.0,2.1646671295166016,270.0
350.0,False,True,0.29999998211860657,5.618729114532471,0.13649392127990723,0.8300964832305908,5.0,2.1799588203430176,270.0
350.0,False,True,0.2800000011920929,9.693552017211914,0.10334565490484238,0.931484043598175,3.0,2.1964268684387207,270.0
350.0,False,True,0.29999998211860657,5.382812976837158,0.13984531164169312,0.7718132734298706,4.0,2.015700340270996,270.0
350.0,False,True,0.2199999988079071,13.802285194396973,0.05997488275170326,0.9681015610694885,14.0,1.7403095960617065,270.0
350.0,False,True,0.25999999046325684,14.49927806854248,0.07863499969244003,0.8208795785903931,1.0,1.839991569519043,270.0
350.0,False,True,0.29999998211860657,5.146774768829346,0.11828295886516571,0.9136715531349182,4.0,2.025251626968384,270.0
350.0,False,True,0.29999998211860657,6.175333023071289,0.14887791872024536,0.8046907186508179,4.0,2.0181918144226074,270.0
350.0,False,True,0.25999999046325684,10.201355934143066,0.07932969927787781,0.9559852480888367,9.0,1.908013105392456,270.0
350.0,False,True,0.23999999463558197,14.023977279663086,0.07632984966039658,0.9620344042778015,12.0,2.113912582397461,270.0
350.0,False,True,0.3199999928474426,7.279392242431641,0.15657927095890045,0.7832084894180298,4.0,2.2088546752929688,270.0
350.0,False,True,0.29999998211860657,6.340596675872803,0.13098810613155365,0.7523868680000305,3.0,1.9014968872070312,270.0
350.0,False,True,0.29999998211860657,7.883763790130615,0.1362800896167755,0.9035521149635315,4.0,2.4432923793792725,270.0
350.0,False,True,0.29999998211860657,5.062137603759766,0.10647816956043243,0.9099564552307129,3.0,2.000800609588623,270.0
350.0,False,True,0.29999998211860657,5.813216686248779,0.13470019400119781,0.8780719637870789,4.0,1.9260731935501099,270.0
350.0,False,True,0.29999998211860657,7.045924186706543,0.12185750901699066,0.746367871761322,6.0,1.8632527589797974,270.0
350.0,False,True,0.29999998211860657,5.612342357635498,0.1286400705575943,0.8794872164726257,4.0,1.9764188528060913,270.0
350.0,False,True,0.29999998211860657,5.294574737548828,0.1300291270017624,0.8915795683860779,4.0,2.0692710876464844,270.0
350.0,False,True,0.2800000011920929,12.694791793823242,0.08886317908763885,1.0539225339889526,7.0,2.2823097705841064,270.0
350.0,False,True,0.29999998211860657,5.9799275398254395,0.12361998856067657,0.9603168964385986,7.0,2.2276463508605957,270.0
350.0,False,True,0.25999999046325684,13.478041648864746,0.08708591759204865,0.9486246705055237,7.0,2.0725958347320557,270.0
350.0,False,True,0.2800000011920929,8.032039642333984,0.11474309116601944,0.9229693412780762,5.0,2.2464916706085205,270.0
350.0,False,True,0.29999998211860657,6.405543804168701,0.15170857310295105,0.8623896241188049,6.0,2.2785873413085938,270.0
350.0,False,True,0.29999998211860657,5.228434085845947,0.1474577933549881,0.7460427284240723,4.0,1.9217712879180908,270.0
350.0,False,True,0.29999998211860657,7.3023200035095215,0.1379786878824234,0.7150700092315674,3.0,1.8798717260360718,270.0
350.0,False,True,0.2800000011920929,5.276000499725342,0.10954109579324722,1.0087789297103882,4.0,2.0522520542144775,270.0
350.0,False,True,0.29999998211860657,5.494297504425049,0.13294430077075958,0.9296391010284424,4.0,2.253624677658081,270.0
350.0,False,True,0.3199999928474426,6.41560697555542,0.1453474462032318,0.9185122847557068,11.0,2.4776482582092285,270.0
350.0,False,True,0.29999998211860657,16.7957706451416,0.07467789202928543,0.8729071021080017,7.0,2.021162271499634,270.0
350.0,False,True,0.35999998450279236,16.79419708251953,0.04506976902484894,1.005009412765503,7.0,1.8222578763961792,270.0
350.0,False,True,0.29999998211860657,5.329250812530518,0.13824547827243805,0.7945687174797058,4.0,2.027785539627075,270.0
350.0,False,True,0.29999998211860657,5.9479804039001465,0.1448584347963333,0.8541868329048157,4.0,2.0041072368621826,270.0
350.0,False,True,0.2800000011920929,5.585845470428467,0.12073866277933121,0.8917669653892517,7.0,1.9897733926773071,270.0
350.0,False,True,0.29999998211860657,7.3678812980651855,0.12375789880752563,0.704742431640625,1.0,1.9453694820404053,270.0
350.0,False,True,0.29999998211860657,6.047339916229248,0.12600122392177582,0.9742535352706909,5.0,2.375535249710083,270.0
350.0,False,True,0.3199999928474426,5.645002841949463,0.14769180119037628,0.7928847670555115,4.0,2.287198305130005,270.0
350.0,False,True,0.25999999046325684,8.209179878234863,0.10025952756404877,0.8721784949302673,7.0,1.912838339805603,270.0
350.0,False,True,0.29999998211860657,5.630924224853516,0.13033102452754974,0.8117296695709229,4.0,2.0414791107177734,270.0
350.0,False,True,0.29999998211860657,5.766024112701416,0.1206873431801796,1.0636425018310547,6.0,2.4392452239990234,270.0
350.0,False,True,0.25999999046325684,9.995444297790527,0.06538574397563934,0.8212375640869141,7.0,1.644817590713501,270.0
350.0,False,True,0.29999998211860657,5.970447063446045,0.1299876570701599,0.8687846660614014,3.0,2.162707805633545,270.0
350.0,False,True,0.25999999046325684,12.963424682617188,0.0787244588136673,0.8152305483818054,7.0,1.7792800664901733,270.0
350.0,False,True,0.29999998211860657,5.722314834594727,0.12145423889160156,1.008765697479248,5.0,2.365811347961426,270.0
350.0,False,True,0.29999998211860657,5.470168590545654,0.1293094903230667,0.8504387140274048,4.0,2.0095455646514893,270.0
350.0,False,True,0.29999998211860657,5.867151260375977,0.13528822362422943,0.8972928524017334,5.0,2.123244524002075,270.0
350.0,False,True,0.2800000011920929,5.353499889373779,0.11101312935352325,0.9214131832122803,3.0,1.9941781759262085,270.0
350.0,False,True,0.2800000011920929,5.106569290161133,0.10696258395910263,1.0097479820251465,3.0,2.067087173461914,270.0
350.0,False,True,0.25999999046325684,12.472641944885254,0.07796667516231537,0.8526900410652161,7.0,1.8204128742218018,270.0
350.0,False,True,0.29999998211860657,8.675434112548828,0.12361323833465576,0.8493838310241699,3.0,2.170384645462036,270.0
350.0,False,True,0.29999998211860657,5.651248931884766,0.12614788115024567,0.837292492389679,4.0,2.027250051498413,270.0
350.0,False,True,0.29999998211860657,5.547365188598633,0.12999118864536285,0.9049053192138672,4.0,2.1739068031311035,270.0
350.0,False,True,0.29999998211860657,5.823929309844971,0.12368277460336685,0.9717722535133362,6.0,2.352832555770874,270.0
350.0,False,True,0.2800000011920929,10.598007202148438,0.10015536844730377,0.9245890974998474,7.0,2.0867292881011963,270.0
350.0,False,True,0.2800000011920929,5.122505187988281,0.11915095150470734,0.8525238037109375,4.0,1.8363670110702515,270.0
350.0,False,True,0.29999998211860657,5.956213474273682,0.1238323450088501,0.9740241169929504,5.0,2.3358285427093506,270.0
350.0,False,True,0.29999998211860657,5.495010852813721,0.12925080955028534,0.8353734612464905,3.0,1.937347173690796,270.0
350.0,False,True,0.29999998211860657,5.676302433013916,0.12560048699378967,0.9718285202980042,4.0,2.40759539604187,270.0
400.0,True,False,nan,47.76800537109375,0.3739009201526642,0.7654727101325989,7.0,1.8184597492218018,0.0
400.0,True,False,nan,45.961570739746094,0.12653525173664093,1.0050079822540283,7.0,1.8970402479171753,0.0
400.0,True,False,nan,48.681671142578125,0.22146205604076385,0.821231484413147,7.0,1.8968772888183594,0.0
400.0,True,False,nan,49.544368743896484,0.25646477937698364,0.8729059100151062,7.0,1.8995647430419922,0.0
400.0,True,False,nan,45.799720764160156,0.9167694449424744,0.923667848110199,7.0,1.8447357416152954,0.0
400.0,False,True,0.35999998450279236,23.371482849121094,0.15118277072906494,1.0561833381652832,5.0,2.157158851623535,0.0
400.0,False,True,0.6200000047683716,24.539201736450195,0.3677818477153778,0.7953455448150635,3.0,1.9783731698989868,0.0
400.0,False,True,0.6200000047683716,19.13101577758789,0.3270104229450226,0.7663775086402893,4.0,1.8834432363510132,0.0
400.0,False,True,0.6200000047683716,29.707901000976562,0.4179329574108124,0.7926169633865356,4.0,1.959268569946289,0.0
400.0,False,True,0.3400000035762787,12.396943092346191,0.17748598754405975,0.8430690169334412,5.0,1.8279467821121216,0.0
400.0,False,True,0.3400000035762787,15.026501655578613,0.18821203708648682,0.8951398730278015,4.0,1.8997751474380493,0.0
400.0,False,True,0.5999999642372131,27.102807998657227,0.34968069195747375,0.8300945162773132,5.0,2.0666379928588867,0.0
400.0,False,True,0.3400000035762787,16.88939094543457,0.16851913928985596,0.9312017560005188,3.0,1.863051414489746,0.0
400.0,False,True,0.35999998450279236,20.809463500976562,0.3108876943588257,0.7718093991279602,4.0,1.8999414443969727,0.0
400.0,False,True,0.3400000035762787,15.143317222595215,0.12105806916952133,0.9681060910224915,14.0,1.766223430633545,0.0
400.0,False,True,0.6399999856948853,27.50208854675293,0.32349076867103577,0.8208778500556946,1.0,1.9074164628982544,0.0
400.0,False,True,0.3400000035762787,13.390419006347656,0.17730960249900818,0.913787841796875,4.0,1.8044368028640747,0.0
400.0,False,True,0.6200000047683716,24.410608291625977,0.3804203271865845,0.8046989440917969,4.0,1.898780345916748,0.0
400.0,False,True,0.3400000035762787,14.817928314208984,0.14044280350208282,0.942775547504425,7.0,1.8503588438034058,0.0
400.0,False,True,0.35999998450279236,21.668315887451172,0.20713326334953308,0.9620342254638672,12.0,1.9955732822418213,0.0
400.0,False,True,0.6399999856948853,29.48165512084961,0.5129713416099548,0.7832124829292297,4.0,1.9166792631149292,0.0
400.0,False,True,0.6200000047683716,18.972755432128906,0.3392769396305084,0.7639791965484619,3.0,1.829032063484192,0.0
400.0,False,True,0.5999999642372131,25.794700622558594,0.2689710855484009,0.9035435318946838,4.0,2.1193830966949463,0.0
400.0,False,True,0.3400000035762787,13.069864273071289,0.17929252982139587,0.910030722618103,3.0,1.8672075271606445,0.0
400.0,False,True,0.3199999928474426,7.923128604888916,0.17285549640655518,0.8780770301818848,4.0,1.7852579355239868,0.0
400.0,False,True,0.5999999642372131,20.599689483642578,0.33758246898651123,0.7463725805282593,6.0,1.8950880765914917,0.0
400.0,False,True,0.3400000035762787,14.778284072875977,0.17740555107593536,0.8794891238212585,4.0,1.8235496282577515,0.0
400.0,False,True,0.35999998450279236,20.429698944091797,0.22903120517730713,0.8915674686431885,4.0,1.9571748971939087,0.0
400.0,False,True,0.35999998450279236,20.517738342285156,0.14511755108833313,1.053926944732666,7.0,1.9375470876693726,0.0
400.0,False,True,0.3400000035762787,13.590667724609375,0.14105510711669922,0.9603241682052612,7.0,1.810006022453308,0.0
400.0,False,True,0.3400000035762787,20.900758743286133,0.17177477478981018,0.9485817551612854,7.0,1.9179840087890625,0.0
400.0,False,True,0.35999998450279236,26.476533889770508,0.24089136719703674,0.923064649105072,5.0,2.10735821723938,0.0
400.0,False,True,0.6200000047683716,26.723976135253906,0.3447567820549011,0.8623892068862915,6.0,1.9512395858764648,0.0
400.0,False,True,0.6200000047683716,19.500816345214844,0.350225567817688,0.746045708656311,4.0,1.8756287097930908,0.0
400.0,False,True,0.6200000047683716,21.956050872802734,0.37839993834495544,0.7150693535804749,3.0,1.93401300907135,0.0
400.0,False,True,0.3199999928474426,8.917048454284668,0.1276792585849762,1.0087753534317017,4.0,1.8480876684188843,0.0
400.0,False,True,0.35999998450279236,17.535594940185547,0.18626338243484497,0.9296561479568481,4.0,1.8929752111434937,0.0
400.0,False,True,0.5999999642372131,27.488922119140625,0.2987820506095886,0.918510913848877,11.0,2.1378278732299805,0.0
400.0,False,True,0.6200000047683716,23.76514434814453,0.33871781826019287,0.794562816619873,4.0,1.912128210067749,0.0
400.0,False,True,0.3400000035762787,14.994644165039062,0.26720818877220154,0.8541820049285889,4.0,1.8567383289337158,0.0
400.0,False,True,0.3400000035762787,12.063608169555664,0.1708100289106369,0.8917633891105652,7.0,1.7946277856826782,0.0
400.0,False,True,0.6200000047683716,31.596738815307617,0.48383867740631104,0.7047420740127563,1.0,1.9587578773498535,0.0
400.0,False,True,0.35999998450279236,20.48343276977539,0.17168354988098145,0.9742474555969238,5.0,1.949615716934204,0.0
400.0,False,True,0.6200000047683716,29.4964656829834,0.36685025691986084,0.7928891181945801,4.0,2.075026750564575,0.0
400.0,False,True,0.3400000035762787,15.366629600524902,0.16005077958106995,0.8721821308135986,7.0,1.8413186073303223,0.0
400.0,False,True,0.3400000035762787,16.22420310974121,0.24389711022377014,0.8117344379425049,4.0,1.8784862756729126,0.0
400.0,False,True,0.35999998450279236,17.733806610107422,0.1443023979663849,1.0636539459228516,6.0,1.9177019596099854,0.0
400.0,False,True,0.35999998450279236,21.42433738708496,0.28754761815071106,0.8687847852706909,3.0,1.95342218875885,0.0
400.0,False,True,0.35999998450279236,25.1719913482666,0.25346639752388,0.8152305483818054,7.0,1.9107333421707153,0.0
400.0,False,True,0.3400000035762787,14.091225624084473,0.14327594637870789,1.0087611675262451,5.0,1.8948949575424194,0.0
400.0,False,True,0.3400000035762787,12.9281644821167,0.19653911888599396,0.8504369854927063,4.0,1.859765648841858,0.0
400.0,False,True,0.35999998450279236,17.589649200439453,0.19640274345874786,0.897288978099823,5.0,1.9155094623565674,0.0
400.0,False,True,0.3400000035762787,9.32267951965332,0.16288639605045319,0.9214146137237549,3.0,1.8202530145645142,0.0
400.0,False,True,0.3199999928474426,7.953174114227295,0.12382589280605316,1.0097317695617676,3.0,1.8379863500595093,0.0
400.0,False,True,0.3400000035762787,18.139583587646484,0.18136930465698242,0.8617348670959473,7.0,1.8503057956695557,0.0
400.0,False,True,0.5999999642372131,26.361637115478516,0.3011600375175476,0.8493805527687073,3.0,2.0544910430908203,0.0
400.0,False,True,0.5999999642372131,23.209917068481445,0.280329167842865,0.8359795212745667,4.0,2.0074117183685303,0.0
400.0,False,True,0.3400000035762787,15.664276123046875,0.19248436391353607,0.9049267768859863,4.0,1.8746576309204102,0.0
400.0,False,True,0.3400000035762787,15.306343078613281,0.157719686627388,0.9717744588851929,6.0,1.9351038932800293,0.0
400.0,False,True,0.3400000035762787,17.065052032470703,0.1979820430278778,0.9203860759735107,4.0,1.8928292989730835,0.0
400.0,False,True,0.3400000035762787,13.3744535446167,0.18959715962409973,0.8525221347808838,4.0,1.8394056558609009,0.0
400.0,False,True,0.3400000035762787,14.079354286193848,0.14439663290977478,0.9740203619003296,5.0,1.8457129001617432,0.0
400.0,False,True,0.3400000035762787,10.391692161560059,0.22329619526863098,0.8353712558746338,3.0,1.8420498371124268,0.0
400.0,False,True,0.35999998450279236,22.42748260498047,0.1843847632408142,0.9718305468559265,4.0,1.9762227535247803,0.0
400.0,False,True,0.41999998688697815,13.811257362365723,0.5638799667358398,1.056312084197998,5.0,2.1642494201660156,90.0
400.0,False,True,0.41999998688697815,15.345970153808594,0.24054045975208282,0.7953453063964844,3.0,1.689021110534668,90.0
400.0,False,True,0.3799999952316284,13.244174003601074,0.249729186296463,0.7654682397842407,7.0,1.5816388130187988,90.0
400.0,False,True,0.41999998688697815,18.83010482788086,0.26292452216148376,0.766380786895752,4.0,1.6227658987045288,90.0
400.0,False,True,0.699999988079071,26.347736358642578,0.28703829646110535,0.7929537892341614,4.0,1.6429166793823242,90.0
400.0,False,True,0.4599999785423279,8.868867874145508,0.3509238660335541,0.8430579900741577,5.0,1.817863941192627,90.0
400.0,False,True,0.41999998688697815,10.507905006408691,0.30256718397140503,0.8951433300971985,4.0,1.9405564069747925,90.0
400.0,False,True,0.5799999833106995,23.897077560424805,0.27854111790657043,0.8300915360450745,5.0,1.722631573677063,90.0
400.0,False,True,0.3999999761581421,11.90600299835205,0.2718000113964081,0.9311935305595398,3.0,1.9873651266098022,90.0
400.0,False,True,0.41999998688697815,16.118160247802734,0.29340028762817383,0.7718122005462646,4.0,1.699896216392517,90.0
400.0,False,True,1.2799999713897705,10.232257843017578,1.065822720527649,0.9681037664413452,14.0,2.029865026473999,90.0
400.0,False,True,0.3999999761581421,15.031349182128906,0.19526980817317963,0.8208779692649841,1.0,1.5957446098327637,90.0
400.0,False,True,0.5,9.704398155212402,0.5404006242752075,0.9136735796928406,4.0,1.9493787288665771,90.0
400.0,False,True,0.3999999761581421,16.046161651611328,0.19958917796611786,0.8046848177909851,4.0,1.6050909757614136,90.0
400.0,False,True,0.3999999761581421,9.185685157775879,0.3989822268486023,0.9559832811355591,9.0,1.9565558433532715,90.0
400.0,False,True,0.3999999761581421,14.169270515441895,0.4516347646713257,0.9620383381843567,12.0,2.1205039024353027,90.0
400.0,False,True,0.4599999785423279,11.64078426361084,0.272838294506073,0.7832188606262207,4.0,1.5289256572723389,90.0
400.0,False,True,0.3999999761581421,13.568748474121094,0.2211025357246399,0.7639831304550171,3.0,1.5690686702728271,90.0
400.0,False,True,0.41999998688697815,19.478422164916992,0.34563690423965454,0.9035499691963196,4.0,1.9906550645828247,90.0
400.0,False,True,0.3999999761581421,11.110389709472656,0.21446450054645538,0.9099535346031189,3.0,1.7839394807815552,90.0
400.0,False,True,0.4399999976158142,7.152998447418213,0.3017508089542389,0.8780676126480103,4.0,1.7847071886062622,90.0
400.0,False,True,0.3999999761581421,11.432062149047852,0.2619783580303192,0.7698137164115906,7.0,1.606270670890808,90.0
400.0,False,True,0.4599999785423279,9.863802909851074,0.3498600423336029,0.8794915080070496,4.0,1.9333571195602417,90.0
400.0,False,True,0.41999998688697815,13.12393856048584,0.3523325026035309,0.8925026655197144,4.0,1.9299973249435425,90.0
400.0,False,True,0.3799999952316284,13.104719161987305,0.1972436159849167,1.0539242029190063,7.0,2.0118215084075928,90.0
400.0,False,True,0.4399999976158142,6.907680988311768,0.3730980455875397,0.9603212475776672,7.0,2.0051145553588867,90.0
400.0,False,True,0.3799999952316284,12.25270938873291,0.2270267754793167,0.9485614895820618,7.0,1.915627121925354,90.0
400.0,False,True,0.4599999785423279,21.337038040161133,0.3107788860797882,0.9239264130592346,8.0,1.9614341259002686,90.0
400.0,False,True,0.6800000071525574,25.25393295288086,0.24059933423995972,0.8623917102813721,6.0,1.7180354595184326,90.0
400.0,False,True,0.41999998688697815,12.190600395202637,0.30180904269218445,0.7460489869117737,4.0,1.6262481212615967,90.0
400.0,False,True,0.3999999761581421,13.885180473327637,0.2525082230567932,0.7150687575340271,3.0,1.6066508293151855,90.0
400.0,False,True,0.41999998688697815,5.5824761390686035,0.310037761926651,1.0087828636169434,4.0,1.9543875455856323,90.0
400.0,False,True,0.41999998688697815,13.693488121032715,0.30798986554145813,0.929645836353302,4.0,1.9051679372787476,90.0
400.0,False,True,1.0799999237060547,21.141956329345703,0.5652433037757874,0.9185068011283875,11.0,2.1123344898223877,90.0
400.0,False,True,0.3799999952316284,15.7133150100708,0.25743043422698975,0.872916042804718,7.0,1.8947393894195557,90.0
400.0,False,True,1.7799999713897705,18.347679138183594,1.3332619667053223,1.005009412765503,7.0,2.103531837463379,90.0
400.0,False,True,0.41999998688697815,17.964542388916016,0.2319597601890564,0.7945663332939148,4.0,1.6205430030822754,90.0
400.0,False,True,0.3999999761581421,11.241708755493164,0.2001372128725052,0.8542037010192871,4.0,1.6510684490203857,90.0
400.0,False,True,0.41999998688697815,10.032269477844238,0.37013858556747437,0.8917698860168457,7.0,1.890377402305603,90.0
400.0,False,True,0.4599999785423279,12.788886070251465,0.28357812762260437,0.7047434449195862,1.0,1.505117416381836,90.0
400.0,False,True,0.41999998688697815,17.09406280517578,0.3019617795944214,0.9742454290390015,5.0,1.9426404237747192,90.0
400.0,False,True,0.5,22.774633407592773,0.3194001019001007,0.7928891181945801,4.0,1.7533509731292725,90.0
400.0,False,True,0.3999999761581421,9.961762428283691,0.26223406195640564,0.8721830248832703,7.0,1.7959516048431396,90.0
400.0,False,True,0.3999999761581421,12.63382339477539,0.2494477927684784,0.8117309808731079,4.0,1.7072008848190308,90.0
400.0,False,True,0.41999998688697815,11.807089805603027,0.2867118716239929,1.0636470317840576,6.0,2.0985958576202393,90.0
400.0,False,True,0.3799999952316284,15.205031394958496,0.22884252667427063,0.8212368488311768,7.0,1.647219181060791,90.0
400.0,False,True,0.41999998688697815,12.073719024658203,0.2472277134656906,0.8687741756439209,3.0,1.7895069122314453,90.0
400.0,False,True,0.3999999761581421,12.143107414245605,0.18206965923309326,0.815233588218689,7.0,1.570935845375061,90.0
400.0,False,True,0.4399999976158142,7.977867603302002,0.35913288593292236,1.0088294744491577,5.0,2.053535223007202,90.0
400.0,False,True,0.4399999976158142,8.751134872436523,0.3276994228363037,0.8504380583763123,4.0,1.8376003503799438,90.0
400.0,False,True,0.3999999761581421,17.838851928710938,0.19473393261432648,0.9236670732498169,7.0,1.7755773067474365,90.0
400.0,False,True,0.4599999785423279,10.352217674255371,0.42474865913391113,0.8972889184951782,5.0,2.0487239360809326,90.0
400.0,False,True,0.4399999976158142,7.404885768890381,0.2855810523033142,0.921373188495636,3.0,1.7958348989486694,90.0
400.0,False,True,0.41999998688697815,6.469629764556885,0.3078504502773285,1.0094736814498901,3.0,1.9458774328231812,90.0
400.0,False,True,0.3999999761581421,10.309599876403809,0.24030765891075134,0.8617318868637085,7.0,1.6961480379104614,90.0
400.0,False,True,0.4399999976158142,20.496583938598633,0.2697330415248871,0.8493963479995728,3.0,1.8117130994796753,90.0
400.0,False,True,0.41999998688697815,15.10908031463623,0.3410484194755554,0.8372995257377625,4.0,1.865418791770935,90.0
400.0,False,True,0.41999998688697815,11.090825080871582,0.263279527425766,0.9049017429351807,4.0,1.874589443206787,90.0
400.0,False,True,0.41999998688697815,10.879110336303711,0.3004707992076874,0.9717669486999512,6.0,1.9791326522827148,90.0
400.0,False,True,0.3799999952316284,11.892273902893066,0.18462345004081726,0.9203819036483765,4.0,1.8060864210128784,90.0
400.0,False,True,0.3999999761581421,11.834979057312012,0.27895769476890564,0.8525163531303406,4.0,1.802205204963684,90.0
400.0,False,True,0.4399999976158142,6.934378147125244,0.35136163234710693,0.9740244150161743,5.0,2.0061466693878174,90.0
400.0,False,True,0.41999998688697815,9.894356727600098,0.2576594650745392,0.8353722095489502,3.0,1.6359766721725464,90.0
400.0,False,True,0.3999999761581421,18.582168579101562,0.2723821699619293,0.9718238711357117,4.0,2.019050121307373,90.0
400.0,True,False,nan,49.85993576049805,0.5642726421356201,0.7654784917831421,7.0,2.172208309173584,180.0
400.0,True,False,nan,45.51081085205078,1.0593371391296387,0.923663318157196,7.0,2.129439115524292,180.0
400.0,True,False,nan,48.3107795715332,0.6020694971084595,0.8729133009910583,7.0,2.1868560314178467,180.0
400.0,False,True,0.6800000071525574,10.018634796142578,0.642186164855957,1.0563175678253174,5.0,2.2547316551208496,180.0
400.0,False,True,0.699999988079071,9.071122169494629,0.5112390518188477,0.7953343391418457,3.0,2.2145297527313232,180.0
400.0,False,True,0.7199999690055847,10.816852569580078,0.5701844096183777,0.7663809061050415,4.0,2.224503993988037,180.0
400.0,False,True,0.7799999713897705,10.773822784423828,0.7040011286735535,0.792950451374054,4.0,2.2589714527130127,180.0
400.0,False,True,0.7400000095367432,9.173139572143555,0.6117631196975708,0.8430718779563904,5.0,2.11466908454895,180.0
400.0,False,True,0.699999988079071,7.965950012207031,0.5418373346328735,0.8931227922439575,3.0,2.1254210472106934,180.0
400.0,False,True,0.7599999904632568,11.568802833557129,0.6811724901199341,0.8300939798355103,5.0,2.219296455383301,180.0
400.0,False,True,0.5,10.253632545471191,0.4233558475971222,0.9305577874183655,3.0,2.1294572353363037,180.0
400.0,False,True,0.7400000095367432,9.42293643951416,0.5813650488853455,0.7718157172203064,4.0,2.235039710998535,180.0
400.0,False,True,0.6599999666213989,14.192954063415527,0.4228138029575348,0.9680928587913513,14.0,2.1056437492370605,180.0
400.0,False,True,1.1200000047683716,10.683177947998047,0.8390966653823853,0.8208776712417603,1.0,2.237761974334717,180.0
400.0,False,True,0.6599999666213989,9.412752151489258,0.5371639728546143,0.9138903617858887,4.0,2.1075778007507324,180.0
400.0,False,True,0.6800000071525574,9.910560607910156,0.48839202523231506,0.8046930432319641,4.0,2.197246789932251,180.0
400.0,False,True,0.6399999856948853,13.0721435546875,0.4198762774467468,0.9559778571128845,9.0,2.0403621196746826,180.0
400.0,False,True,0.6599999666213989,11.665149688720703,0.5391488075256348,0.962033212184906,12.0,2.055112838745117,180.0
400.0,False,True,0.6800000071525574,10.025836944580078,0.48305806517601013,0.7832101583480835,4.0,2.1978681087493896,180.0
400.0,False,True,0.699999988079071,11.305766105651855,0.488524466753006,0.7639796733856201,3.0,2.076622486114502,180.0
400.0,False,True,0.7400000095367432,10.160260200500488,0.6758734583854675,0.9035508632659912,4.0,2.1967451572418213,180.0
400.0,False,True,0.47999998927116394,8.755465507507324,0.44080933928489685,0.9099908471107483,3.0,2.0478663444519043,180.0
400.0,False,True,0.5199999809265137,7.429488182067871,0.45643138885498047,0.8780692219734192,4.0,2.0512125492095947,180.0
400.0,False,True,0.6800000071525574,12.335660934448242,0.5538250207901001,0.7698126435279846,7.0,2.0950403213500977,180.0
400.0,False,True,0.699999988079071,9.1255464553833,0.5692440271377563,0.8794891238212585,4.0,2.099562883377075,180.0
400.0,False,True,0.6800000071525574,10.882223129272461,0.5573140978813171,0.8925140500068665,4.0,2.1057791709899902,180.0
400.0,False,True,0.6599999666213989,7.5712127685546875,0.4805213510990143,1.053915023803711,7.0,2.3501079082489014,180.0
400.0,False,True,0.699999988079071,8.63074016571045,0.5737778544425964,0.9603120684623718,7.0,2.1205708980560303,180.0
400.0,False,True,0.47999998927116394,8.913324356079102,0.4394710659980774,0.9485803842544556,7.0,2.237809896469116,180.0
400.0,False,True,0.7400000095367432,10.990389823913574,0.6958486437797546,0.9237843155860901,5.0,2.286874294281006,180.0
400.0,False,True,0.7400000095367432,10.016749382019043,0.637455403804779,0.862395167350769,6.0,2.2537057399749756,180.0
400.0,False,True,0.7199999690055847,11.22535228729248,0.5847412347793579,0.7460452914237976,4.0,2.155343770980835,180.0
400.0,False,True,0.7199999690055847,12.73386287689209,0.5853325128555298,0.7150678038597107,3.0,2.122055768966675,180.0
400.0,False,True,0.47999998927116394,6.6278557777404785,0.48008912801742554,1.0087831020355225,4.0,2.0966246128082275,180.0
400.0,False,True,0.699999988079071,8.674460411071777,0.5509920120239258,0.9296473860740662,4.0,2.1500871181488037,180.0
400.0,False,True,0.7799999713897705,10.585429191589355,0.7561978697776794,0.9185104966163635,11.0,2.2327773571014404,180.0
400.0,False,True,1.1999999284744263,21.275550842285156,0.6702245473861694,1.0066136121749878,5.0,2.146414279937744,180.0
400.0,False,True,0.7199999690055847,10.437241554260254,0.5521807074546814,0.7945648431777954,4.0,2.1709296703338623,180.0
400.0,False,True,0.4599999785423279,8.732236862182617,0.37521830201148987,0.8541965484619141,4.0,2.0493953227996826,180.0
400.0,False,True,0.6599999666213989,9.553659439086914,0.5129225254058838,0.8917694091796875,7.0,2.0472567081451416,180.0
400.0,False,True,0.9199999570846558,16.31771469116211,0.5432575345039368,0.7047432065010071,1.0,2.295625686645508,180.0
400.0,False,True,0.699999988079071,8.589725494384766,0.6187446713447571,0.9742528796195984,5.0,2.2684903144836426,180.0
400.0,False,True,0.7799999713897705,10.8080415725708,0.707446277141571,0.7929287552833557,4.0,2.19872784614563,180.0
400.0,False,True,0.5199999809265137,12.802780151367188,0.39740318059921265,0.8721824884414673,7.0,2.1242570877075195,180.0
400.0,False,True,0.699999988079071,9.46915340423584,0.5121706128120422,0.8117249011993408,4.0,2.0641989707946777,180.0
400.0,False,True,0.6800000071525574,7.7147746086120605,0.5682600736618042,1.0636529922485352,6.0,2.2711479663848877,180.0
400.0,False,True,0.9599999785423279,17.44445037841797,0.6069449186325073,0.8212341070175171,7.0,2.186260938644409,180.0
400.0,False,True,0.5,8.468560218811035,0.46205073595046997,0.868786096572876,3.0,2.1792540550231934,180.0
400.0,False,True,1.1200000047683716,10.77097225189209,0.7885467410087585,0.8152292370796204,7.0,2.167942523956299,180.0
400.0,False,True,0.699999988079071,7.993674278259277,0.5949767231941223,1.0087641477584839,5.0,2.221186637878418,180.0
400.0,False,True,0.699999988079071,8.688149452209473,0.5167822241783142,0.8504418134689331,4.0,2.0345730781555176,180.0
400.0,False,True,0.7400000095367432,9.802430152893066,0.6560036540031433,0.8972961902618408,5.0,2.1358835697174072,180.0
400.0,False,True,0.47999998927116394,7.53692102432251,0.4180585443973541,0.9214156270027161,3.0,2.0534045696258545,180.0
400.0,False,True,0.4599999785423279,7.30728816986084,0.44978436827659607,1.0094763040542603,3.0,2.0838685035705566,180.0
400.0,False,True,0.4599999785423279,11.735591888427734,0.40346288681030273,0.861738383769989,7.0,2.1086905002593994,180.0
400.0,False,True,0.699999988079071,12.087491035461426,0.6005209684371948,0.8493883013725281,3.0,2.152848720550537,180.0
400.0,False,True,0.7199999690055847,10.935331344604492,0.630790114402771,0.8372912406921387,4.0,2.148118257522583,180.0
400.0,False,True,0.6800000071525574,8.576590538024902,0.49117860198020935,0.9049047827720642,4.0,2.121295690536499,180.0
400.0,False,True,0.6800000071525574,7.726746559143066,0.5264865159988403,0.9717968106269836,6.0,2.162235975265503,180.0
400.0,False,True,0.35999998450279236,6.829494476318359,0.3125748336315155,0.9203826189041138,4.0,2.066375970840454,180.0
400.0,False,True,0.7199999690055847,10.296652793884277,0.6028136014938354,0.8525179028511047,4.0,2.0966527462005615,180.0
400.0,False,True,0.699999988079071,8.761655807495117,0.5875030159950256,0.9740254878997803,5.0,2.1376564502716064,180.0
400.0,False,True,0.47999998927116394,8.355854988098145,0.3895639479160309,0.8353739380836487,3.0,2.029024362564087,180.0
400.0,False,True,0.7199999690055847,9.401907920837402,0.6348301768302917,0.9718319177627563,4.0,2.363238573074341,180.0
400.0,True,False,nan,52.388877868652344,0.1311606615781784,0.7654755115509033,7.0,1.8256360292434692,270.0
400.0,True,False,nan,53.63380432128906,0.527033805847168,0.9236769080162048,7.0,1.9355584383010864,270.0
400.0,False,True,0.2800000011920929,12.07004451751709,0.12650883197784424,1.056182622909546,5.0,2.616772174835205,270.0
400.0,False,True,0.3199999928474426,11.23298168182373,0.17977328598499298,0.7953389883041382,3.0,2.356353282928467,270.0
400.0,False,True,0.3199999928474426,5.333404064178467,0.19132836163043976,0.7663800120353699,4.0,2.1409695148468018,270.0
400.0,False,True,0.3199999928474426,6.843151092529297,0.20807921886444092,0.792613685131073,4.0,2.513200044631958,270.0
400.0,False,True,0.3199999928474426,5.007620811462402,0.18194681406021118,0.8430546522140503,5.0,2.101247549057007,270.0
400.0,False,True,0.29999998211860657,8.9403715133667,0.16932262480258942,0.8951442837715149,4.0,2.514573574066162,270.0
400.0,False,True,0.3199999928474426,5.934518337249756,0.19098636507987976,0.8300928473472595,5.0,2.5063512325286865,270.0
400.0,False,True,0.2800000011920929,13.298072814941406,0.13228058815002441,0.9313822388648987,3.0,2.4399125576019287,270.0
400.0,False,True,0.3199999928474426,5.616392135620117,0.19002439081668854,0.7718159556388855,4.0,2.3073201179504395,270.0
400.0,False,True,0.3400000035762787,16.629356384277344,0.08363991975784302,0.9682367444038391,14.0,1.991678237915039,270.0
400.0,False,True,0.3199999928474426,17.984760284423828,0.1118650883436203,0.8208779692649841,1.0,2.148956537246704,270.0
400.0,False,True,0.29999998211860657,6.756099224090576,0.1647072285413742,0.9136715531349182,4.0,2.324733018875122,270.0
400.0,False,True,0.3199999928474426,6.260309219360352,0.20007939636707306,0.8046846985816956,4.0,2.2850959300994873,270.0
400.0,False,True,0.25999999046325684,12.57858657836914,0.10828155279159546,0.955982506275177,9.0,2.214578151702881,270.0
400.0,False,True,0.3199999928474426,16.70867347717285,0.10528947412967682,0.9620301127433777,12.0,2.3897604942321777,270.0
400.0,False,True,0.3199999928474426,7.987900257110596,0.20245911180973053,0.7832080721855164,4.0,2.5461552143096924,270.0
400.0,False,True,0.29999998211860657,7.088725566864014,0.17583797872066498,0.7523910999298096,3.0,2.101128339767456,270.0
400.0,False,True,0.29999998211860657,10.214208602905273,0.18280324339866638,0.9035519361495972,4.0,2.7838292121887207,270.0
400.0,False,True,0.29999998211860657,6.571069717407227,0.15359091758728027,0.9099571704864502,3.0,2.2901570796966553,270.0
400.0,False,True,0.29999998211860657,6.7179341316223145,0.1946450024843216,0.8780834078788757,4.0,2.383831024169922,270.0
400.0,False,True,0.2800000011920929,7.948309898376465,0.14329034090042114,0.7590727210044861,7.0,2.047562599182129,270.0
400.0,False,True,0.3199999928474426,5.824770450592041,0.18922202289104462,0.8794964551925659,4.0,2.47892689704895,270.0
400.0,False,True,0.29999998211860657,8.480657577514648,0.16102877259254456,0.8925201296806335,4.0,2.4421191215515137,270.0
400.0,False,True,0.29999998211860657,16.4392147064209,0.1257420927286148,1.0539337396621704,7.0,2.4114251136779785,270.0
400.0,False,True,0.3199999928474426,7.828246593475342,0.18401466310024261,0.960308849811554,7.0,2.6784682273864746,270.0
400.0,False,True,0.29999998211860657,17.27931785583496,0.11690929532051086,0.9486237168312073,7.0,2.2444264888763428,270.0
400.0,False,True,0.29999998211860657,9.87338638305664,0.1686260998249054,0.9240877628326416,5.0,2.786736249923706,270.0
400.0,False,True,0.3199999928474426,8.043103218078613,0.20789051055908203,0.8623895049095154,6.0,2.6321680545806885,270.0
400.0,False,True,0.3199999928474426,6.529877185821533,0.19478122889995575,0.7460453510284424,4.0,2.1590023040771484,270.0
400.0,False,True,0.29999998211860657,8.540586471557617,0.16924431920051575,0.7158194780349731,7.0,2.0686540603637695,270.0
400.0,False,True,0.29999998211860657,6.0572190284729,0.1679006665945053,1.0087772607803345,4.0,2.5511832237243652,270.0
400.0,False,True,0.29999998211860657,7.884834289550781,0.17765182256698608,0.9296817183494568,4.0,2.633626699447632,270.0
400.0,False,True,0.3400000035762787,7.403321743011475,0.2244759351015091,0.918515682220459,11.0,2.873546838760376,270.0
400.0,False,True,0.35999998450279236,20.37318229675293,0.09564270079135895,0.8729110956192017,7.0,2.0230140686035156,270.0
400.0,False,True,0.41999998688697815,19.870128631591797,0.07072779536247253,1.005007266998291,7.0,2.037990093231201,270.0
400.0,False,True,0.29999998211860657,7.1914567947387695,0.1762005090713501,0.7945595383644104,4.0,2.3062808513641357,270.0
400.0,False,True,0.29999998211860657,5.771731853485107,0.1938944011926651,0.8542094230651855,4.0,2.2786569595336914,270.0
400.0,False,True,0.2800000011920929,8.852593421936035,0.1501023769378662,0.8917694091796875,7.0,2.183096408843994,270.0
400.0,False,True,0.29999998211860657,8.278227806091309,0.15290874242782593,0.7047414183616638,1.0,2.1442112922668457,270.0
400.0,False,True,0.3199999928474426,9.576966285705566,0.1731865555047989,0.9742551445960999,5.0,2.724881649017334,270.0
400.0,False,True,0.3199999928474426,8.694070816040039,0.1889987587928772,0.792921781539917,4.0,2.629310131072998,270.0
400.0,False,True,0.25999999046325684,11.23217487335205,0.12932665646076202,0.8721816539764404,7.0,2.0364978313446045,270.0
400.0,False,True,0.29999998211860657,5.841739654541016,0.17036494612693787,0.811729907989502,4.0,2.2894415855407715,270.0
400.0,False,True,0.3199999928474426,9.578299522399902,0.18287977576255798,1.063646912574768,6.0,2.752861499786377,270.0
400.0,False,True,0.25999999046325684,12.64688491821289,0.08777303248643875,0.8212369680404663,7.0,1.8746116161346436,270.0
400.0,False,True,0.29999998211860657,11.307857513427734,0.15824343264102936,0.8687834739685059,3.0,2.405580759048462,270.0
400.0,False,True,0.2800000011920929,15.591569900512695,0.10035828500986099,0.8152334094047546,7.0,1.8547979593276978,270.0
400.0,False,True,0.29999998211860657,7.291564464569092,0.16974414885044098,1.0088320970535278,5.0,2.7240443229675293,270.0
400.0,False,True,0.29999998211860657,5.986316680908203,0.1726929098367691,0.8504469990730286,4.0,2.3107242584228516,270.0
400.0,False,True,0.3199999928474426,6.304251194000244,0.2062470018863678,0.8972927927970886,5.0,2.6383490562438965,270.0
400.0,False,True,0.29999998211860657,6.436600208282471,0.16451086103916168,0.9214144349098206,3.0,2.3887133598327637,270.0
400.0,False,True,0.29999998211860657,6.711245536804199,0.15414875745773315,1.0094801187515259,3.0,2.493798017501831,270.0
400.0,False,True,0.2800000011920929,15.322362899780273,0.09897450357675552,0.8617296814918518,7.0,2.0289011001586914,270.0
400.0,False,True,0.29999998211860657,12.498074531555176,0.15472671389579773,0.8493832349777222,3.0,2.4192557334899902,270.0
400.0,False,True,0.3199999928474426,6.688472270965576,0.17709456384181976,0.8372413516044617,5.0,2.4192116260528564,270.0
400.0,False,True,0.29999998211860657,7.066107749938965,0.1782643049955368,0.9049143195152283,4.0,2.4682700634002686,270.0
400.0,False,True,0.3199999928474426,8.226740837097168,0.17907054722309113,0.971784770488739,6.0,2.6683220863342285,270.0
400.0,False,True,0.2800000011920929,14.998644828796387,0.12496918439865112,0.9203798770904541,4.0,2.2124550342559814,270.0
400.0,False,True,0.3199999928474426,5.115653991699219,0.17486920952796936,0.8525205850601196,4.0,2.1260337829589844,270.0
400.0,False,True,0.29999998211860657,7.086926460266113,0.17687612771987915,0.9740257263183594,5.0,2.670562505722046,270.0
400.0,False,True,0.29999998211860657,7.007203578948975,0.181038036942482,0.8353523015975952,3.0,2.196241855621338,270.0
400.0,False,True,0.3199999928474426,10.122535705566406,0.18015773594379425,0.9718244671821594,4.0,2.6670706272125244,270.0
450.0,True,False,nan,48.18838882446289,0.4175299406051636,0.8212329745292664,7.0,2.19860577583313,0.0
450.0,True,False,nan,46.97997283935547,0.33138903975486755,0.9620301723480225,12.0,2.334409475326538,0.0
450.0,True,False,nan,46.3924674987793,0.33397769927978516,1.0050100088119507,7.0,2.2247464656829834,0.0
450.0,True,False,nan,48.88789749145508,0.4558204114437103,0.7654718160629272,7.0,2.093090057373047,0.0
450.0,False,True,0.5799999833106995,29.380041122436523,0.28578677773475647,1.056322693824768,5.0,2.3889145851135254,0.0
450.0,False,True,0.8999999761581421,29.972431182861328,0.602846622467041,0.7953444719314575,3.0,2.206024646759033,0.0
450.0,False,True,0.6200000047683716,25.470317840576172,0.4597678482532501,0.7663776278495789,4.0,2.1969165802001953,0.0
450.0,False,True,0.6200000047683716,35.43976974487305,0.563591718673706,0.7929538488388062,4.0,2.1336171627044678,0.0
450.0,False,True,0.47999998927116394,17.630308151245117,0.3251440227031708,0.8430629968643188,5.0,2.12697172164917,0.0
450.0,False,True,0.35999998450279236,20.99471664428711,0.35995739698410034,0.8951383829116821,4.0,2.162407159805298,0.0
450.0,False,True,0.5999999642372131,33.315773010253906,0.5034011006355286,0.8300915360450745,5.0,2.280860662460327,0.0
450.0,False,True,0.35999998450279236,23.614688873291016,0.28500691056251526,0.9293867349624634,3.0,2.161370038986206,0.0
450.0,False,True,0.6200000047683716,27.882354736328125,0.4897104799747467,0.7718138098716736,4.0,2.2156944274902344,0.0
450.0,False,True,0.3400000035762787,22.67886734008789,0.5224873423576355,0.9681032299995422,14.0,2.072159767150879,0.0
450.0,False,True,0.7799999713897705,33.234073638916016,0.5938469171524048,0.8208777904510498,1.0,2.113335609436035,0.0
450.0,False,True,0.5999999642372131,21.238298416137695,0.3147831857204437,0.9137330651283264,4.0,2.1505136489868164,0.0
450.0,False,True,0.6200000047683716,30.69586181640625,0.574122428894043,0.8046895861625671,4.0,2.1888504028320312,0.0
450.0,False,True,0.35999998450279236,20.5207576751709,0.2593216300010681,0.9559866189956665,9.0,2.152273178100586,0.0
450.0,False,True,0.9199999570846558,35.668148040771484,0.7509797811508179,0.7832116484642029,4.0,2.133605480194092,0.0
450.0,False,True,0.6200000047683716,24.117033004760742,0.5204830765724182,0.7639787793159485,3.0,2.1113569736480713,0.0
450.0,False,True,0.5999999642372131,34.78495788574219,0.39950498938560486,0.9035604000091553,4.0,2.371734857559204,0.0
450.0,False,True,0.3400000035762787,18.221628189086914,0.3247627019882202,0.9100301265716553,3.0,2.113844156265259,0.0
450.0,False,True,0.3400000035762787,14.048730850219727,0.32389724254608154,0.8780738115310669,4.0,2.0205657482147217,0.0
450.0,False,True,0.5999999642372131,29.781909942626953,0.5398983359336853,0.7463710904121399,6.0,2.219446897506714,0.0
450.0,False,True,0.35999998450279236,20.338937759399414,0.32609593868255615,0.8794915676116943,4.0,2.1357619762420654,0.0
450.0,False,True,0.5999999642372131,27.594131469726562,0.3771331310272217,0.89250648021698,4.0,2.3053135871887207,0.0
450.0,False,True,0.35999998450279236,27.81993293762207,0.3093443810939789,1.0539238452911377,7.0,2.1817753314971924,0.0
450.0,False,True,0.35999998450279236,20.937381744384766,0.2532043159008026,0.9603260159492493,7.0,2.145367383956909,0.0
450.0,False,True,0.3799999952316284,28.19446563720703,0.36670365929603577,0.9486290216445923,7.0,2.170776844024658,0.0
450.0,False,True,0.5999999642372131,33.576961517333984,0.38290005922317505,0.923072099685669,5.0,2.319913625717163,0.0
450.0,False,True,0.6200000047683716,31.10471534729004,0.5170186161994934,0.8623886704444885,6.0,2.1718943119049072,0.0
450.0,False,True,0.6200000047683716,25.668258666992188,0.5192156434059143,0.7460488677024841,4.0,2.199448347091675,0.0
450.0,False,True,0.5999999642372131,29.920047760009766,0.5486326217651367,0.7150691151618958,3.0,2.2596137523651123,0.0
450.0,False,True,0.3400000035762787,13.269892692565918,0.21694383025169373,1.0087711811065674,4.0,2.0774216651916504,0.0
450.0,False,True,0.35999998450279236,23.817899703979492,0.30903753638267517,0.9296441674232483,4.0,2.152885675430298,0.0
450.0,False,True,0.5999999642372131,34.33274459838867,0.4670676589012146,0.9185073971748352,11.0,2.364595651626587,0.0
450.0,False,True,0.3999999761581421,30.11463165283203,0.37841737270355225,0.87290358543396,7.0,2.127669334411621,0.0
450.0,False,True,0.6200000047683716,28.886348724365234,0.5259934067726135,0.7945684790611267,4.0,2.2041256427764893,0.0
450.0,False,True,0.8799999952316284,20.331371307373047,0.43992695212364197,0.8541897535324097,4.0,2.114487409591675,0.0
450.0,False,True,0.5199999809265137,18.340030670166016,0.29346948862075806,0.8917703032493591,7.0,2.119795322418213,0.0
450.0,False,True,0.9199999570846558,37.57316207885742,0.6928398013114929,0.7047417163848877,1.0,2.179304361343384,0.0
450.0,False,True,0.3799999952316284,26.248794555664062,0.318893164396286,0.9742576479911804,5.0,2.2028281688690186,0.0
450.0,False,True,0.6200000047683716,36.77313232421875,0.53346186876297,0.7928889989852905,4.0,2.2798709869384766,0.0
450.0,False,True,0.3400000035762787,21.043149948120117,0.27686479687690735,0.8721812963485718,7.0,2.128537654876709,0.0
450.0,False,True,0.6200000047683716,21.107017517089844,0.40980085730552673,0.8117328882217407,4.0,2.1288373470306396,0.0
450.0,False,True,0.35999998450279236,24.106149673461914,0.2641734480857849,1.063649296760559,6.0,2.183511972427368,0.0
450.0,False,True,0.8799999952316284,27.41874885559082,0.5229112505912781,0.8687837719917297,3.0,2.193279266357422,0.0
450.0,False,True,0.6200000047683716,32.987152099609375,0.4087604284286499,0.8152329921722412,7.0,2.2010912895202637,0.0
450.0,False,True,0.35999998450279236,20.592145919799805,0.23788797855377197,1.0088318586349487,5.0,2.1675846576690674,0.0
450.0,False,True,0.35999998450279236,18.120817184448242,0.3390083909034729,0.8504341244697571,4.0,2.107759475708008,0.0
450.0,False,True,0.3400000035762787,25.788129806518555,0.28508317470550537,0.923667848110199,7.0,2.064926862716675,0.0
450.0,False,True,0.3799999952316284,24.96113395690918,0.33872029185295105,0.8972999453544617,5.0,2.245119094848633,0.0
450.0,False,True,0.3400000035762787,15.653837203979492,0.3025555908679962,0.9214197397232056,3.0,2.0621466636657715,0.0
450.0,False,True,0.3400000035762787,10.4217529296875,0.23977766931056976,1.0097178220748901,3.0,2.067450761795044,0.0
450.0,False,True,0.35999998450279236,24.3243350982666,0.32100555300712585,0.8617330193519592,7.0,2.135838031768799,0.0
450.0,False,True,0.5999999642372131,32.881656646728516,0.4408738315105438,0.849382221698761,3.0,2.3107001781463623,0.0
450.0,False,True,0.5999999642372131,30.443689346313477,0.42058831453323364,0.8372961282730103,4.0,2.3476357460021973,0.0
450.0,False,True,0.35999998450279236,21.29277801513672,0.3600940406322479,0.9049380421638489,4.0,2.130833625793457,0.0
450.0,False,True,0.35999998450279236,21.107664108276367,0.2716360092163086,0.9717905521392822,6.0,2.1821911334991455,0.0
450.0,False,True,0.8799999952316284,23.37437629699707,0.40675294399261475,0.924588143825531,7.0,2.1499998569488525,0.0
450.0,False,True,0.35999998450279236,18.14590072631836,0.3158663213253021,0.8525360822677612,4.0,2.1359639167785645,0.0
450.0,False,True,0.35999998450279236,21.68781280517578,0.24739423394203186,0.9740161895751953,5.0,2.1808393001556396,0.0
450.0,False,True,0.8799999952316284,16.19285774230957,0.4220498204231262,0.8353538513183594,3.0,2.0807104110717773,0.0
450.0,False,True,0.3799999952316284,26.298486709594727,0.32277411222457886,0.9718300700187683,4.0,2.2253291606903076,0.0
450.0,True,False,nan,46.18540954589844,0.342716246843338,0.7926154136657715,4.0,1.8111257553100586,90.0
450.0,False,True,1.559999942779541,17.006988525390625,1.2555943727493286,1.0563180446624756,5.0,2.3899402618408203,90.0
450.0,False,True,0.4399999976158142,20.71300506591797,0.3352482318878174,0.795339047908783,3.0,1.7673401832580566,90.0
450.0,False,True,0.3799999952316284,15.013443946838379,0.2373015135526657,0.7654699683189392,7.0,1.7829022407531738,90.0
450.0,False,True,0.4399999976158142,20.345195770263672,0.32379165291786194,0.7663764953613281,4.0,1.787164568901062,90.0
450.0,False,True,0.47999998927116394,9.195883750915527,0.45470836758613586,0.8430661559104919,5.0,1.9979028701782227,90.0
450.0,False,True,0.4399999976158142,12.862746238708496,0.4317176342010498,0.8951398730278015,4.0,2.113182783126831,90.0
450.0,False,True,0.7199999690055847,29.329221725463867,0.4300931394100189,0.8300890326499939,5.0,1.9322928190231323,90.0
450.0,False,True,0.4399999976158142,12.560807228088379,0.43372559547424316,0.9313825368881226,3.0,2.166006326675415,90.0
450.0,False,True,0.4399999976158142,20.11952781677246,0.47159066796302795,0.7718187570571899,4.0,1.8631752729415894,90.0
450.0,False,True,2.0999999046325684,33.198692321777344,2.314751625061035,0.9682396650314331,14.0,2.2579071521759033,90.0
450.0,False,True,0.4399999976158142,22.476558685302734,0.25730621814727783,0.820878803730011,1.0,1.7221416234970093,90.0
450.0,False,True,1.0,11.412471771240234,0.8095310926437378,0.9134861826896667,4.0,2.1554653644561768,90.0
450.0,False,True,0.41999998688697815,18.53653335571289,0.27376243472099304,0.8046907782554626,4.0,1.749855399131775,90.0
450.0,False,True,1.1799999475479126,12.210638046264648,1.0120854377746582,0.9559835195541382,9.0,2.236633777618408,90.0
450.0,False,True,1.059999942779541,17.303491592407227,0.9736928939819336,0.9620333909988403,12.0,2.293024778366089,90.0
450.0,False,True,0.7799999713897705,26.638587951660156,0.3846385180950165,0.7832090854644775,4.0,1.6506825685501099,90.0
450.0,False,True,0.3999999761581421,14.519969940185547,0.282569944858551,0.7523871064186096,3.0,1.7503300905227661,90.0
450.0,False,True,1.100000023841858,19.123865127563477,0.652230441570282,0.9035554528236389,4.0,2.1853907108306885,90.0
450.0,False,True,0.41999998688697815,12.270703315734863,0.303536057472229,0.9099529385566711,3.0,1.8744983673095703,90.0
450.0,False,True,0.4599999785423279,6.7967634201049805,0.40659573674201965,0.8780661225318909,4.0,2.012108325958252,90.0
450.0,False,True,0.3999999761581421,16.84918975830078,0.3035731613636017,0.7616615295410156,2.0,1.7942039966583252,90.0
450.0,False,True,0.5,10.971169471740723,0.4767208397388458,0.8794890642166138,4.0,2.0538952350616455,90.0
450.0,False,True,0.3999999761581421,18.66299819946289,0.4016726016998291,0.8925155401229858,4.0,2.144724130630493,90.0
450.0,False,True,0.3999999761581421,17.195026397705078,0.3109699487686157,1.0539358854293823,7.0,2.1676151752471924,90.0
450.0,False,True,1.059999942779541,8.075818061828613,0.7324603199958801,0.9603040814399719,7.0,2.2248544692993164,90.0
450.0,False,True,0.41999998688697815,15.795598030090332,0.3991867005825043,0.9485681056976318,7.0,2.072036027908325,90.0
450.0,False,True,1.1399999856948853,23.105274200439453,0.7091571092605591,0.9214824438095093,10.0,2.14005708694458,90.0
450.0,False,True,0.7400000095367432,29.500301361083984,0.33702120184898376,0.862388551235199,6.0,1.8824290037155151,90.0
450.0,False,True,0.41999998688697815,13.85205364227295,0.34561824798583984,0.7460432648658752,4.0,1.8106000423431396,90.0
450.0,False,True,0.41999998688697815,15.161725997924805,0.37368538975715637,0.7150667309761047,3.0,1.7709012031555176,90.0
450.0,False,True,0.4599999785423279,6.267632961273193,0.49891769886016846,1.0087769031524658,4.0,2.1961662769317627,90.0
450.0,False,True,0.5,14.367788314819336,0.4335838854312897,0.9296453595161438,4.0,2.0801241397857666,90.0
450.0,False,True,1.1200000047683716,21.235807418823242,0.7762331962585449,0.9185104370117188,11.0,2.2462942600250244,90.0
450.0,False,True,0.4399999976158142,21.487478256225586,0.33959993720054626,0.8729068040847778,7.0,2.1065852642059326,90.0
450.0,False,True,1.7599999904632568,28.17979621887207,1.8797622919082642,1.005009412765503,7.0,2.3889622688293457,90.0
450.0,False,True,0.6200000047683716,24.187952041625977,0.3633963167667389,0.7945711016654968,4.0,1.734067440032959,90.0
450.0,False,True,0.3999999761581421,15.05482292175293,0.2566331923007965,0.8541944622993469,4.0,1.823405385017395,90.0
450.0,False,True,0.47999998927116394,11.55875015258789,0.5205380320549011,0.8917734622955322,7.0,2.1023435592651367,90.0
450.0,False,True,0.7999999523162842,18.703466415405273,0.4012373089790344,0.7047436237335205,1.0,1.6272672414779663,90.0
450.0,False,True,0.41999998688697815,19.321929931640625,0.4024079740047455,0.9742531776428223,5.0,2.110534429550171,90.0
450.0,False,True,0.5399999618530273,25.32101058959961,0.4584481120109558,0.7929245829582214,4.0,1.914252519607544,90.0
450.0,False,True,0.3999999761581421,12.55537223815918,0.337938517332077,0.872181236743927,7.0,2.0520553588867188,90.0
450.0,False,True,0.41999998688697815,12.648834228515625,0.3380627930164337,0.8117272257804871,4.0,1.873171329498291,90.0
450.0,False,True,1.0,14.126670837402344,0.5501078367233276,1.0636465549468994,6.0,2.3457913398742676,90.0
450.0,False,True,0.3999999761581421,17.715118408203125,0.263335645198822,0.8212342858314514,7.0,1.8392325639724731,90.0
450.0,False,True,0.4399999976158142,16.83498764038086,0.35507556796073914,0.8687880039215088,3.0,1.8703733682632446,90.0
450.0,False,True,0.3799999952316284,14.296463966369629,0.23194395005702972,0.815237820148468,7.0,1.748323917388916,90.0
450.0,False,True,1.0199999809265137,10.513689994812012,0.6398312449455261,1.008836269378662,5.0,2.2856404781341553,90.0
450.0,False,True,0.5,10.870421409606934,0.4354136288166046,0.8504467010498047,4.0,2.058074474334717,90.0
450.0,False,True,0.4399999976158142,21.11348533630371,0.24715988337993622,0.9236651062965393,7.0,1.959214448928833,90.0
450.0,False,True,1.0,12.213367462158203,0.643150269985199,0.897300124168396,5.0,2.2057690620422363,90.0
450.0,False,True,0.4599999785423279,8.914095878601074,0.3829427659511566,0.9214158058166504,3.0,1.9992549419403076,90.0
450.0,False,True,0.4599999785423279,7.416984558105469,0.5079672336578369,1.009483814239502,3.0,2.1742284297943115,90.0
450.0,False,True,0.3799999952316284,12.03966236114502,0.27532923221588135,0.8617324829101562,7.0,1.9245401620864868,90.0
450.0,False,True,0.9799999594688416,25.871309280395508,0.4548768401145935,0.8493813872337341,3.0,2.0058605670928955,90.0
450.0,False,True,0.4599999785423279,18.940753936767578,0.4476035535335541,0.837294340133667,4.0,1.9968270063400269,90.0
450.0,False,True,0.4399999976158142,10.74667739868164,0.3489895761013031,0.9049057960510254,4.0,2.003253936767578,90.0
450.0,False,True,0.5199999809265137,12.570554733276367,0.5372154116630554,0.9717881083488464,6.0,2.1932718753814697,90.0
450.0,False,True,0.3799999952316284,12.879487037658691,0.2355736494064331,0.924588680267334,7.0,1.9211900234222412,90.0
450.0,False,True,0.41999998688697815,11.37956428527832,0.36105847358703613,0.8525158166885376,4.0,1.9636610746383667,90.0
450.0,False,True,1.059999942779541,8.627098083496094,0.6326485872268677,0.9740269184112549,5.0,2.218019962310791,90.0
450.0,False,True,0.41999998688697815,12.42684555053711,0.3110322654247284,0.8353661894798279,3.0,1.815039038658142,90.0
450.0,False,True,0.41999998688697815,20.352924346923828,0.3841230869293213,0.9718271493911743,4.0,2.21412992477417,90.0
450.0,True,False,nan,45.3978271484375,1.4011062383651733,0.8152302503585815,7.0,2.4692671298980713,180.0
450.0,True,False,nan,49.03163528442383,1.461679220199585,0.8212356567382812,7.0,2.5240681171417236,180.0
450.0,True,False,nan,45.043399810791016,1.4362895488739014,0.9236697554588318,7.0,2.429389476776123,180.0
450.0,True,False,nan,46.692352294921875,0.8905592560768127,0.8208767771720886,1.0,2.513080596923828,180.0
450.0,False,True,0.7599999904632568,11.38413143157959,0.8819944858551025,1.056321620941162,5.0,2.570857048034668,180.0
450.0,False,True,0.7999999523162842,9.642001152038574,0.7543708682060242,0.7953418493270874,3.0,2.542842388153076,180.0
450.0,False,True,1.1999999284744263,15.755627632141113,1.1263985633850098,0.7654696702957153,7.0,2.4987077713012695,180.0
450.0,False,True,0.7599999904632568,11.556398391723633,0.7126104831695557,0.7663754224777222,4.0,2.5472846031188965,180.0
450.0,False,True,0.85999995470047,12.276084899902344,0.9397789835929871,0.7926118969917297,4.0,2.549154758453369,180.0
450.0,False,True,0.7799999713897705,10.53279972076416,0.7449226379394531,0.8430609107017517,5.0,2.3678760528564453,180.0
450.0,False,True,0.7999999523162842,8.777314186096191,0.7676976323127747,0.8949518799781799,4.0,2.4104578495025635,180.0
450.0,False,True,0.7999999523162842,12.836518287658691,0.8760473132133484,0.8300958871841431,5.0,2.394251823425293,180.0
450.0,False,True,0.7199999690055847,10.530557632446289,0.6444796919822693,0.9313787221908569,3.0,2.3327622413635254,180.0
450.0,False,True,0.7999999523162842,9.916948318481445,0.767178475856781,0.7718184590339661,4.0,2.5124590396881104,180.0
450.0,False,True,1.0799999237060547,17.539766311645508,0.7697693109512329,0.9682350754737854,14.0,2.4038846492767334,180.0
450.0,False,True,0.699999988079071,11.090043067932129,0.6719034910202026,0.9138206243515015,4.0,2.4834909439086914,180.0
450.0,False,True,0.7599999904632568,10.166897773742676,0.6726062893867493,0.8046901226043701,4.0,2.4699559211730957,180.0
450.0,False,True,0.6800000071525574,14.44111156463623,0.5971891283988953,0.9559786915779114,9.0,2.4522459506988525,180.0
450.0,False,True,0.7400000095367432,12.9380521774292,0.772575855255127,0.9620311260223389,12.0,2.29661226272583,180.0
450.0,False,True,0.7599999904632568,10.521846771240234,0.7076079249382019,0.7832150459289551,4.0,2.513756275177002,180.0
450.0,False,True,0.7599999904632568,11.21805191040039,0.6686543822288513,0.7523924112319946,3.0,2.356393575668335,180.0
450.0,False,True,0.7799999713897705,10.26910400390625,0.8540664911270142,0.9035490155220032,4.0,2.490612268447876,180.0
450.0,False,True,0.7199999690055847,9.563264846801758,0.6266313195228577,0.9099546074867249,3.0,2.3607144355773926,180.0
450.0,False,True,0.7400000095367432,7.97887659072876,0.6269508600234985,0.8780754804611206,4.0,2.2877979278564453,180.0
450.0,False,True,0.9199999570846558,16.284889221191406,0.5934819579124451,0.7463713884353638,6.0,2.5993003845214844,180.0
450.0,False,True,0.7799999713897705,9.738515853881836,0.7500858306884766,0.8794858455657959,4.0,2.454376459121704,180.0
450.0,False,True,0.7199999690055847,11.410280227661133,0.7151320576667786,0.8925089836120605,4.0,2.3895633220672607,180.0
450.0,False,True,0.7400000095367432,9.588289260864258,0.7253562808036804,1.0539240837097168,7.0,2.63590669631958,180.0
450.0,False,True,0.7199999690055847,9.156994819641113,0.713476836681366,0.9603152275085449,7.0,2.3641302585601807,180.0
450.0,False,True,0.7799999713897705,9.030220985412598,0.726971447467804,0.9486208558082581,7.0,2.411702871322632,180.0
450.0,False,True,0.7999999523162842,11.113543510437012,0.8807151913642883,0.9229749441146851,5.0,2.587146282196045,180.0
450.0,False,True,0.8199999928474426,11.730335235595703,0.8920321464538574,0.8623878955841064,6.0,2.621699333190918,180.0
450.0,False,True,0.7599999904632568,12.257664680480957,0.7327238321304321,0.7460463047027588,4.0,2.489232063293457,180.0
450.0,False,True,0.9599999785423279,17.48374366760254,0.6088283658027649,0.7150694131851196,3.0,2.5535497665405273,180.0
450.0,False,True,0.7199999690055847,7.743924140930176,0.6714226007461548,1.0087796449661255,4.0,2.3294217586517334,180.0
450.0,False,True,0.7799999713897705,9.156780242919922,0.7867057919502258,0.929639458656311,4.0,2.427368640899658,180.0
450.0,False,True,0.9599999785423279,10.764208793640137,1.0286154747009277,0.9185085296630859,11.0,2.538109540939331,180.0
450.0,False,True,1.2599999904632568,18.536890029907227,1.2076575756072998,0.8729068636894226,7.0,2.469315528869629,180.0
450.0,False,True,1.5999999046325684,32.77976608276367,1.2368450164794922,1.0066075325012207,5.0,2.4680769443511963,180.0
450.0,False,True,0.7999999523162842,10.740375518798828,0.7793186902999878,0.7945667505264282,4.0,2.4101691246032715,180.0
450.0,False,True,0.5399999618530273,8.757417678833008,0.515277087688446,0.854199230670929,4.0,2.276564359664917,180.0
450.0,False,True,0.6800000071525574,12.005724906921387,0.6283719539642334,0.8917685747146606,7.0,2.3937273025512695,180.0
450.0,False,True,0.9399999976158142,16.045841217041016,0.7514035701751709,0.704744279384613,1.0,2.707735061645508,180.0
450.0,False,True,0.7799999713897705,9.613065719604492,0.843086838722229,0.9742584824562073,5.0,2.580315113067627,180.0
450.0,False,True,0.85999995470047,11.654757499694824,0.9278132915496826,0.7928909063339233,4.0,2.467686891555786,180.0
450.0,False,True,0.699999988079071,14.558956146240234,0.5913543105125427,0.8721805810928345,7.0,2.3837730884552,180.0
450.0,False,True,0.7599999904632568,9.197464942932129,0.6903142333030701,0.8117365837097168,4.0,2.3712234497070312,180.0
450.0,False,True,0.9399999976158142,8.608545303344727,0.8220334053039551,1.0636467933654785,6.0,2.578117847442627,180.0
450.0,False,True,0.7799999713897705,9.95518684387207,0.7014899253845215,0.8687808513641357,3.0,2.5094382762908936,180.0
450.0,False,True,0.7599999904632568,8.730100631713867,0.7981902360916138,1.008772850036621,5.0,2.502434253692627,180.0
450.0,False,True,0.7799999713897705,9.134542465209961,0.7132346034049988,0.8504411578178406,4.0,2.3897182941436768,180.0
450.0,False,True,0.9399999976158142,10.611053466796875,0.867202639579773,0.8973031044006348,5.0,2.378173351287842,180.0
450.0,False,True,0.7199999690055847,8.26476764678955,0.6038042902946472,0.9214144349098206,3.0,2.2777926921844482,180.0
450.0,False,True,0.7199999690055847,7.998019218444824,0.6401340365409851,1.009481430053711,3.0,2.3236660957336426,180.0
450.0,False,True,1.100000023841858,15.939153671264648,0.865635097026825,0.8617311120033264,7.0,2.4376490116119385,180.0
450.0,False,True,0.7400000095367432,11.891793251037598,0.7860226631164551,0.8493798971176147,3.0,2.4297783374786377,180.0
450.0,False,True,0.7599999904632568,12.076085090637207,0.7688646912574768,0.8372969031333923,4.0,2.469540596008301,180.0
450.0,False,True,0.7599999904632568,9.480480194091797,0.6923655867576599,0.9049148559570312,4.0,2.361215591430664,180.0
450.0,False,True,0.7599999904632568,8.341554641723633,0.747441291809082,0.9717748761177063,6.0,2.4529595375061035,180.0
450.0,False,True,0.7199999690055847,8.823297500610352,0.6105718612670898,0.9203818440437317,4.0,2.410230875015259,180.0
450.0,False,True,0.7599999904632568,10.73520565032959,0.721093475818634,0.852521538734436,4.0,2.3814737796783447,180.0
450.0,False,True,0.7599999904632568,9.604494094848633,0.7751292586326599,0.9740265011787415,5.0,2.3904552459716797,180.0
450.0,False,True,0.5399999618530273,7.873075485229492,0.525432825088501,0.8353511691093445,3.0,2.251302719116211,180.0
450.0,False,True,0.7999999523162842,10.605636596679688,0.8704699873924255,0.9718268513679504,4.0,2.667773723602295,180.0
450.0,True,False,nan,45.05030059814453,0.21087592840194702,0.7654725909233093,7.0,1.9355354309082031,270.0
450.0,False,True,0.2800000011920929,15.776844024658203,0.16553327441215515,1.056328296661377,5.0,2.786740303039551,270.0
450.0,False,True,0.29999998211860657,17.58426856994629,0.20308899879455566,0.7953476905822754,3.0,2.6046605110168457,270.0
450.0,False,True,0.3400000035762787,7.412513256072998,0.24178840219974518,0.7663769721984863,4.0,2.400020122528076,270.0
450.0,False,True,0.3400000035762787,11.313464164733887,0.2645668089389801,0.7929491400718689,4.0,2.7896666526794434,270.0
450.0,False,True,0.3400000035762787,6.8252434730529785,0.23870526254177094,0.8430720567703247,5.0,2.4242773056030273,270.0
450.0,False,True,0.29999998211860657,13.757753372192383,0.19409173727035522,0.8949548602104187,4.0,2.4849677085876465,270.0
450.0,False,True,0.3400000035762787,10.238504409790039,0.23033054172992706,0.8300925493240356,5.0,2.75352144241333,270.0
450.0,False,True,0.29999998211860657,17.29986572265625,0.16962175071239471,0.9312034845352173,3.0,2.586786985397339,270.0
450.0,False,True,0.3400000035762787,8.861709594726562,0.2343512773513794,0.7718135714530945,4.0,2.510547637939453,270.0
450.0,False,True,0.3799999952316284,20.080434799194336,0.11553940922021866,0.9681063294410706,14.0,2.2079474925994873,270.0
450.0,False,True,0.4399999976158142,21.3358211517334,0.16104614734649658,0.8208785057067871,1.0,1.9634644985198975,270.0
450.0,False,True,0.29999998211860657,9.530112266540527,0.2020839899778366,0.9137279987335205,4.0,2.650343418121338,270.0
450.0,False,True,0.3199999928474426,9.331045150756836,0.24443605542182922,0.8046867847442627,4.0,2.4566590785980225,270.0
450.0,False,True,0.2800000011920929,15.788595199584961,0.1448608785867691,0.955980122089386,9.0,2.425257444381714,270.0
450.0,False,True,0.41999998688697815,20.125307083129883,0.136725515127182,0.9620363712310791,12.0,2.568484306335449,270.0
450.0,False,True,0.3199999928474426,13.544214248657227,0.26998862624168396,0.7832084894180298,4.0,2.5737807750701904,270.0
450.0,False,True,0.29999998211860657,10.046745300292969,0.20146164298057556,0.7639756798744202,3.0,2.246896743774414,270.0
450.0,False,True,0.29999998211860657,15.053690910339355,0.21927323937416077,0.9035511016845703,4.0,3.0083112716674805,270.0
450.0,False,True,0.29999998211860657,11.284686088562012,0.18973012268543243,0.9099542498588562,3.0,2.509506940841675,270.0
450.0,False,True,0.3199999928474426,10.43593978881836,0.2396175116300583,0.8780707716941833,4.0,2.6386404037475586,270.0
450.0,False,True,0.2800000011920929,10.459311485290527,0.16828705370426178,0.7463695406913757,6.0,2.265049934387207,270.0
450.0,False,True,0.3400000035762787,9.382467269897461,0.2379940301179886,0.8794795870780945,4.0,2.816143274307251,270.0
450.0,False,True,0.29999998211860657,11.250446319580078,0.20932503044605255,0.892509937286377,4.0,2.7147107124328613,270.0
450.0,False,True,0.3799999952316284,20.30710792541504,0.15283142030239105,1.053930640220642,7.0,2.535010576248169,270.0
450.0,False,True,0.3199999928474426,11.758087158203125,0.24236485362052917,0.9603092074394226,7.0,2.9276838302612305,270.0
450.0,False,True,0.3999999761581421,20.91097068786621,0.1472041755914688,0.9485555291175842,7.0,2.2716012001037598,270.0
450.0,False,True,0.29999998211860657,15.159480094909668,0.20489446818828583,0.9240915179252625,5.0,2.9783082008361816,270.0
450.0,False,True,0.3400000035762787,14.563657760620117,0.24388177692890167,0.8623814582824707,6.0,2.72806715965271,270.0
450.0,False,True,0.3400000035762787,9.465415000915527,0.23399971425533295,0.7460516095161438,4.0,2.3974735736846924,270.0
450.0,False,True,0.29999998211860657,10.487961769104004,0.1973131150007248,0.7150677442550659,3.0,2.102914333343506,270.0
450.0,False,True,0.3199999928474426,10.656432151794434,0.20718346536159515,1.0087792873382568,4.0,2.6227786540985107,270.0
450.0,False,True,0.3199999928474426,12.617323875427246,0.22601965069770813,0.9296438694000244,4.0,2.798766613006592,270.0
450.0,False,True,0.35999998450279236,12.1588773727417,0.29005903005599976,0.9185099601745605,11.0,3.266256809234619,270.0
450.0,False,True,0.4399999976158142,23.509796142578125,0.11941919475793839,0.8729075789451599,7.0,2.0603818893432617,270.0
450.0,False,True,0.4399999976158142,23.455810546875,0.09493949264287949,1.006615161895752,5.0,2.2444190979003906,270.0
450.0,False,True,0.3199999928474426,10.68175983428955,0.21914103627204895,0.7945647239685059,4.0,2.508395195007324,270.0
450.0,False,True,0.3199999928474426,9.415131568908691,0.23556429147720337,0.8541877269744873,4.0,2.4697608947753906,270.0
450.0,False,True,0.29999998211860657,11.398432731628418,0.1966608464717865,0.8917685747146606,7.0,2.6484017372131348,270.0
450.0,False,True,0.29999998211860657,12.941040992736816,0.21861296892166138,0.7047435641288757,1.0,2.318253755569458,270.0
450.0,False,True,0.3199999928474426,15.449995994567871,0.21466286480426788,0.9742588996887207,5.0,2.858103036880493,270.0
450.0,False,True,0.3400000035762787,14.855072975158691,0.24235126376152039,0.7928813099861145,4.0,2.8287267684936523,270.0
450.0,False,True,0.25999999046325684,14.20097541809082,0.16166114807128906,0.872181236743927,7.0,2.2459194660186768,270.0
450.0,False,True,0.3199999928474426,8.905320167541504,0.22119243443012238,0.8117300271987915,4.0,2.5133697986602783,270.0
450.0,False,True,0.3199999928474426,15.464962005615234,0.238600954413414,1.0636565685272217,6.0,3.0671610832214355,270.0
450.0,False,True,0.2800000011920929,15.201930046081543,0.10993711650371552,0.8212344646453857,7.0,1.9331684112548828,270.0
450.0,False,True,0.29999998211860657,16.876750946044922,0.17859438061714172,0.8687823414802551,3.0,2.2462663650512695,270.0
450.0,False,True,0.3400000035762787,18.721487045288086,0.14954058825969696,0.8152346014976501,7.0,1.923758864402771,270.0
450.0,False,True,0.3199999928474426,11.463602066040039,0.2201514095067978,1.0088368654251099,5.0,2.9236350059509277,270.0
450.0,False,True,0.3199999928474426,9.812895774841309,0.23341381549835205,0.8504432439804077,4.0,2.696242094039917,270.0
450.0,False,True,0.41999998688697815,23.71213150024414,0.11304167658090591,0.9236611723899841,7.0,2.171663999557495,270.0
450.0,False,True,0.3400000035762787,10.765652656555176,0.260124534368515,0.8972945213317871,5.0,2.869358777999878,270.0
450.0,False,True,0.3199999928474426,11.125267028808594,0.20870062708854675,0.9213692545890808,3.0,2.6010117530822754,270.0
450.0,False,True,0.3199999928474426,10.695072174072266,0.212627112865448,1.0094789266586304,3.0,2.6960766315460205,270.0
450.0,False,True,0.3400000035762787,18.733007431030273,0.13416914641857147,0.8617338538169861,7.0,2.1322860717773438,270.0
450.0,False,True,0.29999998211860657,17.037519454956055,0.18375083804130554,0.8493862748146057,3.0,2.534527063369751,270.0
450.0,False,True,0.3199999928474426,11.207778930664062,0.2274027168750763,0.8359740972518921,4.0,2.815281629562378,270.0
450.0,False,True,0.3199999928474426,11.858817100524902,0.2184363752603531,0.9049089550971985,4.0,2.686282157897949,270.0
450.0,False,True,0.3199999928474426,13.334399223327637,0.2226833552122116,0.971782386302948,6.0,2.8657243251800537,270.0
450.0,False,True,0.3199999928474426,17.790943145751953,0.16265040636062622,0.9245918393135071,7.0,2.4112939834594727,270.0
450.0,False,True,0.3199999928474426,7.37645149230957,0.2174241691827774,0.8525229096412659,4.0,2.37119460105896,270.0
450.0,False,True,0.3199999928474426,12.441184043884277,0.2293626368045807,0.9740239977836609,5.0,2.879856586456299,270.0
450.0,False,True,0.29999998211860657,11.814046859741211,0.203959122300148,0.8353651165962219,3.0,2.4107306003570557,270.0
450.0,False,True,0.29999998211860657,16.12503433227539,0.2111450731754303,0.971831202507019,4.0,2.8748412132263184,270.0
500.0,True,False,nan,54.3673210144043,0.6952385306358337,0.7463713884353638,6.0,2.524775743484497,0.0
500.0,True,False,nan,45.78727340698242,0.5480847954750061,0.8212354183197021,7.0,2.5039753913879395,0.0
500.0,True,False,nan,50.623817443847656,0.48751863837242126,0.9620277285575867,12.0,2.600891590118408,0.0
500.0,True,False,nan,52.05276870727539,0.4894784092903137,0.9680950045585632,14.0,2.3598861694335938,0.0
500.0,False,True,0.5799999833106995,37.503990173339844,0.395801305770874,1.0563154220581055,5.0,2.5895328521728516,0.0
500.0,False,True,0.9199999570846558,33.910160064697266,0.8105734586715698,0.7953433990478516,3.0,2.414212942123413,0.0
500.0,False,True,0.6399999856948853,28.885826110839844,0.5593327283859253,0.7654709815979004,7.0,2.3609228134155273,0.0
500.0,False,True,0.6200000047683716,29.763471603393555,0.6807849407196045,0.7663773894309998,4.0,2.481411933898926,0.0
500.0,False,True,0.9199999570846558,40.98658752441406,0.8402275443077087,0.792615532875061,4.0,2.314605712890625,0.0
500.0,False,True,0.5999999642372131,21.331398010253906,0.46963217854499817,0.8430586457252502,5.0,2.4080541133880615,0.0
500.0,False,True,0.8999999761581421,26.536930084228516,0.5817199945449829,0.8951317071914673,4.0,2.414522171020508,0.0
500.0,False,True,0.6200000047683716,37.92647933959961,0.680394172668457,0.8300961256027222,5.0,2.4835379123687744,0.0
500.0,False,True,0.5999999642372131,31.76093292236328,0.47498875856399536,0.9314760565757751,3.0,2.456245183944702,0.0
500.0,False,True,0.6200000047683716,32.410221099853516,0.6864998936653137,0.7718124985694885,4.0,2.492051362991333,0.0
500.0,False,True,0.85999995470047,39.35452651977539,1.0754517316818237,0.8208765387535095,1.0,2.3226330280303955,0.0
500.0,False,True,0.5999999642372131,27.362266540527344,0.47540581226348877,0.9136946797370911,4.0,2.4809422492980957,0.0
500.0,False,True,0.9199999570846558,35.230899810791016,0.7748549580574036,0.8046954870223999,4.0,2.432461738586426,0.0
500.0,False,False,nan,35.06813049316406,0.6183508038520813,0.9559826850891113,9.0,2.4617857933044434,0.0
500.0,False,True,1.1999999284744263,41.28736877441406,1.2036372423171997,0.7832045555114746,4.0,2.3909432888031006,0.0
500.0,False,True,0.9199999570846558,30.032737731933594,0.7219658493995667,0.76397705078125,3.0,2.3821635246276855,0.0
500.0,False,True,0.5999999642372131,41.974788665771484,0.5224478244781494,0.9035499095916748,4.0,2.560046434402466,0.0
500.0,False,True,0.8799999952316284,22.25987434387207,0.5327077507972717,0.9099521636962891,3.0,2.352789878845215,0.0
500.0,False,True,0.85999995470047,18.65364646911621,0.5965884327888489,0.8780698180198669,4.0,2.2827985286712646,0.0
500.0,False,True,0.5999999642372131,24.872743606567383,0.497069776058197,0.8794876337051392,4.0,2.4335031509399414,0.0
500.0,False,True,0.5999999642372131,34.30289840698242,0.5282608270645142,0.8925073146820068,4.0,2.616342306137085,0.0
500.0,False,True,0.8799999952316284,32.81669998168945,0.5342137217521667,1.0539236068725586,7.0,2.412602186203003,0.0
500.0,False,True,0.5799999833106995,26.68461799621582,0.439138263463974,0.9603174328804016,7.0,2.443838357925415,0.0
500.0,False,True,0.8799999952316284,34.43911361694336,0.6143779158592224,0.9485548138618469,7.0,2.4035205841064453,0.0
500.0,False,True,0.5999999642372131,40.17284393310547,0.5446825623512268,0.9230727553367615,5.0,2.5036046504974365,0.0
500.0,False,True,0.6399999856948853,35.250396728515625,0.688102126121521,0.8623864054679871,6.0,2.3570313453674316,0.0
500.0,False,True,0.6200000047683716,31.907737731933594,0.6758847236633301,0.7460463047027588,4.0,2.493873119354248,0.0
500.0,False,True,0.6200000047683716,39.620296478271484,0.6632207036018372,0.7158251404762268,7.0,2.5538947582244873,0.0
500.0,False,True,0.85999995470047,17.89797592163086,0.4141009449958801,1.0087766647338867,4.0,2.344014883041382,0.0
500.0,False,True,0.8999999761581421,27.85733413696289,0.5718899369239807,0.9296289086341858,4.0,2.4092867374420166,0.0
500.0,False,True,0.5999999642372131,36.659568786621094,0.6196087002754211,0.9185120463371277,11.0,2.5399811267852783,0.0
500.0,False,True,0.7799999713897705,37.41071319580078,0.5392900109291077,0.8729086518287659,7.0,2.344799518585205,0.0
500.0,False,True,0.8399999737739563,35.25376892089844,0.2634690999984741,1.0066092014312744,5.0,2.5562844276428223,0.0
500.0,False,True,0.9199999570846558,33.42247772216797,0.6912024021148682,0.7945614457130432,4.0,2.430644989013672,0.0
500.0,False,True,0.8799999952316284,24.560171127319336,0.7131590843200684,0.8541839718818665,4.0,2.358999252319336,0.0
500.0,False,True,0.5999999642372131,25.0401611328125,0.45502758026123047,0.8934138417243958,7.0,2.4349348545074463,0.0
500.0,False,True,0.9399999976158142,44.47858428955078,0.9223952293395996,0.7063151597976685,1.0,2.406311511993408,0.0
500.0,False,True,0.6200000047683716,29.970190048217773,0.47760623693466187,0.9742491245269775,5.0,2.4329328536987305,0.0
500.0,False,True,0.9199999570846558,41.17921447753906,0.7445990443229675,0.7929251194000244,4.0,2.4681906700134277,0.0
500.0,False,True,0.5999999642372131,26.501684188842773,0.4111601710319519,0.8721814751625061,7.0,2.415182590484619,0.0
500.0,False,True,0.8999999761581421,25.670190811157227,0.6234772801399231,0.8117331862449646,4.0,2.399657964706421,0.0
500.0,False,True,0.3999999761581421,28.94883918762207,0.45093199610710144,1.0636553764343262,6.0,2.4353525638580322,0.0
500.0,False,True,0.8999999761581421,31.766271591186523,0.7236199378967285,0.8687790036201477,3.0,2.420346736907959,0.0
500.0,False,True,0.6399999856948853,40.053279876708984,0.6199410557746887,0.8152307271957397,7.0,2.454555034637451,0.0
500.0,False,True,0.3799999952316284,26.5126895904541,0.4087979197502136,1.0088313817977905,5.0,2.4576311111450195,0.0
500.0,False,True,0.6200000047683716,22.502567291259766,0.5436296463012695,0.8504455089569092,4.0,2.3786332607269287,0.0
500.0,False,True,0.6399999856948853,33.35036087036133,0.4257715940475464,0.9236717820167542,7.0,2.3307716846466064,0.0
500.0,False,True,0.5999999642372131,30.288522720336914,0.44537946581840515,0.8973007202148438,5.0,2.554527521133423,0.0
500.0,False,True,0.8799999952316284,19.994237899780273,0.5061284899711609,0.9213693737983704,3.0,2.3222663402557373,0.0
500.0,False,True,0.8399999737739563,15.127216339111328,0.47683852910995483,1.0094753503799438,3.0,2.3123714923858643,0.0
500.0,False,True,0.6200000047683716,32.00845718383789,0.5172953009605408,0.8617347478866577,7.0,2.4091403484344482,0.0
500.0,False,True,0.6200000047683716,40.43266677856445,0.5884019136428833,0.8493813276290894,3.0,2.504814863204956,0.0
500.0,False,True,0.5999999642372131,36.19520950317383,0.5847465991973877,0.8372897505760193,4.0,2.6127469539642334,0.0
500.0,False,True,0.8999999761581421,25.0329532623291,0.5838565826416016,0.9049145579338074,4.0,2.3882036209106445,0.0
500.0,False,True,0.6200000047683716,26.06023406982422,0.5037921071052551,0.9717850685119629,6.0,2.4451844692230225,0.0
500.0,False,True,0.8799999952316284,30.213623046875,0.645786464214325,0.9203851222991943,4.0,2.3781135082244873,0.0
500.0,False,True,0.5999999642372131,22.88471221923828,0.43760284781455994,0.8525230884552002,4.0,2.4243276119232178,0.0
500.0,False,True,0.5999999642372131,26.888490676879883,0.4154468774795532,0.9740148782730103,5.0,2.4874911308288574,0.0
500.0,False,True,0.8799999952316284,20.55781364440918,0.632125973701477,0.8353692889213562,3.0,2.331599473953247,0.0
500.0,False,True,0.6200000047683716,29.206281661987305,0.4534947872161865,0.9718347191810608,4.0,2.430006980895996,0.0
500.0,True,False,nan,46.253318786621094,0.3028230667114258,0.7926155924797058,4.0,1.946742057800293,90.0
500.0,True,False,nan,50.77882385253906,0.36275652050971985,0.9240868091583252,5.0,2.3422818183898926,90.0
500.0,True,False,nan,47.48471450805664,1.0260612964630127,0.9682403802871704,14.0,2.5121688842773438,90.0
500.0,False,True,1.1999999284744263,21.4320011138916,1.1973319053649902,1.0563212633132935,5.0,2.652139902114868,90.0
500.0,False,True,0.7199999690055847,24.92447280883789,0.470314085483551,0.7953482270240784,3.0,1.8742097616195679,90.0
500.0,False,True,0.47999998927116394,19.95937156677246,0.3348713517189026,0.7654780745506287,7.0,1.9870901107788086,90.0
500.0,False,True,0.4399999976158142,20.994792938232422,0.4097377061843872,0.7663775086402893,4.0,1.9497313499450684,90.0
500.0,False,True,0.5,11.563096046447754,0.5289530754089355,0.843064546585083,5.0,2.1930041313171387,90.0
500.0,False,True,1.0,14.42861557006836,0.6074123382568359,0.8949506282806396,4.0,2.2573161125183105,90.0
500.0,False,True,0.9399999976158142,30.316625595092773,0.5927361249923706,0.8301002383232117,5.0,2.0460317134857178,90.0
500.0,False,True,0.7400000095367432,16.757707595825195,0.6559868454933167,0.9313836693763733,3.0,2.3839690685272217,90.0
500.0,False,True,0.4599999785423279,19.77159881591797,0.49331215023994446,0.7718158960342407,4.0,1.9907633066177368,90.0
500.0,False,True,0.5999999642372131,25.522188186645508,0.3531571328639984,0.8208779096603394,1.0,1.9102603197097778,90.0
500.0,False,True,1.959999918937683,17.21078872680664,2.1642372608184814,0.9132214188575745,4.0,2.3383238315582275,90.0
500.0,False,True,0.4599999785423279,21.376611709594727,0.35672780871391296,0.8046772480010986,4.0,1.888929009437561,90.0
500.0,False,True,1.7999999523162842,14.958819389343262,1.568743109703064,0.9427792429924011,7.0,2.3786938190460205,90.0
500.0,False,True,1.8199999332427979,22.58053207397461,2.097970724105835,0.9620317816734314,12.0,2.5807509422302246,90.0
500.0,False,True,0.7799999713897705,27.322786331176758,0.4892292022705078,0.783216655254364,4.0,1.7699109315872192,90.0
500.0,False,True,0.5199999809265137,20.377410888671875,0.36744558811187744,0.7639764547348022,3.0,1.9586328268051147,90.0
500.0,False,True,1.8600000143051147,21.09378433227539,1.6918927431106567,0.9035512804985046,4.0,2.411724090576172,90.0
500.0,False,True,0.41999998688697815,15.36938762664795,0.3652336001396179,0.9100197553634644,3.0,2.053750991821289,90.0
500.0,False,True,1.059999942779541,7.6106109619140625,0.6718358397483826,0.878075361251831,4.0,2.237133264541626,90.0
500.0,False,True,0.41999998688697815,19.21599006652832,0.3979349434375763,0.746375322341919,6.0,1.943040132522583,90.0
500.0,False,True,1.0,11.769745826721191,0.6547126173973083,0.8794904947280884,4.0,2.2577805519104004,90.0
500.0,False,True,1.899999976158142,19.55047607421875,1.666630506515503,0.8925100564956665,4.0,2.2594597339630127,90.0
500.0,False,True,0.4399999976158142,21.928760528564453,0.3639226257801056,1.0539233684539795,7.0,2.4665114879608154,90.0
500.0,False,True,1.7799999713897705,10.840883255004883,1.3198966979980469,0.960324227809906,7.0,2.446446657180786,90.0
500.0,False,True,0.3999999761581421,19.855024337768555,0.4043731987476349,0.9486249685287476,7.0,2.3343002796173096,90.0
500.0,False,True,0.7400000095367432,30.691608428955078,0.4562423527240753,0.8623864650726318,6.0,2.022902727127075,90.0
500.0,False,True,0.4399999976158142,20.417964935302734,0.4499289393424988,0.7460452914237976,4.0,1.9511511325836182,90.0
500.0,False,True,0.7199999690055847,16.24587059020996,0.4733148515224457,0.7150627970695496,3.0,1.9358407258987427,90.0
500.0,False,True,1.5799999237060547,8.761162757873535,1.2769474983215332,1.0087804794311523,4.0,2.427644729614258,90.0
500.0,False,True,1.6399999856948853,15.847479820251465,1.0573711395263672,0.9296346306800842,4.0,2.2063722610473633,90.0
500.0,False,True,1.2400000095367432,24.35260772705078,1.244856357574463,0.9185095429420471,11.0,2.495668411254883,90.0
500.0,False,True,0.5799999833106995,25.10508918762207,0.4846213757991791,0.8729109168052673,7.0,2.360640525817871,90.0
500.0,False,True,2.0399999618530273,36.07583236694336,2.5087356567382812,1.0050125122070312,7.0,2.630467414855957,90.0
500.0,False,True,0.6399999856948853,26.004314422607422,0.4699052572250366,0.7945603728294373,4.0,1.8887600898742676,90.0
500.0,False,True,0.41999998688697815,13.448837280273438,0.35743287205696106,0.8542000651359558,4.0,2.000653028488159,90.0
500.0,False,True,2.379999876022339,13.544301986694336,2.036295175552368,0.8917683362960815,7.0,2.361212968826294,90.0
500.0,False,True,0.7599999904632568,24.146726608276367,0.5452725887298584,0.704740047454834,1.0,1.7483328580856323,90.0
500.0,False,True,0.9799999594688416,21.143444061279297,0.5953013300895691,0.9742538332939148,5.0,2.3271124362945557,90.0
500.0,False,True,0.9399999976158142,28.788509368896484,0.7141920924186707,0.7928810119628906,4.0,2.074124813079834,90.0
500.0,False,True,0.9399999976158142,14.276257514953613,0.6030550599098206,0.8721811175346375,7.0,2.2084553241729736,90.0
500.0,False,True,0.41999998688697815,15.105043411254883,0.3879879117012024,0.8117303252220154,4.0,2.0184507369995117,90.0
500.0,False,True,1.7599999904632568,15.027753829956055,1.2820281982421875,1.0636470317840576,6.0,2.441319227218628,90.0
500.0,False,True,0.3999999761581421,18.93772315979004,0.3470703065395355,0.8212323188781738,7.0,2.020272731781006,90.0
500.0,False,True,0.41999998688697815,19.870431900024414,0.3288971483707428,0.8687726855278015,3.0,1.996090292930603,90.0
500.0,False,True,0.5,21.717449188232422,0.3201024830341339,0.8152286410331726,7.0,1.9040789604187012,90.0
500.0,False,True,1.7400000095367432,12.592550277709961,1.224603295326233,1.0088351964950562,5.0,2.4656007289886475,90.0
500.0,False,True,0.5,12.825244903564453,0.5503798127174377,0.8504399657249451,4.0,2.240539789199829,90.0
500.0,False,True,0.5799999833106995,25.25580596923828,0.3251776695251465,0.9236738681793213,7.0,2.1455307006835938,90.0
500.0,False,True,0.8799999952316284,13.412991523742676,0.96683269739151,0.8972977995872498,5.0,2.37349271774292,90.0
500.0,False,True,1.0399999618530273,11.245333671569824,0.622384250164032,0.9214195013046265,3.0,2.203490734100342,90.0
500.0,False,True,1.8399999141693115,8.527698516845703,1.394651174545288,1.0097323656082153,3.0,2.3797080516815186,90.0
500.0,False,True,0.3999999761581421,15.559813499450684,0.3748207688331604,0.8526866436004639,7.0,2.0658819675445557,90.0
500.0,False,True,1.7599999904632568,26.123903274536133,0.9573700428009033,0.8493812680244446,3.0,2.2157437801361084,90.0
500.0,False,True,0.9599999785423279,20.75397491455078,0.6795160174369812,0.8359804749488831,4.0,2.1441614627838135,90.0
500.0,False,True,1.0,14.095574378967285,0.5620208978652954,0.9049115777015686,4.0,2.1348788738250732,90.0
500.0,False,True,0.9799999594688416,13.287482261657715,0.6480007171630859,0.9717856049537659,6.0,2.3219664096832275,90.0
500.0,False,True,0.41999998688697815,16.25756072998047,0.3539348542690277,0.9245900511741638,7.0,2.0382027626037598,90.0
500.0,False,True,0.41999998688697815,14.172060012817383,0.4156316816806793,0.8525229096412659,4.0,2.171206474304199,90.0
500.0,False,True,0.9599999785423279,10.329292297363281,1.047277808189392,0.9740231037139893,5.0,2.41184663772583,90.0
500.0,False,True,0.4599999785423279,13.585158348083496,0.41949424147605896,0.8353532552719116,3.0,2.022658586502075,90.0
500.0,False,True,1.0799999237060547,23.26150894165039,0.741841197013855,0.9718357920646667,4.0,2.423872709274292,90.0
500.0,True,False,nan,50.78004455566406,0.36274635791778564,0.9240856170654297,5.0,2.3422932624816895,90.0
500.0,True,False,nan,46.23747253417969,0.3028036952018738,0.7929567098617554,4.0,1.9481167793273926,90.0
500.0,True,False,nan,46.38278579711914,0.4799204468727112,1.0050055980682373,7.0,2.7990071773529053,180.0
500.0,True,False,nan,45.075706481933594,0.4556143581867218,0.9236637353897095,7.0,2.740262746810913,180.0
500.0,True,False,nan,45.3692512512207,0.6800242066383362,0.8212370872497559,7.0,2.833467960357666,180.0
500.0,True,False,nan,46.22954177856445,1.770599365234375,0.8152329921722412,7.0,2.889521837234497,180.0
500.0,True,False,nan,51.08137893676758,2.2155637741088867,0.7654734253883362,7.0,2.663670778274536,180.0
500.0,False,True,1.2200000286102295,16.320219039916992,1.3397924900054932,1.0563273429870605,5.0,2.847567558288574,180.0
500.0,False,True,1.0,10.64791488647461,1.034223198890686,0.7953420877456665,3.0,2.8811399936676025,180.0
500.0,False,True,0.8399999737739563,11.987913131713867,0.9177495241165161,0.7663769721984863,4.0,2.8495211601257324,180.0
500.0,False,True,1.0199999809265137,11.577211380004883,1.21837317943573,0.7929543852806091,4.0,2.8471853733062744,180.0
500.0,False,True,0.8799999952316284,11.876816749572754,0.9103279709815979,0.8430588245391846,5.0,2.7139811515808105,180.0
500.0,False,True,0.9799999594688416,9.86192798614502,1.0197638273239136,0.8951383829116821,4.0,2.6823856830596924,180.0
500.0,False,True,0.85999995470047,11.663105010986328,1.0565484762191772,0.8300911784172058,5.0,2.5970571041107178,180.0
500.0,False,True,0.9399999976158142,10.423885345458984,0.9247214794158936,0.9313797950744629,3.0,2.596827983856201,180.0
500.0,False,True,1.0,10.754586219787598,1.0100880861282349,0.7718105912208557,4.0,2.795177459716797,180.0
500.0,False,True,1.1999999284744263,28.56100082397461,1.513027548789978,0.968090832233429,14.0,2.772320508956909,180.0
500.0,False,True,1.8600000143051147,31.310516357421875,1.9232513904571533,0.8208734393119812,1.0,2.8461251258850098,180.0
500.0,False,True,0.7999999523162842,11.638737678527832,0.91818767786026,0.9136773943901062,4.0,2.8010034561157227,180.0
500.0,False,True,0.9599999785423279,11.239360809326172,0.8855770230293274,0.8046894073486328,4.0,2.726433277130127,180.0
500.0,False,True,0.6200000047683716,18.155954360961914,0.6669691205024719,0.9559836387634277,9.0,2.8121533393859863,180.0
500.0,False,True,1.3199999332427979,25.305259704589844,1.6265721321105957,0.962035059928894,12.0,2.7018589973449707,180.0
500.0,False,True,0.9799999594688416,11.779501914978027,0.9827592968940735,0.7832121849060059,4.0,2.8294320106506348,180.0
500.0,False,True,0.8199999928474426,12.12195110321045,0.8214762210845947,0.7639806270599365,3.0,2.700120449066162,180.0
500.0,False,True,0.9799999594688416,12.972965240478516,1.1269434690475464,0.9035176038742065,4.0,2.802039861679077,180.0
500.0,False,True,0.9199999570846558,10.69571590423584,0.8368594646453857,0.9100267291069031,3.0,2.6348116397857666,180.0
500.0,False,True,0.9399999976158142,8.92262077331543,0.8087032437324524,0.8780782222747803,4.0,2.5340332984924316,180.0
500.0,False,True,1.1799999475479126,16.72519874572754,1.0101971626281738,0.7463728189468384,6.0,2.9453017711639404,180.0
500.0,False,True,0.9599999785423279,11.002206802368164,0.938498854637146,0.8794916272163391,4.0,2.6110522747039795,180.0
500.0,False,True,0.7999999523162842,11.127867698669434,0.9339804649353027,0.891581118106842,4.0,2.660813093185425,180.0
500.0,False,True,0.9599999785423279,30.648712158203125,1.0186612606048584,1.0539324283599854,7.0,2.7358758449554443,180.0
500.0,False,True,0.9599999785423279,9.891911506652832,0.9758833646774292,0.9603187441825867,7.0,2.6098198890686035,180.0
500.0,False,True,0.9799999594688416,18.282976150512695,1.0261093378067017,0.948575496673584,7.0,2.6104931831359863,180.0
500.0,False,True,1.0199999809265137,13.345218658447266,1.2388710975646973,0.9240844249725342,5.0,2.8318705558776855,180.0
500.0,False,True,1.0399999618530273,11.007502555847168,1.242842197418213,0.8623864054679871,6.0,2.8625717163085938,180.0
500.0,False,True,0.8999999761581421,12.915443420410156,0.9583927989006042,0.7460446357727051,4.0,2.8616445064544678,180.0
500.0,False,True,0.7400000095367432,16.411521911621094,0.8364716172218323,0.7150688767433167,3.0,3.009216547012329,180.0
500.0,False,True,0.9599999785423279,8.43116569519043,0.9091387987136841,1.0087791681289673,4.0,2.5868165493011475,180.0
500.0,False,True,0.9799999594688416,9.985286712646484,1.0333009958267212,0.9296430945396423,4.0,2.7115724086761475,180.0
500.0,False,True,1.2599999904632568,15.294513702392578,1.4295775890350342,0.9185087084770203,11.0,2.837027072906494,180.0
500.0,False,True,1.7999999523162842,38.15988540649414,1.8730759620666504,0.8729104399681091,7.0,2.733065128326416,180.0
500.0,False,True,0.9799999594688416,11.650665283203125,1.0014456510543823,0.7945616841316223,4.0,2.6243133544921875,180.0
500.0,False,True,0.7599999904632568,9.44693660736084,0.6755523085594177,0.8542000651359558,4.0,2.517963409423828,180.0
500.0,False,True,0.7400000095367432,12.217434883117676,0.810724675655365,0.8917664885520935,7.0,2.752656936645508,180.0
500.0,False,True,0.7599999904632568,16.042505264282227,0.9209563732147217,0.7047432065010071,1.0,2.8985424041748047,180.0
500.0,False,True,0.9799999594688416,9.259305953979492,1.1204115152359009,0.9742523431777954,5.0,2.856950283050537,180.0
500.0,False,True,1.0,10.977718353271484,1.1540673971176147,0.792927622795105,4.0,2.78365159034729,180.0
500.0,False,True,0.6800000071525574,16.656925201416016,0.7333747744560242,0.8263279795646667,3.0,2.7835538387298584,180.0
500.0,False,True,0.9399999976158142,11.039525985717773,0.892491340637207,0.8117342591285706,4.0,2.6676974296569824,180.0
500.0,False,True,0.9799999594688416,8.970385551452637,1.1086063385009766,1.0636622905731201,6.0,2.885711669921875,180.0
500.0,False,True,0.9799999594688416,10.748636245727539,1.00532066822052,0.8687852621078491,3.0,2.846864700317383,180.0
500.0,False,True,0.9799999594688416,8.502097129821777,1.0550103187561035,1.0088328123092651,5.0,2.7875702381134033,180.0
500.0,False,True,0.9399999976158142,10.29047966003418,0.9028776288032532,0.8504440188407898,4.0,2.606637716293335,180.0
500.0,False,True,0.9799999594688416,11.608226776123047,1.070269227027893,0.8972968459129333,5.0,2.6312766075134277,180.0
500.0,False,True,0.9399999976158142,8.832843780517578,0.784142792224884,0.9213846325874329,3.0,2.6278274059295654,180.0
500.0,False,True,0.9399999976158142,8.441967010498047,0.812171995639801,1.0097224712371826,3.0,2.573254108428955,180.0
500.0,False,True,1.1200000047683716,23.132221221923828,1.0590076446533203,0.8526881337165833,7.0,2.7896499633789062,180.0
500.0,False,True,0.9799999594688416,13.604394912719727,1.0648287534713745,0.8493862748146057,3.0,2.7466161251068115,180.0
500.0,False,True,0.85999995470047,10.65301513671875,1.0033963918685913,0.8359761238098145,4.0,2.702643871307373,180.0
500.0,False,True,0.9599999785423279,10.617300987243652,0.9385204911231995,0.9049117565155029,4.0,2.642660617828369,180.0
500.0,False,True,0.9799999594688416,9.518698692321777,1.007970929145813,0.9717886447906494,6.0,2.742464780807495,180.0
500.0,False,True,0.9799999594688416,10.305285453796387,0.874107837677002,0.9245831370353699,7.0,2.5682153701782227,180.0
500.0,False,True,0.7599999904632568,12.924866676330566,0.834242045879364,0.8525264263153076,4.0,2.7188806533813477,180.0
500.0,False,True,0.9399999976158142,10.716581344604492,0.960472822189331,0.974021315574646,5.0,2.6611201763153076,180.0
500.0,False,True,0.7599999904632568,8.3305082321167,0.6716268658638,0.835368812084198,3.0,2.483293056488037,180.0
500.0,False,True,1.0199999809265137,11.525007247924805,1.2683030366897583,0.971832275390625,4.0,2.913836717605591,180.0
500.0,True,False,nan,43.22805404663086,0.4444086253643036,1.0049936771392822,7.0,2.799008846282959,180.0
500.0,True,False,nan,17.00446891784668,0.21733525395393372,0.8212361335754395,7.0,2.833465337753296,180.0
500.0,True,False,nan,19.7199764251709,0.25830724835395813,0.9260234236717224,7.0,2.7379984855651855,180.0
500.0,True,False,nan,45.621482849121094,0.2823309004306793,0.765471875667572,7.0,2.0245466232299805,270.0
500.0,False,True,0.35999998450279236,19.193523406982422,0.2273213118314743,1.0563278198242188,5.0,2.9172701835632324,270.0
500.0,False,True,0.41999998688697815,21.27893829345703,0.276882529258728,0.7953394055366516,3.0,2.402987241744995,270.0
500.0,False,True,0.35999998450279236,10.333044052124023,0.298689603805542,0.7663776278495789,4.0,2.577075719833374,270.0
500.0,False,True,0.3400000035762787,17.3768253326416,0.3321922719478607,0.7929515838623047,4.0,2.865730047225952,270.0
500.0,False,True,0.3400000035762787,10.56072998046875,0.27983662486076355,0.8430719971656799,5.0,2.6193947792053223,270.0
500.0,False,True,0.29999998211860657,18.153751373291016,0.233561173081398,0.8951353430747986,4.0,2.6240742206573486,270.0
500.0,False,True,0.3400000035762787,14.537490844726562,0.27975431084632874,0.8300935626029968,5.0,2.94759202003479,270.0
500.0,False,True,0.3999999761581421,21.03911781311035,0.21653033792972565,0.9313739538192749,3.0,2.734501361846924,270.0
500.0,False,True,0.35999998450279236,13.372430801391602,0.28164467215538025,0.771812915802002,4.0,2.6918492317199707,270.0
500.0,False,True,0.41999998688697815,23.62242889404297,0.1766473650932312,0.9680950045585632,14.0,2.3661184310913086,270.0
500.0,False,True,0.8799999952316284,24.90395164489746,0.27242225408554077,0.8208794593811035,1.0,2.1112616062164307,270.0
500.0,False,True,0.3199999928474426,12.772939682006836,0.25243598222732544,0.9136747121810913,4.0,2.87723445892334,270.0
500.0,False,True,0.3400000035762787,13.517546653747559,0.31940537691116333,0.8046810626983643,4.0,2.5981340408325195,270.0
500.0,False,True,0.3400000035762787,19.205049514770508,0.19113489985466003,0.9559862017631531,9.0,2.5737695693969727,270.0
500.0,False,True,0.47999998927116394,23.664325714111328,0.1889272779226303,0.9620391130447388,12.0,2.701624631881714,270.0
500.0,False,True,0.5799999833106995,18.678668975830078,0.3516243100166321,0.783210277557373,4.0,2.606567859649658,270.0
500.0,False,True,0.3199999928474426,13.725923538208008,0.2871410846710205,0.7552874684333801,3.0,2.502873659133911,270.0
500.0,False,True,0.35999998450279236,18.841075897216797,0.25983288884162903,0.9035502076148987,4.0,2.8607115745544434,270.0
500.0,False,True,0.29999998211860657,15.785447120666504,0.21406832337379456,0.9100322723388672,3.0,2.460676670074463,270.0
500.0,False,True,0.3400000035762787,14.537789344787598,0.284778892993927,0.878073513507843,4.0,2.8144421577453613,270.0
500.0,False,True,0.2800000011920929,13.583181381225586,0.208267942070961,0.7616617679595947,2.0,2.2541589736938477,270.0
500.0,False,True,0.35999998450279236,13.673940658569336,0.28603118658065796,0.8794935345649719,4.0,2.9707391262054443,270.0
500.0,False,True,0.3199999928474426,15.129545211791992,0.2537347674369812,0.8925051093101501,4.0,2.8620755672454834,270.0
500.0,False,True,0.47999998927116394,23.976381301879883,0.20942574739456177,1.0539271831512451,7.0,2.7101564407348633,270.0
500.0,False,True,0.3400000035762787,15.962032318115234,0.2997477054595947,0.960314154624939,7.0,3.1102676391601562,270.0
500.0,False,True,0.4599999785423279,25.14737892150879,0.18883778154850006,0.9485653042793274,7.0,2.3951656818389893,270.0
500.0,False,True,0.3400000035762787,19.364830017089844,0.24002572894096375,0.9229700565338135,5.0,2.8134140968322754,270.0
500.0,False,True,0.3199999928474426,19.732391357421875,0.2812897562980652,0.8623796701431274,6.0,2.853787422180176,270.0
500.0,False,True,0.3400000035762787,11.561836242675781,0.2967906892299652,0.7460476756095886,4.0,2.5668725967407227,270.0
500.0,False,True,0.29999998211860657,13.464232444763184,0.2516602873802185,0.7158248424530029,7.0,2.3577592372894287,270.0
500.0,False,True,0.3400000035762787,14.520404815673828,0.27640753984451294,1.0087790489196777,4.0,3.0237677097320557,270.0
500.0,False,True,0.3199999928474426,16.730716705322266,0.2670993506908417,0.9296387434005737,4.0,3.023517370223999,270.0
500.0,False,True,0.3799999952316284,16.754663467407227,0.3618597984313965,0.9185093641281128,11.0,3.395606279373169,270.0
500.0,False,True,0.47999998927116394,28.40288734436035,0.18539999425411224,0.8729053735733032,7.0,2.373652696609497,270.0
500.0,False,True,0.5,27.05430030822754,0.1351652592420578,1.005005955696106,7.0,2.277409076690674,270.0
500.0,False,True,0.3199999928474426,15.35209846496582,0.2963798940181732,0.7945687770843506,4.0,2.750837802886963,270.0
500.0,False,True,0.3199999928474426,13.903299331665039,0.2869436740875244,0.8541910648345947,4.0,2.616703987121582,270.0
500.0,False,True,0.29999998211860657,13.580069541931152,0.2424015998840332,0.8917648792266846,7.0,2.865912914276123,270.0
500.0,False,True,0.5799999833106995,17.65960121154785,0.3332030475139618,0.7047432065010071,1.0,2.1279103755950928,270.0
500.0,False,True,0.3199999928474426,19.042400360107422,0.2512969970703125,0.9742448329925537,5.0,3.0613701343536377,270.0
500.0,False,True,0.3199999928474426,18.443559646606445,0.270924836397171,0.7929165363311768,4.0,3.0068774223327637,270.0
500.0,False,True,0.29999998211860657,17.20412826538086,0.20820768177509308,0.8721828460693359,7.0,2.4148035049438477,270.0
500.0,False,True,0.3199999928474426,13.156057357788086,0.2603095769882202,0.8117320537567139,4.0,2.7296273708343506,270.0
500.0,False,True,0.29999998211860657,20.091760635375977,0.2489951252937317,1.0636565685272217,6.0,3.104222059249878,270.0
500.0,False,True,1.1799999475479126,22.473886489868164,0.3937411606311798,0.8212383985519409,7.0,2.218782663345337,270.0
500.0,False,True,0.41999998688697815,21.582923889160156,0.2314978986978531,0.8687757253646851,3.0,2.434044599533081,270.0
500.0,False,True,0.7799999713897705,21.728504180908203,0.8862525224685669,0.8152291178703308,7.0,2.0098140239715576,270.0
500.0,False,True,0.3199999928474426,15.213607788085938,0.26659223437309265,1.008836269378662,5.0,3.1405880451202393,270.0
500.0,False,True,0.3199999928474426,14.309968948364258,0.2712061107158661,0.8504428863525391,4.0,2.8913698196411133,270.0
500.0,False,True,0.4599999785423279,27.915306091308594,0.15372365713119507,0.9236652851104736,7.0,2.294292688369751,270.0
500.0,False,True,0.35999998450279236,15.136373519897461,0.3056192994117737,0.8972958922386169,5.0,3.10284161567688,270.0
500.0,False,True,0.29999998211860657,15.426671981811523,0.22544708847999573,0.9214174747467041,3.0,2.5761802196502686,270.0
500.0,False,True,0.29999998211860657,15.265355110168457,0.24413910508155823,1.0094777345657349,3.0,2.660365343093872,270.0
500.0,False,True,0.3799999952316284,21.85138702392578,0.16672880947589874,0.8617351651191711,7.0,2.2349867820739746,270.0
500.0,False,True,0.3999999761581421,20.6107234954834,0.22403378784656525,0.8493821024894714,3.0,2.6711955070495605,270.0
500.0,False,True,0.3199999928474426,14.805546760559082,0.2574566900730133,0.8372957110404968,4.0,2.9193532466888428,270.0
500.0,False,True,0.3199999928474426,15.961100578308105,0.2599930167198181,0.9049117565155029,4.0,2.887282133102417,270.0
500.0,False,True,0.3199999928474426,16.62002182006836,0.25661778450012207,0.9717782735824585,6.0,3.0616822242736816,270.0
500.0,False,True,0.41999998688697815,22.210905075073242,0.192611962556839,0.9203864336013794,4.0,2.276212692260742,270.0
500.0,False,True,0.3400000035762787,10.861055374145508,0.2705521285533905,0.8525276184082031,4.0,2.610602617263794,270.0
500.0,False,True,0.3199999928474426,16.15057945251465,0.27669501304626465,0.9740186929702759,5.0,3.112443208694458,270.0
500.0,False,True,0.29999998211860657,16.173667907714844,0.24026602506637573,0.8353712558746338,3.0,2.3315787315368652,270.0
500.0,False,True,0.3400000035762787,20.540796279907227,0.26069632172584534,0.9718320965766907,4.0,3.055579423904419,270.0
550.0,True,False,nan,46.35834503173828,0.1394614428281784,0.7047421932220459,1.0,2.5897812843322754,0.0
550.0,True,False,nan,45.236324310302734,0.13657177984714508,0.792615532875061,4.0,2.4994189739227295,0.0
550.0,True,False,nan,45.25761413574219,0.136825829744339,0.8208760023117065,1.0,2.4780383110046387,0.0
550.0,True,False,nan,45.52895736694336,0.1191149577498436,0.9620373249053955,12.0,2.8293445110321045,0.0
550.0,True,False,nan,46.029510498046875,0.15189291536808014,0.7832109928131104,4.0,2.498903512954712,0.0
550.0,True,False,nan,45.441280364990234,0.12223489582538605,0.903554379940033,4.0,2.750896453857422,0.0
550.0,True,False,nan,45.1721305847168,0.14247621595859528,0.7929234504699707,4.0,2.6431825160980225,0.0
550.0,True,False,nan,46.05881881713867,0.509954571723938,0.9559860825538635,9.0,2.7545840740203857,0.0
550.0,True,False,nan,57.18274688720703,0.8066250085830688,0.9236735701560974,7.0,2.5809290409088135,0.0
550.0,True,False,nan,49.31144332885742,1.0045346021652222,0.7654745578765869,7.0,2.6456282138824463,0.0
550.0,True,False,nan,47.470584869384766,0.692881166934967,0.8212355971336365,7.0,2.7976040840148926,0.0
550.0,True,False,nan,49.03571319580078,0.4019703269004822,0.9682384729385376,14.0,2.6437480449676514,0.0
550.0,True,False,nan,48.97406768798828,0.9704616665840149,0.7463744282722473,6.0,2.8056156635284424,0.0
550.0,True,False,nan,49.9143180847168,1.3879956007003784,0.8152329921722412,7.0,2.704005002975464,0.0
550.0,False,True,0.5999999642372131,41.55624008178711,0.573819637298584,1.0561829805374146,5.0,2.7679808139801025,0.0
550.0,False,True,0.9199999570846558,38.067386627197266,1.0595521926879883,0.7953456044197083,3.0,2.616318941116333,0.0
550.0,False,True,0.9199999570846558,35.19693374633789,0.8765423893928528,0.7663765549659729,4.0,2.7806894779205322,0.0
550.0,False,True,0.5999999642372131,26.340225219726562,0.6057506203651428,0.8430713415145874,5.0,2.703568458557129,0.0
550.0,False,True,0.8999999761581421,33.1710319519043,0.7772170901298523,0.8951369524002075,4.0,2.625168800354004,0.0
550.0,False,True,0.9399999976158142,41.428466796875,0.9126699566841125,0.8300866484642029,5.0,2.6891515254974365,0.0
550.0,False,True,0.8999999761581421,37.72061538696289,0.6305149793624878,0.929395854473114,3.0,2.6983208656311035,0.0
550.0,False,True,0.9199999570846558,37.98976135253906,0.8665855526924133,0.7718186378479004,4.0,2.7498559951782227,0.0
550.0,False,True,0.5999999642372131,34.493934631347656,0.6059080362319946,0.9136931896209717,4.0,2.776848793029785,0.0
550.0,False,True,0.9399999976158142,39.75399398803711,0.9037760496139526,0.8046918511390686,4.0,2.652355909347534,0.0
550.0,False,True,0.9199999570846558,35.88618087768555,0.9169706702232361,0.7639865279197693,3.0,2.6443402767181396,0.0
550.0,False,True,0.8999999761581421,25.976375579833984,0.7184264063835144,0.9100285172462463,3.0,2.584237813949585,0.0
550.0,False,True,0.85999995470047,22.859115600585938,0.7944269776344299,0.8780685663223267,4.0,2.53542160987854,0.0
550.0,False,True,0.6200000047683716,31.015239715576172,0.6584145426750183,0.8794938921928406,4.0,2.7391839027404785,0.0
550.0,False,True,0.5999999642372131,40.45852279663086,0.6606096625328064,0.8915760517120361,4.0,2.8648455142974854,0.0
550.0,False,True,0.8799999952316284,38.02073287963867,0.7592448592185974,1.0539274215698242,7.0,2.6295976638793945,0.0
550.0,False,True,0.5999999642372131,33.93492126464844,0.5489315986633301,0.9603173136711121,7.0,2.734588384628296,0.0
550.0,False,True,0.8799999952316284,38.95657730102539,0.8416081070899963,0.9485563039779663,7.0,2.6463186740875244,0.0
550.0,False,True,0.9199999570846558,42.015098571777344,0.7548887133598328,0.9229660034179688,5.0,2.6694722175598145,0.0
550.0,False,True,0.9199999570846558,39.21464538574219,0.9853277802467346,0.86238694190979,6.0,2.600719690322876,0.0
550.0,False,True,0.9199999570846558,37.64558792114258,0.8670029044151306,0.7460450530052185,4.0,2.7695205211639404,0.0
550.0,False,True,0.8199999928474426,42.803550720214844,0.7777272462844849,0.715775728225708,7.0,2.8046321868896484,0.0
550.0,False,True,0.85999995470047,21.946147918701172,0.6314935088157654,1.0087785720825195,4.0,2.6010069847106934,0.0
550.0,False,True,0.8999999761581421,31.740419387817383,0.7314725518226624,0.9296377301216125,4.0,2.631474733352661,0.0
550.0,False,True,0.9199999570846558,40.78771209716797,0.9037472009658813,0.9185183644294739,11.0,2.7212014198303223,0.0
550.0,False,True,1.1200000047683716,43.56903076171875,0.787983238697052,0.8729074597358704,7.0,2.5598156452178955,0.0
550.0,False,True,0.6399999856948853,42.54853057861328,0.4146873354911804,1.005005121231079,7.0,2.7531487941741943,0.0
550.0,False,True,0.9199999570846558,37.29117202758789,0.8714702129364014,0.7945610284805298,4.0,2.6324057579040527,0.0
550.0,False,True,0.8799999952316284,28.839797973632812,0.929135799407959,0.8541923761367798,4.0,2.593167543411255,0.0
550.0,False,True,0.5999999642372131,31.300048828125,0.5798438787460327,0.8934113383293152,7.0,2.7358572483062744,0.0
550.0,False,True,0.6200000047683716,32.475318908691406,0.6247605085372925,0.9742619395256042,5.0,2.610557794570923,0.0
550.0,False,True,0.6200000047683716,33.53017044067383,0.5372390151023865,0.8721795678138733,7.0,2.7029876708984375,0.0
550.0,False,True,0.8999999761581421,30.844621658325195,0.785529375076294,0.8117311596870422,4.0,2.671854019165039,0.0
550.0,False,True,0.6399999856948853,32.53951644897461,0.5977819561958313,1.063644528388977,6.0,2.636885404586792,0.0
550.0,False,True,0.8999999761581421,35.661415100097656,0.9662058353424072,0.8687853217124939,3.0,2.6248528957366943,0.0
550.0,False,True,0.5999999642372131,31.00111198425293,0.5880688428878784,1.008835792541504,5.0,2.680422067642212,0.0
550.0,False,True,0.8999999761581421,26.653627395629883,0.7245573401451111,0.8504458665847778,4.0,2.6487715244293213,0.0
550.0,False,True,0.5999999642372131,35.236915588378906,0.7042140960693359,0.8972897529602051,5.0,2.7902932167053223,0.0
550.0,False,True,0.8799999952316284,24.098102569580078,0.7156692147254944,0.921373188495636,3.0,2.5670135021209717,0.0
550.0,False,True,0.8399999737739563,18.845895767211914,0.6932108402252197,1.0100042819976807,4.0,2.571270227432251,0.0
550.0,False,True,0.7799999713897705,37.00477981567383,0.6606655716896057,0.861732542514801,7.0,2.677896022796631,0.0
550.0,False,True,0.9199999570846558,44.12871170043945,0.8031653761863708,0.8493806719779968,3.0,2.6816422939300537,0.0
550.0,False,True,0.5999999642372131,41.29230499267578,0.7261390089988708,0.8372927308082581,4.0,2.8369553089141846,0.0
550.0,False,True,0.8999999761581421,29.354312896728516,0.7538135051727295,0.9049074053764343,4.0,2.62431001663208,0.0
550.0,False,True,0.8999999761581421,30.494985580444336,0.7011382579803467,0.9717923998832703,6.0,2.6859793663024902,0.0
550.0,False,True,0.8799999952316284,35.09412384033203,0.8708162307739258,0.9203788638114929,4.0,2.611800193786621,0.0
550.0,False,True,0.5999999642372131,26.1890869140625,0.6146949529647827,0.8525153398513794,4.0,2.7115426063537598,0.0
550.0,False,True,0.6200000047683716,32.82426071166992,0.587408185005188,0.9740250110626221,5.0,2.7570888996124268,0.0
550.0,False,True,0.8799999952316284,24.831993103027344,0.8339017033576965,0.8353674411773682,3.0,2.5710065364837646,0.0
550.0,False,True,0.6200000047683716,33.46030807495117,0.5979055166244507,0.9718269109725952,4.0,2.5961194038391113,0.0
550.0,True,False,nan,45.19834518432617,0.31754010915756226,0.7929197549819946,4.0,2.2351982593536377,90.0
550.0,True,False,nan,53.460208892822266,0.4457716941833496,0.9240856766700745,5.0,2.556079387664795,90.0
550.0,True,False,nan,46.37688446044922,0.4636355936527252,0.9185127019882202,11.0,2.680361747741699,90.0
550.0,True,False,nan,45.030677795410156,0.4854070544242859,1.0050053596496582,7.0,2.8634397983551025,90.0
550.0,True,False,nan,51.3709831237793,0.4593534469604492,0.792949378490448,4.0,2.196915626525879,90.0
550.0,True,False,nan,47.85215377807617,0.40238961577415466,0.7047432661056519,1.0,1.8398569822311401,90.0
550.0,True,False,nan,45.067630767822266,0.7490718364715576,0.9682384729385376,14.0,2.7680299282073975,90.0
550.0,True,False,nan,45.19625473022461,0.4851550757884979,0.9236703515052795,7.0,2.3464014530181885,90.0
550.0,False,True,1.1999999284744263,25.973678588867188,1.3510342836380005,1.0563181638717651,5.0,2.8400416374206543,90.0
550.0,False,True,0.7799999713897705,30.12112045288086,0.6397369503974915,0.7953469753265381,3.0,2.0502049922943115,90.0
550.0,False,True,1.6799999475479126,24.05453872680664,0.6335302591323853,0.7654708027839661,7.0,2.1886544227600098,90.0
550.0,False,True,0.5399999618530273,22.18207550048828,0.5583938360214233,0.7663769721984863,4.0,2.125729560852051,90.0
550.0,False,True,1.0,11.572957038879395,0.6772892475128174,0.8430657386779785,5.0,2.3413314819335938,90.0
550.0,False,True,0.9599999785423279,16.75726890563965,0.601731538772583,0.8949469923973083,4.0,2.4117398262023926,90.0
550.0,False,True,0.9199999570846558,31.584304809570312,0.7322432398796082,0.8300867676734924,5.0,2.2092909812927246,90.0
550.0,False,True,0.7599999904632568,21.089704513549805,0.6583972573280334,0.9314836859703064,3.0,2.5784614086151123,90.0
550.0,False,True,0.9599999785423279,21.339628219604492,0.6456719636917114,0.7718132734298706,4.0,2.114403009414673,90.0
550.0,False,True,0.7599999904632568,31.061988830566406,0.5391775369644165,0.8208774328231812,1.0,2.095855236053467,90.0
550.0,False,True,1.7999999523162842,16.8239688873291,1.996262550354004,0.9134916067123413,4.0,2.596313238143921,90.0
550.0,False,True,0.7799999713897705,22.838499069213867,0.486160546541214,0.8046897649765015,4.0,2.0295112133026123,90.0
550.0,False,True,1.8399999141693115,19.921730041503906,2.3724443912506104,0.9559804797172546,9.0,2.6626152992248535,90.0
550.0,False,True,2.180000066757202,33.93461227416992,3.135747194290161,0.9620290398597717,12.0,2.83188533782959,90.0
550.0,False,True,1.4399999380111694,40.19451141357422,0.8423337340354919,0.7832173109054565,4.0,1.9361416101455688,90.0
550.0,False,True,0.7400000095367432,16.099489212036133,0.5427015423774719,0.7523908019065857,3.0,2.1225340366363525,90.0
550.0,False,True,0.8399999737739563,26.647695541381836,0.6808247566223145,0.903552234172821,4.0,2.7012126445770264,90.0
550.0,False,True,0.4399999976158142,18.265592575073242,0.4454166889190674,0.9099525213241577,3.0,2.1872801780700684,90.0
550.0,False,True,0.9599999785423279,8.982488632202148,0.7812784314155579,0.8780688643455505,4.0,2.4371767044067383,90.0
550.0,False,True,0.699999988079071,19.00672721862793,0.5331537127494812,0.7463729381561279,6.0,2.0983774662017822,90.0
550.0,False,True,0.8799999952316284,14.77000904083252,0.81781005859375,0.8794839382171631,4.0,2.4382166862487793,90.0
550.0,False,True,1.7799999713897705,20.770448684692383,1.510732650756836,0.8910830020904541,5.0,2.4878714084625244,90.0
550.0,False,True,0.699999988079071,27.56275177001953,0.5074018239974976,1.053932547569275,7.0,2.6590120792388916,90.0
550.0,False,True,1.7799999713897705,12.194271087646484,1.9121211767196655,0.960305392742157,7.0,2.6771128177642822,90.0
550.0,False,True,0.7400000095367432,24.583724975585938,0.5791164636611938,0.9485530257225037,7.0,2.555385112762451,90.0
550.0,False,True,1.0199999809265137,33.52770233154297,0.6567391157150269,0.8623931407928467,6.0,2.195903778076172,90.0
550.0,False,True,0.6800000071525574,22.537321090698242,0.5997151136398315,0.746046781539917,4.0,2.092407464981079,90.0
550.0,False,True,0.699999988079071,19.739641189575195,0.5791527032852173,0.7150715589523315,3.0,2.0771141052246094,90.0
550.0,False,True,1.7599999904632568,9.652109146118164,1.4882396459579468,1.008784294128418,4.0,2.630901575088501,90.0
550.0,False,True,0.8999999761581421,19.965923309326172,0.5874709486961365,0.9296894669532776,4.0,2.43143630027771,90.0
550.0,False,True,0.7199999690055847,31.655635833740234,0.7195758819580078,0.8729055523872375,7.0,2.5303096771240234,90.0
550.0,False,True,1.059999942779541,29.253284454345703,0.6372960805892944,0.7945618629455566,4.0,2.054250478744507,90.0
550.0,False,True,0.4399999976158142,19.2050724029541,0.4509325921535492,0.8541832566261292,4.0,2.2000796794891357,90.0
550.0,False,True,1.7599999904632568,14.976946830749512,1.5600228309631348,0.8917664885520935,7.0,2.517066478729248,90.0
550.0,False,True,1.7999999523162842,24.13066291809082,1.400944709777832,0.9742558002471924,5.0,2.4924068450927734,90.0
550.0,False,True,0.47999998927116394,16.374238967895508,0.54268479347229,0.8721835613250732,7.0,2.429128408432007,90.0
550.0,False,True,0.47999998927116394,17.875059127807617,0.551733136177063,0.8117313385009766,4.0,2.1876094341278076,90.0
550.0,False,True,1.5399999618530273,16.963008880615234,1.3095240592956543,1.063647985458374,6.0,2.647984504699707,90.0
550.0,False,True,0.5799999833106995,23.569677352905273,0.43162885308265686,0.8212329149246216,7.0,2.202206611633301,90.0
550.0,False,True,0.47999998927116394,23.766178131103516,0.429067462682724,0.8687850832939148,3.0,2.162196636199951,90.0
550.0,False,True,0.5999999642372131,25.108366012573242,0.4180859923362732,0.8152292370796204,7.0,2.069096803665161,90.0
550.0,False,True,1.5399999618530273,15.694311141967773,1.288517951965332,1.0088294744491577,5.0,2.6762290000915527,90.0
550.0,False,True,0.8999999761581421,13.907632827758789,0.7431299090385437,0.850440263748169,4.0,2.3423938751220703,90.0
550.0,False,True,1.7799999713897705,15.686330795288086,1.6011830568313599,0.8973036408424377,5.0,2.559840679168701,90.0
550.0,False,True,0.9599999785423279,16.247337341308594,0.7620269656181335,0.9214136600494385,3.0,2.354696035385132,90.0
550.0,False,True,1.7999999523162842,10.722272872924805,1.6317918300628662,1.0094739198684692,3.0,2.6042771339416504,90.0
550.0,False,True,0.47999998927116394,18.214387893676758,0.46752962470054626,0.8617311716079712,7.0,2.2610604763031006,90.0
550.0,False,True,0.6800000071525574,26.47719955444336,0.5520566701889038,0.8493908643722534,3.0,2.3435747623443604,90.0
550.0,False,True,0.8799999952316284,25.249683380126953,0.711027979850769,0.8372976183891296,4.0,2.299571990966797,90.0
550.0,False,True,0.9399999976158142,15.94025993347168,0.6070047616958618,0.9049089550971985,4.0,2.2756752967834473,90.0
550.0,False,True,1.5999999046325684,16.11407470703125,1.4940134286880493,0.9717637896537781,6.0,2.5028746128082275,90.0
550.0,False,True,0.41999998688697815,18.265451431274414,0.3908587098121643,0.9245882630348206,7.0,2.1731808185577393,90.0
550.0,False,True,0.5,16.63829231262207,0.5913724899291992,0.852524995803833,4.0,2.339221954345703,90.0
550.0,False,True,1.8399999141693115,13.174544334411621,1.8526577949523926,0.9740262627601624,5.0,2.6441590785980225,90.0
550.0,False,True,0.41999998688697815,16.539560317993164,0.43968427181243896,0.8353493213653564,3.0,2.2275750637054443,90.0
550.0,False,True,0.6399999856948853,24.869462966918945,0.5103897452354431,0.9718232154846191,4.0,2.6568384170532227,90.0
550.0,True,False,nan,45.20317840576172,0.3175066113471985,0.7928824424743652,4.0,2.2350730895996094,90.0
550.0,True,False,nan,53.459957122802734,0.4457762837409973,0.9240872263908386,5.0,2.556084156036377,90.0
550.0,True,False,nan,46.37919235229492,0.4636731743812561,0.9185085892677307,11.0,2.680351495742798,90.0
550.0,True,False,nan,51.37028503417969,0.45935550332069397,0.7929591536521912,4.0,2.1969175338745117,90.0
550.0,True,False,nan,23.703289031982422,0.35699307918548584,0.9682421684265137,14.0,2.7680282592773438,90.0
550.0,True,False,nan,43.70555114746094,0.48120155930519104,1.005008578300476,7.0,2.8634378910064697,90.0
550.0,True,False,nan,45.0843505859375,0.404437392950058,1.0539209842681885,7.0,2.953132152557373,180.0
550.0,True,False,nan,45.423458099365234,0.4183499217033386,0.8729074597358704,7.0,3.046004295349121,180.0
550.0,True,False,nan,46.36115264892578,0.41438916325569153,1.0050057172775269,7.0,3.192542552947998,180.0
550.0,True,False,nan,46.211605072021484,0.4696771502494812,0.8212326765060425,7.0,3.182304859161377,180.0
550.0,True,False,nan,45.438926696777344,0.3863270878791809,0.9236720204353333,7.0,3.0199949741363525,180.0
550.0,True,False,nan,45.03154754638672,0.4908043444156647,0.8208775520324707,1.0,3.2363226413726807,180.0
550.0,True,False,nan,46.2426643371582,0.4266234338283539,0.9485775232315063,7.0,2.9477386474609375,180.0
550.0,True,False,nan,47.069557189941406,0.466610312461853,0.8152342438697815,7.0,3.0295400619506836,180.0
550.0,True,False,nan,47.77714157104492,0.49078476428985596,0.7654704451560974,7.0,2.9524223804473877,180.0
550.0,True,False,nan,47.64070510864258,0.5609246492385864,0.9620317816734314,12.0,3.109139919281006,180.0
550.0,True,False,nan,47.59154510498047,0.5154120922088623,0.9681037664413452,14.0,3.1356756687164307,180.0
550.0,True,False,nan,47.69972610473633,0.7044858932495117,0.9559867978096008,9.0,3.2169711589813232,180.0
550.0,True,False,nan,45.178096771240234,0.8843362331390381,0.8617363572120667,7.0,3.106800079345703,180.0
550.0,True,False,nan,48.98561477661133,1.5436315536499023,0.8493773937225342,3.0,3.216771125793457,180.0
550.0,False,True,1.3600000143051147,24.81521224975586,2.054396390914917,1.056318759918213,5.0,3.0436482429504395,180.0
550.0,False,True,1.100000023841858,11.529997825622559,1.4600058794021606,0.7953426837921143,3.0,3.1050703525543213,180.0
550.0,False,True,1.0199999809265137,11.91611385345459,1.2121354341506958,0.7663798332214355,4.0,3.2292208671569824,180.0
550.0,False,True,1.3600000143051147,16.082372665405273,1.7885398864746094,0.7926226854324341,4.0,3.059401750564575,180.0
550.0,False,True,1.0,10.923785209655762,1.1303387880325317,0.8430640697479248,5.0,3.0314369201660156,180.0
550.0,False,True,1.059999942779541,10.175117492675781,1.3331657648086548,0.8949407339096069,4.0,2.9239184856414795,180.0
550.0,False,True,1.2200000286102295,13.655436515808105,1.4101967811584473,0.830095112323761,5.0,2.9301693439483643,180.0
550.0,False,True,1.0,17.273223876953125,1.2158992290496826,0.9293939471244812,3.0,2.8372738361358643,180.0
550.0,False,True,1.0399999618530273,12.032440185546875,1.2307263612747192,0.7718126773834229,4.0,3.0315632820129395,180.0
550.0,False,True,1.2200000286102295,14.4600248336792,1.2269679307937622,0.9136722087860107,4.0,3.098294496536255,180.0
550.0,False,True,1.0,12.703009605407715,1.137223720550537,0.8046842813491821,4.0,2.9531047344207764,180.0
550.0,False,True,1.059999942779541,12.369743347167969,1.3612768650054932,0.7832106947898865,4.0,3.100003719329834,180.0
550.0,False,True,0.9799999594688416,12.942946434020996,1.028629183769226,0.7639822959899902,3.0,2.9594058990478516,180.0
550.0,False,True,1.3199999332427979,19.89779281616211,1.735068678855896,0.9035563468933105,4.0,3.050858974456787,180.0
550.0,False,True,1.0,11.097392082214355,1.1014484167099,0.9099547863006592,3.0,2.8594839572906494,180.0
550.0,False,True,0.9799999594688416,9.969576835632324,1.0225263833999634,0.8780725002288818,4.0,2.800971269607544,180.0
550.0,False,True,2.1399998664855957,30.578197479248047,3.1619632244110107,0.7463716268539429,6.0,3.230454444885254,180.0
550.0,False,True,1.0,10.856976509094238,1.1691521406173706,0.8794881701469421,4.0,2.8948934078216553,180.0
550.0,False,True,1.2200000286102295,13.887059211730957,1.3071272373199463,0.8925066590309143,4.0,2.8853018283843994,180.0
550.0,False,True,1.059999942779541,9.779254913330078,1.3077419996261597,0.960313618183136,7.0,2.846003293991089,180.0
550.0,False,True,1.3799999952316284,19.343931198120117,1.8653589487075806,0.9229739308357239,5.0,3.0142552852630615,180.0
550.0,False,True,1.3199999332427979,15.11091423034668,1.7378408908843994,0.8623951077461243,6.0,3.0782034397125244,180.0
550.0,False,True,1.0,13.77128791809082,1.1247543096542358,0.7460476756095886,4.0,3.111743211746216,180.0
550.0,False,True,1.6399999856948853,23.165151596069336,2.098515272140503,0.7173758745193481,1.0,3.2345361709594727,180.0
550.0,False,True,0.9799999594688416,8.937581062316895,1.1790927648544312,1.0087817907333374,4.0,2.8452486991882324,180.0
550.0,False,True,1.059999942779541,10.214093208312988,1.3592503070831299,0.9296370148658752,4.0,2.9662649631500244,180.0
550.0,False,True,1.4199999570846558,22.827455520629883,2.0603830814361572,0.9185177683830261,11.0,3.047452688217163,180.0
550.0,False,True,1.0199999809265137,12.34920883178711,1.217596411705017,0.7945648431777954,4.0,2.882401466369629,180.0
550.0,False,True,0.9399999976158142,9.963183403015137,0.8759787678718567,0.8541922569274902,4.0,2.851102113723755,180.0
550.0,False,True,0.9599999785423279,13.660325050354004,1.1051734685897827,0.8917675614356995,7.0,3.1243293285369873,180.0
550.0,False,True,1.899999976158142,31.30051612854004,2.8437273502349854,0.706316351890564,1.0,3.201920509338379,180.0
550.0,False,True,1.2799999713897705,11.873018264770508,1.5663443803787231,0.9742475152015686,5.0,3.017937660217285,180.0
550.0,False,True,1.3799999952316284,15.946415901184082,1.7520197629928589,0.7929238080978394,4.0,2.9879708290100098,180.0
550.0,False,True,1.3199999332427979,25.62367820739746,1.513221025466919,0.8721814751625061,7.0,3.1513631343841553,180.0
550.0,False,True,1.0,11.63733196258545,1.1212159395217896,0.8117273449897766,4.0,2.892104387283325,180.0
550.0,False,True,1.2799999713897705,12.818028450012207,1.6047470569610596,1.0636513233184814,6.0,3.0456507205963135,180.0
550.0,False,True,1.0199999809265137,17.53865623474121,1.2003164291381836,0.8687829375267029,3.0,3.021296977996826,180.0
550.0,False,True,1.2400000095367432,11.237749099731445,1.4309732913970947,1.0088382959365845,5.0,3.0382730960845947,180.0
550.0,False,True,1.0,10.908023834228516,1.1532610654830933,0.8504464030265808,4.0,2.8247764110565186,180.0
550.0,False,True,1.0799999237060547,10.21397876739502,1.3613568544387817,0.8972949981689453,5.0,2.885383367538452,180.0
550.0,False,True,0.9599999785423279,9.69138240814209,1.0160621404647827,0.9214138984680176,3.0,2.9031362533569336,180.0
550.0,False,True,0.9599999785423279,9.116670608520508,1.064284324645996,1.0094797611236572,3.0,2.803711414337158,180.0
550.0,False,True,1.2200000286102295,14.114323616027832,1.3219735622406006,0.8373010754585266,4.0,2.8722984790802,180.0
550.0,False,True,1.0399999618530273,10.888840675354004,1.2816916704177856,0.9049069881439209,4.0,2.895901679992676,180.0
550.0,False,True,1.059999942779541,9.404708862304688,1.3398302793502808,0.9717837572097778,6.0,3.0333456993103027,180.0
550.0,False,True,1.0199999809265137,22.747695922851562,1.2028504610061646,0.9245908260345459,7.0,2.863011598587036,180.0
550.0,False,True,0.8799999952316284,12.62735652923584,1.0339698791503906,0.8525156378746033,4.0,3.0475950241088867,180.0
550.0,False,True,1.0199999809265137,9.846902847290039,1.266646146774292,0.9740279912948608,5.0,2.8964250087738037,180.0
550.0,False,True,0.8999999761581421,9.333298683166504,0.8601831793785095,0.835355818271637,3.0,2.7593770027160645,180.0
550.0,False,True,1.3399999141693115,15.941876411437988,1.8399630784988403,0.9718184471130371,4.0,3.0311479568481445,180.0
550.0,True,False,nan,46.21229553222656,0.46967947483062744,0.8212339282035828,7.0,3.1823084354400635,180.0
550.0,True,False,nan,46.546695709228516,0.4252395033836365,1.0066101551055908,5.0,3.1746344566345215,180.0
550.0,True,False,nan,45.438499450683594,0.38632747530937195,0.9236779808998108,7.0,3.019989252090454,180.0
550.0,True,False,nan,47.06939697265625,0.4666101336479187,0.8152358531951904,7.0,3.0295417308807373,180.0
550.0,True,False,nan,45.03193283081055,0.49080437421798706,0.820878803730011,1.0,3.236321449279785,180.0
550.0,True,False,nan,47.64045715332031,0.5609225034713745,0.9620358347892761,12.0,3.1091408729553223,180.0
550.0,True,False,nan,47.591976165771484,0.5154128074645996,0.9681047797203064,14.0,3.1356759071350098,180.0
550.0,True,False,nan,47.776527404785156,0.49077922105789185,0.7654716372489929,7.0,2.9524190425872803,180.0
550.0,True,False,nan,45.42262649536133,0.4183486998081207,0.8729149699211121,7.0,3.0459985733032227,180.0
550.0,True,False,nan,4.943675518035889,0.02090953104197979,0.9559792876243591,9.0,1.3637739419937134,180.0
550.0,True,False,nan,50.458534240722656,0.3894638419151306,0.821234941482544,7.0,2.2974305152893066,270.0
550.0,True,False,nan,49.50447463989258,0.5717447400093079,0.7654702663421631,7.0,2.1688225269317627,270.0
550.0,True,False,nan,46.19992446899414,0.7458115220069885,1.0066124200820923,5.0,2.5001614093780518,270.0
550.0,False,True,0.4599999785423279,22.390602111816406,0.3587201237678528,1.0562151670455933,6.0,3.0965137481689453,270.0
550.0,False,True,0.5999999642372131,25.995769500732422,0.41060981154441833,0.7953416705131531,3.0,2.612178325653076,270.0
550.0,False,True,0.3999999761581421,13.268866539001465,0.3885551989078522,0.766377329826355,4.0,2.7284951210021973,270.0
550.0,False,True,0.6200000047683716,21.33332061767578,0.4124446511268616,0.7929561734199524,4.0,3.0008788108825684,270.0
550.0,False,True,0.35999998450279236,13.238940238952637,0.33625203371047974,0.8430668711662292,5.0,2.8548476696014404,270.0
550.0,False,True,0.3999999761581421,21.020122528076172,0.2755862772464752,0.8951415419578552,4.0,2.8566291332244873,270.0
550.0,False,True,0.3799999952316284,18.808340072631836,0.3690456748008728,0.8300908803939819,5.0,3.1436381340026855,270.0
550.0,False,True,0.4399999976158142,24.112979888916016,0.28360870480537415,0.9305676221847534,3.0,2.6891112327575684,270.0
550.0,False,True,0.3799999952316284,17.654399871826172,0.37473395466804504,0.7718126177787781,4.0,2.924593448638916,270.0
550.0,False,True,0.4599999785423279,27.88204002380371,0.3023849129676819,0.9680972099304199,14.0,2.5254666805267334,270.0
550.0,False,True,0.9199999570846558,29.4130802154541,0.37806594371795654,0.8208842277526855,1.0,2.2513976097106934,270.0
550.0,False,True,0.3400000035762787,16.789302825927734,0.3040978014469147,0.9137850403785706,4.0,3.0602805614471436,270.0
550.0,False,True,0.5999999642372131,17.67207145690918,0.41279226541519165,0.804685115814209,4.0,2.811481237411499,270.0
550.0,False,True,0.41999998688697815,23.683897018432617,0.239707812666893,0.9559811949729919,9.0,2.750340700149536,270.0
550.0,False,True,0.5199999809265137,28.02939224243164,0.2969641387462616,0.962028443813324,12.0,2.852950096130371,270.0
550.0,False,True,0.5999999642372131,22.722314834594727,0.45521971583366394,0.783204972743988,4.0,2.574700117111206,270.0
550.0,False,True,0.5799999833106995,18.36707878112793,0.3891971707344055,0.7639802694320679,3.0,2.3154163360595703,270.0
550.0,False,True,0.4599999785423279,23.557939529418945,0.39828920364379883,0.903542160987854,4.0,2.9596738815307617,270.0
550.0,False,True,0.3400000035762787,20.49275779724121,0.26339319348335266,0.9099581837654114,3.0,2.609405994415283,270.0
550.0,False,True,0.3400000035762787,17.830078125,0.3308829367160797,0.8780678510665894,4.0,2.897986888885498,270.0
550.0,False,True,0.5600000023841858,16.81865882873535,0.31439656019210815,0.7463688850402832,6.0,2.558281421661377,270.0
550.0,False,True,0.35999998450279236,17.78974723815918,0.3353133499622345,0.8794887065887451,4.0,3.184589147567749,270.0
550.0,False,True,0.35999998450279236,18.660350799560547,0.2952357232570648,0.8925037384033203,4.0,2.994016170501709,270.0
550.0,False,True,0.5399999618530273,28.66485595703125,0.3109373152256012,1.0539289712905884,7.0,2.578834295272827,270.0
550.0,False,True,0.3400000035762787,19.650924682617188,0.30828964710235596,0.9603118300437927,7.0,2.9785733222961426,270.0
550.0,False,True,0.5199999809265137,29.51459312438965,0.3095347285270691,0.9486286640167236,7.0,2.523163318634033,270.0
550.0,False,True,0.4599999785423279,23.580537796020508,0.3176093101501465,0.9230635762214661,5.0,2.9523704051971436,270.0
550.0,False,True,0.5999999642372131,23.62078285217285,0.39715448021888733,0.8623867034912109,6.0,2.8459808826446533,270.0
550.0,False,True,0.5799999833106995,15.939515113830566,0.3819707930088043,0.7460480332374573,4.0,2.5823304653167725,270.0
550.0,False,True,0.5799999833106995,17.41353988647461,0.3651275336742401,0.7157752513885498,7.0,2.4798827171325684,270.0
550.0,False,True,0.3199999928474426,17.949642181396484,0.3121780753135681,1.0087772607803345,4.0,2.9999537467956543,270.0
550.0,False,True,0.3199999928474426,20.106689453125,0.3099716305732727,0.9296363592147827,4.0,2.8477416038513184,270.0
550.0,False,True,0.4399999976158142,19.66067123413086,0.4950103163719177,0.9185126423835754,11.0,3.4264800548553467,270.0
550.0,False,True,0.5799999833106995,32.9075813293457,0.2914879620075226,0.8729092478752136,7.0,2.355936288833618,270.0
550.0,False,True,0.5999999642372131,19.516096115112305,0.3638284206390381,0.7945688366889954,4.0,2.5465574264526367,270.0
550.0,False,True,0.3400000035762787,17.33602523803711,0.3701818585395813,0.8542020916938782,4.0,2.856372594833374,270.0
550.0,False,True,0.3400000035762787,16.38640785217285,0.30687281489372253,0.891768217086792,7.0,3.0506598949432373,270.0
550.0,False,True,0.5799999833106995,21.59008026123047,0.4558560848236084,0.7047445774078369,1.0,2.2753236293792725,270.0
550.0,False,True,0.3400000035762787,21.614402770996094,0.3328857123851776,0.9742640852928162,5.0,3.255979299545288,270.0
550.0,False,True,0.4399999976158142,22.37312126159668,0.3564927577972412,0.7928896546363831,4.0,2.8009836673736572,270.0
550.0,False,True,0.3799999952316284,20.723142623901367,0.2584678530693054,0.8721795082092285,7.0,2.5703673362731934,270.0
550.0,False,True,0.3199999928474426,17.176475524902344,0.3088650405406952,0.8117284178733826,4.0,2.6380748748779297,270.0
550.0,False,True,0.3999999761581421,22.903059005737305,0.32009777426719666,1.063652515411377,6.0,2.9401135444641113,270.0
550.0,False,True,0.5799999833106995,25.77218246459961,0.3692024052143097,0.8687939643859863,3.0,2.645064353942871,270.0
550.0,False,True,0.85999995470047,25.285791397094727,0.35649052262306213,0.8152337670326233,7.0,2.1645445823669434,270.0
550.0,False,True,0.3400000035762787,18.913169860839844,0.33310773968696594,1.0088342428207397,5.0,3.336765766143799,270.0
550.0,False,True,0.3400000035762787,17.91476058959961,0.30769792199134827,0.8504418730735779,4.0,2.75231671333313,270.0
550.0,False,True,0.5399999618530273,31.637409210205078,0.2409081757068634,0.9236734509468079,7.0,2.267284631729126,270.0
550.0,False,True,0.35999998450279236,18.18264389038086,0.35670989751815796,0.8973050117492676,5.0,3.3035483360290527,270.0
550.0,False,True,0.29999998211860657,18.647869110107422,0.2671855092048645,0.921372652053833,3.0,2.772804021835327,270.0
550.0,False,True,0.29999998211860657,19.403045654296875,0.2810620963573456,1.009483814239502,3.0,2.839841365814209,270.0
550.0,False,True,0.4599999785423279,26.01490592956543,0.22484678030014038,0.8617382049560547,7.0,2.3631327152252197,270.0
550.0,False,True,0.47999998927116394,24.93383026123047,0.34307536482810974,0.8493843078613281,3.0,2.821021318435669,270.0
550.0,False,True,0.3400000035762787,18.62557601928711,0.28718629479408264,0.8372968435287476,4.0,2.854722023010254,270.0
550.0,False,True,0.3199999928474426,19.286598205566406,0.2921145558357239,0.9049036502838135,4.0,2.7373759746551514,270.0
550.0,False,True,0.3199999928474426,19.697078704833984,0.301241934299469,0.9717868566513062,6.0,2.9964468479156494,270.0
550.0,False,True,0.4599999785423279,25.602657318115234,0.2793691158294678,0.9245893955230713,7.0,2.388033390045166,270.0
550.0,False,True,0.3400000035762787,14.936616897583008,0.2981697618961334,0.8525133728981018,4.0,2.8039870262145996,270.0
550.0,False,True,0.3199999928474426,19.324251174926758,0.2937954366207123,0.9740246534347534,5.0,2.97929048538208,270.0
550.0,False,True,0.3400000035762787,19.32890510559082,0.29102426767349243,0.8353549242019653,3.0,2.5397284030914307,270.0
550.0,False,True,0.47999998927116394,23.693126678466797,0.3420262038707733,0.9718345403671265,4.0,2.9053544998168945,270.0
600.0,True,False,nan,47.354469299316406,0.13112758100032806,0.820875883102417,1.0,2.703690767288208,0.0
600.0,True,False,nan,48.34735870361328,0.12098585814237595,0.962037980556488,12.0,3.0358798503875732,0.0
600.0,True,False,nan,46.56761169433594,0.1424790769815445,0.7832149267196655,4.0,2.6661572456359863,0.0
600.0,True,False,nan,45.10552978515625,0.11936239153146744,0.9035502076148987,4.0,3.05222225189209,0.0
600.0,True,False,nan,48.21465301513672,0.13546963036060333,0.8729093670845032,7.0,2.7772059440612793,0.0
600.0,True,False,nan,45.455692291259766,0.12136919051408768,1.0066108703613281,5.0,3.021789312362671,0.0
600.0,True,False,nan,50.14889907836914,0.15739484131336212,0.7047441601753235,1.0,2.8525702953338623,0.0
600.0,True,False,nan,47.05896759033203,0.14952132105827332,0.815232515335083,7.0,2.952146530151367,0.0
600.0,True,False,nan,45.616294860839844,0.1063578724861145,1.0563225746154785,5.0,2.9574155807495117,0.0
600.0,True,False,nan,46.36299133300781,0.1527106612920761,0.7926122546195984,4.0,2.7906508445739746,0.0
600.0,True,False,nan,45.253257751464844,0.1293029636144638,0.9240877032279968,5.0,2.83447527885437,0.0
600.0,True,False,nan,46.0037841796875,0.12885341048240662,0.9185106754302979,11.0,2.9391045570373535,0.0
600.0,True,False,nan,48.575565338134766,0.15561309456825256,0.7928913235664368,4.0,2.91585636138916,0.0
600.0,True,False,nan,48.354671478271484,0.15004733204841614,0.8493843078613281,3.0,2.9410932064056396,0.0
600.0,True,False,nan,55.817840576171875,1.099565863609314,0.7654699683189392,7.0,2.937814235687256,0.0
600.0,True,False,nan,49.7596435546875,0.6343126893043518,0.9680982828140259,14.0,2.9273717403411865,0.0
600.0,True,False,nan,47.81393814086914,0.6941869258880615,0.955984354019165,9.0,3.0384669303894043,0.0
600.0,True,False,nan,45.49721145629883,0.7837809324264526,0.8212328553199768,7.0,3.0639781951904297,0.0
600.0,True,False,nan,48.843170166015625,1.4401262998580933,1.0539250373840332,7.0,2.871833086013794,0.0
600.0,True,False,nan,49.17866897583008,1.4758594036102295,0.9203804731369019,4.0,2.8597044944763184,0.0
600.0,True,False,nan,45.57072067260742,1.3818382024765015,0.9486222863197327,7.0,2.8653812408447266,0.0
600.0,False,True,1.4800000190734863,42.39870834350586,1.453092098236084,0.7953459024429321,3.0,2.8342649936676025,0.0
600.0,False,True,0.9199999570846558,39.13380813598633,1.0932936668395996,0.7663800716400146,4.0,3.0446372032165527,0.0
600.0,False,True,0.8999999761581421,29.222131729125977,0.8309726119041443,0.8430528044700623,5.0,2.980491876602173,0.0
600.0,False,True,0.9199999570846558,37.49032974243164,0.9441448450088501,0.8951445817947388,4.0,2.8325533866882324,0.0
600.0,False,True,1.059999942779541,42.59817123413086,1.2928204536437988,0.8300935626029968,5.0,2.8580191135406494,0.0
600.0,False,True,0.9199999570846558,42.54281234741211,0.7772672176361084,0.9313793182373047,3.0,2.9338431358337402,0.0
600.0,False,True,0.9199999570846558,41.88299560546875,1.1024980545043945,0.7718161940574646,4.0,2.9960927963256836,0.0
600.0,False,True,0.9199999570846558,38.399803161621094,0.8075842261314392,0.9137929677963257,4.0,3.0535905361175537,0.0
600.0,False,True,1.1799999475479126,43.130794525146484,1.4435114860534668,0.804680585861206,4.0,2.8689510822296143,0.0
600.0,False,True,0.9399999976158142,40.16923522949219,1.0574854612350464,0.7639784216880798,3.0,2.893588066101074,0.0
600.0,False,True,0.8999999761581421,29.788442611694336,0.8868486881256104,0.9100227355957031,3.0,2.7999348640441895,0.0
600.0,False,True,0.8799999952316284,26.990076065063477,1.010623574256897,0.8780707716941833,4.0,2.784754514694214,0.0
600.0,False,True,1.4399999380111694,42.44804382324219,0.9907540678977966,0.7463722825050354,6.0,3.0664353370666504,0.0
600.0,False,True,0.9199999570846558,36.693092346191406,0.8321219682693481,0.8794907331466675,4.0,3.0085508823394775,0.0
600.0,False,True,0.9199999570846558,42.251705169677734,0.8621966242790222,0.892507791519165,4.0,3.091315269470215,0.0
600.0,False,True,0.5999999642372131,38.75446701049805,0.7093450427055359,0.9603112936019897,7.0,3.019969940185547,0.0
600.0,False,True,1.7400000095367432,43.027801513671875,2.298008918762207,0.8623911142349243,6.0,2.802025556564331,0.0
600.0,False,True,0.9399999976158142,41.02466583251953,1.0606756210327148,0.7460481524467468,4.0,3.021982192993164,0.0
600.0,False,True,0.9199999570846558,43.41471862792969,1.0085258483886719,0.7150663137435913,3.0,3.0901148319244385,0.0
600.0,False,True,0.85999995470047,25.862730026245117,0.8326752185821533,1.0087777376174927,4.0,2.848412036895752,0.0
600.0,False,True,0.9199999570846558,35.071556091308594,0.8804128170013428,0.9296291470527649,4.0,2.810904026031494,0.0
600.0,False,True,0.9199999570846558,40.85062026977539,1.0767498016357422,0.7945614457130432,4.0,2.834909200668335,0.0
600.0,False,True,0.8999999761581421,33.667057037353516,1.1763330698013306,0.8542059063911438,4.0,2.8307085037231445,0.0
600.0,False,True,0.5999999642372131,36.316219329833984,0.7371912002563477,0.8934088945388794,7.0,3.018307685852051,0.0
600.0,False,True,0.8999999761581421,35.87908172607422,0.828679084777832,0.974252462387085,5.0,2.8062777519226074,0.0
600.0,False,True,0.8999999761581421,36.97079849243164,0.7712596654891968,0.826322078704834,3.0,2.9759037494659424,0.0
600.0,False,True,0.9199999570846558,35.66800308227539,0.9675812125205994,0.8117280602455139,4.0,2.920238733291626,0.0
600.0,False,True,0.9199999570846558,35.35718536376953,0.8238472938537598,1.0636593103408813,6.0,2.872494697570801,0.0
600.0,False,True,1.4800000190734863,40.12017822265625,1.2985117435455322,0.868784487247467,3.0,2.8281452655792236,0.0
600.0,False,True,0.8999999761581421,34.25217056274414,0.7741878032684326,1.0087614059448242,5.0,2.876936435699463,0.0
600.0,False,True,0.8999999761581421,31.71211051940918,0.9083138704299927,0.8504440188407898,4.0,2.909269094467163,0.0
600.0,False,True,2.4600000381469727,43.34373092651367,0.9819291830062866,0.9236629009246826,7.0,2.826038360595703,0.0
600.0,False,True,0.6200000047683716,37.082088470458984,0.8087865114212036,0.8972964286804199,5.0,2.998732805252075,0.0
600.0,False,True,0.8799999952316284,28.181663513183594,0.9323109984397888,0.9213679432868958,3.0,2.803312301635742,0.0
600.0,False,True,0.85999995470047,22.649574279785156,0.9383943676948547,1.0094759464263916,3.0,2.828439235687256,0.0
600.0,False,True,0.85999995470047,41.21791076660156,0.901675820350647,0.8617334961891174,7.0,2.945096731185913,0.0
600.0,False,True,0.9199999570846558,42.446781158447266,0.9255203008651733,0.8372999429702759,4.0,3.0406763553619385,0.0
600.0,False,True,0.8999999761581421,33.140926361083984,0.9262728691101074,0.9049033522605896,4.0,2.8293685913085938,0.0
600.0,False,True,0.8999999761581421,33.900325775146484,0.8629195690155029,0.9717835783958435,6.0,2.8970696926116943,0.0
600.0,False,True,0.8999999761581421,31.53681755065918,0.8405972123146057,0.8525257706642151,4.0,2.9953150749206543,0.0
600.0,False,True,0.8999999761581421,37.717803955078125,0.7598034143447876,0.9740238785743713,5.0,2.980738878250122,0.0
600.0,False,True,0.8799999952316284,29.97492790222168,1.060398817062378,0.8353633880615234,3.0,2.812917709350586,0.0
600.0,False,True,0.9199999570846558,37.09025573730469,0.8259118795394897,0.9718319177627563,4.0,2.806440591812134,0.0
600.0,True,False,nan,50.149078369140625,0.15739640593528748,0.7047416567802429,1.0,2.8525750637054443,0.0
600.0,True,False,nan,46.56781005859375,0.14247742295265198,0.7832138538360596,4.0,2.6661691665649414,0.0
600.0,True,False,nan,0.31090426445007324,0.0,0.7654688358306885,6.0,0.0,0.0
600.0,True,False,nan,1.4611231088638306,0.0,0.9185135364532471,11.0,0.3960692286491394,0.0
600.0,True,False,nan,46.06214904785156,0.2921887934207916,0.7929210066795349,4.0,2.3480255603790283,90.0
600.0,True,False,nan,45.38972473144531,0.26612046360969543,0.862385630607605,6.0,2.3307807445526123,90.0
600.0,True,False,nan,48.456077575683594,0.45043888688087463,1.0050077438354492,7.0,3.0732579231262207,90.0
600.0,True,False,nan,46.806983947753906,0.5749579668045044,0.9681028127670288,14.0,2.9880199432373047,90.0
600.0,True,False,nan,46.675071716308594,0.41220468282699585,0.9236642718315125,7.0,2.5526788234710693,90.0
600.0,True,False,nan,45.011295318603516,0.44245702028274536,0.7047422528266907,1.0,2.012373924255371,90.0
600.0,True,False,nan,51.75729751586914,0.34654125571250916,0.820873498916626,1.0,2.246577739715576,90.0
600.0,True,False,nan,46.704917907714844,0.6370568871498108,0.9620388150215149,12.0,3.110809087753296,90.0
600.0,True,False,nan,54.26110076904297,0.4666413962841034,0.7926132678985596,4.0,2.4298384189605713,90.0
600.0,True,False,nan,46.70328140258789,0.4121584892272949,0.783216655254364,4.0,2.1651384830474854,90.0
600.0,True,False,nan,46.251705169677734,1.9518784284591675,1.0563288927078247,5.0,3.110055923461914,90.0
600.0,True,False,nan,45.37274932861328,0.9654459357261658,0.7654716372489929,7.0,2.400404691696167,90.0
600.0,True,False,nan,45.45020294189453,0.8374860286712646,0.8152320981025696,7.0,2.222440481185913,90.0
600.0,False,True,1.399999976158142,33.40182113647461,0.8373596668243408,0.7953505516052246,3.0,2.1485047340393066,90.0
600.0,False,True,0.7799999713897705,25.20087242126465,0.6908535361289978,0.7663747668266296,4.0,2.2865843772888184,90.0
600.0,False,True,0.9799999594688416,14.37773609161377,0.7404124140739441,0.8430674076080322,5.0,2.517192840576172,90.0
600.0,False,True,0.8999999761581421,20.49179458618164,0.6904733777046204,0.8951321244239807,4.0,2.6166210174560547,90.0
600.0,False,True,1.0399999618530273,33.79330062866211,0.9568920135498047,0.830090343952179,5.0,2.39400053024292,90.0
600.0,False,True,1.159999966621399,27.644393920898438,0.9103814363479614,0.9312013983726501,3.0,2.8637726306915283,90.0
600.0,False,True,0.8799999952316284,26.078588485717773,0.7813384532928467,0.7718119025230408,4.0,2.2465991973876953,90.0
600.0,False,True,1.7599999904632568,19.75904655456543,1.9055213928222656,0.9137898087501526,4.0,2.8015213012695312,90.0
600.0,False,True,0.7799999713897705,23.79795265197754,0.6037710309028625,0.8046850562095642,4.0,2.1451659202575684,90.0
600.0,False,True,1.9199999570846558,30.877431869506836,2.7926692962646484,0.9559870958328247,9.0,2.9086244106292725,90.0
600.0,False,True,0.699999988079071,19.96515464782715,0.6186004281044006,0.7551552057266235,3.0,2.323636054992676,90.0
600.0,False,True,1.1999999284744263,31.659374237060547,0.9296731352806091,0.9035494923591614,4.0,2.935960054397583,90.0
600.0,False,True,0.4599999785423279,20.3645076751709,0.5377821922302246,0.9100341200828552,3.0,2.3472580909729004,90.0
600.0,False,True,0.8399999737739563,12.177186965942383,0.9156901836395264,0.8780786395072937,4.0,2.633129119873047,90.0
600.0,False,True,0.7400000095367432,24.3819580078125,0.6874144077301025,0.7463762760162354,6.0,2.263275623321533,90.0
600.0,False,True,0.8799999952316284,15.56881046295166,0.7775143980979919,0.8794877529144287,4.0,2.577641725540161,90.0
600.0,False,True,1.0399999618530273,22.441524505615234,1.0614179372787476,0.8925069570541382,4.0,2.6772701740264893,90.0
600.0,False,True,0.699999988079071,33.75613021850586,0.6640791296958923,1.0539237260818481,7.0,2.9218995571136475,90.0
600.0,False,True,1.8600000143051147,17.464046478271484,2.3673038482666016,0.9603241086006165,7.0,2.887765884399414,90.0
600.0,False,True,0.699999988079071,31.070148468017578,0.7458398342132568,0.9485759735107422,7.0,2.777069568634033,90.0
600.0,False,True,0.8399999737739563,29.323009490966797,0.7742891311645508,0.9240921139717102,5.0,2.7084343433380127,90.0
600.0,False,True,0.7599999904632568,26.88132667541504,0.7610526084899902,0.7460487484931946,4.0,2.2469029426574707,90.0
600.0,False,True,0.7199999690055847,23.598785400390625,0.6906617879867554,0.7158230543136597,7.0,2.243734836578369,90.0
600.0,False,True,1.899999976158142,13.39006519317627,2.5177056789398193,1.0087697505950928,4.0,2.8408265113830566,90.0
600.0,False,True,0.5,21.144805908203125,0.6140415072441101,0.9296319484710693,4.0,2.5829317569732666,90.0
600.0,False,True,1.1799999475479126,26.357908248901367,1.1050609350204468,0.9185118675231934,11.0,2.8542566299438477,90.0
600.0,False,True,0.9199999570846558,37.98784637451172,0.9321268796920776,0.8729084134101868,7.0,2.6868817806243896,90.0
600.0,False,True,0.7599999904632568,29.07448959350586,0.7229713797569275,0.7945617437362671,4.0,2.2475764751434326,90.0
600.0,False,True,0.7400000095367432,22.378244400024414,0.607401967048645,0.8542106747627258,4.0,2.373962879180908,90.0
600.0,False,True,1.7599999904632568,16.660593032836914,1.8807930946350098,0.8917635083198547,7.0,2.733084201812744,90.0
600.0,False,True,0.9399999976158142,25.782163619995117,0.6008720993995667,0.974261999130249,5.0,2.695348024368286,90.0
600.0,False,True,1.1399999856948853,22.810495376586914,0.9845502972602844,0.8263264298439026,3.0,2.6373703479766846,90.0
600.0,False,True,0.8999999761581421,21.858598709106445,0.7105743885040283,0.8117266297340393,4.0,2.3349013328552246,90.0
600.0,False,True,1.0199999809265137,19.4274959564209,1.0751988887786865,1.0636459589004517,6.0,2.8685057163238525,90.0
600.0,False,True,0.8199999928474426,29.0076904296875,0.6213558912277222,0.8212320804595947,7.0,2.362048387527466,90.0
600.0,False,True,0.7599999904632568,27.319503784179688,0.5654653310775757,0.8687814474105835,3.0,2.2647359371185303,90.0
600.0,False,True,1.1999999284744263,20.082136154174805,1.2620004415512085,1.0088359117507935,5.0,2.9081804752349854,90.0
600.0,False,True,0.85999995470047,16.786785125732422,0.8227095007896423,0.8504461646080017,4.0,2.5022594928741455,90.0
600.0,False,True,1.6799999475479126,17.806516647338867,1.2803676128387451,0.8972898721694946,5.0,2.7588045597076416,90.0
600.0,False,True,0.8399999737739563,14.903071403503418,0.7470976710319519,0.9213688373565674,3.0,2.530425548553467,90.0
600.0,False,True,1.8799999952316284,13.446120262145996,2.3394601345062256,1.0094783306121826,3.0,2.7816002368927,90.0
600.0,False,True,0.6200000047683716,24.455944061279297,0.5802216529846191,0.8526912927627563,7.0,2.4466042518615723,90.0
600.0,False,True,0.8999999761581421,30.174880981445312,0.8644466400146484,0.8493896722793579,3.0,2.6118381023406982,90.0
600.0,False,True,0.85999995470047,25.819395065307617,0.7998424768447876,0.8359817266464233,4.0,2.444284439086914,90.0
600.0,False,True,0.9199999570846558,21.59400749206543,0.6116783618927002,0.9049039483070374,4.0,2.515420913696289,90.0
600.0,False,True,1.2200000286102295,18.134315490722656,1.3499265909194946,0.9717902541160583,6.0,2.6963541507720947,90.0
600.0,False,True,0.5199999809265137,21.668655395507812,0.46136659383773804,0.9203776717185974,4.0,2.4333653450012207,90.0
600.0,False,True,0.85999995470047,16.106346130371094,0.8342880010604858,0.8525246977806091,4.0,2.4677107334136963,90.0
600.0,False,True,1.7799999713897705,17.59595489501953,1.833404541015625,0.9740198254585266,5.0,2.8723526000976562,90.0
600.0,False,True,0.6200000047683716,17.402751922607422,0.5495116710662842,0.8353704810142517,3.0,2.4495413303375244,90.0
600.0,False,True,0.8999999761581421,29.026142120361328,0.7114167809486389,0.9718327522277832,4.0,2.820512056350708,90.0
600.0,True,False,nan,46.062400817871094,0.29218927025794983,0.7929268479347229,4.0,2.348024368286133,90.0
600.0,True,False,nan,45.38957977294922,0.2661178708076477,0.8623902797698975,6.0,2.330796957015991,90.0
600.0,True,False,nan,48.45583724975586,0.4504387378692627,1.0050048828125,7.0,3.0732481479644775,90.0
600.0,True,False,nan,45.01107406616211,0.44245800375938416,0.704739511013031,1.0,2.012369394302368,90.0
600.0,True,False,nan,46.67436981201172,0.4122059941291809,0.9236730337142944,7.0,2.552680015563965,90.0
600.0,True,False,nan,53.17889404296875,0.46798035502433777,0.7926129698753357,4.0,2.432183265686035,90.0
600.0,True,False,nan,44.67366027832031,0.575130045413971,0.9681026339530945,14.0,2.9880168437957764,90.0
600.0,True,False,nan,41.63081741333008,0.5316736102104187,0.9620308876037598,12.0,3.110804796218872,90.0
600.0,True,False,nan,45.1619987487793,0.439370334148407,0.8208767771720886,1.0,3.661708116531372,180.0
600.0,True,False,nan,47.11725997924805,0.4163476228713989,0.8729098439216614,7.0,3.4002420902252197,180.0
600.0,True,False,nan,48.97936248779297,0.4615407884120941,0.8212341070175171,7.0,3.4698703289031982,180.0
600.0,True,False,nan,45.8046875,0.38913190364837646,0.9236709475517273,7.0,3.2246756553649902,180.0
600.0,True,False,nan,46.17545700073242,0.4338993728160858,0.7654772996902466,7.0,3.2059426307678223,180.0
600.0,True,False,nan,45.772552490234375,0.480365127325058,0.9620299339294434,12.0,3.4824202060699463,180.0
600.0,True,False,nan,53.627662658691406,0.4257776141166687,1.0539342164993286,7.0,3.4274723529815674,180.0
600.0,True,False,nan,53.18525314331055,0.43813955783843994,0.9485775828361511,7.0,3.2761552333831787,180.0
600.0,True,False,nan,52.48719787597656,0.44209375977516174,1.0050058364868164,7.0,3.529513359069824,180.0
600.0,True,False,nan,49.48908615112305,0.459253191947937,0.8152306079864502,7.0,3.3211352825164795,180.0
600.0,True,False,nan,48.77091598510742,0.4543452560901642,0.9682393074035645,14.0,3.5437004566192627,180.0
600.0,True,False,nan,45.16234588623047,0.4817175567150116,0.9559822082519531,9.0,3.5398764610290527,180.0
600.0,True,False,nan,48.09699249267578,0.5371686220169067,0.7463708519935608,6.0,3.5006906986236572,180.0
600.0,True,False,nan,48.44850540161133,0.5585117936134338,0.7043054699897766,6.0,3.5923073291778564,180.0
600.0,True,False,nan,50.052268981933594,0.4717482030391693,0.8687886595726013,3.0,3.393148899078369,180.0
600.0,True,False,nan,48.783016204833984,0.55520099401474,0.8493785858154297,3.0,3.7979166507720947,180.0
600.0,True,False,nan,47.52115249633789,0.44903016090393066,0.9245887994766235,7.0,3.2076547145843506,180.0
600.0,True,False,nan,45.221290588378906,0.5615239143371582,1.0563241243362427,5.0,3.537440776824951,180.0
600.0,True,False,nan,47.07435989379883,0.5094593167304993,0.8617314100265503,7.0,3.29597806930542,180.0
600.0,True,False,nan,49.33949279785156,0.6209098696708679,0.7150688171386719,3.0,3.521395206451416,180.0
600.0,True,False,nan,45.63203048706055,0.6749718189239502,0.9035593271255493,4.0,3.5504722595214844,180.0
600.0,True,False,nan,45.76353454589844,0.6278737783432007,0.9311979413032532,3.0,3.252243995666504,180.0
600.0,True,False,nan,48.748592376708984,0.6286768913269043,0.8721843957901001,7.0,3.4603400230407715,180.0
600.0,False,True,1.3399999141693115,14.727685928344727,1.9403719902038574,0.7953475713729858,3.0,3.2723207473754883,180.0
600.0,False,True,1.3399999141693115,14.117838859558105,1.7164263725280762,0.7663719654083252,4.0,3.501256227493286,180.0
600.0,False,True,1.5799999237060547,24.83611488342285,2.365095615386963,0.7929558753967285,4.0,3.4094293117523193,180.0
600.0,False,True,1.0799999237060547,10.825765609741211,1.3616905212402344,0.8430662751197815,5.0,3.307196855545044,180.0
600.0,False,True,1.3199999332427979,13.920018196105957,1.698889136314392,0.8951379656791687,4.0,3.073190927505493,180.0
600.0,False,True,1.3799999952316284,20.562665939331055,2.0775017738342285,0.8300879597663879,5.0,3.2150628566741943,180.0
600.0,False,True,1.100000023841858,12.248186111450195,1.4716649055480957,0.7718156576156616,4.0,3.242990493774414,180.0
600.0,False,True,1.2400000095367432,26.25419807434082,1.6686667203903198,0.9136741757392883,4.0,3.370809316635132,180.0
600.0,False,True,1.059999942779541,12.443466186523438,1.4335752725601196,0.8046924471855164,4.0,3.1780502796173096,180.0
600.0,False,True,1.2799999713897705,17.143638610839844,1.806843876838684,0.7832052707672119,4.0,3.3361921310424805,180.0
600.0,False,True,1.0199999809265137,13.242280006408691,1.2709087133407593,0.763973593711853,3.0,3.1450870037078857,180.0
600.0,False,True,1.0399999618530273,11.56128978729248,1.3436017036437988,0.9100229144096375,3.0,3.0499792098999023,180.0
600.0,False,True,1.0399999618530273,10.088338851928711,1.2433364391326904,0.8780698180198669,4.0,3.0990610122680664,180.0
600.0,False,True,1.1200000047683716,10.48154354095459,1.466768741607666,0.8794934153556824,4.0,3.1277711391448975,180.0
600.0,False,True,1.2799999713897705,20.558855056762695,1.732196569442749,0.892503559589386,4.0,3.1102705001831055,180.0
600.0,False,True,1.2799999713897705,13.049490928649902,1.6532574892044067,0.9603257775306702,7.0,3.041630983352661,180.0
600.0,False,True,1.9799998998641968,33.45090866088867,3.3385565280914307,0.9239308834075928,8.0,3.253204345703125,180.0
600.0,False,True,1.5799999237060547,20.047216415405273,2.1861870288848877,0.8623901605606079,6.0,3.388591766357422,180.0
600.0,False,True,1.0399999618530273,11.60187816619873,1.3287557363510132,0.7460504770278931,4.0,3.335761070251465,180.0
600.0,False,True,1.1200000047683716,9.739323616027832,1.4858108758926392,1.0087778568267822,4.0,3.0702970027923584,180.0
600.0,False,True,1.2999999523162842,11.482025146484375,1.6705677509307861,0.9296365976333618,4.0,3.146815061569214,180.0
600.0,False,True,1.8600000143051147,29.839860916137695,2.8265151977539062,0.9185114502906799,11.0,3.178908109664917,180.0
600.0,False,True,1.159999966621399,11.847511291503906,1.5855422019958496,0.794566810131073,4.0,3.216482400894165,180.0
600.0,False,True,1.0,10.8123197555542,1.1498359441757202,0.8542093634605408,4.0,3.124425172805786,180.0
600.0,False,True,1.159999966621399,17.48409652709961,1.4420758485794067,0.8934133052825928,7.0,3.434697389602661,180.0
600.0,False,True,1.3799999952316284,15.166020393371582,1.961745023727417,0.9742515683174133,5.0,3.330845832824707,180.0
600.0,False,True,1.5799999237060547,23.793787002563477,2.3654627799987793,0.7929239869117737,4.0,3.3012330532073975,180.0
600.0,False,True,1.059999942779541,11.931073188781738,1.3953107595443726,0.8117288947105408,4.0,3.120084524154663,180.0
600.0,False,True,1.3199999332427979,12.467803001403809,1.774503469467163,1.0636615753173828,6.0,3.2989959716796875,180.0
600.0,False,True,1.3600000143051147,13.915360450744629,1.9148132801055908,1.0088351964950562,5.0,3.223381996154785,180.0
600.0,False,True,1.0799999237060547,10.58143138885498,1.4272973537445068,0.8504447340965271,4.0,3.0287039279937744,180.0
600.0,False,True,1.399999976158142,14.250823974609375,1.8576326370239258,0.8972957134246826,5.0,3.151482582092285,180.0
600.0,False,True,1.059999942779541,9.88489055633545,1.3145350217819214,0.9214113354682922,3.0,3.0218420028686523,180.0
600.0,False,True,1.059999942779541,9.233695030212402,1.381898283958435,1.0094785690307617,3.0,3.0114502906799316,180.0
600.0,False,True,1.3600000143051147,16.615949630737305,1.821386694908142,0.8372931480407715,4.0,3.1021344661712646,180.0
600.0,False,True,1.2599999904632568,11.506343841552734,1.5572863817214966,0.9049108624458313,4.0,3.2065017223358154,180.0
600.0,False,True,1.2999999523162842,11.557967185974121,1.7014176845550537,0.9717860221862793,6.0,3.262988567352295,180.0
600.0,False,True,1.0399999618530273,12.299224853515625,1.3228051662445068,0.8525197505950928,4.0,3.3414783477783203,180.0
600.0,False,True,1.2999999523162842,13.127037048339844,1.6618211269378662,0.9740210771560669,5.0,3.1290488243103027,180.0
600.0,False,True,1.0199999809265137,10.422357559204102,1.1795899868011475,0.835350751876831,3.0,3.0894935131073,180.0
600.0,False,True,1.5799999237060547,19.498075485229492,2.2562825679779053,0.971825122833252,4.0,3.367218017578125,180.0
600.0,True,False,nan,48.979408264160156,0.46154075860977173,0.8212340474128723,7.0,3.4698710441589355,180.0
600.0,True,False,nan,45.45207977294922,0.4251398742198944,1.0066105127334595,5.0,3.518240451812744,180.0
600.0,True,False,nan,45.80466842651367,0.38913223147392273,0.9236627817153931,7.0,3.224677801132202,180.0
600.0,True,False,nan,45.16190719604492,0.439371258020401,0.8208759427070618,1.0,3.6617355346679688,180.0
600.0,True,False,nan,47.117252349853516,0.41634702682495117,0.8729111552238464,7.0,3.4002392292022705,180.0
600.0,True,False,nan,49.48910140991211,0.4592527151107788,0.8152328729629517,7.0,3.3211333751678467,180.0
600.0,True,False,nan,46.175750732421875,0.4339006543159485,0.7654712200164795,7.0,3.205944776535034,180.0
600.0,True,False,nan,45.77238082885742,0.4803639054298401,0.962037980556488,12.0,3.4824180603027344,180.0
600.0,True,False,nan,45.799537658691406,0.5298691391944885,0.7698068022727966,7.0,3.4986979961395264,180.0
600.0,True,False,nan,48.77091598510742,0.45438429713249207,0.9681023955345154,14.0,3.543720006942749,180.0
600.0,True,False,nan,45.16225051879883,0.48171597719192505,0.9559797048568726,9.0,3.539879322052002,180.0
600.0,True,False,nan,48.78277587890625,0.555200457572937,0.8493848443031311,3.0,3.7979278564453125,180.0
600.0,True,False,nan,50.756629943847656,0.554218053817749,0.7158195376396179,7.0,3.566488742828369,180.0
600.0,True,False,nan,47.19923782348633,0.6416558623313904,0.7063168287277222,1.0,3.5797367095947266,180.0
600.0,True,False,nan,53.62717819213867,0.4257792532444,1.053926944732666,7.0,3.427478313446045,180.0
600.0,True,False,nan,47.074222564697266,0.5094591975212097,0.8617352843284607,7.0,3.2959790229797363,180.0
600.0,True,False,nan,45.42625045776367,0.5628679394721985,1.0561786890029907,5.0,3.520798921585083,180.0
600.0,True,False,nan,53.185142517089844,0.43814611434936523,0.9485557675361633,7.0,3.2761611938476562,180.0
600.0,True,False,nan,45.63209915161133,0.6749764084815979,0.9035455584526062,4.0,3.5504729747772217,180.0
600.0,True,False,nan,48.74848937988281,0.6286786198616028,0.8721762895584106,7.0,3.4603395462036133,180.0
600.0,True,False,nan,45.724578857421875,0.662158191204071,0.9305626153945923,3.0,3.224254608154297,180.0
600.0,True,False,nan,14.497915267944336,0.2512586712837219,0.9245895147323608,7.0,3.207634925842285,180.0
600.0,True,False,nan,45.52918243408203,0.5174057483673096,0.7654697299003601,7.0,2.356003761291504,270.0
600.0,True,False,nan,50.310890197753906,0.8475333452224731,1.0050045251846313,7.0,2.638153553009033,270.0
600.0,True,False,nan,50.830440521240234,1.1143100261688232,0.8208776116371155,1.0,2.5085055828094482,270.0
600.0,True,False,nan,46.2683219909668,1.0507680177688599,0.8729075789451599,7.0,2.445711374282837,270.0
600.0,False,True,0.7799999713897705,26.912948608398438,0.5346243381500244,1.0563223361968994,5.0,3.369021415710449,270.0
600.0,False,True,0.5999999642372131,31.286285400390625,0.5579407811164856,0.7953401207923889,3.0,2.683964729309082,270.0
600.0,False,True,0.5999999642372131,16.74341583251953,0.4861173629760742,0.7663787603378296,4.0,2.9942469596862793,270.0
600.0,False,True,0.6200000047683716,25.052711486816406,0.528110921382904,0.7926158905029297,4.0,2.751588821411133,270.0
600.0,False,True,0.35999998450279236,16.58087158203125,0.3954395353794098,0.8430708050727844,5.0,3.0054514408111572,270.0
600.0,False,True,0.4599999785423279,24.876909255981445,0.39749518036842346,0.8949431777000427,4.0,2.8904566764831543,270.0
600.0,False,True,0.6200000047683716,21.29522132873535,0.46073925495147705,0.8300923705101013,5.0,3.125807285308838,270.0
600.0,False,True,0.5600000023841858,28.7386531829834,0.3790411949157715,0.9296714067459106,3.0,2.75783371925354,270.0
600.0,False,True,0.5999999642372131,21.099023818969727,0.4223341643810272,0.7718148231506348,4.0,2.7104578018188477,270.0
600.0,False,True,0.7999999523162842,33.12259292602539,0.6170853972434998,0.9680883884429932,14.0,2.6501286029815674,270.0
600.0,False,True,0.8399999737739563,19.91655921936035,0.49669039249420166,0.9132172465324402,4.0,3.2184598445892334,270.0
600.0,False,True,0.5999999642372131,20.837400436401367,0.5001142024993896,0.8046866059303284,4.0,2.691161632537842,270.0
600.0,False,True,0.47999998927116394,27.3523006439209,0.3582168221473694,0.9559825658798218,9.0,2.9458494186401367,270.0
600.0,False,True,0.7599999904632568,32.8494758605957,0.48681148886680603,0.962037980556488,12.0,2.8962185382843018,270.0
600.0,False,True,0.5999999642372131,29.13181495666504,0.6002237796783447,0.7832111120223999,4.0,2.613248586654663,270.0
600.0,False,True,0.5799999833106995,21.331621170043945,0.4755873382091522,0.7639836668968201,3.0,2.4165964126586914,270.0
600.0,False,True,0.8199999928474426,28.04048728942871,0.5613866448402405,0.9035541415214539,4.0,3.2103166580200195,270.0
600.0,False,True,0.41999998688697815,22.723941802978516,0.36949557065963745,0.9099546670913696,3.0,2.7218809127807617,270.0
600.0,False,True,0.35999998450279236,20.38263511657715,0.3799150288105011,0.8780735731124878,4.0,2.920733690261841,270.0
600.0,False,True,0.6200000047683716,20.307727813720703,0.40772536396980286,0.7463716864585876,6.0,2.4443013668060303,270.0
600.0,False,True,0.3799999952316284,19.6171817779541,0.38545292615890503,0.8794929385185242,4.0,3.046525239944458,270.0
600.0,False,True,0.4399999976158142,22.544288635253906,0.4461500942707062,0.8925146460533142,4.0,3.1806225776672363,270.0
600.0,False,True,0.7999999523162842,36.306697845458984,0.6245938539505005,1.0539259910583496,7.0,2.8425452709198,270.0
600.0,False,True,0.3999999761581421,21.127910614013672,0.4508890211582184,0.960306704044342,7.0,3.2185890674591064,270.0
600.0,False,True,0.8399999737739563,35.065879821777344,0.6471395492553711,0.9485827088356018,7.0,2.7870092391967773,270.0
600.0,False,True,0.5799999833106995,27.877382278442383,0.4781191647052765,0.9214840531349182,10.0,3.196899175643921,270.0
600.0,False,True,0.6200000047683716,27.13213348388672,0.5385310053825378,0.8623881340026855,6.0,2.8384714126586914,270.0
600.0,False,True,0.5799999833106995,19.876388549804688,0.4669704735279083,0.7460479140281677,4.0,2.637467384338379,270.0
600.0,False,True,0.6200000047683716,21.5072078704834,0.506953775882721,0.717425525188446,1.0,2.6068131923675537,270.0
600.0,False,True,0.35999998450279236,20.65563201904297,0.4150972366333008,1.0087764263153076,4.0,3.149381160736084,270.0
600.0,False,True,0.4399999976158142,22.692378997802734,0.4349808990955353,0.9296408295631409,4.0,3.077397108078003,270.0
600.0,False,True,0.7799999713897705,23.3839111328125,0.6672791242599487,0.9185161590576172,11.0,3.343954086303711,270.0
600.0,False,True,0.5799999833106995,23.659942626953125,0.477668821811676,0.7945635914802551,4.0,2.714315176010132,270.0
600.0,False,True,0.5999999642372131,20.880905151367188,0.43582746386528015,0.8542060852050781,4.0,2.680098533630371,270.0
600.0,False,True,0.3799999952316284,19.857065200805664,0.4296189248561859,0.8917694091796875,7.0,3.216027021408081,270.0
600.0,False,True,1.1200000047683716,25.953147888183594,0.6445460915565491,0.7063148021697998,1.0,2.5072615146636963,270.0
600.0,False,True,0.5199999809265137,24.252735137939453,0.4725209176540375,0.9742574095726013,5.0,3.0992252826690674,270.0
600.0,False,True,0.6200000047683716,24.468168258666992,0.4712759852409363,0.7929197549819946,4.0,2.965977907180786,270.0
600.0,False,True,0.4399999976158142,24.594057083129883,0.3308228850364685,0.8721832036972046,7.0,2.669722318649292,270.0
600.0,False,True,0.5799999833106995,21.451339721679688,0.4014679789543152,0.8117375373840332,4.0,2.7744994163513184,270.0
600.0,False,True,0.8199999928474426,24.635028839111328,0.5369548797607422,1.0636563301086426,6.0,3.1785194873809814,270.0
600.0,False,False,nan,44.39667510986328,2.0606038570404053,0.8212364912033081,7.0,2.389852285385132,270.0
600.0,False,True,0.5999999642372131,30.467138290405273,0.5103760957717896,0.8687885403633118,3.0,2.5668492317199707,270.0
600.0,False,True,2.3399999141693115,31.237699508666992,0.8415054082870483,0.8152274489402771,7.0,2.3627066612243652,270.0
600.0,False,True,0.41999998688697815,21.50048065185547,0.4438264071941376,1.0088393688201904,5.0,3.211108446121216,270.0
600.0,False,True,0.3799999952316284,20.73700714111328,0.383486807346344,0.8504437208175659,4.0,2.969424247741699,270.0
600.0,False,True,1.100000023841858,35.59928894042969,0.34381556510925293,0.9236665368080139,7.0,2.4469878673553467,270.0
600.0,False,True,0.41999998688697815,21.204370498657227,0.4792703092098236,0.8972907066345215,5.0,3.158236503601074,270.0
600.0,False,True,0.3999999761581421,21.55364990234375,0.34489884972572327,0.921416699886322,3.0,2.8240396976470947,270.0
600.0,False,True,0.3999999761581421,21.641809463500977,0.40418049693107605,1.0094761848449707,3.0,3.0603106021881104,270.0
600.0,False,True,0.5799999833106995,30.523265838623047,0.34621185064315796,0.8617312908172607,7.0,2.5612614154815674,270.0
600.0,False,True,0.5999999642372131,29.044191360473633,0.45003464818000793,0.8493796586990356,3.0,2.7096567153930664,270.0
600.0,False,True,0.4399999976158142,22.368043899536133,0.38465115427970886,0.8369584679603577,4.0,3.0585012435913086,270.0
600.0,False,True,0.3799999952316284,21.4794979095459,0.388578861951828,0.9049069881439209,4.0,2.894141674041748,270.0
600.0,False,True,0.3799999952316284,21.564115524291992,0.40931734442710876,0.9717867970466614,6.0,3.112480401992798,270.0
600.0,False,True,0.5799999833106995,30.55368423461914,0.3987581431865692,0.9203860759735107,4.0,2.577674150466919,270.0
600.0,False,True,0.35999998450279236,18.8380184173584,0.35071730613708496,0.8525171875953674,4.0,2.967534303665161,270.0
600.0,False,True,0.3999999761581421,20.880033493041992,0.39720267057418823,0.9740213751792908,5.0,3.2106640338897705,270.0
600.0,False,True,0.5399999618530273,22.10004425048828,0.38925713300704956,0.8353725671768188,3.0,2.482102394104004,270.0
600.0,False,True,0.8399999737739563,28.40087890625,0.590842604637146,0.9718225598335266,4.0,3.149440288543701,270.0
650.0,True,False,nan,46.86050033569336,0.1419505625963211,0.8152322173118591,7.0,3.1864376068115234,0.0
650.0,True,False,nan,46.15507888793945,0.15767578780651093,0.9313831329345703,3.0,3.13322377204895,0.0
650.0,True,False,nan,45.18358612060547,0.196399986743927,0.7718108296394348,4.0,3.2233335971832275,0.0
650.0,True,False,nan,52.49068832397461,0.1482585072517395,0.8208760619163513,1.0,3.045321464538574,0.0
650.0,True,False,nan,46.607810974121094,0.18984387814998627,0.8046817183494568,4.0,3.075550079345703,0.0
650.0,True,False,nan,51.0125617980957,0.13302786648273468,0.9620313048362732,12.0,3.2950899600982666,0.0
650.0,True,False,nan,50.31809997558594,0.1617383509874344,0.7832098603248596,4.0,3.01741886138916,0.0
650.0,True,False,nan,47.03897476196289,0.13011722266674042,0.9035475850105286,4.0,3.205134153366089,0.0
650.0,True,False,nan,47.21371841430664,0.15806405246257782,0.8915762901306152,4.0,3.2601866722106934,0.0
650.0,True,False,nan,48.055816650390625,0.1296776533126831,0.9485792517662048,7.0,2.885141611099243,0.0
650.0,True,False,nan,46.558837890625,0.12009360641241074,0.921474814414978,10.0,3.176201105117798,0.0
650.0,True,False,nan,45.60840606689453,0.19580182433128357,0.7150622010231018,3.0,3.331037998199463,0.0
650.0,True,False,nan,52.29224395751953,0.15055760741233826,0.8729111552238464,7.0,2.971034288406372,0.0
650.0,True,False,nan,48.781410217285156,0.13906314969062805,1.0050054788589478,7.0,3.335134744644165,0.0
650.0,True,False,nan,55.752197265625,0.17449496686458588,0.7047426104545593,1.0,3.1926729679107666,0.0
650.0,True,False,nan,47.38665008544922,0.1429673135280609,0.8493868112564087,3.0,3.1593575477600098,0.0
650.0,True,False,nan,45.554962158203125,0.16452421247959137,0.8371334075927734,4.0,3.2376701831817627,0.0
650.0,True,False,nan,47.20477294921875,0.1174548789858818,1.0563162565231323,5.0,3.1572976112365723,0.0
650.0,True,False,nan,46.77846145629883,0.18174733221530914,0.7953444123268127,3.0,2.8807663917541504,0.0
650.0,True,False,nan,49.09487533569336,0.1656525731086731,0.7926150560379028,4.0,3.050656795501709,0.0
650.0,True,False,nan,45.54216003417969,0.17331823706626892,0.8300974369049072,5.0,3.082033634185791,0.0
650.0,True,False,nan,46.90751647949219,0.12757356464862823,1.0539244413375854,7.0,2.8898122310638428,0.0
650.0,True,False,nan,46.28987121582031,0.15497702360153198,0.8623872399330139,6.0,2.993170738220215,0.0
650.0,True,False,nan,45.08090591430664,0.14183633029460907,0.9185112714767456,11.0,3.1319096088409424,0.0
650.0,True,False,nan,49.41612243652344,0.17048968374729156,0.7929254770278931,4.0,3.1374802589416504,0.0
650.0,True,False,nan,45.02131271362305,0.169997438788414,0.8687787055969238,3.0,2.79740834236145,0.0
650.0,True,False,nan,46.76856994628906,0.44753149151802063,0.7654737830162048,7.0,3.2196574211120605,0.0
650.0,True,False,nan,47.18941116333008,0.3438323736190796,0.821235716342926,7.0,3.3256025314331055,0.0
650.0,True,False,nan,47.59955596923828,0.354488730430603,0.9236818552017212,7.0,3.068558931350708,0.0
650.0,True,False,nan,49.96259689331055,0.7181267738342285,0.913348376750946,4.0,3.320615768432617,0.0
650.0,True,False,nan,49.54515838623047,0.7335972189903259,0.7463740706443787,6.0,3.3047091960906982,0.0
650.0,True,False,nan,45.40159606933594,0.7928963303565979,0.9680913686752319,14.0,3.2140676975250244,0.0
650.0,True,False,nan,48.50339889526367,1.7517446279525757,0.9245883226394653,7.0,3.1088449954986572,0.0
650.0,False,True,1.459999918937683,41.37177658081055,1.964654803276062,0.7663780450820923,4.0,3.3004889488220215,0.0
650.0,False,True,0.8999999761581421,32.80154800415039,0.9565832614898682,0.8430625796318054,5.0,3.2579081058502197,0.0
650.0,False,True,0.9199999570846558,41.5390739440918,1.1214772462844849,0.8951382637023926,4.0,3.0476765632629395,0.0
650.0,False,True,0.85999995470047,41.58839797973633,0.804233968257904,0.9559831023216248,9.0,3.300482749938965,0.0
650.0,False,True,0.9399999976158142,42.93681335449219,1.2876932621002197,0.763984203338623,3.0,3.1443774700164795,0.0
650.0,False,True,0.9199999570846558,36.37506866455078,1.0744816064834595,0.9099507331848145,3.0,3.013301372528076,0.0
650.0,False,True,0.9199999570846558,30.487485885620117,1.2785314321517944,0.8780713081359863,4.0,3.0409481525421143,0.0
650.0,False,True,0.9199999570846558,40.80488967895508,0.9490166902542114,0.8794970512390137,4.0,3.2542500495910645,0.0
650.0,False,True,0.9199999570846558,40.717262268066406,0.8713539242744446,0.9603134393692017,7.0,3.259324073791504,0.0
650.0,False,True,0.9399999976158142,44.248416900634766,1.321359634399414,0.7460441589355469,4.0,3.2596960067749023,0.0
650.0,False,True,0.8799999952316284,29.567237854003906,1.0628656148910522,1.0087764263153076,4.0,3.0901856422424316,0.0
650.0,False,True,0.9199999570846558,38.1169319152832,1.0348503589630127,0.9296267628669739,4.0,3.0182085037231445,0.0
650.0,False,True,1.1999999284744263,44.013790130615234,1.5181374549865723,0.7945644855499268,4.0,3.043919563293457,0.0
650.0,False,True,0.9799999594688416,36.62504959106445,1.4509730339050293,0.854200005531311,4.0,3.096588373184204,0.0
650.0,False,True,0.8999999761581421,38.03085708618164,0.89432293176651,0.8917645215988159,7.0,3.287506103515625,0.0
650.0,False,True,0.8799999952316284,39.830230712890625,1.0567063093185425,0.9742633104324341,5.0,3.0213565826416016,0.0
650.0,False,True,0.9199999570846558,37.75971984863281,0.9232126474380493,0.8721836805343628,7.0,3.2710142135620117,0.0
650.0,False,True,0.9399999976158142,40.093902587890625,1.123918056488037,0.8117300271987915,4.0,3.1569738388061523,0.0
650.0,False,True,0.9199999570846558,39.30846405029297,0.9863847494125366,1.0636491775512695,6.0,3.0694732666015625,0.0
650.0,False,True,0.9199999570846558,37.035308837890625,0.9004130363464355,1.0088281631469727,5.0,3.068822145462036,0.0
650.0,False,True,0.9199999570846558,38.79617691040039,1.068548560142517,0.8504412174224854,4.0,3.1490261554718018,0.0
650.0,False,True,0.9199999570846558,40.034542083740234,0.9577266573905945,0.8972947597503662,5.0,3.2134993076324463,0.0
650.0,False,True,0.8999999761581421,31.80270004272461,1.1487113237380981,0.9213850498199463,3.0,3.056734323501587,0.0
650.0,False,True,0.8999999761581421,26.43514633178711,1.2243183851242065,1.0094540119171143,3.0,3.0731070041656494,0.0
650.0,False,True,1.8799999952316284,43.069583892822266,1.475007176399231,0.8617328405380249,7.0,3.1796610355377197,0.0
650.0,False,True,0.9199999570846558,39.215911865234375,1.0863765478134155,0.9049069285392761,4.0,3.0292656421661377,0.0
650.0,False,True,0.8999999761581421,37.12318801879883,1.0122483968734741,0.9717772006988525,6.0,3.085810899734497,0.0
650.0,False,True,0.9199999570846558,34.91341781616211,0.9100853800773621,0.8525202870368958,4.0,3.2695345878601074,0.0
650.0,False,True,0.9199999570846558,41.485782623291016,0.9008517861366272,0.9740252494812012,5.0,3.17376708984375,0.0
650.0,False,True,0.9399999976158142,32.65897750854492,1.390379786491394,0.8353704214096069,3.0,3.0723001956939697,0.0
650.0,False,True,1.059999942779541,42.011680603027344,1.2640985250473022,0.9718254208564758,4.0,3.04856014251709,0.0
650.0,True,False,nan,52.490379333496094,0.14825890958309174,0.8208754658699036,1.0,3.0453271865844727,0.0
650.0,True,False,nan,55.752471923828125,0.17449544370174408,0.7047441005706787,1.0,3.192673683166504,0.0
650.0,True,False,nan,47.03893280029297,0.1301165670156479,0.9035536050796509,4.0,3.205130100250244,0.0
650.0,True,False,nan,47.2047233581543,0.11745361238718033,1.0563292503356934,5.0,3.157280921936035,0.0
650.0,True,False,nan,51.012996673583984,0.13302892446517944,0.9620290994644165,12.0,3.2950894832611084,0.0
650.0,True,False,nan,47.38626480102539,0.1429661214351654,0.8493872284889221,3.0,3.159360647201538,0.0
650.0,True,False,nan,50.317928314208984,0.16173596680164337,0.7832159399986267,4.0,3.017418622970581,0.0
650.0,True,False,nan,49.09520721435547,0.16565318405628204,0.7926101684570312,4.0,3.050673007965088,0.0
650.0,True,False,nan,46.8604736328125,0.14195053279399872,0.8152305483818054,7.0,3.1864376068115234,0.0
650.0,True,False,nan,46.2899284362793,0.1549806296825409,0.8623849749565125,6.0,2.993163585662842,0.0
650.0,True,False,nan,52.29229736328125,0.15055866539478302,0.8729050159454346,7.0,2.9710230827331543,0.0
650.0,True,False,nan,2.0213916301727295,0.006484794430434704,0.9240926504135132,5.0,1.257986068725586,0.0
650.0,True,False,nan,4.026328086853027,0.026031367480754852,0.9185147285461426,11.0,1.6680967807769775,0.0
650.0,True,False,nan,43.58196258544922,0.343065470457077,0.8212406039237976,7.0,3.3256032466888428,0.0
650.0,True,False,nan,44.9139289855957,0.16955722868442535,0.9236750602722168,7.0,3.0685603618621826,0.0
650.0,True,False,nan,46.99738311767578,0.32226040959358215,0.8300931453704834,5.0,2.6026997566223145,90.0
650.0,True,False,nan,49.29603576660156,0.46226099133491516,1.006609559059143,5.0,3.2705318927764893,90.0
650.0,True,False,nan,46.89483642578125,0.5285404324531555,0.968105673789978,14.0,3.2229902744293213,90.0
650.0,True,False,nan,45.575008392333984,0.5068972110748291,0.9620341658592224,12.0,3.329563617706299,90.0
650.0,True,False,nan,46.885528564453125,0.3695307970046997,0.8208789229393005,1.0,2.3400983810424805,90.0
650.0,True,False,nan,45.845211029052734,0.4471285343170166,0.7047402858734131,1.0,2.2153544425964355,90.0
650.0,True,False,nan,46.84466552734375,0.4683431088924408,0.8493793606758118,3.0,2.8098199367523193,90.0
650.0,True,False,nan,52.57086944580078,0.5113630294799805,0.7929502129554749,4.0,2.667910575866699,90.0
650.0,True,False,nan,46.9776496887207,0.7030872702598572,0.9559820294380188,9.0,3.15830135345459,90.0
650.0,True,False,nan,46.55022430419922,0.5581083297729492,0.8729067444801331,7.0,2.925633192062378,90.0
650.0,True,False,nan,46.34183883666992,0.7056410908699036,1.0563173294067383,5.0,3.3420681953430176,90.0
650.0,True,False,nan,50.71549606323242,0.47711169719696045,0.7832181453704834,4.0,2.4420108795166016,90.0
650.0,True,False,nan,49.13931655883789,0.5092563033103943,0.926022469997406,7.0,2.745713710784912,90.0
650.0,True,False,nan,47.22929763793945,0.7596680521965027,0.8152339458465576,7.0,2.398163080215454,90.0
650.0,True,False,nan,51.563987731933594,0.8036665916442871,0.8212363719940186,7.0,2.5526282787323,90.0
650.0,True,False,nan,46.483150482177734,1.0182679891586304,0.9035546779632568,4.0,3.1278250217437744,90.0
650.0,True,False,nan,45.47500991821289,0.8306419849395752,0.9718267321586609,4.0,3.099109172821045,90.0
650.0,True,False,nan,48.81760025024414,1.0095856189727783,1.0539298057556152,7.0,3.1066484451293945,90.0
650.0,True,False,nan,45.8354606628418,1.579537034034729,0.9240750074386597,5.0,2.982792377471924,90.0
650.0,False,True,1.5999999046325684,34.53110885620117,1.5871621370315552,0.7953500151634216,3.0,2.246947765350342,90.0
650.0,False,True,2.0399999618530273,42.398677825927734,1.527338981628418,0.7654762268066406,7.0,2.608916997909546,90.0
650.0,False,True,1.0799999237060547,27.56751823425293,0.8542966842651367,0.7663753628730774,4.0,2.4492757320404053,90.0
650.0,False,True,0.8999999761581421,16.245309829711914,0.8982841968536377,0.8430664539337158,5.0,2.698174476623535,90.0
650.0,False,True,0.8999999761581421,22.643436431884766,0.8040157556533813,0.893024206161499,3.0,2.7716116905212402,90.0
650.0,False,True,1.7799999713897705,34.16328048706055,2.2877719402313232,0.9305627346038818,3.0,3.0556323528289795,90.0
650.0,False,True,0.8799999952316284,29.422456741333008,1.0379477739334106,0.771813154220581,4.0,2.389225721359253,90.0
650.0,False,True,1.8600000143051147,23.291236877441406,2.5718541145324707,0.9137877821922302,4.0,2.9788973331451416,90.0
650.0,False,True,1.399999976158142,27.52093505859375,0.9563918113708496,0.8046847581863403,4.0,2.2964746952056885,90.0
650.0,False,True,1.4199999570846558,24.072185516357422,0.9808472990989685,0.755290687084198,3.0,2.4887001514434814,90.0
650.0,False,True,0.8999999761581421,24.880456924438477,0.7056251168251038,0.9099569916725159,3.0,2.486257791519165,90.0
650.0,False,True,0.85999995470047,12.316591262817383,1.044173240661621,0.8780763149261475,4.0,2.825286865234375,90.0
650.0,False,True,0.9799999594688416,26.070615768432617,0.8180018067359924,0.746368408203125,6.0,2.431074380874634,90.0
650.0,False,True,0.9199999570846558,19.380531311035156,0.790136992931366,0.8794894218444824,4.0,2.7530202865600586,90.0
650.0,False,True,0.7999999523162842,24.03045654296875,0.9118614792823792,0.8925067186355591,4.0,2.8855600357055664,90.0
650.0,False,True,1.8799999952316284,22.19310188293457,2.607738971710205,0.9603227376937866,7.0,3.065192937850952,90.0
650.0,False,True,1.1200000047683716,36.349830627441406,1.0854915380477905,0.9485756158828735,7.0,2.9471116065979004,90.0
650.0,False,True,1.6999999284744263,43.643524169921875,1.2557728290557861,0.8623903393745422,6.0,2.612311601638794,90.0
650.0,False,True,0.9799999594688416,28.658885955810547,0.9050042629241943,0.7460438013076782,4.0,2.393483877182007,90.0
650.0,False,True,1.3799999952316284,26.829315185546875,1.0617730617523193,0.7150700092315674,3.0,2.3886468410491943,90.0
650.0,False,True,1.8799999952316284,16.175840377807617,2.594709873199463,1.0087757110595703,4.0,3.032498359680176,90.0
650.0,False,True,0.6599999666213989,24.9423885345459,0.695989727973938,0.9296420812606812,4.0,2.7686424255371094,90.0
650.0,False,True,1.0199999809265137,27.04585838317871,1.0840245485305786,0.9185183048248291,11.0,3.044173002243042,90.0
650.0,False,True,1.3399999141693115,32.44735336303711,0.9592149257659912,0.7945575714111328,4.0,2.4352431297302246,90.0
650.0,False,True,1.0399999618530273,23.66112518310547,0.7745426893234253,0.8541922569274902,4.0,2.5504117012023926,90.0
650.0,False,True,1.7599999904632568,19.68075942993164,1.9497383832931519,0.891772449016571,7.0,2.919936418533325,90.0
650.0,False,True,0.699999988079071,28.682720184326172,0.6813780069351196,0.9742546081542969,5.0,2.89884352684021,90.0
650.0,False,True,1.3199999332427979,43.059669494628906,1.1670055389404297,0.7928882837295532,4.0,2.638274669647217,90.0
650.0,False,True,1.1399999856948853,28.550321578979492,1.3455950021743774,0.8721826076507568,7.0,2.826338768005371,90.0
650.0,False,True,0.9399999976158142,23.123899459838867,0.8426764011383057,0.8117282390594482,4.0,2.4578921794891357,90.0
650.0,False,True,0.7599999904632568,26.854251861572266,0.7200632095336914,1.0636534690856934,6.0,3.065547227859497,90.0
650.0,False,True,1.3600000143051147,30.442611694335938,0.8356497883796692,0.8687791228294373,3.0,2.3713455200195312,90.0
650.0,False,True,0.7799999713897705,24.46808433532715,1.051796555519104,1.0088285207748413,5.0,3.1174702644348145,90.0
650.0,False,True,0.8399999737739563,20.22535514831543,0.808771014213562,0.8504411578178406,4.0,2.6625587940216064,90.0
650.0,False,True,0.7799999713897705,23.173215866088867,0.9528862833976746,0.8972929120063782,5.0,2.9698739051818848,90.0
650.0,False,True,0.8199999928474426,18.415733337402344,0.8020930886268616,0.9214160442352295,3.0,2.694235324859619,90.0
650.0,False,True,1.8600000143051147,18.935302734375,2.308072328567505,1.009474277496338,3.0,2.9810519218444824,90.0
650.0,False,True,0.9199999570846558,29.631423950195312,0.8296852111816406,0.8617336750030518,7.0,2.6083154678344727,90.0
650.0,False,True,1.4800000190734863,27.32303237915039,0.9224870800971985,0.8359761834144592,4.0,2.610872745513916,90.0
650.0,False,True,0.6399999856948853,22.577526092529297,0.6845217347145081,0.9049012064933777,4.0,2.6300604343414307,90.0
650.0,False,True,0.7799999713897705,22.574750900268555,0.8002755045890808,0.9717814922332764,6.0,2.903718948364258,90.0
650.0,False,True,0.6399999856948853,26.51047706604004,0.5883015394210815,0.9203837513923645,4.0,2.5958034992218018,90.0
650.0,False,True,0.85999995470047,19.335002899169922,0.8589481711387634,0.8525269031524658,4.0,2.630836009979248,90.0
650.0,False,True,1.1799999475479126,23.50163459777832,1.4295463562011719,0.9740210175514221,5.0,3.067443370819092,90.0
650.0,False,True,0.7199999690055847,19.743877410888672,0.7074649333953857,0.835355818271637,3.0,2.63161039352417,90.0
650.0,True,False,nan,51.80617904663086,0.44252830743789673,1.0050066709518433,7.0,3.3601324558258057,90.0
650.0,True,False,nan,46.99848937988281,0.32226070761680603,0.8300971984863281,5.0,2.6027257442474365,90.0
650.0,True,False,nan,46.89433670043945,0.5284982323646545,0.9682390689849854,14.0,3.2229790687561035,90.0
650.0,True,False,nan,46.884525299072266,0.36953607201576233,0.8208760023117065,1.0,2.3400955200195312,90.0
650.0,True,False,nan,45.57492446899414,0.5069009065628052,0.9620257616043091,12.0,3.3295648097991943,90.0
650.0,True,False,nan,46.868675231933594,0.44472217559814453,0.7063144445419312,1.0,2.204341411590576,90.0
650.0,True,False,nan,52.520721435546875,0.5060021877288818,0.7926169633865356,4.0,2.724915027618408,90.0
650.0,True,False,nan,50.725555419921875,0.47712773084640503,0.7832149267196655,4.0,2.4419755935668945,90.0
650.0,True,False,nan,43.72392272949219,0.5393796563148499,1.0562175512313843,6.0,3.3428759574890137,90.0
650.0,True,False,nan,31.4633731842041,0.5192370414733887,0.9559841156005859,9.0,3.1582980155944824,90.0
650.0,True,False,nan,4.425583362579346,0.0457843616604805,0.9035511612892151,9.0,1.6688209772109985,90.0
650.0,True,False,nan,42.26618194580078,0.46118754148483276,0.8729138374328613,7.0,2.925633430480957,90.0
650.0,True,False,nan,2.13175630569458,0.0,0.8212356567382812,7.0,0.4925289750099182,90.0
650.0,True,False,nan,26.910390853881836,0.20206713676452637,0.8152300119400024,7.0,2.3981597423553467,90.0
650.0,True,False,nan,44.6517448425293,0.4192821681499481,0.9236651062965393,7.0,2.7199223041534424,90.0
650.0,True,False,nan,21.454381942749023,0.3011471927165985,0.8493859171867371,3.0,2.809821128845215,90.0
650.0,True,False,nan,45.482704162597656,0.41661080718040466,0.9486234784126282,7.0,3.7174251079559326,180.0
650.0,True,False,nan,45.44221496582031,0.42145174741744995,0.8729115128517151,7.0,3.669786214828491,180.0
650.0,True,False,nan,45.472816467285156,0.4296815097332001,1.0050064325332642,7.0,3.8408265113830566,180.0
650.0,True,False,nan,50.3481330871582,0.46493712067604065,0.8212350606918335,7.0,3.649506092071533,180.0
650.0,True,False,nan,45.83370590209961,0.3994486927986145,0.9236745238304138,7.0,3.467869520187378,180.0
650.0,True,False,nan,46.29195022583008,0.4717996418476105,0.8493821024894714,3.0,4.1802287101745605,180.0
650.0,True,False,nan,50.59181594848633,0.49673619866371155,1.0563247203826904,5.0,4.235106468200684,180.0
650.0,True,False,nan,50.953880310058594,0.454070508480072,0.7654757499694824,7.0,3.4342689514160156,180.0
650.0,True,False,nan,47.58736801147461,0.4567723572254181,0.9680899977684021,14.0,3.808600425720215,180.0
650.0,True,False,nan,52.6654167175293,0.4735272526741028,0.8208763599395752,1.0,3.9294121265411377,180.0
650.0,True,False,nan,45.24733352661133,0.4835011065006256,0.9559841752052307,9.0,3.8294308185577393,180.0
650.0,True,False,nan,49.07685852050781,0.49545156955718994,0.9620345234870911,12.0,3.8592140674591064,180.0
650.0,True,False,nan,49.43449783325195,0.5200575590133667,0.9035477638244629,4.0,4.1449480056762695,180.0
650.0,True,False,nan,50.95637893676758,0.5128307342529297,0.7463694214820862,6.0,3.7867934703826904,180.0
650.0,True,False,nan,52.81340408325195,0.44449758529663086,1.0539355278015137,7.0,3.8567097187042236,180.0
650.0,True,False,nan,47.9581413269043,0.513555109500885,0.715070903301239,3.0,3.8409721851348877,180.0
650.0,True,False,nan,53.19717025756836,0.5258708000183105,0.7047438621520996,1.0,3.9449408054351807,180.0
650.0,True,False,nan,46.06674575805664,0.453458696603775,0.8687801361083984,3.0,3.807424545288086,180.0
650.0,True,False,nan,51.291866302490234,0.48113250732421875,0.8152321577072144,7.0,3.5915818214416504,180.0
650.0,True,False,nan,47.77254104614258,0.42755454778671265,0.9245840311050415,7.0,3.5265095233917236,180.0
650.0,True,False,nan,48.15327072143555,0.5079447031021118,0.931202232837677,3.0,3.660003662109375,180.0
650.0,True,False,nan,47.19667434692383,0.5071054100990295,0.8721800446510315,7.0,3.651087999343872,180.0
650.0,True,False,nan,51.41082000732422,0.49758949875831604,0.8617330193519592,7.0,3.5781123638153076,180.0
650.0,True,False,nan,47.31312942504883,0.5747120976448059,0.892507016658783,4.0,3.703622579574585,180.0
650.0,True,False,nan,46.57423782348633,0.5953897833824158,0.9214755296707153,10.0,3.637423276901245,180.0
650.0,True,False,nan,46.76877212524414,0.633632242679596,0.913668692111969,4.0,3.8059816360473633,180.0
650.0,True,False,nan,49.263572692871094,0.7029914259910583,0.8934113383293152,7.0,3.7781989574432373,180.0
650.0,True,False,nan,49.665130615234375,0.8598507046699524,0.9718347191810608,4.0,3.792804479598999,180.0
650.0,True,False,nan,46.25326156616211,0.8653913736343384,0.8951435685157776,4.0,3.5495150089263916,180.0
650.0,True,False,nan,47.192562103271484,1.1142122745513916,0.8372939825057983,4.0,3.556778907775879,180.0
650.0,False,True,1.6999999284744263,19.751811981201172,2.812483072280884,0.7953423261642456,3.0,3.803424596786499,180.0
650.0,False,True,1.3600000143051147,17.832887649536133,2.008633852005005,0.7663756608963013,4.0,3.7465994358062744,180.0
650.0,False,True,1.6200000047683716,27.276418685913086,2.6051011085510254,0.7926126718521118,4.0,3.761981248855591,180.0
650.0,False,True,1.2799999713897705,12.98842716217041,1.6367738246917725,0.8430623412132263,5.0,3.4965133666992188,180.0
650.0,False,True,1.8799999952316284,30.53600311279297,3.1019978523254395,0.8300919532775879,5.0,3.5663070678710938,180.0
650.0,False,True,1.3600000143051147,12.053407669067383,1.893325686454773,0.7718139886856079,4.0,3.3840675354003906,180.0
650.0,False,True,1.2799999713897705,13.36291790008545,1.8012815713882446,0.8046817779541016,4.0,3.4431703090667725,180.0
650.0,False,True,1.4199999570846558,23.42349624633789,2.2940025329589844,0.7832176089286804,4.0,3.6327764987945557,180.0
650.0,False,True,2.319999933242798,34.9058952331543,4.37007474899292,0.763979434967041,3.0,3.3967089653015137,180.0
650.0,False,True,1.2799999713897705,15.387970924377441,1.741348147392273,0.909951388835907,3.0,3.23850417137146,180.0
650.0,False,True,1.100000023841858,10.719830513000488,1.4872137308120728,0.8780758380889893,4.0,3.364064931869507,180.0
650.0,False,True,1.3600000143051147,13.802743911743164,1.8497670888900757,0.8794975280761719,4.0,3.2796356678009033,180.0
650.0,False,True,1.559999942779541,16.709087371826172,2.1732234954833984,0.9603239297866821,7.0,3.2632946968078613,180.0
650.0,False,True,1.5799999237060547,15.846779823303223,2.2463324069976807,0.8623864650726318,6.0,3.754560947418213,180.0
650.0,False,True,1.3199999332427979,12.775287628173828,1.7261755466461182,0.7460485100746155,4.0,3.5631141662597656,180.0
650.0,False,True,1.2999999523162842,12.677935600280762,1.7157927751541138,1.0087785720825195,4.0,3.231200695037842,180.0
650.0,False,True,1.659999966621399,18.778106689453125,2.7019405364990234,0.9296472072601318,4.0,3.4183664321899414,180.0
650.0,False,False,nan,35.85469436645508,4.922154426574707,0.9185191988945007,11.0,3.5033352375030518,180.0
650.0,False,True,1.3600000143051147,14.745755195617676,1.8902561664581299,0.7945687770843506,4.0,3.5229074954986572,180.0
650.0,False,True,1.0799999237060547,11.2218599319458,1.4654124975204468,0.8541935682296753,4.0,3.3431332111358643,180.0
650.0,False,False,nan,40.48386001586914,6.403719425201416,0.9742534756660461,5.0,3.6512691974639893,180.0
650.0,False,True,1.6999999284744263,28.821687698364258,2.8502840995788574,0.7929174304008484,4.0,3.605570077896118,180.0
650.0,False,True,1.159999966621399,11.261137008666992,1.6159907579421997,0.8117307424545288,4.0,3.250047206878662,180.0
650.0,False,True,1.5799999237060547,17.483821868896484,2.2314655780792236,1.0636543035507202,6.0,3.4378740787506104,180.0
650.0,False,True,1.4199999570846558,16.52492904663086,2.0538687705993652,1.008833646774292,5.0,3.3221049308776855,180.0
650.0,False,True,1.3600000143051147,15.21645736694336,1.8523143529891968,0.8504461050033569,4.0,3.186527729034424,180.0
650.0,False,True,1.5999999046325684,17.78236961364746,2.4136619567871094,0.897300124168396,5.0,3.3568994998931885,180.0
650.0,False,True,1.100000023841858,11.739234924316406,1.5097737312316895,0.921416163444519,3.0,3.1968719959259033,180.0
650.0,False,True,1.2400000095367432,12.411998748779297,1.591523289680481,1.0097209215164185,3.0,3.1757867336273193,180.0
650.0,False,True,1.2999999523162842,13.040428161621094,1.7752801179885864,0.9049056172370911,4.0,3.389427900314331,180.0
650.0,False,True,1.3799999952316284,13.390462875366211,2.011685848236084,0.9717743396759033,6.0,3.365412950515747,180.0
650.0,False,True,1.2999999523162842,14.288689613342285,1.6928271055221558,0.8525174856185913,4.0,3.5570414066314697,180.0
650.0,False,True,1.559999942779541,16.854761123657227,2.2341103553771973,0.974021315574646,5.0,3.3417840003967285,180.0
650.0,False,True,1.1200000047683716,10.469034194946289,1.5075180530548096,0.8353563547134399,3.0,3.3613455295562744,180.0
650.0,True,False,nan,45.4825553894043,0.41663435101509094,0.9485678672790527,7.0,3.717406988143921,180.0
650.0,True,False,nan,45.472816467285156,0.4296813905239105,1.0050090551376343,7.0,3.8408236503601074,180.0
650.0,True,False,nan,50.34795379638672,0.464936763048172,0.8212370276451111,7.0,3.6495115756988525,180.0
650.0,True,False,nan,52.813018798828125,0.4445013403892517,1.0539214611053467,7.0,3.8567216396331787,180.0
650.0,True,False,nan,45.44233322143555,0.4214509129524231,0.8729112148284912,7.0,3.669787883758545,180.0
650.0,True,False,nan,45.83345031738281,0.39944952726364136,0.9236644506454468,7.0,3.467853546142578,180.0
650.0,True,False,nan,46.291778564453125,0.47179871797561646,0.8493834733963013,3.0,4.180232048034668,180.0
650.0,True,False,nan,50.95456314086914,0.4540703296661377,0.7654715776443481,7.0,3.434274911880493,180.0
650.0,True,False,nan,52.665374755859375,0.4735245704650879,0.820880115032196,1.0,3.9294188022613525,180.0
650.0,True,False,nan,50.956138610839844,0.5128302574157715,0.7463682293891907,6.0,3.786787986755371,180.0
650.0,True,False,nan,45.61697006225586,0.5127462148666382,0.7174230813980103,1.0,3.869385242462158,180.0
650.0,True,False,nan,53.196922302246094,0.5258705615997314,0.7047451734542847,1.0,3.944936752319336,180.0
650.0,True,False,nan,51.29197692871094,0.48113155364990234,0.8152341246604919,7.0,3.5915799140930176,180.0
650.0,True,False,nan,50.591468811035156,0.4967364966869354,1.0563327074050903,5.0,4.23508882522583,180.0
650.0,True,False,nan,47.58746337890625,0.45673567056655884,0.9682417511940002,14.0,3.808584690093994,180.0
650.0,True,False,nan,45.24713134765625,0.4835030138492584,0.9559803009033203,9.0,3.8294308185577393,180.0
650.0,True,False,nan,49.07668685913086,0.49545350670814514,0.9620262980461121,12.0,3.85921049118042,180.0
650.0,True,False,nan,49.43286895751953,0.5200499892234802,0.9035560488700867,4.0,4.144891738891602,180.0
650.0,True,False,nan,51.41096496582031,0.4975895285606384,0.8617342114448547,7.0,3.578110933303833,180.0
650.0,True,False,nan,48.153968811035156,0.5078930854797363,0.9313838481903076,3.0,3.6600093841552734,180.0
650.0,True,False,nan,47.196632385253906,0.5071049928665161,0.8721804618835449,7.0,3.6510884761810303,180.0
650.0,True,False,nan,46.066871643066406,0.4534590244293213,0.8687803745269775,3.0,3.8074252605438232,180.0
650.0,True,False,nan,51.88328170776367,0.43604153394699097,0.9203811883926392,4.0,3.5859899520874023,180.0
650.0,True,False,nan,47.31317138671875,0.5747101902961731,0.8925108313560486,4.0,3.7036211490631104,180.0
650.0,True,False,nan,45.699951171875,0.5805519819259644,0.9132211804389954,4.0,3.8288936614990234,180.0
650.0,True,False,nan,49.43252944946289,0.545598030090332,0.9229745268821716,5.0,4.18005895614624,180.0
650.0,True,False,nan,49.245323181152344,0.7035062909126282,0.8917714953422546,7.0,3.7783329486846924,180.0
650.0,True,False,nan,49.662715911865234,0.8598464131355286,0.9718407988548279,4.0,3.792797803878784,180.0
650.0,True,False,nan,38.39822769165039,0.6703041195869446,0.8951336145401001,4.0,3.549450159072876,180.0
650.0,True,False,nan,14.938352584838867,0.3268328607082367,0.8369865417480469,9.0,3.557844638824463,180.0
650.0,True,False,nan,47.25582504272461,0.24400581419467926,0.872907817363739,7.0,2.688004493713379,270.0
650.0,True,False,nan,49.41779708862305,0.2211807817220688,1.005005121231079,7.0,2.856102466583252,270.0
650.0,True,False,nan,48.57196807861328,0.25696423649787903,0.8208761811256409,1.0,2.635560989379883,270.0
650.0,True,False,nan,51.09088134765625,0.25961798429489136,1.053928256034851,7.0,3.0068609714508057,270.0
650.0,True,False,nan,48.737674713134766,0.26841044425964355,0.9485795497894287,7.0,2.9456021785736084,270.0
650.0,True,False,nan,46.31640625,0.23106205463409424,0.9236665368080139,7.0,2.6540348529815674,270.0
650.0,True,False,nan,47.94462203979492,0.5487142205238342,0.8212366700172424,7.0,2.5697715282440186,270.0
650.0,True,False,nan,45.935184478759766,0.6506141424179077,0.7654702067375183,7.0,2.5410988330841064,270.0
650.0,False,True,0.7599999904632568,31.477102279663086,0.7370350956916809,1.056326985359192,5.0,3.2839837074279785,270.0
650.0,False,True,0.85999995470047,35.968955993652344,0.8390828371047974,0.7953401207923889,3.0,2.701892852783203,270.0
650.0,False,True,0.5999999642372131,20.519989013671875,0.5465570688247681,0.7663713693618774,4.0,2.7930469512939453,270.0
650.0,False,True,0.5999999642372131,30.36835289001465,0.7500695586204529,0.7929584980010986,4.0,2.9952468872070312,270.0
650.0,False,True,0.3999999761581421,18.57012939453125,0.48192840814590454,0.843058705329895,5.0,3.215038537979126,270.0
650.0,False,True,0.5999999642372131,29.361743927001953,0.5337331295013428,0.894948422908783,4.0,2.8942017555236816,270.0
650.0,False,True,0.6200000047683716,24.894933700561523,0.5673967599868774,0.830092191696167,5.0,3.10371994972229,270.0
650.0,False,True,0.8199999928474426,36.49131393432617,0.6997630000114441,0.9296725392341614,3.0,3.0398917198181152,270.0
650.0,False,True,0.5999999642372131,23.803529739379883,0.5388143062591553,0.7718119621276855,4.0,2.9061405658721924,270.0
650.0,False,True,0.7599999904632568,39.548309326171875,1.0174373388290405,0.9681023359298706,14.0,2.861639976501465,270.0
650.0,False,True,0.8199999928474426,23.45552635192871,0.6012256741523743,0.9137933254241943,4.0,3.291792154312134,270.0
650.0,False,True,0.5999999642372131,24.136783599853516,0.6168230772018433,0.8046964406967163,4.0,2.7634098529815674,270.0
650.0,False,True,0.7799999713897705,31.77646255493164,0.5283350348472595,0.9559881687164307,9.0,3.0323145389556885,270.0
650.0,False,True,0.7799999713897705,44.906734466552734,0.8796018362045288,0.9620377421379089,12.0,3.00549578666687,270.0
650.0,False,True,1.1399999856948853,36.20064926147461,1.0505598783493042,0.7832148671150208,4.0,2.7321557998657227,270.0
650.0,False,True,0.5799999833106995,25.730554580688477,0.6106306910514832,0.7551543712615967,3.0,2.5239357948303223,270.0
650.0,False,True,0.7599999904632568,33.365211486816406,0.7994300127029419,0.903548002243042,4.0,3.3014461994171143,270.0
650.0,False,True,0.5999999642372131,26.418685913085938,0.4882403314113617,0.9100277423858643,3.0,2.6424190998077393,270.0
650.0,False,True,0.5999999642372131,23.048625946044922,0.5161975026130676,0.8780705332756042,4.0,3.1312992572784424,270.0
650.0,False,True,0.6599999666213989,23.250791549682617,0.49741801619529724,0.7616617679595947,2.0,2.4470391273498535,270.0
650.0,False,True,0.41999998688697815,22.193418502807617,0.5081632733345032,0.8794963359832764,4.0,3.2546746730804443,270.0
650.0,False,True,0.5799999833106995,25.790271759033203,0.5491821765899658,0.892503559589386,4.0,3.1949074268341064,270.0
650.0,False,True,0.8199999928474426,24.230558395385742,0.5992196202278137,0.9603040218353271,7.0,3.3257369995117188,270.0
650.0,False,True,0.8199999928474426,32.90614318847656,0.7806801199913025,0.922966718673706,5.0,3.2894060611724854,270.0
650.0,False,True,0.7400000095367432,32.346431732177734,0.7679153084754944,0.8623822927474976,6.0,3.0163934230804443,270.0
650.0,False,True,0.5999999642372131,23.307954788208008,0.5800763964653015,0.7460455298423767,4.0,2.8040988445281982,270.0
650.0,False,True,0.5799999833106995,22.931543350219727,0.6070374846458435,0.7150687575340271,3.0,2.6573281288146973,270.0
650.0,False,True,0.8399999737739563,21.93360137939453,0.5501577854156494,1.0087826251983643,4.0,3.218132495880127,270.0
650.0,False,True,0.5999999642372131,27.141979217529297,0.5506137609481812,0.9296354055404663,4.0,3.139941453933716,270.0
650.0,False,True,0.7400000095367432,28.436586380004883,0.7938305735588074,0.9185100793838501,11.0,3.5649330615997314,270.0
650.0,False,True,0.5799999833106995,27.524452209472656,0.6203556656837463,0.7945619225502014,4.0,2.851168394088745,270.0
650.0,False,True,0.5999999642372131,24.1353702545166,0.5488519072532654,0.8541833758354187,4.0,2.896879196166992,270.0
650.0,False,True,0.8199999928474426,23.506071090698242,0.5880987048149109,0.8934047818183899,7.0,3.2479639053344727,270.0
650.0,False,True,1.1399999856948853,34.15188980102539,0.9496559500694275,0.704742431640625,1.0,2.394551992416382,270.0
650.0,False,True,0.8399999737739563,28.895671844482422,0.7024364471435547,0.9742522239685059,5.0,3.3754429817199707,270.0
650.0,False,True,0.6200000047683716,29.64870834350586,0.6519359946250916,0.792881190776825,4.0,3.217562198638916,270.0
650.0,False,True,0.5799999833106995,28.71733856201172,0.4367409348487854,0.8721825480461121,7.0,2.8496129512786865,270.0
650.0,False,True,0.5999999642372131,23.378522872924805,0.5182584524154663,0.8117321729660034,4.0,2.9863266944885254,270.0
650.0,False,True,0.7999999523162842,27.392032623291016,0.7217188477516174,1.0636522769927979,6.0,3.4462826251983643,270.0
650.0,False,True,0.8399999737739563,38.52586364746094,0.87747722864151,0.8687789440155029,3.0,2.7152628898620605,270.0
650.0,False,True,1.4399999380111694,37.38755798339844,0.8119261860847473,0.8152326345443726,7.0,2.4809458255767822,270.0
650.0,False,True,0.8399999737739563,25.813600540161133,0.6313462257385254,1.008828043937683,5.0,3.336110830307007,270.0
650.0,False,True,0.5799999833106995,22.48243522644043,0.49859094619750977,0.8504428267478943,4.0,3.080557346343994,270.0
650.0,False,True,0.8199999928474426,23.339143753051758,0.6957457065582275,0.8972927331924438,5.0,3.3656880855560303,270.0
650.0,False,True,0.4599999785423279,23.760217666625977,0.4448840022087097,0.9214175343513489,3.0,2.7901415824890137,270.0
650.0,False,True,0.8199999928474426,24.93941879272461,0.6051890850067139,1.0094776153564453,3.0,3.0187594890594482,270.0
650.0,False,True,0.5799999833106995,33.43961715698242,0.4388739764690399,0.861732006072998,7.0,2.656736373901367,270.0
650.0,False,True,0.85999995470047,36.13115310668945,0.7731892466545105,0.8493813872337341,3.0,2.899233102798462,270.0
650.0,False,True,0.5999999642372131,25.975807189941406,0.4994170069694519,0.8372361660003662,5.0,3.1931312084198,270.0
650.0,False,True,0.5999999642372131,24.843538284301758,0.5002893805503845,0.9049051403999329,4.0,3.0121171474456787,270.0
650.0,False,True,0.85999995470047,24.399864196777344,0.5725384950637817,0.9717832207679749,6.0,3.3825061321258545,270.0
650.0,False,True,0.85999995470047,35.922245025634766,0.6790990829467773,0.9245911240577698,7.0,2.820077896118164,270.0
650.0,False,True,0.3799999952316284,20.217479705810547,0.45195630192756653,0.8525131940841675,4.0,3.173651695251465,270.0
650.0,False,True,0.85999995470047,24.61507797241211,0.5486313700675964,0.9740210771560669,5.0,3.3160524368286133,270.0
650.0,False,True,0.5999999642372131,26.33604621887207,0.5068556666374207,0.8353707194328308,3.0,2.573448896408081,270.0
650.0,False,True,0.7999999523162842,33.5985221862793,0.8713462948799133,0.9718387126922607,4.0,3.219578504562378,270.0
650.0,True,False,nan,23.17949104309082,0.1125316172838211,0.8208798170089722,1.0,2.383828639984131,270.0
650.0,True,False,nan,1.0391050577163696,0.0,0.8212336897850037,7.0,0.0,270.0
700.0,True,False,nan,46.04288101196289,0.17496724426746368,0.7616568803787231,2.0,3.533616542816162,0.0
700.0,True,False,nan,46.6343994140625,0.18704067170619965,0.7150696516036987,3.0,3.5527420043945312,0.0
700.0,True,False,nan,47.8835563659668,0.13452373445034027,0.8729128837585449,7.0,3.3579318523406982,0.0
700.0,True,False,nan,45.520423889160156,0.12496413290500641,1.0050057172775269,7.0,3.472243309020996,0.0
700.0,True,False,nan,46.894020080566406,0.1588847041130066,0.7047429084777832,1.0,3.2132301330566406,0.0
700.0,True,False,nan,45.68315505981445,0.16055986285209656,0.8212313652038574,7.0,3.520960569381714,0.0
700.0,True,False,nan,51.244544982910156,0.15357962250709534,0.815227746963501,7.0,3.421387195587158,0.0
700.0,True,False,nan,46.71041488647461,0.13847659528255463,0.9236689805984497,7.0,3.3057639598846436,0.0
700.0,True,False,nan,46.837406158447266,0.1661907434463501,0.7953456044197083,3.0,3.035181999206543,0.0
700.0,True,False,nan,45.45613098144531,0.1734771728515625,0.894956648349762,4.0,3.189225912094116,0.0
700.0,True,False,nan,49.282859802246094,0.17433208227157593,0.9313849806785583,3.0,3.4622671604156494,0.0
700.0,True,False,nan,47.65116882324219,0.21401214599609375,0.771809458732605,4.0,3.501720905303955,0.0
700.0,True,False,nan,56.70330047607422,0.16404198110103607,0.8208763003349304,1.0,3.404451847076416,0.0
700.0,True,False,nan,49.5993537902832,0.20783576369285583,0.8046834468841553,4.0,3.289351224899292,0.0
700.0,True,False,nan,53.54944610595703,0.1442696750164032,0.9620330333709717,12.0,3.5771982669830322,0.0
700.0,True,False,nan,54.305973052978516,0.1789768636226654,0.7832170128822327,4.0,3.320878505706787,0.0
700.0,True,False,nan,49.29541015625,0.13900667428970337,0.9035559892654419,4.0,3.426034927368164,0.0
700.0,True,False,nan,48.06352233886719,0.17485609650611877,0.8925068378448486,4.0,3.4764351844787598,0.0
700.0,True,False,nan,48.051727294921875,0.11401550471782684,1.0539264678955078,7.0,3.0019447803497314,0.0
700.0,True,False,nan,52.416141510009766,0.145467609167099,0.9485554695129395,7.0,3.135761260986328,0.0
700.0,True,False,nan,46.298397064208984,0.21464398503303528,0.746046245098114,4.0,3.4859859943389893,0.0
700.0,True,False,nan,46.49535369873047,0.1956692487001419,0.7945708632469177,4.0,3.262326955795288,0.0
700.0,True,False,nan,45.73619842529297,0.15914759039878845,0.7929251790046692,4.0,3.2948107719421387,0.0
700.0,True,False,nan,49.760799407958984,0.15983852744102478,0.8687846660614014,3.0,3.1179230213165283,0.0
700.0,True,False,nan,46.060333251953125,0.1783728152513504,0.8617376685142517,7.0,3.403700113296509,0.0
700.0,True,False,nan,49.260032653808594,0.15581952035427094,0.8493874073028564,3.0,3.418349504470825,0.0
700.0,True,False,nan,48.406002044677734,0.17909139394760132,0.8372347354888916,5.0,3.452915668487549,0.0
700.0,True,False,nan,47.860862731933594,0.16331535577774048,0.9203845858573914,4.0,3.1227364540100098,0.0
700.0,True,False,nan,45.86616516113281,0.12955501675605774,1.056328296661377,5.0,3.3161861896514893,0.0
700.0,True,False,nan,51.52259826660156,0.17954351007938385,0.7929565906524658,4.0,3.3044350147247314,0.0
700.0,True,False,nan,47.00194549560547,0.18848104774951935,0.8300937414169312,5.0,3.3824820518493652,0.0
700.0,True,False,nan,51.16387176513672,0.1511286497116089,0.9229638576507568,5.0,3.34566330909729,0.0
700.0,True,False,nan,49.49705123901367,0.16844268143177032,0.8623853325843811,6.0,3.2669577598571777,0.0
700.0,True,False,nan,46.76012420654297,0.15032267570495605,0.918508768081665,11.0,3.2265851497650146,0.0
700.0,True,False,nan,45.12352752685547,0.16724149882793427,0.9718345403671265,4.0,3.3688886165618896,0.0
700.0,True,False,nan,52.746498107910156,0.4385106563568115,0.7654725909233093,7.0,3.4716367721557617,0.0
700.0,True,False,nan,45.98534393310547,0.34317848086357117,0.9682298302650452,14.0,3.496856927871704,0.0
700.0,True,False,nan,45.34273147583008,0.794132649898529,0.9137269854545593,4.0,3.5656402111053467,0.0
700.0,True,False,nan,45.40341567993164,0.6707243323326111,0.9559813737869263,9.0,3.543351411819458,0.0
700.0,True,False,nan,48.40916442871094,1.9064923524856567,0.9742552042007446,5.0,3.2676076889038086,0.0
700.0,False,True,1.1999999284744263,41.98212432861328,1.5395848751068115,0.7663754820823669,4.0,3.530933141708374,0.0
700.0,False,True,0.9199999570846558,34.74625015258789,1.162526249885559,0.843071460723877,5.0,3.530479907989502,0.0
700.0,False,True,1.4800000190734863,44.03826904296875,1.7921655178070068,0.7553558349609375,3.0,3.3933775424957275,0.0
700.0,False,True,0.9399999976158142,40.89103317260742,1.2980773448944092,0.9100314974784851,3.0,3.222736358642578,0.0
700.0,False,True,0.9799999594688416,32.23714065551758,1.5357524156570435,0.8780708909034729,4.0,3.322718858718872,0.0
700.0,False,True,1.4399999380111694,43.695068359375,1.7274683713912964,0.8794973492622375,4.0,3.4688212871551514,0.0
700.0,False,True,0.8999999761581421,42.83824157714844,1.0329684019088745,0.9603174328804016,7.0,3.465363025665283,0.0
700.0,False,True,0.8999999761581421,33.38298416137695,1.3264118432998657,1.0087807178497314,4.0,3.3438730239868164,0.0
700.0,False,True,1.1799999475479126,43.78961181640625,1.5570526123046875,0.9296472072601318,4.0,3.2139151096343994,0.0
700.0,False,True,1.1799999475479126,38.954315185546875,1.7819796800613403,0.8541913628578186,4.0,3.3491153717041016,0.0
700.0,False,True,0.8999999761581421,39.307796478271484,1.1215465068817139,0.8917702436447144,7.0,3.5549721717834473,0.0
700.0,False,False,nan,41.56581497192383,2.462114095687866,0.8721797466278076,7.0,3.4988620281219482,0.0
700.0,False,True,0.9199999570846558,43.14378356933594,1.3826959133148193,0.8117318749427795,4.0,3.383681058883667,0.0
700.0,False,True,1.1799999475479126,43.35334014892578,1.3889577388763428,1.0636413097381592,6.0,3.2705752849578857,0.0
700.0,False,True,0.8999999761581421,39.365684509277344,1.0721874237060547,1.0088353157043457,5.0,3.2677652835845947,0.0
700.0,False,True,0.9199999570846558,41.54621887207031,1.2463253736495972,0.8504423499107361,4.0,3.3744399547576904,0.0
700.0,False,True,0.8999999761581421,41.53386688232422,1.1796618700027466,0.8972993493080139,5.0,3.3910410404205322,0.0
700.0,False,True,0.9399999976158142,34.561553955078125,1.4405407905578613,0.9213735461235046,3.0,3.320791006088257,0.0
700.0,False,True,1.4399999380111694,31.089706420898438,1.6514723300933838,1.009971261024475,4.0,3.320784330368042,0.0
700.0,False,True,0.9199999570846558,42.89443588256836,1.2907863855361938,0.9049150347709656,4.0,3.227074146270752,0.0
700.0,False,True,0.8999999761581421,40.15558624267578,1.172918677330017,0.9717776775360107,6.0,3.2876572608947754,0.0
700.0,False,True,0.9199999570846558,36.456634521484375,1.0961564779281616,0.8525182604789734,4.0,3.530426025390625,0.0
700.0,False,True,0.9199999570846558,44.320194244384766,1.0877840518951416,0.9740222096443176,5.0,3.35471773147583,0.0
700.0,False,True,1.0,34.84482955932617,1.590006947517395,0.8353760242462158,3.0,3.3418290615081787,0.0
700.0,True,False,nan,47.88337326049805,0.13452591001987457,0.8729036450386047,7.0,3.3579182624816895,0.0
700.0,True,False,nan,56.70317840576172,0.16404114663600922,0.8208785057067871,1.0,3.4044485092163086,0.0
700.0,True,False,nan,46.893798828125,0.15888440608978271,0.704741358757019,1.0,3.2132344245910645,0.0
700.0,True,False,nan,51.24463653564453,0.153578981757164,0.8152322173118591,7.0,3.4213826656341553,0.0
700.0,True,False,nan,46.75040054321289,0.1756153404712677,0.7463725805282593,6.0,3.5424089431762695,0.0
700.0,True,False,nan,45.69091796875,0.16063833236694336,0.8202574849128723,7.0,3.52070689201355,0.0
700.0,True,False,nan,53.5495719909668,0.14426934719085693,0.962035059928894,12.0,3.5771939754486084,0.0
700.0,True,False,nan,49.295108795166016,0.1390070915222168,0.903557538986206,4.0,3.4260592460632324,0.0
700.0,True,False,nan,46.710208892822266,0.13847778737545013,0.9236646890640259,7.0,3.305760622024536,0.0
700.0,True,False,nan,51.51719284057617,0.17957967519760132,0.7926121354103088,4.0,3.3026463985443115,0.0
700.0,True,False,nan,49.25992965698242,0.15581980347633362,0.8493807315826416,3.0,3.4183566570281982,0.0
700.0,True,False,nan,46.63457107543945,0.18704059720039368,0.7150682806968689,3.0,3.5527431964874268,0.0
700.0,True,False,nan,46.75895309448242,0.15031827986240387,0.9185153245925903,11.0,3.226618766784668,0.0
700.0,True,False,nan,45.7360954284668,0.15914827585220337,0.7929227948188782,4.0,3.2948124408721924,0.0
700.0,True,False,nan,45.86695861816406,0.1295560598373413,1.0563251972198486,5.0,3.316175699234009,0.0
700.0,True,False,nan,51.16434097290039,0.15112753212451935,0.9229692816734314,5.0,3.3456597328186035,0.0
700.0,True,False,nan,54.306209564208984,0.17897863686084747,0.7832071781158447,4.0,3.3208694458007812,0.0
700.0,True,False,nan,52.79896545410156,0.43859627842903137,0.7654739618301392,7.0,3.471635341644287,0.0
700.0,True,False,nan,49.49708557128906,0.1684415191411972,0.8623849749565125,5.0,3.266960620880127,0.0
700.0,True,False,nan,46.83713150024414,0.16618865728378296,0.7953515648841858,3.0,3.0351788997650146,0.0
700.0,True,False,nan,49.7608528137207,0.1598394513130188,0.8687836527824402,3.0,3.1179208755493164,0.0
700.0,True,False,nan,49.59885025024414,0.20783856511116028,0.8046815991401672,4.0,3.289339303970337,0.0
700.0,True,False,nan,1.7333649396896362,0.0,0.8300861120223999,5.0,0.40917471051216125,0.0
700.0,True,False,nan,48.25288772583008,0.42929717898368835,1.0050067901611328,7.0,3.6053898334503174,90.0
700.0,True,False,nan,46.899559020996094,0.520550012588501,0.9682384729385376,14.0,3.3896450996398926,90.0
700.0,True,False,nan,46.99136734008789,0.3211246132850647,0.820878267288208,1.0,2.5485620498657227,90.0
700.0,True,False,nan,46.29924392700195,0.49366089701652527,0.9620385766029358,12.0,3.499232530593872,90.0
700.0,True,False,nan,48.191986083984375,0.4968155026435852,1.0563181638717651,5.0,3.538813591003418,90.0
700.0,True,False,nan,47.144676208496094,0.42557623982429504,0.8729103207588196,7.0,3.096461534500122,90.0
700.0,True,False,nan,46.909542083740234,0.4062996208667755,0.7063133120536804,1.0,2.468707799911499,90.0
700.0,True,False,nan,47.9152717590332,0.3874445855617523,0.923671543598175,7.0,2.8152143955230713,90.0
700.0,True,False,nan,45.06949234008789,0.43325313925743103,0.7654712796211243,7.0,2.808173656463623,90.0
700.0,True,False,nan,47.58294677734375,0.6050463914871216,0.955984354019165,9.0,3.3657326698303223,90.0
700.0,True,False,nan,46.37186813354492,0.42489925026893616,1.0539313554763794,7.0,3.2829668521881104,90.0
700.0,True,False,nan,45.653717041015625,0.41242119669914246,0.8152327537536621,7.0,2.571563243865967,90.0
700.0,True,False,nan,46.487060546875,0.5447639226913452,0.9035519957542419,4.0,3.360973596572876,90.0
700.0,True,False,nan,48.06752014160156,0.48781323432922363,0.8493831157684326,3.0,2.9973959922790527,90.0
700.0,True,False,nan,47.276588439941406,0.5400204658508301,0.7929493188858032,4.0,2.8935844898223877,90.0
700.0,True,False,nan,51.86311721801758,0.4734649658203125,0.8212356567382812,7.0,2.7563414573669434,90.0
700.0,True,False,nan,45.171051025390625,0.5006924271583557,0.7953314781188965,3.0,2.410410165786743,90.0
700.0,True,False,nan,45.138729095458984,0.5797935724258423,0.8300963640213013,5.0,2.909287929534912,90.0
700.0,True,False,nan,49.3675651550293,0.5082775950431824,0.7832103967666626,4.0,2.6101784706115723,90.0
700.0,True,False,nan,49.112937927246094,0.5560203194618225,0.7928952574729919,4.0,2.763293981552124,90.0
700.0,True,False,nan,46.67548370361328,0.5031815767288208,0.9718295335769653,4.0,3.253282308578491,90.0
700.0,True,False,nan,54.16232681274414,0.5078632831573486,0.8623904585838318,6.0,2.7373642921447754,90.0
700.0,True,False,nan,48.4686164855957,0.6542462706565857,0.9485783576965332,7.0,3.0716540813446045,90.0
700.0,True,False,nan,46.99208068847656,0.7511404752731323,0.9313857555389404,3.0,3.2036476135253906,90.0
700.0,True,False,nan,45.91666793823242,0.665386974811554,0.9229692816734314,5.0,3.1970114707946777,90.0
700.0,True,False,nan,48.55729293823242,1.633670449256897,0.9185189008712769,11.0,3.257185935974121,90.0
700.0,True,False,nan,47.105918884277344,2.0076968669891357,0.8617321848869324,7.0,2.800503730773926,90.0
700.0,False,True,1.3799999952316284,29.08954429626465,1.033265233039856,0.7663767337799072,4.0,2.6181178092956543,90.0
700.0,False,True,0.8399999737739563,19.21996307373047,1.0466327667236328,0.8430663347244263,5.0,2.8642961978912354,90.0
700.0,False,True,0.7999999523162842,26.38294219970703,1.027921199798584,0.8951447010040283,4.0,2.94931960105896,90.0
700.0,False,True,0.9399999976158142,28.62523078918457,1.1269062757492065,0.7718151807785034,4.0,2.54207444190979,90.0
700.0,False,True,1.9199999570846558,26.304906845092773,3.088306188583374,0.9137925505638123,4.0,3.1516852378845215,90.0
700.0,False,True,1.1999999284744263,25.675724029541016,1.0600605010986328,0.8046943545341492,4.0,2.523690938949585,90.0
700.0,False,True,1.3799999952316284,28.930747985839844,1.1719788312911987,0.7639797329902649,3.0,2.6478471755981445,90.0
700.0,False,True,0.9199999570846558,25.545103073120117,0.8329339027404785,0.9099586606025696,3.0,2.6392767429351807,90.0
700.0,False,True,0.7999999523162842,16.656494140625,1.0006521940231323,0.8780717253684998,4.0,3.0112149715423584,90.0
700.0,False,True,0.9199999570846558,31.194772720336914,1.0631920099258423,0.7463725805282593,6.0,2.590867757797241,90.0
700.0,False,True,0.8199999928474426,22.462011337280273,0.9828972816467285,0.879489004611969,4.0,2.9516167640686035,90.0
700.0,False,True,1.1999999284744263,28.84144401550293,1.201438069343567,0.892514169216156,4.0,3.045262098312378,90.0
700.0,False,True,1.899999976158142,24.174421310424805,2.883857488632202,0.9603116512298584,7.0,3.2674477100372314,90.0
700.0,False,True,1.3399999141693115,29.637248992919922,1.1232496500015259,0.7460455298423767,4.0,2.6059768199920654,90.0
700.0,False,True,2.0,37.95030975341797,1.4735124111175537,0.7173783183097839,1.0,2.5720105171203613,90.0
700.0,False,True,1.8399999141693115,21.974449157714844,2.628276824951172,1.0087779760360718,4.0,3.2568910121917725,90.0
700.0,False,True,0.9199999570846558,27.635419845581055,0.8484199047088623,0.9296412467956543,4.0,2.9110419750213623,90.0
700.0,False,True,1.399999976158142,34.755069732666016,1.2735047340393066,0.794563889503479,4.0,2.600801944732666,90.0
700.0,False,True,1.3799999952316284,23.697145462036133,0.9292735457420349,0.8541973829269409,4.0,2.724128246307373,90.0
700.0,False,True,1.899999976158142,24.055702209472656,2.8463668823242188,0.8917637467384338,7.0,3.083343982696533,90.0
700.0,False,True,0.8999999761581421,31.729999542236328,1.0240079164505005,0.9742489457130432,5.0,3.082186460494995,90.0
700.0,False,True,1.8399999141693115,35.737396240234375,2.523263931274414,0.8721787929534912,7.0,3.0818421840667725,90.0
700.0,False,True,1.059999942779541,27.031658172607422,1.1189465522766113,0.8117292523384094,4.0,2.6164844036102295,90.0
700.0,False,True,0.9399999976158142,30.05971336364746,0.8892280459403992,1.0636519193649292,6.0,3.2628672122955322,90.0
700.0,False,True,2.379999876022339,36.029598236083984,1.5920356512069702,0.8687772154808044,3.0,2.519582986831665,90.0
700.0,False,True,1.1399999856948853,28.51495933532715,1.3250583410263062,1.008765697479248,5.0,3.302781105041504,90.0
700.0,False,True,0.8199999928474426,21.59746742248535,0.9095593094825745,0.8504409790039062,4.0,2.808086395263672,90.0
700.0,False,True,1.0,25.05967903137207,1.0948190689086914,0.8973086476325989,5.0,3.1546366214752197,90.0
700.0,False,True,0.7799999713897705,20.240711212158203,0.8556329607963562,0.921416163444519,3.0,2.852470636367798,90.0
700.0,False,True,1.6399999856948853,22.84243392944336,2.320871353149414,1.0094783306121826,3.0,3.1707675457000732,90.0
700.0,False,True,1.6200000047683716,29.10733985900879,1.5244051218032837,0.8373004794120789,4.0,2.7701425552368164,90.0
700.0,False,True,0.6800000071525574,23.878387451171875,0.8705587983131409,0.9048995971679688,4.0,2.7636115550994873,90.0
700.0,False,True,0.7999999523162842,25.159631729125977,0.9260827898979187,0.9718010425567627,6.0,3.119523286819458,90.0
700.0,False,True,1.2599999904632568,31.943723678588867,1.0305966138839722,0.9203815460205078,4.0,2.8171050548553467,90.0
700.0,False,True,0.8399999737739563,20.22682762145996,1.00368332862854,0.8525149822235107,4.0,2.7941207885742188,90.0
700.0,False,True,1.1399999856948853,25.212453842163086,1.442837119102478,0.9740281105041504,5.0,3.2275097370147705,90.0
700.0,False,True,0.7199999690055847,20.31160545349121,0.8747236728668213,0.8353497385978699,3.0,2.8200645446777344,90.0
700.0,True,False,nan,48.25289535522461,0.42929670214653015,1.005010962486267,7.0,3.605393648147583,90.0
700.0,True,False,nan,46.90044403076172,0.520592212677002,0.9681048393249512,14.0,3.389662742614746,90.0
700.0,True,False,nan,46.991790771484375,0.3211206793785095,0.8208767175674438,1.0,2.548560619354248,90.0
700.0,True,False,nan,46.0713996887207,0.3341946005821228,0.942776083946228,7.0,3.3789124488830566,90.0
700.0,True,False,nan,46.29917526245117,0.49366408586502075,0.962027907371521,12.0,3.4992332458496094,90.0
700.0,True,False,nan,46.909423828125,0.4062998294830322,0.7063132524490356,1.0,2.4687082767486572,90.0
700.0,True,False,nan,45.65370178222656,0.41242262721061707,0.8152315020561218,7.0,2.5715670585632324,90.0
700.0,True,False,nan,45.06885528564453,0.4332531988620758,0.7654741406440735,7.0,2.8081746101379395,90.0
700.0,True,False,nan,47.915008544921875,0.3874441087245941,0.923672080039978,7.0,2.8152241706848145,90.0
700.0,True,False,nan,48.758216857910156,0.49931004643440247,1.055982232093811,5.0,3.5299596786499023,90.0
700.0,True,False,nan,47.14539337158203,0.42557865381240845,0.8729092478752136,7.0,3.096468925476074,90.0
700.0,True,False,nan,47.276405334472656,0.5400166511535645,0.7929561734199524,4.0,2.893594980239868,90.0
700.0,True,False,nan,49.35353088378906,0.5083365440368652,0.7832150459289551,4.0,2.6101438999176025,90.0
700.0,True,False,nan,45.165828704833984,0.5006826519966125,0.7953439950942993,3.0,2.4104347229003906,90.0
700.0,True,False,nan,47.543582916259766,0.5548717379570007,0.7929249405860901,4.0,2.784097909927368,90.0
700.0,True,False,nan,54.16519546508789,0.5078680515289307,0.8623831272125244,6.0,2.737382650375366,90.0
700.0,True,False,nan,46.488182067871094,0.5447598099708557,0.9035472273826599,4.0,3.3610103130340576,90.0
700.0,True,False,nan,51.860111236572266,0.4734739661216736,0.8212345838546753,7.0,2.7563483715057373,90.0
700.0,True,False,nan,46.37154769897461,0.42489659786224365,1.05393648147583,7.0,3.2829713821411133,90.0
700.0,True,False,nan,8.377799034118652,0.1978556364774704,0.8300949931144714,4.0,2.557619094848633,90.0
700.0,True,False,nan,32.8038330078125,0.4417150914669037,0.9313768148422241,2.0,3.2036478519439697,90.0
700.0,True,False,nan,23.24837875366211,0.25631484389305115,0.9485788941383362,7.0,3.0716447830200195,90.0
700.0,True,False,nan,3.4177021980285645,0.11366306990385056,0.9240788817405701,7.0,2.2438085079193115,90.0
700.0,True,False,nan,37.72333908081055,0.4450230002403259,0.8493831753730774,3.0,2.997408628463745,90.0
700.0,True,False,nan,18.95306968688965,0.2840680181980133,0.9718276262283325,4.0,3.2532684803009033,90.0
700.0,True,False,nan,46.32685089111328,0.4492509365081787,1.056318998336792,5.0,4.384117603302002,180.0
700.0,True,False,nan,45.33622360229492,0.4570239186286926,0.9620386362075806,12.0,4.167088031768799,180.0
700.0,True,False,nan,46.70519256591797,0.4022182822227478,1.053929090499878,7.0,4.2167134284973145,180.0
700.0,True,False,nan,45.311466217041016,0.42013826966285706,1.0050110816955566,7.0,3.9454848766326904,180.0
700.0,True,False,nan,49.334415435791016,0.46584659814834595,0.765474259853363,7.0,3.651090383529663,180.0
700.0,True,False,nan,48.53875732421875,0.4721275568008423,0.968109667301178,14.0,4.062598705291748,180.0
700.0,True,False,nan,50.6987419128418,0.47295501828193665,0.8208763003349304,1.0,4.185518741607666,180.0
700.0,True,False,nan,48.017059326171875,0.49051111936569214,0.9559764862060547,9.0,4.080665111541748,180.0
700.0,True,False,nan,55.376953125,0.5129801630973816,0.9035434126853943,4.0,4.480323791503906,180.0
700.0,True,False,nan,50.58466720581055,0.4592253267765045,0.9485553503036499,7.0,4.12669038772583,180.0
700.0,True,False,nan,50.0833854675293,0.5121009349822998,0.9230670928955078,5.0,4.33896017074585,180.0
700.0,True,False,nan,49.9121208190918,0.5108495950698853,0.7150691747665405,3.0,4.113626003265381,180.0
700.0,True,False,nan,52.2374267578125,0.4602357745170593,0.8729056715965271,7.0,4.005537986755371,180.0
700.0,True,False,nan,52.720924377441406,0.5144934058189392,0.7063139081001282,1.0,4.186716556549072,180.0
700.0,True,False,nan,56.769691467285156,0.4879082143306732,0.8212356567382812,7.0,3.6918740272521973,180.0
700.0,True,False,nan,47.04792785644531,0.47681698203086853,0.8152287006378174,7.0,3.822148084640503,180.0
700.0,True,False,nan,52.634883880615234,0.4385698437690735,0.9236693382263184,7.0,3.7390427589416504,180.0
700.0,True,False,nan,54.86861038208008,0.5069960355758667,0.8493844866752625,3.0,4.263765811920166,180.0
700.0,True,False,nan,48.307289123535156,0.4292506277561188,0.9203829169273376,4.0,3.7859106063842773,180.0
700.0,True,False,nan,48.81189727783203,0.5193660259246826,0.9293930530548096,3.0,3.928367853164673,180.0
700.0,True,False,nan,53.07761001586914,0.5275938510894775,0.9136762022972107,4.0,3.8687238693237305,180.0
700.0,True,False,nan,55.8764533996582,0.524291455745697,0.7616575360298157,2.0,3.8146095275878906,180.0
700.0,True,False,nan,50.51374816894531,0.5542802810668945,0.8915732502937317,4.0,4.023003101348877,180.0
700.0,True,False,nan,49.313411712646484,0.5779628753662109,0.7928920984268188,4.0,4.366389751434326,180.0
700.0,True,False,nan,47.01757049560547,0.5284497141838074,0.872179388999939,7.0,3.831433057785034,180.0
700.0,True,False,nan,49.069583892822266,0.4899659752845764,0.8687797784805298,3.0,3.9416286945343018,180.0
700.0,True,False,nan,51.45117950439453,0.5067052841186523,0.852690577507019,7.0,3.782663106918335,180.0
700.0,True,False,nan,48.49061584472656,0.565867006778717,0.8372946977615356,4.0,4.100475788116455,180.0
700.0,True,False,nan,47.71038818359375,0.5753605365753174,0.7953352928161621,3.0,4.1701555252075195,180.0
700.0,True,False,nan,48.809181213378906,0.5723682641983032,0.8917779326438904,7.0,4.040299415588379,180.0
700.0,True,False,nan,47.95413589477539,0.683849573135376,0.7929521799087524,4.0,4.421247482299805,180.0
700.0,True,False,nan,47.688941955566406,0.6495146751403809,1.0636532306671143,6.0,3.8623976707458496,180.0
700.0,True,False,nan,47.48289489746094,0.801604688167572,0.8951386213302612,4.0,3.6074745655059814,180.0
700.0,True,False,nan,46.78019714355469,0.7901256680488586,0.9718353748321533,4.0,3.6831440925598145,180.0
700.0,True,False,nan,45.46913146972656,0.9018034338951111,0.9296433329582214,4.0,3.5485105514526367,180.0
700.0,True,False,nan,48.178688049316406,0.8854732513427734,1.0088326930999756,5.0,3.6751980781555176,180.0
700.0,True,False,nan,48.41807174682617,0.9773472547531128,0.7945681810379028,4.0,3.779848098754883,180.0
700.0,True,False,nan,46.06297302246094,0.9268940091133118,0.8504449725151062,4.0,3.4736814498901367,180.0
700.0,True,False,nan,48.08082962036133,1.085774302482605,0.8623878955841064,6.0,4.154263019561768,180.0
700.0,True,False,nan,46.945884704589844,0.9541935324668884,0.9717648029327393,6.0,3.8568994998931885,180.0
700.0,True,False,nan,45.986534118652344,1.0436547994613647,0.9742550849914551,5.0,3.595909833908081,180.0
700.0,True,False,nan,45.54734420776367,1.2949962615966797,0.9185135364532471,11.0,3.7591395378112793,180.0
700.0,True,False,nan,50.563941955566406,1.311462640762329,0.9100351929664612,3.0,3.463395357131958,180.0
700.0,False,True,1.3799999952316284,17.874237060546875,2.2242743968963623,0.7663754224777222,4.0,3.8997294902801514,180.0
700.0,False,True,1.4399999380111694,15.258663177490234,2.1228106021881104,0.8430573344230652,5.0,3.7522521018981934,180.0
700.0,False,True,1.9799998998641968,32.943016052246094,3.9244496822357178,0.8300967216491699,5.0,3.838303327560425,180.0
700.0,False,True,1.459999918937683,15.154165267944336,2.196303606033325,0.7718119621276855,4.0,3.5247907638549805,180.0
700.0,False,True,1.3199999332427979,14.11219596862793,1.9843311309814453,0.8046796321868896,4.0,3.6371748447418213,180.0
700.0,False,True,1.8600000143051147,34.199256896972656,3.204015016555786,0.7832140326499939,4.0,3.9468307495117188,180.0
700.0,False,True,1.8799999952316284,24.6733341217041,3.1956231594085693,0.7639786005020142,3.0,3.3097023963928223,180.0
700.0,False,True,1.2999999523162842,10.96623420715332,1.8679449558258057,0.8780679106712341,4.0,3.5773704051971436,180.0
700.0,False,True,1.4199999570846558,15.520040512084961,2.101548194885254,0.8794959783554077,4.0,3.446723461151123,180.0
700.0,False,True,1.8399999141693115,24.498279571533203,2.749242067337036,0.9603098034858704,7.0,3.449819326400757,180.0
700.0,False,True,1.5999999046325684,19.837005615234375,2.3176350593566895,0.7460474371910095,4.0,3.607954740524292,180.0
700.0,False,True,1.6200000047683716,20.507688522338867,2.483605146408081,1.008779525756836,4.0,3.352339267730713,180.0
700.0,False,True,1.1399999856948853,10.83336353302002,1.6946135759353638,0.8541914224624634,4.0,3.515915870666504,180.0
700.0,False,True,1.559999942779541,17.945863723754883,2.351278066635132,0.8117285370826721,4.0,3.5046770572662354,180.0
700.0,False,True,1.8399999141693115,20.334280014038086,2.636538505554199,0.8972929120063782,5.0,3.528172731399536,180.0
700.0,False,True,1.5399999618530273,17.085359573364258,2.0858688354492188,0.9213835000991821,3.0,3.411604404449463,180.0
700.0,False,True,1.559999942779541,17.67753791809082,2.097508430480957,1.0097270011901855,3.0,3.3968801498413086,180.0
700.0,False,True,1.559999942779541,16.32537269592285,2.2565736770629883,0.9049083590507507,4.0,3.519893169403076,180.0
700.0,False,True,1.399999976158142,16.791183471679688,2.01663875579834,0.8525218963623047,4.0,3.7528059482574463,180.0
700.0,False,True,1.8600000143051147,24.796751022338867,2.7844138145446777,0.97402024269104,5.0,3.47493052482605,180.0
700.0,False,True,1.3199999332427979,17.60064125061035,1.9666740894317627,0.8353536128997803,3.0,3.5342068672180176,180.0
700.0,True,False,nan,46.327083587646484,0.44924938678741455,1.0563279390335083,5.0,4.384115695953369,180.0
700.0,True,False,nan,46.705257415771484,0.40221837162971497,1.053921103477478,7.0,4.216707706451416,180.0
700.0,True,False,nan,45.33639144897461,0.4570240378379822,0.9620354175567627,12.0,4.167097568511963,180.0
700.0,True,False,nan,55.376983642578125,0.5129781365394592,0.9035606384277344,4.0,4.480295181274414,180.0
700.0,True,False,nan,50.584651947021484,0.4591994881629944,0.9486221075057983,7.0,4.126739501953125,180.0
700.0,True,False,nan,45.31134033203125,0.42013752460479736,1.0050065517425537,7.0,3.9454827308654785,180.0
700.0,True,False,nan,56.20524597167969,0.5134233236312866,0.7047448754310608,1.0,4.236991882324219,180.0
700.0,True,False,nan,56.76970672607422,0.48790767788887024,0.8212355971336365,7.0,3.69187068939209,180.0
700.0,True,False,nan,54.86854934692383,0.5069936513900757,0.8493779897689819,3.0,4.26376485824585,180.0
700.0,True,False,nan,49.33454895019531,0.46584847569465637,0.7654703259468079,7.0,3.6510987281799316,180.0
700.0,True,False,nan,50.698787689208984,0.4729546904563904,0.8208781480789185,1.0,4.185518264770508,180.0
700.0,True,False,nan,53.53331756591797,0.5109449028968811,0.7463708519935608,6.0,4.0852532386779785,180.0
700.0,True,False,nan,50.823944091796875,0.5127360224723816,0.9239168763160706,8.0,4.346153259277344,180.0
700.0,True,False,nan,49.91207504272461,0.5108488202095032,0.7150691747665405,3.0,4.113632678985596,180.0
700.0,True,False,nan,52.23701477050781,0.4602346420288086,0.8729088306427002,7.0,4.0055108070373535,180.0
700.0,True,False,nan,47.047733306884766,0.4768146872520447,0.8152361512184143,7.0,3.8221435546875,180.0
700.0,True,False,nan,52.6348876953125,0.4385676383972168,0.9236743450164795,7.0,3.739042043685913,180.0
700.0,True,False,nan,48.53847122192383,0.47212859988212585,0.968102216720581,14.0,4.062598705291748,180.0
700.0,True,False,nan,48.01714324951172,0.490511953830719,0.9559810757637024,9.0,4.08065938949585,180.0
700.0,True,False,nan,47.52497863769531,0.4678058922290802,0.9245885610580444,7.0,3.711642265319824,180.0
700.0,True,False,nan,53.07781219482422,0.5275943279266357,0.9136769771575928,4.0,3.8687329292297363,180.0
700.0,True,False,nan,49.312870025634766,0.5779628753662109,0.7929221987724304,4.0,4.36639404296875,180.0
700.0,True,False,nan,49.06915283203125,0.48996612429618835,0.8687791228294373,3.0,3.9416308403015137,180.0
700.0,True,False,nan,51.723148345947266,0.5052699446678162,0.8617338538169861,7.0,3.7845215797424316,180.0
700.0,True,False,nan,49.8924674987793,0.518196702003479,0.9313845634460449,3.0,3.928252696990967,180.0
700.0,True,False,nan,50.252174377441406,0.5554753541946411,0.8925037980079651,4.0,4.024092674255371,180.0
700.0,True,False,nan,47.01737594604492,0.5284479260444641,0.8721820712089539,7.0,3.8314292430877686,180.0
700.0,True,False,nan,48.490638732910156,0.5658664107322693,0.8372976779937744,4.0,4.1004743576049805,180.0
700.0,True,False,nan,48.80905532836914,0.5723699331283569,0.8917685747146606,7.0,4.040294647216797,180.0
700.0,True,False,nan,47.710601806640625,0.5753588676452637,0.795337975025177,3.0,4.1701555252075195,180.0
700.0,True,False,nan,47.956016540527344,0.6838503479957581,0.7929571270942688,4.0,4.421245098114014,180.0
700.0,True,False,nan,47.4849853515625,0.8016063570976257,0.895143449306488,4.0,3.607462167739868,180.0
700.0,True,False,nan,47.68950271606445,0.6495125889778137,1.0636405944824219,6.0,3.8624680042266846,180.0
700.0,True,False,nan,46.78240966796875,0.7901210784912109,0.9718232154846191,4.0,3.6830945014953613,180.0
700.0,True,False,nan,48.17724609375,0.8854693174362183,1.008833408355713,5.0,3.6752336025238037,180.0
700.0,True,False,nan,45.4737434387207,0.9018161296844482,0.92963707447052,4.0,3.5484957695007324,180.0
700.0,True,False,nan,48.40715026855469,0.9773905873298645,0.7945674657821655,4.0,3.7798922061920166,180.0
700.0,True,False,nan,26.942909240722656,0.5864787101745605,0.9099609851837158,3.0,3.463205337524414,180.0
700.0,True,False,nan,44.820159912109375,1.0906025171279907,0.8623859286308289,6.0,4.154284954071045,180.0
700.0,True,False,nan,31.67484474182129,0.49062204360961914,0.9185138940811157,10.0,3.7591443061828613,180.0
700.0,True,False,nan,30.110841751098633,0.7635964155197144,0.9742563366889954,4.0,3.595942258834839,180.0
700.0,True,False,nan,42.77756118774414,0.9265258312225342,0.8504363298416138,4.0,3.473695755004883,180.0
700.0,True,False,nan,44.24030303955078,0.8407913446426392,0.9717755317687988,5.0,3.856945514678955,180.0
700.0,True,False,nan,45.023040771484375,0.22823287546634674,1.0050054788589478,7.0,3.0710089206695557,270.0
700.0,True,False,nan,45.04161834716797,0.25956034660339355,0.9680954217910767,14.0,3.0746779441833496,270.0
700.0,True,False,nan,49.43659973144531,0.2734743356704712,0.8208813667297363,1.0,2.732234001159668,270.0
700.0,True,False,nan,45.82929611206055,0.27191564440727234,0.9620397686958313,12.0,3.0930843353271484,270.0
700.0,True,False,nan,52.86677169799805,0.27742820978164673,1.0539201498031616,7.0,3.0870823860168457,270.0
700.0,True,False,nan,50.190025329589844,0.2850198745727539,0.9485768675804138,7.0,3.018014669418335,270.0
700.0,True,False,nan,55.17146682739258,0.2716618776321411,0.8729076385498047,7.0,2.9010837078094482,270.0
700.0,True,False,nan,51.2430419921875,0.25592294335365295,0.9236623644828796,7.0,2.865800380706787,270.0
700.0,True,False,nan,49.79226303100586,0.3124310374259949,0.9294036030769348,3.0,3.1843738555908203,270.0
700.0,True,False,nan,48.3114128112793,0.31434038281440735,0.868773877620697,3.0,2.8588757514953613,270.0
700.0,True,False,nan,45.38981628417969,0.31533461809158325,0.849376916885376,3.0,3.156892776489258,270.0
700.0,True,False,nan,46.57883834838867,0.3098844885826111,0.9245861172676086,7.0,2.952620506286621,270.0
700.0,True,False,nan,46.20857620239258,0.3431674838066101,0.7832074761390686,4.0,2.7172672748565674,270.0
700.0,True,False,nan,46.73215866088867,0.3061775863170624,0.8152346611022949,7.0,2.645881414413452,270.0
700.0,True,False,nan,45.02934265136719,0.3626495599746704,0.7047441601753235,1.0,2.5651793479919434,270.0
700.0,True,False,nan,49.27539825439453,0.7645776867866516,0.8212363719940186,7.0,2.6729259490966797,270.0
700.0,False,True,1.2400000095367432,41.53353500366211,1.286289930343628,1.0563141107559204,5.0,3.5233640670776367,270.0
700.0,False,True,1.4399999380111694,44.15668869018555,1.6265751123428345,0.7953422665596008,3.0,2.8772547245025635,270.0
700.0,False,True,1.3799999952316284,39.266090393066406,0.7836119532585144,0.7654726505279541,7.0,2.7434394359588623,270.0
700.0,False,True,0.5999999642372131,23.222278594970703,0.6882579326629639,0.7663778066635132,4.0,2.9761929512023926,270.0
700.0,False,True,0.8799999952316284,35.85614013671875,0.9817378520965576,0.7926202416419983,4.0,3.157559394836426,270.0
700.0,False,True,0.5999999642372131,20.802955627441406,0.6262850761413574,0.8430595993995667,5.0,3.412386655807495,270.0
700.0,False,True,0.85999995470047,32.631736755371094,0.7999263405799866,0.8951361179351807,4.0,3.1504971981048584,270.0
700.0,False,True,0.5999999642372131,30.219961166381836,0.7624607682228088,0.8300901651382446,5.0,3.337831974029541,270.0
700.0,False,True,0.5999999642372131,26.984378814697266,0.6736150979995728,0.7718127369880676,4.0,3.0559182167053223,270.0
700.0,False,True,0.7799999713897705,27.549551010131836,0.8217214941978455,0.9137998223304749,4.0,3.4618561267852783,270.0
700.0,False,True,0.8799999952316284,30.29391860961914,0.8236421346664429,0.8046894073486328,4.0,2.9095568656921387,270.0
700.0,False,True,0.7799999713897705,41.32455825805664,0.7798842787742615,0.9559842944145203,9.0,3.2572598457336426,270.0
700.0,False,True,0.8799999952316284,29.705482482910156,0.7977752685546875,0.7551618814468384,3.0,2.5543642044067383,270.0
700.0,False,True,1.3799999952316284,43.65226745605469,1.3343119621276855,0.9035511612892151,4.0,3.3165647983551025,270.0
700.0,False,True,0.5799999833106995,30.69438934326172,0.6071493029594421,0.9100243449211121,3.0,2.857853651046753,270.0
700.0,False,True,0.6200000047683716,25.237751007080078,0.6349093914031982,0.8780727982521057,4.0,3.014697551727295,270.0
700.0,False,True,0.9399999976158142,27.621252059936523,0.6295148134231567,0.7463746070861816,6.0,2.662407159805298,270.0
700.0,False,True,0.85999995470047,25.410606384277344,0.7305386066436768,0.8794963955879211,4.0,3.4638290405273438,270.0
700.0,False,True,0.7999999523162842,31.159074783325195,0.7661241292953491,0.892510175704956,4.0,3.2712957859039307,270.0
700.0,False,True,0.7599999904632568,29.38722038269043,0.80485600233078,0.960319995880127,7.0,3.3079683780670166,270.0
700.0,False,True,0.7999999523162842,40.481651306152344,1.0950590372085571,0.9240804314613342,5.0,3.345804214477539,270.0
700.0,False,True,0.85999995470047,36.96979522705078,1.0462332963943481,0.8623851537704468,6.0,3.08477520942688,270.0
700.0,False,True,0.6200000047683716,26.80368995666504,0.7548584342002869,0.7460461258888245,4.0,2.832575798034668,270.0
700.0,False,True,1.1200000047683716,29.782363891601562,0.7803218960762024,0.7150686383247375,3.0,2.596336841583252,270.0
700.0,False,True,0.7999999523162842,25.553417205810547,0.7433727383613586,1.008774995803833,4.0,3.2326500415802,270.0
700.0,False,True,0.8399999737739563,30.58607292175293,0.8144868612289429,0.9296318888664246,4.0,3.2460780143737793,270.0
700.0,False,True,0.7799999713897705,33.940486907958984,1.1751155853271484,0.9185152649879456,11.0,3.651401996612549,270.0
700.0,False,True,0.8799999952316284,33.9106559753418,0.8643864989280701,0.7945663928985596,4.0,2.909597396850586,270.0
700.0,False,True,0.5999999642372131,28.49180793762207,0.6824848055839539,0.8541994690895081,4.0,2.7614359855651855,270.0
700.0,False,True,0.7799999713897705,27.26543426513672,0.7209329605102539,0.8934004902839661,7.0,3.209211826324463,270.0
700.0,False,True,0.8199999928474426,33.595123291015625,0.9322315454483032,0.9742687344551086,5.0,3.2754461765289307,270.0
700.0,False,True,0.85999995470047,35.93502426147461,0.9624440670013428,0.7928788065910339,4.0,3.1719884872436523,270.0
700.0,False,True,0.6200000047683716,34.255897521972656,0.6386908292770386,0.8721808791160583,7.0,3.0806219577789307,270.0
700.0,False,True,0.5799999833106995,26.993335723876953,0.6268981695175171,0.811726450920105,4.0,2.8496320247650146,270.0
700.0,False,True,0.7599999904632568,31.768627166748047,0.9214588403701782,1.0636483430862427,6.0,3.363208770751953,270.0
700.0,False,True,0.7799999713897705,29.8668270111084,0.8310205936431885,1.0088294744491577,5.0,3.3860199451446533,270.0
700.0,False,True,0.5999999642372131,26.704345703125,0.6069563627243042,0.8504402041435242,4.0,3.010709047317505,270.0
700.0,False,True,0.7799999713897705,29.04005241394043,0.8356887102127075,0.8973041772842407,5.0,3.506775140762329,270.0
700.0,False,True,0.5999999642372131,27.79100227355957,0.5835214853286743,0.921419084072113,3.0,2.9916012287139893,270.0
700.0,False,True,0.7799999713897705,28.619626998901367,0.7692050337791443,1.0094817876815796,3.0,3.117476463317871,270.0
700.0,False,True,0.85999995470047,39.8010368347168,0.7451412677764893,0.8617365956306458,7.0,2.8908982276916504,270.0
700.0,False,True,0.6200000047683716,30.27533721923828,0.6523022055625916,0.837206244468689,4.0,3.1517231464385986,270.0
700.0,False,True,0.6200000047683716,28.17979621887207,0.658107578754425,0.9049060940742493,4.0,3.1123461723327637,270.0
700.0,False,True,0.8399999737739563,29.052919387817383,0.7782357335090637,0.9717763662338257,6.0,3.3099312782287598,270.0
700.0,False,True,0.5999999642372131,22.44117546081543,0.5495519638061523,0.85252845287323,4.0,3.117504358291626,270.0
700.0,False,True,0.7799999713897705,29.186784744262695,0.7710660696029663,0.974022388458252,5.0,3.3397223949432373,270.0
700.0,False,True,0.5799999833106995,29.8974666595459,0.626642107963562,0.8353704214096069,3.0,2.7689595222473145,270.0
700.0,False,True,1.3799999952316284,43.87718963623047,1.249935507774353,0.97182297706604,4.0,3.2888360023498535,270.0
700.0,True,False,nan,45.0230712890625,0.2282322198152542,1.0050103664398193,7.0,3.0710065364837646,270.0
700.0,True,False,nan,49.43692398071289,0.2734755277633667,0.8208763599395752,1.0,2.7322380542755127,270.0
700.0,True,False,nan,30.169645309448242,0.21235394477844238,0.8729087710380554,7.0,2.90107798576355,270.0
