push_n,fell,recovered,recovery_time_s,max_tilt_deg,velocity_loss,pre_push_vel_err,feet_in_contact_at_push,peak_dv,direction_deg
0.0,False,True,0.0,2.989567995071411,0.0,0.7224754095077515,3.0,0.1823689192533493,0.0
0.0,False,True,0.0,2.763925552368164,0.0,0.5831856727600098,3.0,0.18378210067749023,0.0
0.0,False,True,0.0,2.5401406288146973,0.0,0.5875530242919922,12.0,0.21507248282432556,0.0
0.0,False,True,0.0,2.5848257541656494,0.0,0.5906677842140198,10.0,0.15977726876735687,0.0
0.0,False,True,0.0,2.434295415878296,0.0,0.5839521884918213,6.0,0.12426607310771942,0.0
0.0,False,True,0.0,2.796243906021118,0.0,0.6350697875022888,8.0,0.15923748910427094,0.0
0.0,False,True,0.0,2.9206748008728027,0.0,0.6432587504386902,3.0,0.1534251570701599,0.0
0.0,False,True,0.0,2.5975165367126465,0.0,0.5944444537162781,9.0,0.14530928432941437,0.0
0.0,False,True,0.0,2.9331817626953125,0.0,0.6571344137191772,5.0,0.16231976449489594,0.0
0.0,False,True,0.0,2.5697124004364014,0.0,0.5944458246231079,8.0,0.1762489378452301,0.0
0.0,False,True,0.0,3.00797700881958,0.0,0.6518273949623108,6.0,0.14582274854183197,0.0
0.0,False,True,0.0,2.583083391189575,0.0,0.6159321665763855,12.0,0.16271305084228516,0.0
0.0,False,True,0.0,3.1502649784088135,0.0,0.6534358263015747,5.0,0.1578110307455063,0.0
0.0,False,True,0.0,2.488527774810791,0.0,0.6055551767349243,8.0,0.16676491498947144,0.0
0.0,False,True,0.0,2.8630013465881348,0.0,0.6377817392349243,7.0,0.1540875881910324,0.0
0.0,False,True,0.0,2.9847841262817383,0.0,0.6440006494522095,7.0,0.173296257853508,0.0
0.0,False,True,0.0,2.2368593215942383,0.0,0.5864059329032898,7.0,0.1432672142982483,0.0
0.0,False,True,0.0,2.423658847808838,0.0,0.6024972796440125,4.0,0.1873708963394165,0.0
0.0,False,True,0.0,3.120293378829956,0.0,0.6440709829330444,3.0,0.1451697200536728,0.0
0.0,False,True,0.0,2.7346627712249756,0.0,0.629589855670929,4.0,0.17065784335136414,0.0
0.0,False,True,0.0,2.800510883331299,0.0,0.6718630194664001,7.0,0.17308832705020905,0.0
0.0,False,True,0.0,2.731081485748291,0.0,0.5794388651847839,12.0,0.18358692526817322,0.0
0.0,False,True,0.0,2.936516761779785,0.0,0.6292039752006531,7.0,0.14633820950984955,0.0
0.0,False,True,0.0,2.8475074768066406,0.0,0.6341487765312195,3.0,0.16507594287395477,0.0
0.0,False,True,0.0,3.2274959087371826,0.0,0.720592200756073,2.0,0.16257107257843018,0.0
0.0,False,True,0.0,3.054732084274292,0.0,0.6583696603775024,7.0,0.16982871294021606,0.0
0.0,False,True,0.0,2.938715696334839,0.0,0.6854163408279419,2.0,0.15652425587177277,0.0
0.0,False,True,0.0,2.8611550331115723,0.0,0.6116358041763306,5.0,0.13779087364673615,0.0
0.0,False,True,0.0,2.5400633811950684,0.0,0.6100264191627502,6.0,0.15083789825439453,0.0
0.0,False,True,0.0,2.6188302040100098,0.0,0.6120004057884216,4.0,0.16078759729862213,0.0
0.0,False,True,0.0,2.5649852752685547,0.0,0.5683766603469849,8.0,0.1749451607465744,0.0
0.0,False,True,0.0,3.4269697666168213,0.0,0.7080315947532654,5.0,0.16704373061656952,0.0
0.0,False,True,0.0,2.83158278465271,0.0,0.6681264638900757,5.0,0.15635131299495697,0.0
0.0,False,True,0.0,2.9024546146392822,0.0,0.6721727848052979,10.0,0.14802302420139313,0.0
0.0,False,True,0.0,2.7798850536346436,0.0,0.6426132321357727,11.0,0.19693635404109955,0.0
0.0,False,True,0.0,3.20625638961792,0.0,0.7027036547660828,4.0,0.17835958302021027,0.0
0.0,False,True,0.0,2.3352320194244385,0.0,0.6129486560821533,5.0,0.16254790127277374,0.0
0.0,False,True,0.0,2.283190965652466,0.0,0.6464604139328003,7.0,0.19270162284374237,0.0
0.0,False,True,0.0,3.0418882369995117,0.0,0.6451646685600281,8.0,0.1831132471561432,0.0
0.0,False,True,0.0,2.448885440826416,0.0,0.5590295195579529,8.0,0.16638828814029694,0.0
0.0,False,True,0.0,3.1568453311920166,0.0,0.6427778005599976,5.0,0.1304434984922409,0.0
0.0,False,True,0.0,2.466803550720215,0.0,0.5838690996170044,8.0,0.13451339304447174,0.0
0.0,False,True,0.0,2.742382526397705,0.0,0.6192833185195923,6.0,0.15105997025966644,0.0
0.0,False,True,0.0,2.6529152393341064,0.0,0.6000233888626099,5.0,0.19868822395801544,0.0
0.0,False,True,0.0,3.035123586654663,0.0,0.7364675998687744,5.0,0.150154247879982,0.0
0.0,False,True,0.0,2.4019997119903564,0.0,0.6058976650238037,11.0,0.17045681178569794,0.0
0.0,False,True,0.0,2.5808091163635254,0.0,0.6586203575134277,3.0,0.16511781513690948,0.0
0.0,False,True,0.0,2.2745163440704346,0.0,0.5917032361030579,13.0,0.2034696340560913,0.0
0.0,False,True,0.0,3.470005512237549,0.0,0.6657447218894958,5.0,0.16270628571510315,0.0
0.0,False,True,0.0,3.1241183280944824,0.0,0.6296018362045288,3.0,0.16973784565925598,0.0
0.0,False,True,0.0,2.6367814540863037,0.0,0.6421688795089722,12.0,0.19978469610214233,0.0
0.0,False,True,0.0,2.855264663696289,0.0,0.6496772766113281,6.0,0.15971368551254272,0.0
0.0,False,True,0.0,3.0229732990264893,0.0,0.6350885033607483,4.0,0.18111898005008698,0.0
0.0,False,True,0.0,3.175765037536621,0.0,0.7514523267745972,4.0,0.17813740670681,0.0
0.0,False,True,0.0,2.6389336585998535,0.0,0.6045019030570984,10.0,0.1816088855266571,0.0
0.0,False,True,0.0,2.879160165786743,0.0,0.6193443536758423,9.0,0.12068802118301392,0.0
0.0,False,True,0.0,2.9108729362487793,0.0,0.6081825494766235,8.0,0.1618938446044922,0.0
0.0,False,True,0.0,2.7373814582824707,0.0,0.6520199775695801,5.0,0.15899311006069183,0.0
0.0,False,True,0.0,2.995520830154419,0.0,0.6404045820236206,7.0,0.15933260321617126,0.0
0.0,False,True,0.0,2.7729759216308594,0.0,0.6640303730964661,2.0,0.18675386905670166,0.0
0.0,False,True,0.0,2.613593101501465,0.0,0.6340363025665283,6.0,0.16049909591674805,0.0
0.0,False,True,0.0,2.945701837539673,0.0,0.6580119132995605,5.0,0.1653251200914383,0.0
0.0,False,True,0.0,2.9141664505004883,0.0,0.66583251953125,3.0,0.20561440289020538,0.0
0.0,False,True,0.0,3.2689626216888428,0.0,0.6807462573051453,3.0,0.13130639493465424,0.0
0.0,False,True,0.0,2.9894373416900635,0.0,0.7225026488304138,3.0,0.1824328452348709,90.0
0.0,False,True,0.0,2.763925552368164,0.0,0.5831862688064575,3.0,0.18377748131752014,90.0
0.0,False,True,0.0,2.5395238399505615,0.0,0.5875557661056519,12.0,0.21507281064987183,90.0
0.0,False,True,0.0,2.584144115447998,0.0,0.5906723141670227,10.0,0.15978248417377472,90.0
0.0,False,True,0.0,2.4344563484191895,0.0,0.5839552283287048,6.0,0.12427911162376404,90.0
0.0,False,True,0.0,2.796243906021118,0.0,0.6350669264793396,8.0,0.15924137830734253,90.0
0.0,False,True,0.0,2.9207420349121094,0.0,0.643257200717926,3.0,0.15342754125595093,90.0
0.0,False,True,0.0,2.5975918769836426,0.0,0.594316840171814,9.0,0.14525610208511353,90.0
0.0,False,True,0.0,2.9331817626953125,0.0,0.6571412682533264,5.0,0.1623198688030243,90.0
0.0,False,True,0.0,2.569636106491089,0.0,0.5944488644599915,8.0,0.17625395953655243,90.0
0.0,False,True,0.0,3.0079119205474854,0.0,0.6518676280975342,6.0,0.1458226889371872,90.0
0.0,False,True,0.0,2.583083391189575,0.0,0.6159305572509766,12.0,0.16269920766353607,90.0
0.0,False,True,0.0,3.1501407623291016,0.0,0.6534368991851807,5.0,0.15781451761722565,90.0
0.0,False,True,0.0,2.488370418548584,0.0,0.6055653691291809,8.0,0.16675619781017303,90.0
0.0,False,True,0.0,2.8630013465881348,0.0,0.6373845934867859,7.0,0.15408386290073395,90.0
0.0,False,True,0.0,2.8591701984405518,0.0,0.6434712409973145,7.0,0.17227299511432648,90.0
0.0,False,True,0.0,2.236159086227417,0.0,0.5864019393920898,7.0,0.14332687854766846,90.0
0.0,False,True,0.0,2.423658847808838,0.0,0.6024985313415527,4.0,0.18735703825950623,90.0
0.0,False,True,0.0,3.120293378829956,0.0,0.6440802216529846,3.0,0.14494048058986664,90.0
0.0,False,True,0.0,2.734734296798706,0.0,0.6295897960662842,4.0,0.1706407517194748,90.0
0.0,False,True,0.0,2.800510883331299,0.0,0.6718640923500061,7.0,0.1730874478816986,90.0
0.0,False,True,0.0,2.847851037979126,0.0,0.5862524509429932,11.0,0.17017097771167755,90.0
0.0,False,True,0.0,2.936516761779785,0.0,0.6292101144790649,7.0,0.14634905755519867,90.0
0.0,False,True,0.0,2.847369909286499,0.0,0.6341539621353149,3.0,0.1650758534669876,90.0
0.0,False,True,0.0,3.2274959087371826,0.0,0.7205938100814819,2.0,0.162586972117424,90.0
0.0,False,True,0.0,3.0547964572906494,0.0,0.6583731174468994,7.0,0.16983459889888763,90.0
0.0,False,True,0.0,2.9386489391326904,0.0,0.6854187250137329,2.0,0.15651069581508636,90.0
0.0,False,True,0.0,2.854167938232422,0.0,0.6126212477684021,4.0,0.13216689229011536,90.0
0.0,False,True,0.0,2.5400633811950684,0.0,0.6100534200668335,6.0,0.15083736181259155,90.0
0.0,False,True,0.0,2.618755340576172,0.0,0.6120014190673828,4.0,0.16077879071235657,90.0
0.0,False,True,0.0,2.5836896896362305,0.0,0.5687741637229919,11.0,0.1673070192337036,90.0
0.0,False,True,0.0,3.426912784576416,0.0,0.7079489827156067,5.0,0.1670513153076172,90.0
0.0,False,True,0.0,2.8315136432647705,0.0,0.6681844592094421,5.0,0.15632103383541107,90.0
0.0,False,True,0.0,2.9024546146392822,0.0,0.6721737384796143,10.0,0.1480225771665573,90.0
0.0,False,True,0.0,2.7798850536346436,0.0,0.6426146626472473,11.0,0.19693423807621002,90.0
0.0,False,True,0.0,3.20625638961792,0.0,0.7027456164360046,4.0,0.17836017906665802,90.0
0.0,False,True,0.0,2.3353159427642822,0.0,0.6129034757614136,5.0,0.16254647076129913,90.0
0.0,False,True,0.0,2.283190965652466,0.0,0.646452009677887,7.0,0.1926979124546051,90.0
0.0,False,True,0.0,3.0418882369995117,0.0,0.6451648473739624,8.0,0.18311625719070435,90.0
0.0,False,True,0.0,2.448965311050415,0.0,0.559026837348938,8.0,0.16640107333660126,90.0
0.0,False,True,0.0,3.15678334236145,0.0,0.6427834033966064,5.0,0.13044823706150055,90.0
0.0,False,True,0.0,2.466803550720215,0.0,0.583869993686676,8.0,0.13450083136558533,90.0
0.0,False,True,0.0,2.742382526397705,0.0,0.6192750334739685,6.0,0.15105995535850525,90.0
0.0,False,True,0.0,2.6529152393341064,0.0,0.6000216603279114,5.0,0.19868673384189606,90.0
0.0,False,True,0.0,3.035123586654663,0.0,0.7364619374275208,5.0,0.15015864372253418,90.0
0.0,False,True,0.0,2.4019997119903564,0.0,0.6059334874153137,11.0,0.1704530566930771,90.0
0.0,False,True,0.0,2.5808091163635254,0.0,0.6586222648620605,3.0,0.16511830687522888,90.0
0.0,False,True,0.0,2.2742581367492676,0.0,0.5917109847068787,13.0,0.20329105854034424,90.0
0.0,False,True,0.0,3.470005512237549,0.0,0.6657452583312988,5.0,0.16271933913230896,90.0
0.0,False,True,0.0,3.1240556240081787,0.0,0.6296162605285645,3.0,0.16973523795604706,90.0
0.0,False,True,0.0,2.6367814540863037,0.0,0.6421825289726257,12.0,0.19979745149612427,90.0
0.0,False,True,0.0,2.855264663696289,0.0,0.6496853828430176,6.0,0.15970541536808014,90.0
0.0,False,True,0.0,3.0229732990264893,0.0,0.6350861191749573,4.0,0.18111707270145416,90.0
0.0,False,True,0.0,3.1758882999420166,0.0,0.7514523863792419,4.0,0.17812199890613556,90.0
0.0,False,True,0.0,2.6389336585998535,0.0,0.6045973300933838,10.0,0.18160323798656464,90.0
0.0,False,True,0.0,2.879160165786743,0.0,0.6193462610244751,9.0,0.12026723474264145,90.0
0.0,False,True,0.0,2.9104692935943604,0.0,0.6079992055892944,8.0,0.16210627555847168,90.0
0.0,False,True,0.0,2.7373814582824707,0.0,0.6520278453826904,5.0,0.15898802876472473,90.0
0.0,False,True,0.0,2.996239423751831,0.0,0.6404203772544861,7.0,0.1588762104511261,90.0
0.0,False,True,0.0,2.7729759216308594,0.0,0.6640352606773376,2.0,0.18674620985984802,90.0
0.0,False,True,0.0,2.613593101501465,0.0,0.6340340375900269,6.0,0.16050054132938385,90.0
0.0,False,True,0.0,2.9464991092681885,0.0,0.6580085754394531,5.0,0.1653328835964203,90.0
0.0,False,True,0.0,2.9141664505004883,0.0,0.665833055973053,3.0,0.20560593903064728,90.0
0.0,False,True,0.0,3.2689626216888428,0.0,0.6808896660804749,3.0,0.13130038976669312,90.0
0.0,False,True,0.0,2.9895026683807373,0.0,0.7224761247634888,3.0,0.1823696494102478,180.0
0.0,False,True,0.0,2.763854742050171,0.0,0.5831859111785889,3.0,0.18377414345741272,180.0
0.0,False,True,0.0,2.5395238399505615,0.0,0.5875570178031921,12.0,0.21506795287132263,180.0
0.0,False,True,0.0,2.584371328353882,0.0,0.590668261051178,10.0,0.15976834297180176,180.0
0.0,False,True,0.0,2.4343760013580322,0.0,0.5839548110961914,6.0,0.12428909540176392,180.0
0.0,False,True,0.0,2.7961738109588623,0.0,0.6350749731063843,8.0,0.15923763811588287,180.0
0.0,False,True,0.0,2.9207420349121094,0.0,0.6432554721832275,3.0,0.15342862904071808,180.0
0.0,False,True,0.0,2.5975918769836426,0.0,0.59432452917099,9.0,0.14514529705047607,180.0
0.0,False,True,0.0,2.933248519897461,0.0,0.6571413278579712,5.0,0.16232557594776154,180.0
0.0,False,True,0.0,2.569636106491089,0.0,0.594447672367096,8.0,0.17625971138477325,180.0
0.0,False,True,0.0,3.0079119205474854,0.0,0.6518322229385376,6.0,0.14580918848514557,180.0
0.0,False,True,0.0,2.583083391189575,0.0,0.615932047367096,12.0,0.16272608935832977,180.0
0.0,False,True,0.0,3.0991411209106445,0.0,0.6547339558601379,5.0,0.1485995054244995,180.0
0.0,False,True,0.0,2.488527774810791,0.0,0.605563759803772,8.0,0.16675809025764465,180.0
0.0,False,True,0.0,2.8630013465881348,0.0,0.6373882293701172,7.0,0.15409182012081146,180.0
0.0,False,True,0.0,2.984849691390991,0.0,0.6439042687416077,7.0,0.17330285906791687,180.0
0.0,False,True,0.0,2.2360715866088867,0.0,0.5863799452781677,7.0,0.14331065118312836,180.0
0.0,False,True,0.0,2.423658847808838,0.0,0.6024953722953796,4.0,0.18736447393894196,180.0
0.0,False,True,0.0,3.120293378829956,0.0,0.6440798044204712,3.0,0.1449272334575653,180.0
0.0,False,True,0.0,2.734734296798706,0.0,0.629589319229126,4.0,0.17065317928791046,180.0
0.0,False,True,0.0,2.800510883331299,0.0,0.6718749403953552,7.0,0.17308731377124786,180.0
0.0,False,True,0.0,2.62129545211792,0.0,0.586251974105835,11.0,0.1701759397983551,180.0
0.0,False,True,0.0,2.936516761779785,0.0,0.6292025446891785,7.0,0.14634139835834503,180.0
0.0,False,True,0.0,2.8487443923950195,0.0,0.6341522336006165,3.0,0.16508176922798157,180.0
0.0,False,True,0.0,3.2274959087371826,0.0,0.7205925583839417,2.0,0.162576362490654,180.0
0.0,False,True,0.0,3.0547964572906494,0.0,0.65837562084198,7.0,0.16982325911521912,180.0
0.0,False,True,0.0,2.938715696334839,0.0,0.685410737991333,2.0,0.15652649104595184,180.0
0.0,False,True,0.0,2.8543736934661865,0.0,0.6126129627227783,4.0,0.13169550895690918,180.0
0.0,False,True,0.0,2.5399861335754395,0.0,0.6100256443023682,6.0,0.150839701294899,180.0
0.0,False,True,0.0,2.618755340576172,0.0,0.6119973659515381,4.0,0.1608036756515503,180.0
0.0,False,True,0.0,2.5836896896362305,0.0,0.5687756538391113,11.0,0.16730311512947083,180.0
0.0,False,True,0.0,3.426912784576416,0.0,0.7079545855522156,5.0,0.16704432666301727,180.0
0.0,False,True,0.0,2.8315136432647705,0.0,0.6681809425354004,5.0,0.15632744133472443,180.0
0.0,False,True,0.0,2.9024546146392822,0.0,0.6721711158752441,10.0,0.14802402257919312,180.0
0.0,False,True,0.0,2.7798850536346436,0.0,0.6426111459732056,11.0,0.19693623483181,180.0
0.0,False,True,0.0,3.20625638961792,0.0,0.7027470469474792,4.0,0.17836034297943115,180.0
0.0,False,True,0.0,2.3352320194244385,0.0,0.6129631400108337,5.0,0.16253848373889923,180.0
0.0,False,True,0.0,2.283190965652466,0.0,0.646443784236908,7.0,0.19270342588424683,180.0
0.0,False,True,0.0,3.0418882369995117,0.0,0.6451642513275146,8.0,0.18310487270355225,180.0
0.0,False,True,0.0,2.448885440826416,0.0,0.559022843837738,8.0,0.1663888841867447,180.0
0.0,False,True,0.0,3.15678334236145,0.0,0.6427758932113647,5.0,0.13044025003910065,180.0
0.0,False,True,0.0,2.466724157333374,0.0,0.583871603012085,8.0,0.13450586795806885,180.0
0.0,False,True,0.0,2.742382526397705,0.0,0.6192742586135864,6.0,0.1510634422302246,180.0
0.0,False,True,0.0,2.6529152393341064,0.0,0.6000231504440308,5.0,0.19868171215057373,180.0
0.0,False,True,0.0,3.0350587368011475,0.0,0.7364698052406311,5.0,0.15015745162963867,180.0
0.0,False,True,0.0,2.4019997119903564,0.0,0.6059007048606873,11.0,0.17046132683753967,180.0
0.0,False,True,0.0,2.5808091163635254,0.0,0.6586290001869202,3.0,0.16512252390384674,180.0
0.0,False,True,0.0,2.2742581367492676,0.0,0.5917116403579712,13.0,0.20329740643501282,180.0
0.0,False,True,0.0,3.470005512237549,0.0,0.6657436490058899,5.0,0.16270636022090912,180.0
0.0,False,True,0.0,3.1241183280944824,0.0,0.6296184062957764,3.0,0.16973359882831573,180.0
0.0,False,True,0.0,2.6367814540863037,0.0,0.6421748399734497,12.0,0.1997929811477661,180.0
0.0,False,True,0.0,2.855264663696289,0.0,0.6496840715408325,6.0,0.15971782803535461,180.0
0.0,False,True,0.0,3.0229732990264893,0.0,0.6350869536399841,4.0,0.18111784756183624,180.0
0.0,False,True,0.0,3.1758267879486084,0.0,0.751448392868042,4.0,0.17812351882457733,180.0
0.0,False,True,0.0,2.6389336585998535,0.0,0.6045017838478088,10.0,0.1816054731607437,180.0
0.0,False,True,0.0,2.879160165786743,0.0,0.6193430423736572,9.0,0.12027128040790558,180.0
0.0,False,True,0.0,2.9104692935943604,0.0,0.6079961061477661,8.0,0.1621086597442627,180.0
0.0,False,True,0.0,2.7373101711273193,0.0,0.6520394086837769,5.0,0.15897855162620544,180.0
0.0,False,True,0.0,2.9961740970611572,0.0,0.6404241919517517,7.0,0.15887069702148438,180.0
0.0,False,True,0.0,2.7729759216308594,0.0,0.6640393137931824,2.0,0.18674485385417938,180.0
0.0,False,True,0.0,2.613593101501465,0.0,0.6340353488922119,6.0,0.16050106287002563,180.0
0.0,False,True,0.0,2.945701837539673,0.0,0.6579925417900085,5.0,0.1653382033109665,180.0
0.0,False,True,0.0,2.9141664505004883,0.0,0.6658323407173157,3.0,0.2056102603673935,180.0
0.0,False,True,0.0,3.2689626216888428,0.0,0.6807358264923096,3.0,0.1313069462776184,180.0
0.0,False,True,0.0,2.989567995071411,0.0,0.7224725484848022,3.0,0.18237850069999695,270.0
0.0,False,True,0.0,2.763854742050171,0.0,0.583181619644165,3.0,0.18377819657325745,270.0
0.0,False,True,0.0,2.5396780967712402,0.0,0.5875512957572937,12.0,0.21506527066230774,270.0
0.0,False,True,0.0,2.58467435836792,0.0,0.5906722545623779,10.0,0.15977568924427032,270.0
0.0,False,True,0.0,2.4343760013580322,0.0,0.5839555859565735,6.0,0.12427456676959991,270.0
0.0,False,True,0.0,2.796243906021118,0.0,0.6350640058517456,8.0,0.1592397391796112,270.0
0.0,False,True,0.0,2.9207420349121094,0.0,0.6432590484619141,3.0,0.1534348428249359,270.0
0.0,False,True,0.0,2.5975165367126465,0.0,0.5943229794502258,9.0,0.14514972269535065,270.0
0.0,False,True,0.0,2.9331817626953125,0.0,0.6571370959281921,5.0,0.1623249053955078,270.0
0.0,False,True,0.0,2.569636106491089,0.0,0.5944463014602661,8.0,0.17624372243881226,270.0
0.0,False,True,0.0,3.0079119205474854,0.0,0.6518681049346924,6.0,0.1458178609609604,270.0
0.0,False,True,0.0,2.583083391189575,0.0,0.615929126739502,12.0,0.16273237764835358,270.0
0.0,False,True,0.0,3.150202751159668,0.0,0.6534375548362732,5.0,0.15780973434448242,270.0
0.0,False,True,0.0,2.4884493350982666,0.0,0.6055666208267212,8.0,0.16675341129302979,270.0
0.0,False,True,0.0,2.863070011138916,0.0,0.6373897194862366,7.0,0.15408290922641754,270.0
0.0,False,True,0.0,2.984849691390991,0.0,0.643999457359314,7.0,0.17329449951648712,270.0
0.0,False,True,0.0,2.2360715866088867,0.0,0.5864121913909912,7.0,0.14324170351028442,270.0
0.0,False,True,0.0,2.423658847808838,0.0,0.6024957299232483,4.0,0.18737363815307617,270.0
0.0,False,True,0.0,3.1204190254211426,0.0,0.6440685391426086,3.0,0.1451749950647354,270.0
0.0,False,True,0.0,2.734734296798706,0.0,0.6295832991600037,4.0,0.17065782845020294,270.0
0.0,False,True,0.0,2.800510883331299,0.0,0.6718711256980896,7.0,0.17308908700942993,270.0
0.0,False,True,0.0,2.62129545211792,0.0,0.586250901222229,11.0,0.17017704248428345,270.0
0.0,False,True,0.0,2.936516761779785,0.0,0.6292048096656799,7.0,0.14634163677692413,270.0
0.0,False,True,0.0,2.8473012447357178,0.0,0.6341529488563538,3.0,0.16507640480995178,270.0
0.0,False,True,0.0,3.2274959087371826,0.0,0.7205929756164551,2.0,0.16256265342235565,270.0
0.0,False,True,0.0,3.0546681880950928,0.0,0.6583688855171204,7.0,0.1698312908411026,270.0
0.0,False,True,0.0,2.9386489391326904,0.0,0.6854206919670105,2.0,0.15652340650558472,270.0
0.0,False,True,0.0,2.8540992736816406,0.0,0.6126110553741455,4.0,0.13220269978046417,270.0
0.0,False,True,0.0,2.5399861335754395,0.0,0.6100261807441711,6.0,0.15083013474941254,270.0
0.0,False,True,0.0,2.618755340576172,0.0,0.6119734644889832,4.0,0.16072459518909454,270.0
0.0,False,True,0.0,2.702622652053833,0.0,0.5683851838111877,8.0,0.17494842410087585,270.0
0.0,False,True,0.0,3.4269697666168213,0.0,0.707955539226532,5.0,0.16704517602920532,270.0
0.0,False,True,0.0,2.83158278465271,0.0,0.6681907176971436,5.0,0.15632794797420502,270.0
0.0,False,True,0.0,2.9024546146392822,0.0,0.6721670627593994,10.0,0.14802631735801697,270.0
0.0,False,True,0.0,2.7798850536346436,0.0,0.6426132917404175,11.0,0.19693782925605774,270.0
0.0,False,True,0.0,3.20625638961792,0.0,0.7027152180671692,4.0,0.1783563643693924,270.0
0.0,False,True,0.0,2.3352320194244385,0.0,0.6129596829414368,5.0,0.16254860162734985,270.0
0.0,False,True,0.0,2.283190965652466,0.0,0.6464458703994751,7.0,0.19269606471061707,270.0
0.0,False,True,0.0,3.0418882369995117,0.0,0.6451658606529236,8.0,0.1831226944923401,270.0
0.0,False,True,0.0,2.448965311050415,0.0,0.5590261816978455,8.0,0.1663995087146759,270.0
0.0,False,True,0.0,3.1568453311920166,0.0,0.6427879333496094,5.0,0.13042721152305603,270.0
0.0,False,True,0.0,2.466803550720215,0.0,0.5838723182678223,8.0,0.13452176749706268,270.0
0.0,False,True,0.0,2.7423112392425537,0.0,0.6192800998687744,6.0,0.1510574072599411,270.0
0.0,False,True,0.0,2.6529152393341064,0.0,0.6000204086303711,5.0,0.19868285953998566,270.0
0.0,False,True,0.0,3.035123586654663,0.0,0.7364754676818848,5.0,0.1501556932926178,270.0
0.0,False,True,0.0,2.4019997119903564,0.0,0.6059269905090332,11.0,0.17045746743679047,270.0
0.0,False,True,0.0,2.5808091163635254,0.0,0.6586162447929382,3.0,0.16507978737354279,270.0
0.0,False,True,0.0,2.274172067642212,0.0,0.5917017459869385,13.0,0.2034730613231659,270.0
0.0,False,True,0.0,3.470005512237549,0.0,0.6657456755638123,5.0,0.16272099316120148,270.0
0.0,False,True,0.0,3.1241183280944824,0.0,0.6296077966690063,3.0,0.16973547637462616,270.0
0.0,False,True,0.0,2.6367814540863037,0.0,0.6421786546707153,12.0,0.19979339838027954,270.0
0.0,False,True,0.0,2.855264663696289,0.0,0.6496813297271729,6.0,0.1597103476524353,270.0
0.0,False,True,0.0,3.0229732990264893,0.0,0.63508540391922,4.0,0.18111805617809296,270.0
0.0,False,True,0.0,3.1758267879486084,0.0,0.7514561414718628,4.0,0.17812974750995636,270.0
0.0,False,True,0.0,2.6389336585998535,0.0,0.604500949382782,10.0,0.18160414695739746,270.0
0.0,False,True,0.0,2.879160165786743,0.0,0.6193460822105408,9.0,0.12027160823345184,270.0
0.0,False,True,0.0,2.9108729362487793,0.0,0.6081806421279907,8.0,0.16189710795879364,270.0
0.0,False,True,0.0,2.7373101711273193,0.0,0.6520292162895203,5.0,0.15898025035858154,270.0
0.0,False,True,0.0,2.995520830154419,0.0,0.6404021978378296,7.0,0.15933816134929657,270.0
0.0,False,True,0.0,2.7729053497314453,0.0,0.6640390753746033,2.0,0.18674634397029877,270.0
0.0,False,True,0.0,2.613593101501465,0.0,0.6340373158454895,6.0,0.16049568355083466,270.0
0.0,False,True,0.0,2.945701837539673,0.0,0.6580190062522888,5.0,0.16533125936985016,270.0
0.0,False,True,0.0,2.9141664505004883,0.0,0.6658393144607544,3.0,0.205608531832695,270.0
0.0,False,True,0.0,3.2689626216888428,0.0,0.6807395219802856,3.0,0.13130083680152893,270.0
50.0,False,True,0.0,3.5169155597686768,0.0,0.7224933505058289,3.0,0.22791720926761627,0.0
50.0,False,True,0.0,3.0883841514587402,0.0,0.5831820964813232,3.0,0.2730189561843872,0.0
50.0,False,True,0.0,2.485222339630127,0.0,0.5875545740127563,12.0,0.2659055292606354,0.0
50.0,False,True,0.0,3.12054443359375,0.0,0.5906718373298645,10.0,0.22903312742710114,0.0
50.0,False,True,0.0,3.1752102375030518,0.0,0.5839554071426392,6.0,0.24857288599014282,0.0
50.0,False,True,0.0,3.430453062057495,0.0,0.6350677609443665,8.0,0.19467851519584656,0.0
50.0,False,True,0.0,3.6184451580047607,0.0,0.6432560682296753,3.0,0.21060095727443695,0.0
50.0,False,True,0.0,3.170335531234741,0.0,0.594443142414093,9.0,0.24608254432678223,0.0
50.0,False,True,0.0,3.634211301803589,0.0,0.6571398973464966,5.0,0.2183225452899933,0.0
50.0,False,True,0.0,3.198737382888794,0.0,0.5944493412971497,8.0,0.2308237999677658,0.0
50.0,False,True,0.0,3.399493932723999,0.0,0.6518341302871704,6.0,0.24524849653244019,0.0
50.0,False,True,0.0,2.8940117359161377,0.0,0.615928590297699,12.0,0.2758824825286865,0.0
50.0,False,True,0.0,3.6648998260498047,0.0,0.6551791429519653,5.0,0.21229924261569977,0.0
50.0,False,True,0.0,2.967353105545044,0.0,0.6055616736412048,8.0,0.2809608280658722,0.0
50.0,False,True,0.0,3.276559829711914,0.0,0.6373823881149292,7.0,0.2078605592250824,0.0
50.0,False,True,0.0,3.2231862545013428,0.0,0.6440050601959229,7.0,0.23170772194862366,0.0
50.0,False,True,0.0,3.08654522895813,0.0,0.5864126086235046,7.0,0.2988106906414032,0.0
50.0,False,True,0.0,2.9638545513153076,0.0,0.6024965643882751,4.0,0.27485108375549316,0.0
50.0,False,True,0.0,3.3412885665893555,0.0,0.6440832018852234,3.0,0.20254886150360107,0.0
50.0,False,True,0.0,3.340116500854492,0.0,0.6295839548110962,4.0,0.22852356731891632,0.0
50.0,False,True,0.0,3.507884979248047,0.0,0.6718698143959045,7.0,0.2180071324110031,0.0
50.0,False,True,0.0,2.922952890396118,0.0,0.586251974105835,11.0,0.27271589636802673,0.0
50.0,False,True,0.0,3.292890787124634,0.0,0.6292049884796143,7.0,0.21440520882606506,0.0
50.0,False,True,0.0,3.512291431427002,0.0,0.6341520547866821,3.0,0.237520232796669,0.0
50.0,False,True,0.0,3.649855852127075,0.0,0.7205913662910461,2.0,0.2716290056705475,0.0
50.0,False,True,0.0,3.6155755519866943,0.0,0.6583729386329651,7.0,0.1870179921388626,0.0
50.0,False,True,0.0,3.4190196990966797,0.0,0.6854338049888611,2.0,0.2670665383338928,0.0
50.0,False,True,0.0,3.184260606765747,0.0,0.6126109957695007,4.0,0.2342611849308014,0.0
50.0,False,True,0.0,2.887239933013916,0.0,0.6100239157676697,6.0,0.23736722767353058,0.0
50.0,False,True,0.0,3.140305995941162,0.0,0.6119921803474426,4.0,0.2192530333995819,0.0
50.0,False,True,0.0,2.5802783966064453,0.0,0.5687730312347412,11.0,0.25606516003608704,0.0
50.0,False,True,0.0,3.9403939247131348,0.0,0.7079501152038574,5.0,0.20326820015907288,0.0
50.0,False,True,0.0,3.33777117729187,0.0,0.6681815385818481,5.0,0.21800917387008667,0.0
50.0,False,True,0.0,3.3818249702453613,0.0,0.6721733808517456,10.0,0.23217661678791046,0.0
50.0,False,True,0.0,3.0645852088928223,0.0,0.6426140666007996,11.0,0.2878971993923187,0.0
50.0,False,True,0.0,3.6483538150787354,0.0,0.7027459144592285,4.0,0.226638063788414,0.0
50.0,False,True,0.0,2.8328962326049805,0.0,0.6129544973373413,5.0,0.2521871328353882,0.0
50.0,False,True,0.0,3.1797080039978027,0.0,0.6464473605155945,7.0,0.2685260474681854,0.0
50.0,False,True,0.0,3.1185991764068604,0.0,0.6451674103736877,8.0,0.22270521521568298,0.0
50.0,False,True,0.0,3.1079721450805664,0.0,0.5572994947433472,11.0,0.32316067814826965,0.0
50.0,False,True,0.0,3.634265184402466,0.0,0.6427778005599976,5.0,0.2242433726787567,0.0
50.0,False,True,0.0,3.1264359951019287,0.0,0.5838704109191895,8.0,0.23891432583332062,0.0
50.0,False,True,0.0,3.1184732913970947,0.0,0.6192755699157715,6.0,0.2115936279296875,0.0
50.0,False,True,0.0,3.066628932952881,0.0,0.6000207662582397,5.0,0.23798836767673492,0.0
50.0,False,True,0.0,3.5408287048339844,0.0,0.7364730834960938,5.0,0.2023952454328537,0.0
50.0,False,True,0.0,2.5357444286346436,0.0,0.6059289574623108,11.0,0.258776992559433,0.0
50.0,False,True,0.0,2.7481579780578613,0.0,0.6586237549781799,3.0,0.294821172952652,0.0
50.0,False,True,0.0,2.970518112182617,0.0,0.5917131900787354,13.0,0.28285712003707886,0.0
50.0,False,True,0.0,3.8880136013031006,0.0,0.665702223777771,5.0,0.21165286004543304,0.0
50.0,False,True,0.0,3.588068723678589,0.0,0.6296061873435974,3.0,0.21414713561534882,0.0
50.0,False,True,0.0,2.9472298622131348,0.0,0.6421727538108826,12.0,0.2659737765789032,0.0
50.0,False,True,0.0,3.328843116760254,0.0,0.6496791839599609,6.0,0.1946675181388855,0.0
50.0,False,True,0.0,3.3563718795776367,0.0,0.6351087689399719,4.0,0.23319411277770996,0.0
50.0,False,True,0.0,3.785428285598755,0.0,0.7514533996582031,4.0,0.21823368966579437,0.0
50.0,False,True,0.0,3.016295909881592,0.0,0.6045026183128357,10.0,0.22510702908039093,0.0
50.0,False,True,0.0,3.2213029861450195,0.0,0.6193383932113647,9.0,0.2500177323818207,0.0
50.0,False,True,0.0,3.144231081008911,0.0,0.6080008149147034,8.0,0.22782281041145325,0.0
50.0,False,True,0.0,3.27309250831604,0.0,0.6520233154296875,5.0,0.22982944548130035,0.0
50.0,False,True,0.0,3.584247350692749,0.0,0.6404443383216858,7.0,0.22679007053375244,0.0
50.0,False,True,0.0,2.9148380756378174,0.0,0.6640383005142212,2.0,0.29078614711761475,0.0
50.0,False,True,0.0,3.1392462253570557,0.0,0.6340354681015015,6.0,0.21545188128948212,0.0
50.0,False,True,0.0,3.4499738216400146,0.0,0.6580303907394409,5.0,0.20118241012096405,0.0
50.0,False,True,0.0,3.3726651668548584,0.0,0.6658276319503784,3.0,0.28319334983825684,0.0
50.0,False,True,0.0,3.594393491744995,0.0,0.6807370185852051,3.0,0.24484170973300934,0.0
50.0,False,True,0.0,3.8417556285858154,0.0,0.7224990129470825,3.0,0.19547335803508759,90.0
50.0,False,True,0.0,3.3887648582458496,0.0,0.5831865072250366,3.0,0.19340701401233673,90.0
50.0,False,True,0.0,2.883915662765503,0.0,0.587556004524231,12.0,0.21653996407985687,90.0
50.0,False,True,0.0,3.914816379547119,0.0,0.5906698703765869,10.0,0.2357180118560791,90.0
50.0,False,True,0.0,4.171900749206543,0.0,0.5839493274688721,6.0,0.20981603860855103,90.0
50.0,False,True,0.0,3.431195020675659,0.0,0.6350782513618469,8.0,0.2399377077817917,90.0
50.0,False,True,0.0,3.395575523376465,0.0,0.6432592272758484,3.0,0.2129400372505188,90.0
50.0,False,True,0.0,3.8403282165527344,0.0,0.5943194031715393,9.0,0.20558573305606842,90.0
50.0,False,True,0.0,3.2014291286468506,0.0,0.6571387648582458,5.0,0.2048375904560089,90.0
50.0,False,True,0.0,3.5007333755493164,0.0,0.5944468975067139,8.0,0.23358918726444244,90.0
50.0,False,True,0.0,3.292712688446045,0.0,0.6518639326095581,6.0,0.2150334268808365,90.0
50.0,False,True,0.0,3.2279205322265625,0.0,0.6159284710884094,12.0,0.2142292559146881,90.0
50.0,False,True,0.0,3.7783868312835693,0.0,0.6534357666969299,5.0,0.21536801755428314,90.0
50.0,False,True,0.0,3.525089740753174,0.0,0.6055626273155212,8.0,0.22649627923965454,90.0
50.0,False,True,0.0,3.234100818634033,0.0,0.6377853155136108,7.0,0.2361656129360199,90.0
50.0,False,True,0.0,3.7441837787628174,0.0,0.6440026760101318,7.0,0.20457682013511658,90.0
50.0,False,True,0.0,3.317296028137207,0.0,0.5863885879516602,7.0,0.2018290013074875,90.0
50.0,False,True,0.0,3.1605019569396973,0.0,0.6024960279464722,4.0,0.1986132115125656,90.0
50.0,False,True,0.0,3.7943148612976074,0.0,0.6440793871879578,3.0,0.19320660829544067,90.0
50.0,False,True,0.0,3.3143436908721924,0.0,0.6295864582061768,4.0,0.21495021879673004,90.0
50.0,False,True,0.0,3.36173415184021,0.0,0.6718625426292419,7.0,0.2255624383687973,90.0
50.0,False,True,0.0,3.5368452072143555,0.0,0.5796278119087219,9.0,0.22532573342323303,90.0
50.0,False,True,0.0,3.2811574935913086,0.0,0.6292058825492859,7.0,0.22538235783576965,90.0
50.0,False,True,0.0,3.684295892715454,0.0,0.634153425693512,3.0,0.20295335352420807,90.0
50.0,False,True,0.0,3.502075433731079,0.0,0.7205886244773865,2.0,0.17047984898090363,90.0
50.0,False,True,0.0,3.3031606674194336,0.0,0.658374011516571,7.0,0.22479133307933807,90.0
50.0,False,True,0.0,3.172187566757202,0.0,0.6854146718978882,2.0,0.17761962115764618,90.0
50.0,False,True,0.0,3.5101728439331055,0.0,0.6116354465484619,5.0,0.19673773646354675,90.0
50.0,False,True,0.0,3.3731298446655273,0.0,0.6100199222564697,6.0,0.2271052896976471,90.0
50.0,False,True,0.0,3.6054344177246094,0.0,0.6119994521141052,4.0,0.21861831843852997,90.0
50.0,False,True,0.0,3.407604932785034,0.0,0.568383514881134,8.0,0.20630086958408356,90.0
50.0,False,True,0.0,3.7278311252593994,0.0,0.7079551219940186,5.0,0.20426371693611145,90.0
50.0,False,True,0.0,3.2380332946777344,0.0,0.6682233214378357,5.0,0.2081366330385208,90.0
50.0,False,True,0.0,3.8534607887268066,0.0,0.6721652150154114,10.0,0.21092155575752258,90.0
50.0,False,True,0.0,3.1283137798309326,0.0,0.6426121592521667,11.0,0.18835105001926422,90.0
50.0,False,True,0.0,3.23301100730896,0.0,0.702749490737915,4.0,0.19834455847740173,90.0
50.0,False,True,0.0,3.2377307415008545,0.0,0.6129493117332458,5.0,0.2094501405954361,90.0
50.0,False,True,0.0,2.8922526836395264,0.0,0.6464481949806213,7.0,0.22145754098892212,90.0
50.0,False,True,0.0,3.6130292415618896,0.0,0.6451643109321594,8.0,0.23035360872745514,90.0
50.0,False,True,0.0,3.792869806289673,0.0,0.5590150952339172,8.0,0.21850834786891937,90.0
50.0,False,True,0.0,3.5197536945343018,0.0,0.6427761912345886,5.0,0.19591671228408813,90.0
50.0,False,True,0.0,3.778852939605713,0.0,0.583871066570282,8.0,0.2228648066520691,90.0
50.0,False,True,0.0,3.322544574737549,0.0,0.6192754507064819,6.0,0.23468376696109772,90.0
50.0,False,True,0.0,3.1718170642852783,0.0,0.6000276803970337,5.0,0.22992175817489624,90.0
50.0,False,True,0.0,3.401221513748169,0.0,0.7364731431007385,5.0,0.18691113591194153,90.0
50.0,False,True,0.0,3.3491311073303223,0.0,0.6058967113494873,11.0,0.2188536673784256,90.0
50.0,False,True,0.0,3.1857974529266357,0.0,0.6586203575134277,3.0,0.19356420636177063,90.0
50.0,False,True,0.0,2.9698588848114014,0.0,0.5917144417762756,13.0,0.2475079447031021,90.0
50.0,False,True,0.0,3.699676275253296,0.0,0.6657459139823914,5.0,0.1977614313364029,90.0
50.0,False,True,0.0,3.604565382003784,0.0,0.6296136975288391,3.0,0.21523267030715942,90.0
50.0,False,True,0.0,3.1408047676086426,0.0,0.6421756148338318,12.0,0.2329319715499878,90.0
50.0,False,True,0.0,3.6465282440185547,0.0,0.6496785879135132,6.0,0.22118309140205383,90.0
50.0,False,True,0.0,3.483520984649658,0.0,0.6350904703140259,4.0,0.2070189118385315,90.0
50.0,False,True,0.0,3.56205415725708,0.0,0.7515418529510498,4.0,0.18709084391593933,90.0
50.0,False,True,0.0,3.191936492919922,0.0,0.6045008897781372,10.0,0.24596036970615387,90.0
50.0,False,True,0.0,3.70686674118042,0.0,0.6193410754203796,9.0,0.20300975441932678,90.0
50.0,False,True,0.0,3.470344066619873,0.0,0.6079930067062378,8.0,0.21351109445095062,90.0
50.0,False,True,0.0,3.2744083404541016,0.0,0.6520335674285889,5.0,0.22206293046474457,90.0
50.0,False,True,0.0,3.4207942485809326,0.0,0.640451967716217,7.0,0.20652471482753754,90.0
50.0,False,True,0.0,3.229800224304199,0.0,0.6640365123748779,2.0,0.19600825011730194,90.0
50.0,False,True,0.0,3.4089834690093994,0.0,0.6340348720550537,6.0,0.22662945091724396,90.0
50.0,False,True,0.0,3.2337377071380615,0.0,0.6580101847648621,5.0,0.21071860194206238,90.0
50.0,False,True,0.0,3.520254135131836,0.0,0.665835976600647,3.0,0.2091778665781021,90.0
50.0,False,True,0.0,3.539612293243408,0.0,0.6807299852371216,3.0,0.17038613557815552,90.0
50.0,False,True,0.0,3.5553970336914062,0.0,0.722471296787262,3.0,0.34096258878707886,180.0
50.0,False,True,0.0,3.019927978515625,0.0,0.5831773281097412,3.0,0.2889147102832794,180.0
50.0,False,True,0.0,2.563000440597534,0.0,0.5875558257102966,12.0,0.2926429212093353,180.0
50.0,False,True,0.0,3.289262294769287,0.0,0.5906718969345093,10.0,0.2958848774433136,180.0
50.0,False,True,0.0,3.217106580734253,0.0,0.5839549899101257,6.0,0.2857005298137665,180.0
50.0,False,True,0.0,3.505819082260132,0.0,0.6350685358047485,8.0,0.32284075021743774,180.0
50.0,False,True,0.0,3.336362838745117,0.0,0.643251895904541,3.0,0.3061029016971588,180.0
50.0,False,True,0.0,3.3242526054382324,0.0,0.5944429636001587,9.0,0.2997773587703705,180.0
50.0,False,True,0.0,3.110931158065796,0.0,0.657137930393219,5.0,0.315797358751297,180.0
50.0,False,True,0.0,3.117657423019409,0.0,0.5944492220878601,8.0,0.318167507648468,180.0
50.0,False,True,0.0,3.0167500972747803,0.0,0.6518359184265137,6.0,0.2973673641681671,180.0
50.0,False,True,0.0,2.9464991092681885,0.0,0.6159282326698303,12.0,0.293438583612442,180.0
50.0,False,True,0.0,3.648782730102539,0.0,0.6534368991851807,5.0,0.3054368495941162,180.0
50.0,False,True,0.0,2.955388307571411,0.0,0.6055610775947571,8.0,0.27886155247688293,180.0
50.0,False,True,0.0,3.070966958999634,0.0,0.6373854279518127,7.0,0.32284173369407654,180.0
50.0,False,True,0.0,3.0921847820281982,0.0,0.6440026164054871,7.0,0.33134615421295166,180.0
50.0,False,True,0.0,2.989699125289917,0.0,0.5863836407661438,7.0,0.26582109928131104,180.0
50.0,False,True,0.0,2.9774951934814453,0.0,0.6024948358535767,4.0,0.29247021675109863,180.0
50.0,False,True,0.0,3.8585898876190186,0.0,0.6440795063972473,3.0,0.32658591866493225,180.0
50.0,False,True,0.0,3.20607328414917,0.0,0.6295903325080872,4.0,0.276760995388031,180.0
50.0,False,True,0.0,3.2158286571502686,0.0,0.6718695759773254,7.0,0.30431222915649414,180.0
50.0,False,True,0.0,3.517193555831909,0.0,0.5794410705566406,12.0,0.28631824254989624,180.0
50.0,False,True,0.0,3.266146659851074,0.0,0.629204273223877,7.0,0.3080833852291107,180.0
50.0,False,True,0.0,3.556443452835083,0.0,0.6341512203216553,3.0,0.31579551100730896,180.0
50.0,False,True,0.0,3.340233564376831,0.0,0.7205869555473328,2.0,0.28906577825546265,180.0
50.0,False,True,0.0,3.6202304363250732,0.0,0.6583719849586487,7.0,0.3418562710285187,180.0
50.0,False,True,0.0,3.1167151927948,0.0,0.6854256987571716,2.0,0.27425259351730347,180.0
50.0,False,True,0.0,3.168111801147461,0.0,0.6116341948509216,5.0,0.3104281425476074,180.0
50.0,False,True,0.0,3.0290544033050537,0.0,0.6100283861160278,6.0,0.3033054769039154,180.0
50.0,False,True,0.0,3.394076108932495,0.0,0.6119961738586426,4.0,0.30408772826194763,180.0
50.0,False,True,0.0,3.3306663036346436,0.0,0.5683639049530029,8.0,0.2832994759082794,180.0
50.0,False,True,0.0,3.569741725921631,0.0,0.7079563736915588,5.0,0.308448851108551,180.0
50.0,False,True,0.0,3.459721088409424,0.0,0.668190062046051,5.0,0.30220651626586914,180.0
50.0,False,True,0.0,3.1557908058166504,0.0,0.6721763014793396,10.0,0.31462058424949646,180.0
50.0,False,True,0.0,3.243832588195801,0.0,0.6426146626472473,11.0,0.33433282375335693,180.0
50.0,False,True,0.0,3.489305019378662,0.0,0.7027445435523987,4.0,0.31667712330818176,180.0
50.0,False,True,0.0,2.9588966369628906,0.0,0.6129580140113831,5.0,0.29093945026397705,180.0
50.0,False,True,0.0,2.936983346939087,0.0,0.6464431285858154,7.0,0.2812914550304413,180.0
50.0,False,True,0.0,3.774082660675049,0.0,0.6451647281646729,8.0,0.32649949193000793,180.0
50.0,False,True,0.0,2.618306875228882,0.0,0.559028148651123,8.0,0.21741396188735962,180.0
50.0,False,True,0.0,3.4399712085723877,0.0,0.6427780389785767,5.0,0.2993951439857483,180.0
50.0,False,True,0.0,3.1963493824005127,0.0,0.583875834941864,8.0,0.3013211190700531,180.0
50.0,False,True,0.0,2.9421775341033936,0.0,0.6192722320556641,6.0,0.3136158287525177,180.0
50.0,False,True,0.0,2.9476282596588135,0.0,0.6000209450721741,5.0,0.31380388140678406,180.0
50.0,False,True,0.0,3.5982048511505127,0.0,0.7364720106124878,5.0,0.3091871440410614,180.0
50.0,False,True,0.0,3.170459032058716,0.0,0.6058984398841858,11.0,0.2940647602081299,180.0
50.0,False,True,0.0,3.086925745010376,0.0,0.6586293578147888,3.0,0.27550816535949707,180.0
50.0,False,True,0.0,2.7018258571624756,0.0,0.5917009115219116,13.0,0.31715166568756104,180.0
50.0,False,True,0.0,3.7231533527374268,0.0,0.665744423866272,5.0,0.3214694857597351,180.0
50.0,False,True,0.0,3.219175100326538,0.0,0.6296097636222839,3.0,0.3127037286758423,180.0
50.0,False,True,0.0,3.231557607650757,0.0,0.6421773433685303,12.0,0.3084057569503784,180.0
50.0,False,True,0.0,3.4739530086517334,0.0,0.6496814489364624,6.0,0.3386128544807434,180.0
50.0,False,True,0.0,3.1991655826568604,0.0,0.6350947618484497,4.0,0.2777920365333557,180.0
50.0,False,True,0.0,3.5345747470855713,0.0,0.7514418959617615,4.0,0.2877691090106964,180.0
50.0,False,True,0.0,2.701028823852539,0.0,0.6044992208480835,10.0,0.2957754135131836,180.0
50.0,False,True,0.0,3.463284492492676,0.0,0.6193400621414185,9.0,0.29134735465049744,180.0
50.0,False,True,0.0,3.3781754970550537,0.0,0.6081821918487549,8.0,0.3078523278236389,180.0
50.0,False,True,0.0,3.213392496109009,0.0,0.6520387530326843,5.0,0.29884132742881775,180.0
50.0,False,True,0.0,3.2660868167877197,0.0,0.6404232978820801,7.0,0.3101276755332947,180.0
50.0,False,True,0.0,2.8971216678619385,0.0,0.6640366315841675,2.0,0.2717978358268738,180.0
50.0,False,True,0.0,3.1352524757385254,0.0,0.6340352892875671,6.0,0.30416929721832275,180.0
50.0,False,True,0.0,3.4069151878356934,0.0,0.6579849720001221,5.0,0.333467960357666,180.0
50.0,False,True,0.0,3.057166337966919,0.0,0.6658390760421753,3.0,0.28471189737319946,180.0
50.0,False,True,0.0,3.4331915378570557,0.0,0.6807364821434021,3.0,0.2878349721431732,180.0
50.0,False,True,0.0,3.065990447998047,0.0,0.7225015759468079,3.0,0.39253732562065125,270.0
50.0,False,True,0.0,2.6389336585998535,0.0,0.5831809043884277,3.0,0.4326990246772766,270.0
50.0,False,True,0.0,2.260619878768921,0.0,0.5875563025474548,12.0,0.4101311266422272,270.0
50.0,False,True,0.0,2.6522512435913086,0.0,0.5906667113304138,10.0,0.37236523628234863,270.0
50.0,False,True,0.0,2.7376675605773926,0.0,0.5839551687240601,6.0,0.3453334867954254,270.0
50.0,False,True,0.0,2.8752143383026123,0.0,0.6350743770599365,8.0,0.3580726683139801,270.0
50.0,False,True,0.0,2.964646816253662,0.0,0.6432549357414246,3.0,0.39034417271614075,270.0
50.0,False,True,0.0,2.6724696159362793,0.0,0.5943129658699036,9.0,0.36245211958885193,270.0
50.0,False,True,0.0,2.893876552581787,0.0,0.6571394205093384,5.0,0.40086790919303894,270.0
50.0,False,True,0.0,2.617708921432495,0.0,0.5944499969482422,8.0,0.39136573672294617,270.0
50.0,False,True,0.0,3.1424872875213623,0.0,0.6518702507019043,6.0,0.36722037196159363,270.0
50.0,False,True,0.0,2.596310615539551,0.0,0.6159299612045288,12.0,0.38596782088279724,270.0
50.0,False,True,0.0,3.2279810905456543,0.0,0.6534402966499329,5.0,0.3529592454433441,270.0
50.0,False,True,0.0,2.745450258255005,0.0,0.6055569648742676,8.0,0.4075222313404083,270.0
50.0,False,True,0.0,2.9525387287139893,0.0,0.6373836994171143,7.0,0.37594878673553467,270.0
50.0,False,True,0.0,2.8856122493743896,0.0,0.6439012289047241,7.0,0.3878839313983917,270.0
50.0,False,True,0.0,2.40948486328125,0.0,0.5864149332046509,7.0,0.39656734466552734,270.0
50.0,False,True,0.0,2.5086605548858643,0.0,0.6024979948997498,4.0,0.40178391337394714,270.0
50.0,False,True,0.0,3.209063768386841,0.0,0.6440789699554443,3.0,0.36020228266716003,270.0
50.0,False,True,0.0,2.874533176422119,0.0,0.6295856833457947,4.0,0.3937755823135376,270.0
50.0,False,True,0.0,2.9259650707244873,0.0,0.671866238117218,7.0,0.4037281274795532,270.0
50.0,False,True,0.0,2.6793458461761475,0.0,0.5794415473937988,12.0,0.3801799416542053,270.0
50.0,False,True,0.0,2.9888477325439453,0.0,0.6292040944099426,7.0,0.36844655871391296,270.0
50.0,False,True,0.0,2.9574408531188965,0.0,0.6341552138328552,3.0,0.36306092143058777,270.0
50.0,False,True,0.0,3.49053955078125,0.0,0.7205919623374939,2.0,0.414584755897522,270.0
50.0,False,True,0.0,3.206561803817749,0.0,0.658373236656189,7.0,0.38421785831451416,270.0
50.0,False,True,0.0,3.0342202186584473,0.0,0.685428261756897,2.0,0.40737491846084595,270.0
50.0,False,True,0.0,2.8811991214752197,0.0,0.6116364002227783,5.0,0.3704002797603607,270.0
50.0,False,True,0.0,2.730149507522583,0.0,0.6100238561630249,6.0,0.3719930052757263,270.0
50.0,False,True,0.0,2.76045298576355,0.0,0.611996054649353,4.0,0.3697715401649475,270.0
50.0,False,True,0.0,2.6820476055145264,0.0,0.5687764883041382,11.0,0.37963125109672546,270.0
50.0,False,True,0.0,3.4273698329925537,0.0,0.7079522609710693,5.0,0.39532339572906494,270.0
50.0,False,True,0.0,2.8234827518463135,0.0,0.6681862473487854,5.0,0.38985955715179443,270.0
50.0,False,True,0.0,2.976771593093872,0.0,0.6721675395965576,10.0,0.3476306200027466,270.0
50.0,False,True,0.0,2.903533697128296,0.0,0.6426094174385071,11.0,0.44179460406303406,270.0
50.0,False,True,0.0,3.2861061096191406,0.0,0.7027096748352051,4.0,0.3828359842300415,270.0
50.0,False,True,0.0,2.4043617248535156,0.0,0.6129607558250427,5.0,0.3867284655570984,270.0
50.0,False,True,0.0,2.4452860355377197,0.0,0.6464394330978394,7.0,0.43845057487487793,270.0
50.0,False,True,0.0,3.235250949859619,0.0,0.6451684832572937,8.0,0.36624667048454285,270.0
50.0,False,True,0.0,2.499593496322632,0.0,0.5590259432792664,8.0,0.3560033142566681,270.0
50.0,False,True,0.0,3.20881986618042,0.0,0.6427830457687378,5.0,0.3718768060207367,270.0
50.0,False,True,0.0,2.6084952354431152,0.0,0.5838714838027954,8.0,0.3582760989665985,270.0
50.0,False,True,0.0,2.8293697834014893,0.0,0.6192819476127625,6.0,0.36223092675209045,270.0
50.0,False,True,0.0,2.7433817386627197,0.0,0.6000221967697144,5.0,0.4135602116584778,270.0
50.0,False,True,0.0,3.1197285652160645,0.0,0.7364711761474609,5.0,0.40272754430770874,270.0
50.0,False,True,0.0,2.3100359439849854,0.0,0.6058982610702515,11.0,0.37639373540878296,270.0
50.0,False,True,0.0,2.728715181350708,0.0,0.6586218476295471,3.0,0.4326189160346985,270.0
50.0,False,True,0.0,2.434938669204712,0.0,0.5917121767997742,13.0,0.40574097633361816,270.0
50.0,False,True,0.0,3.3821141719818115,0.0,0.6657396554946899,5.0,0.387258917093277,270.0
50.0,False,True,0.0,3.2307698726654053,0.0,0.6296161413192749,3.0,0.39225825667381287,270.0
50.0,False,True,0.0,2.7597439289093018,0.0,0.6421758532524109,12.0,0.4321906864643097,270.0
50.0,False,True,0.0,2.9343159198760986,0.0,0.6496803164482117,6.0,0.3615477979183197,270.0
50.0,False,True,0.0,2.9677488803863525,0.0,0.6350852251052856,4.0,0.40933406352996826,270.0
50.0,False,True,0.0,3.299246311187744,0.0,0.7515386343002319,4.0,0.4135854244232178,270.0
50.0,False,True,0.0,2.7663326263427734,0.0,0.6045025587081909,10.0,0.4007606506347656,270.0
50.0,False,True,0.0,3.043818235397339,0.0,0.6193388104438782,9.0,0.35581791400909424,270.0
50.0,False,True,0.0,2.903061628341675,0.0,0.6079949736595154,8.0,0.3680901825428009,270.0
50.0,False,True,0.0,2.7956838607788086,0.0,0.6520189642906189,5.0,0.3903126120567322,270.0
50.0,False,True,0.0,3.0947797298431396,0.0,0.6404143571853638,7.0,0.40797582268714905,270.0
50.0,False,True,0.0,2.712599277496338,0.0,0.6640374064445496,2.0,0.418292373418808,270.0
50.0,False,True,0.0,2.6874427795410156,0.0,0.6340330243110657,6.0,0.3689369261264801,270.0
50.0,False,True,0.0,3.0154519081115723,0.0,0.658018946647644,5.0,0.38704684376716614,270.0
50.0,False,True,0.0,2.9321136474609375,0.0,0.6658370494842529,3.0,0.4312739074230194,270.0
50.0,False,True,0.0,3.313457489013672,0.0,0.6807352304458618,3.0,0.37947702407836914,270.0
100.0,False,True,0.0,4.3659210205078125,0.0,0.7224973440170288,3.0,0.4293956160545349,0.0
100.0,False,True,0.0,3.807709217071533,0.0,0.5831839442253113,3.0,0.5245046019554138,0.0
100.0,False,True,0.0,3.393556833267212,0.0,0.5875545144081116,12.0,0.49558043479919434,0.0
100.0,False,True,0.0,3.914515972137451,0.0,0.5906729102134705,10.0,0.42200154066085815,0.0
100.0,False,True,0.0,4.286605358123779,0.0005412519094534218,0.5839449763298035,6.0,0.5000837445259094,0.0
100.0,False,True,0.0,4.36767053604126,0.0,0.6350741982460022,8.0,0.3714660406112671,0.0
100.0,False,True,0.0,4.106990337371826,0.0,0.6432548761367798,3.0,0.43997621536254883,0.0
100.0,False,True,0.0,4.184415340423584,0.0,0.5943169593811035,9.0,0.4683758020401001,0.0
100.0,False,True,0.0,3.9406423568725586,0.0,0.6571426391601562,5.0,0.4593774676322937,0.0
100.0,False,True,0.0,4.220996856689453,0.0,0.5944492816925049,8.0,0.43188971281051636,0.0
100.0,False,True,0.0,3.842010021209717,0.0,0.6518709659576416,6.0,0.4445311725139618,0.0
100.0,False,True,0.0,4.159159183502197,0.0,0.6159296035766602,12.0,0.5561323761940002,0.0
100.0,False,True,0.0,4.421731472015381,0.0,0.6534380316734314,5.0,0.4200829565525055,0.0
100.0,False,True,0.0,3.9040470123291016,0.0,0.6055650115013123,8.0,0.5127080678939819,0.0
100.0,False,True,0.0,3.762338876724243,0.0,0.6373869180679321,7.0,0.4105146527290344,0.0
100.0,False,True,0.0,3.852088451385498,0.0,0.6440038084983826,7.0,0.4473942816257477,0.0
100.0,False,True,0.0,4.196333408355713,0.003129740944132209,0.5864013433456421,7.0,0.563778817653656,0.0
100.0,False,True,0.0,3.369180679321289,0.0,0.6024966239929199,4.0,0.45346635580062866,0.0
100.0,False,True,0.0,4.3717942237854,0.0,0.644080638885498,3.0,0.43340834975242615,0.0
100.0,False,True,0.0,3.894304037094116,0.0,0.6295860409736633,4.0,0.43288692831993103,0.0
100.0,False,True,0.0,4.516138553619385,0.0,0.6718706488609314,7.0,0.39791834354400635,0.0
100.0,False,True,0.0,3.4580233097076416,0.0,0.5794406533241272,12.0,0.4537696838378906,0.0
100.0,False,True,0.0,4.279609203338623,0.0,0.6292098760604858,7.0,0.4206258952617645,0.0
100.0,False,True,0.0,4.270767688751221,0.0,0.6341512799263,3.0,0.428029865026474,0.0
100.0,False,True,0.0,4.3044328689575195,0.0,0.7205979228019714,2.0,0.5054889917373657,0.0
100.0,False,True,0.0,4.777047157287598,0.0,0.6583738923072815,7.0,0.36857232451438904,0.0
100.0,False,True,0.0,4.002620697021484,0.0,0.6854243278503418,2.0,0.4952913820743561,0.0
100.0,False,True,0.0,3.6059231758117676,0.0,0.6126129031181335,4.0,0.4749636650085449,0.0
100.0,False,True,0.0,4.111422061920166,0.0,0.6100546717643738,6.0,0.4955901801586151,0.0
100.0,False,True,0.0,3.733027935028076,0.0,0.6119856238365173,4.0,0.4121115207672119,0.0
100.0,False,True,0.0,3.3091416358947754,0.0,0.5683844685554504,8.0,0.45991209149360657,0.0
100.0,False,True,0.0,4.635951042175293,0.0,0.7079571485519409,5.0,0.3887849450111389,0.0
100.0,False,True,0.0,4.420668125152588,0.0,0.6681279540061951,5.0,0.43586328625679016,0.0
100.0,False,True,0.0,4.438222885131836,0.0,0.6721723079681396,10.0,0.4680107533931732,0.0
100.0,False,True,0.0,3.7359635829925537,0.0,0.642612636089325,11.0,0.5210054516792297,0.0
100.0,False,True,0.0,4.095625877380371,0.0,0.7027469873428345,4.0,0.4391517639160156,0.0
100.0,False,True,0.0,3.65334153175354,0.0,0.6128900051116943,5.0,0.4783001244068146,0.0
100.0,False,True,0.0,4.152467727661133,0.0,0.6464552879333496,7.0,0.47610676288604736,0.0
100.0,False,True,0.0,4.794975757598877,0.0,0.6451646685600281,8.0,0.391947865486145,0.0
100.0,False,True,0.0,4.795915126800537,0.0019309318158775568,0.5590251684188843,8.0,0.6292169094085693,0.0
100.0,False,True,0.0,4.741070747375488,0.0,0.6427795886993408,5.0,0.4653211832046509,0.0
100.0,False,True,0.0,4.280158042907715,0.00018386005831416696,0.5838704705238342,8.0,0.47856172919273376,0.0
100.0,False,True,0.0,3.6553235054016113,0.0,0.6192792654037476,6.0,0.4166000783443451,0.0
100.0,False,True,0.0,4.207007884979248,0.0,0.6000242829322815,5.0,0.4361409842967987,0.0
100.0,False,True,0.0,4.677092552185059,0.0,0.736471951007843,5.0,0.43275517225265503,0.0
100.0,False,True,0.0,3.5373435020446777,0.0,0.6058992743492126,11.0,0.4623912274837494,0.0
100.0,False,True,0.0,3.5914504528045654,0.0,0.6586260795593262,3.0,0.5248302221298218,0.0
100.0,False,True,0.0,3.697187900543213,0.0,0.5917101502418518,13.0,0.5016739368438721,0.0
100.0,False,True,0.0,4.5021514892578125,0.0,0.6657409071922302,5.0,0.4197427034378052,0.0
100.0,False,True,0.0,4.20412015914917,0.0,0.6296131014823914,3.0,0.40890762209892273,0.0
100.0,False,True,0.0,3.696446418762207,0.0,0.6421751379966736,12.0,0.48472046852111816,0.0
100.0,False,True,0.0,4.298513889312744,0.0,0.6496803164482117,6.0,0.39372584223747253,0.0
100.0,False,True,0.0,4.121460437774658,0.0,0.6350895166397095,4.0,0.4228373169898987,0.0
100.0,False,True,0.0,3.963583469390869,0.0,0.7514482140541077,4.0,0.3975123465061188,0.0
100.0,False,True,0.0,3.568150520324707,0.0,0.6044999957084656,10.0,0.4645325541496277,0.0
100.0,False,True,0.0,4.190215110778809,0.0,0.6193391680717468,9.0,0.48574820160865784,0.0
100.0,False,True,0.0,3.7485218048095703,0.0,0.6081861257553101,8.0,0.43182337284088135,0.0
100.0,False,True,0.0,4.200904846191406,0.0,0.6520339250564575,5.0,0.44497838616371155,0.0
100.0,False,True,0.0,4.407933712005615,0.0,0.640424370765686,7.0,0.4474596381187439,0.0
100.0,False,True,0.0,3.732975482940674,0.0,0.6640376448631287,2.0,0.5010048747062683,0.0
100.0,False,True,0.0,4.118418216705322,0.0,0.6340367197990417,6.0,0.395025372505188,0.0
100.0,False,True,0.0,4.000173568725586,0.0,0.6580106616020203,5.0,0.3933652639389038,0.0
100.0,False,True,0.0,3.897169351577759,0.0,0.6658381819725037,3.0,0.43750327825546265,0.0
100.0,False,True,0.0,4.344379901885986,0.0,0.6807454824447632,3.0,0.4960132837295532,0.0
100.0,False,True,0.0,5.355586528778076,0.0008981406572274864,0.7224739789962769,3.0,0.47092652320861816,90.0
100.0,False,True,0.0,4.395341396331787,0.0,0.583185613155365,3.0,0.35640865564346313,90.0
100.0,False,True,0.0,4.041620254516602,0.0,0.5875526666641235,12.0,0.3926345109939575,90.0
100.0,False,True,0.0,5.600387096405029,0.0,0.5906661748886108,10.0,0.41672036051750183,90.0
100.0,False,True,0.0,6.078315734863281,0.0,0.5839627385139465,6.0,0.4444783329963684,90.0
100.0,False,True,0.0,4.856356143951416,0.0,0.6350705623626709,8.0,0.43785178661346436,90.0
100.0,False,True,0.0,4.60585355758667,0.0,0.643256425857544,3.0,0.406949520111084,90.0
100.0,False,True,0.0,5.662750720977783,0.0,0.5943180322647095,9.0,0.40474483370780945,90.0
100.0,False,True,0.0,4.596529960632324,0.0,0.6571391224861145,5.0,0.3906633257865906,90.0
100.0,False,True,0.0,5.262017726898193,0.0,0.5944473743438721,8.0,0.4106540381908417,90.0
100.0,False,True,0.0,4.66400671005249,0.0,0.6518703699111938,6.0,0.4194970428943634,90.0
100.0,False,True,0.0,5.490907192230225,0.0,0.6159303784370422,12.0,0.38762471079826355,90.0
100.0,False,True,0.0,5.293686389923096,1.9406079445616342e-05,0.6534441113471985,5.0,0.4116635322570801,90.0
100.0,False,True,0.0,5.342177867889404,0.0,0.6055609583854675,8.0,0.3964725732803345,90.0
100.0,False,True,0.0,4.301657199859619,0.0,0.6373823285102844,7.0,0.42881372570991516,90.0
100.0,False,True,0.0,5.281309127807617,0.0003474676632322371,0.6439059376716614,7.0,0.4309392273426056,90.0
100.0,False,True,0.0,5.3003082275390625,0.0,0.586408257484436,7.0,0.37473151087760925,90.0
100.0,False,True,0.0,4.593801975250244,0.0,0.6024974584579468,4.0,0.3811829090118408,90.0
100.0,False,True,0.0,5.293242454528809,0.0,0.6440800428390503,3.0,0.45476099848747253,90.0
100.0,False,True,0.0,4.750895023345947,0.0,0.6295870542526245,4.0,0.40817999839782715,90.0
100.0,False,True,0.0,4.038857460021973,0.0,0.6718637943267822,7.0,0.4253257215023041,90.0
100.0,False,True,0.0,4.997594833374023,0.0,0.579439103603363,12.0,0.4105692207813263,90.0
100.0,False,True,0.0,4.722233772277832,0.0,0.6292048692703247,7.0,0.41610458493232727,90.0
100.0,False,True,0.0,5.233603477478027,0.0,0.6341496109962463,3.0,0.3944685757160187,90.0
100.0,False,True,0.0,4.644014358520508,0.0,0.7205913066864014,2.0,0.40964359045028687,90.0
100.0,False,True,0.0,4.373540878295898,0.0,0.658374547958374,7.0,0.4113627076148987,90.0
100.0,False,True,0.0,4.608022212982178,0.0,0.6854193210601807,2.0,0.40595126152038574,90.0
100.0,False,True,0.0,5.156853199005127,0.0,0.6126102209091187,4.0,0.424917995929718,90.0
100.0,False,True,0.0,5.245495796203613,0.0,0.6100219488143921,6.0,0.4233401119709015,90.0
100.0,False,True,0.0,5.3014912605285645,0.0,0.6119979619979858,4.0,0.4069048762321472,90.0
100.0,False,True,0.0,5.106108665466309,0.0,0.5687715411186218,11.0,0.4001733362674713,90.0
100.0,False,True,0.0,4.146237373352051,0.0,0.7080305218696594,5.0,0.3959043025970459,90.0
100.0,False,True,0.0,4.832010746002197,0.0,0.6681848764419556,5.0,0.3919687569141388,90.0
100.0,False,True,0.0,5.510359764099121,0.0,0.6721736788749695,10.0,0.4453504681587219,90.0
100.0,False,True,0.0,4.3635430335998535,0.0,0.6426101922988892,11.0,0.3578781485557556,90.0
100.0,False,True,0.0,4.660099506378174,0.0,0.7027489542961121,4.0,0.4060584604740143,90.0
100.0,False,True,0.0,5.061634063720703,0.0,0.6128907799720764,5.0,0.3884493410587311,90.0
100.0,False,True,0.0,4.18254280090332,0.0,0.6464359164237976,7.0,0.40682530403137207,90.0
100.0,False,True,0.0,4.90859842300415,0.0,0.6451612114906311,8.0,0.4262765347957611,90.0
100.0,False,True,0.0,5.78472375869751,0.0,0.5590250492095947,8.0,0.398535817861557,90.0
100.0,False,True,0.0,4.886838436126709,0.0,0.6427764296531677,5.0,0.4253648817539215,90.0
100.0,False,True,0.0,5.604444980621338,0.0,0.5838733911514282,8.0,0.42884987592697144,90.0
100.0,False,True,0.0,3.8766651153564453,0.0,0.6192823648452759,6.0,0.43074628710746765,90.0
100.0,False,True,0.0,4.458521366119385,0.0,0.6000260710716248,5.0,0.410739004611969,90.0
100.0,False,True,0.0,4.556511878967285,0.0,0.7364766597747803,5.0,0.39769652485847473,90.0
100.0,False,True,0.0,5.106300354003906,0.0,0.60589998960495,11.0,0.407379150390625,90.0
100.0,False,True,0.0,4.644647121429443,0.0,0.65863436460495,3.0,0.37307533621788025,90.0
100.0,False,True,0.0,4.866310119628906,0.0,0.5917123556137085,13.0,0.4091047942638397,90.0
100.0,False,True,0.0,4.6627888679504395,0.0,0.6657418608665466,5.0,0.38716381788253784,90.0
100.0,False,True,0.0,4.365024089813232,0.0,0.6296066641807556,3.0,0.4102497398853302,90.0
100.0,False,True,0.0,4.4363250732421875,0.0,0.6421746015548706,12.0,0.40174373984336853,90.0
100.0,False,True,0.0,5.058149814605713,0.0,0.6496778726577759,6.0,0.4361427128314972,90.0
100.0,False,True,0.0,4.1745285987854,0.0,0.6350901126861572,4.0,0.40553563833236694,90.0
100.0,False,True,0.0,4.124737739562988,0.0,0.7514427900314331,4.0,0.39291417598724365,90.0
100.0,False,True,0.0,4.800691604614258,0.0,0.604499876499176,10.0,0.42552682757377625,90.0
100.0,False,True,0.0,5.373047351837158,0.0,0.6193340420722961,9.0,0.44743576645851135,90.0
100.0,False,True,0.0,5.128354072570801,0.0,0.608182430267334,8.0,0.394077867269516,90.0
100.0,False,True,0.0,4.571189880371094,0.0,0.6520318388938904,5.0,0.40807223320007324,90.0
100.0,False,True,0.0,4.436634063720703,0.0,0.6404288411140442,7.0,0.38419416546821594,90.0
100.0,False,True,0.0,4.640385150909424,0.0,0.6640437841415405,2.0,0.38235488533973694,90.0
100.0,False,True,0.0,4.880701065063477,0.0,0.6340353488922119,6.0,0.4288305342197418,90.0
100.0,False,True,0.0,4.273243427276611,0.0,0.6580307483673096,5.0,0.39739885926246643,90.0
100.0,False,True,0.0,4.047236919403076,0.0,0.665831446647644,3.0,0.4055235981941223,90.0
100.0,False,True,0.0,4.943516731262207,0.0,0.6808815598487854,3.0,0.4371379017829895,90.0
100.0,False,True,0.0,4.880500316619873,0.0,0.7225064635276794,3.0,0.5650560855865479,180.0
100.0,False,True,0.0,3.9309399127960205,0.0,0.5831831693649292,3.0,0.5089843273162842,180.0
100.0,False,True,0.0,3.3796820640563965,0.0,0.5875526666641235,12.0,0.47736889123916626,180.0
100.0,False,True,0.0,3.9817731380462646,0.0,0.5906731486320496,10.0,0.49564990401268005,180.0
100.0,False,True,0.0,4.050815582275391,0.0,0.5839551687240601,6.0,0.5170968770980835,180.0
100.0,False,True,0.0,4.333817481994629,0.0,0.6350691318511963,8.0,0.5296152234077454,180.0
100.0,False,True,0.0,4.259609699249268,0.0,0.6432530283927917,3.0,0.5299129486083984,180.0
100.0,False,True,0.0,4.246854305267334,0.0,0.5943204164505005,9.0,0.5172231793403625,180.0
100.0,False,True,0.0,4.171477794647217,0.0,0.6571378111839294,5.0,0.5291784405708313,180.0
100.0,False,True,0.0,3.92610502243042,0.0,0.594447672367096,8.0,0.5217320919036865,180.0
100.0,False,True,0.0,3.898174285888672,0.0,0.6518306136131287,6.0,0.5062967538833618,180.0
100.0,False,True,0.0,3.8030266761779785,0.0,0.6159297227859497,12.0,0.4913923740386963,180.0
100.0,False,True,0.0,4.5133185386657715,0.0,0.6534388661384583,5.0,0.5106282234191895,180.0
100.0,False,True,0.0,3.7083983421325684,0.0,0.6055600643157959,8.0,0.48391926288604736,180.0
100.0,False,True,0.0,3.9714314937591553,0.0,0.6373857855796814,7.0,0.5313894152641296,180.0
100.0,False,True,0.0,4.1243109703063965,0.0,0.6440041065216064,7.0,0.5509284138679504,180.0
100.0,False,True,0.0,3.8220300674438477,0.0,0.5864118337631226,7.0,0.48611071705818176,180.0
100.0,False,True,0.0,3.7640037536621094,0.0,0.6024985909461975,4.0,0.48732390999794006,180.0
100.0,False,True,0.0,5.072499752044678,0.0,0.644080638885498,3.0,0.5520405769348145,180.0
100.0,False,True,0.0,4.013955593109131,0.0,0.6295826435089111,4.0,0.4907976984977722,180.0
100.0,False,True,0.0,3.998312473297119,0.0,0.6718670725822449,7.0,0.5143554210662842,180.0
100.0,False,True,0.0,3.705598831176758,0.0,0.5862535238265991,11.0,0.4458487629890442,180.0
100.0,False,True,0.0,4.113184452056885,0.0,0.6292126178741455,7.0,0.5169817209243774,180.0
100.0,False,True,0.0,4.545320987701416,0.0,0.6341537237167358,3.0,0.5325803756713867,180.0
100.0,False,True,0.0,4.458609104156494,0.0,0.7205954790115356,2.0,0.5139292478561401,180.0
100.0,False,True,0.0,4.689723491668701,0.0,0.6583718061447144,7.0,0.5576860308647156,180.0
100.0,False,True,0.0,4.108086585998535,0.0,0.6854251623153687,2.0,0.5038384795188904,180.0
100.0,False,True,0.0,4.092947006225586,0.0,0.6126115918159485,4.0,0.5257421731948853,180.0
100.0,False,True,0.0,3.9877192974090576,0.0,0.6100243926048279,6.0,0.5331175327301025,180.0
100.0,False,True,0.0,4.141417026519775,0.0,0.6119837760925293,4.0,0.5122866630554199,180.0
100.0,False,True,0.0,4.1045098304748535,0.0,0.5683635473251343,8.0,0.4784245193004608,180.0
100.0,False,True,0.0,4.56505823135376,0.0,0.7079527378082275,5.0,0.5192523002624512,180.0
100.0,False,True,0.0,4.382488250732422,0.0,0.6681796908378601,5.0,0.5227400660514832,180.0
100.0,False,True,0.0,4.404110908508301,0.0,0.6721644401550293,10.0,0.5323655009269714,180.0
100.0,False,True,0.0,4.122030735015869,0.0,0.6426088809967041,11.0,0.5315292477607727,180.0
100.0,False,True,0.0,4.493398189544678,0.0,0.7027096748352051,4.0,0.5289016366004944,180.0
100.0,False,True,0.0,3.754210948944092,0.0,0.6128994226455688,5.0,0.5087926983833313,180.0
100.0,False,True,0.0,3.710298776626587,0.0,0.6464407444000244,7.0,0.47928234934806824,180.0
100.0,False,True,0.0,4.723353862762451,0.0,0.6451686024665833,8.0,0.5302449464797974,180.0
100.0,False,True,0.0,3.333545207977295,0.0,0.5590072870254517,8.0,0.4214403033256531,180.0
100.0,False,True,0.0,4.465193748474121,0.0,0.6427797675132751,5.0,0.5239231586456299,180.0
100.0,False,True,0.0,4.07875919342041,0.0,0.5838688015937805,8.0,0.5229607224464417,180.0
100.0,False,True,0.0,3.7729411125183105,0.0,0.6192761063575745,6.0,0.5165153741836548,180.0
100.0,False,True,0.0,3.751915693283081,0.0,0.6000234484672546,5.0,0.5150166153907776,180.0
100.0,False,True,0.0,4.690016269683838,0.0,0.7364695072174072,5.0,0.5301418304443359,180.0
100.0,False,True,0.0,3.924757719039917,0.0,0.6058977246284485,11.0,0.4705289900302887,180.0
100.0,False,True,0.0,3.948139190673828,0.0,0.6586252450942993,3.0,0.4997413754463196,180.0
100.0,False,True,0.0,3.4922218322753906,0.0,0.5917112827301025,13.0,0.49533742666244507,180.0
100.0,False,True,0.0,4.895129680633545,0.0,0.6657499074935913,5.0,0.5447360277175903,180.0
100.0,False,True,0.0,4.1157073974609375,0.0,0.6296031475067139,3.0,0.5230131149291992,180.0
100.0,False,True,0.0,4.024722576141357,0.0,0.6421776413917542,12.0,0.5120252966880798,180.0
100.0,False,True,0.0,4.617491722106934,0.0,0.6496781706809998,6.0,0.5618173480033875,180.0
100.0,False,True,0.0,4.032257556915283,0.0,0.6350843906402588,4.0,0.48441529273986816,180.0
100.0,False,True,0.0,4.408289432525635,0.0,0.7514597177505493,4.0,0.49840790033340454,180.0
100.0,False,True,0.0,3.4509952068328857,0.0,0.6045013070106506,10.0,0.5011692643165588,180.0
100.0,False,True,0.0,4.380476951599121,0.0,0.6193454265594482,9.0,0.515616238117218,180.0
100.0,False,True,0.0,4.323455810546875,0.0,0.6081827282905579,8.0,0.5209932327270508,180.0
100.0,False,True,0.0,4.080535411834717,0.0,0.6520237922668457,5.0,0.5171454548835754,180.0
100.0,False,True,0.0,4.252062797546387,0.0,0.640424907207489,7.0,0.5230706334114075,180.0
100.0,False,True,0.0,3.735544443130493,0.0,0.6640434861183167,2.0,0.4862697422504425,180.0
100.0,False,True,0.0,3.9646213054656982,0.0,0.6340374946594238,6.0,0.5133819580078125,180.0
100.0,False,True,0.0,4.5498433113098145,0.0,0.6580147743225098,5.0,0.5546529293060303,180.0
100.0,False,True,0.0,3.814286231994629,0.0,0.665844202041626,3.0,0.4871414601802826,180.0
100.0,False,True,0.0,4.545881271362305,0.0,0.6807399988174438,3.0,0.5166667699813843,180.0
100.0,False,True,0.0,3.6181201934814453,0.0,0.722471296787262,3.0,0.6535403728485107,270.0
100.0,False,True,0.0,3.561614513397217,0.0016244566068053246,0.5831860899925232,3.0,0.7323235869407654,270.0
100.0,False,True,0.0,3.3636555671691895,0.0,0.5875518918037415,12.0,0.5976967215538025,270.0
100.0,False,True,0.0,2.8788204193115234,0.0,0.5906700491905212,10.0,0.6065108180046082,270.0
100.0,False,True,0.0,3.037766695022583,0.0,0.5839518904685974,6.0,0.6234445571899414,270.0
100.0,False,True,0.0,3.342928647994995,0.0,0.6350691318511963,8.0,0.5976718068122864,270.0
100.0,False,True,0.0,3.4692718982696533,0.0,0.6432614326477051,3.0,0.6798917055130005,270.0
100.0,False,True,0.0,2.9728894233703613,0.0,0.5943192839622498,9.0,0.6228028535842896,270.0
100.0,False,True,0.0,3.6385185718536377,0.00023269295343197882,0.6571423411369324,5.0,0.7164422869682312,270.0
100.0,False,True,0.0,3.0301527976989746,0.0,0.5944459438323975,8.0,0.643119752407074,270.0
100.0,False,True,0.0,3.131753921508789,0.0,0.6518343091011047,6.0,0.6581472754478455,270.0
100.0,False,True,0.0,2.8833045959472656,0.0,0.6159316897392273,12.0,0.6890073418617249,270.0
100.0,False,True,0.0,3.3203046321868896,0.0,0.6552398800849915,5.0,0.5982575416564941,270.0
100.0,False,True,0.0,2.8693532943725586,0.0004885721136815846,0.6055669188499451,8.0,0.6866810321807861,270.0
100.0,False,True,0.0,3.198125123977661,0.0,0.6373887062072754,7.0,0.6254335641860962,270.0
100.0,False,True,0.0,3.211503267288208,0.0,0.6440044641494751,7.0,0.688643217086792,270.0
100.0,False,True,0.0,3.086862325668335,0.0013018155004829168,0.5864043235778809,7.0,0.692198634147644,270.0
100.0,False,True,0.0,2.8782763481140137,0.0,0.6024962663650513,4.0,0.6489848494529724,270.0
100.0,False,True,0.0,3.694061756134033,0.0,0.6440765261650085,3.0,0.643708348274231,270.0
100.0,False,True,0.0,2.912217617034912,0.0,0.6295879483222961,4.0,0.6597579717636108,270.0
100.0,False,True,0.0,3.4697232246398926,0.0,0.6718689203262329,7.0,0.6905927658081055,270.0
100.0,False,True,0.0,2.924225091934204,0.0,0.5794424414634705,12.0,0.6290528774261475,270.0
100.0,False,True,0.0,3.037057638168335,0.0,0.6292102932929993,7.0,0.6445613503456116,270.0
100.0,False,True,0.0,3.4584193229675293,0.0,0.6341503858566284,3.0,0.6274182796478271,270.0
100.0,False,True,0.0,4.4437360763549805,0.0,0.7205908894538879,2.0,0.7341347932815552,270.0
100.0,False,True,0.0,3.8959131240844727,0.0,0.6583755612373352,7.0,0.6685635447502136,270.0
100.0,False,True,0.0,3.8256661891937256,0.0,0.6854316592216492,2.0,0.7116422653198242,270.0
100.0,False,True,0.0,3.208392858505249,0.00023460268857888877,0.612613320350647,4.0,0.6891200542449951,270.0
100.0,False,True,0.0,3.3896892070770264,0.00029383657965809107,0.6100544333457947,6.0,0.6741235256195068,270.0
100.0,False,True,0.0,3.0916783809661865,0.0,0.6119949817657471,4.0,0.6021455526351929,270.0
100.0,False,True,0.0,2.8971216678619385,0.0,0.56877601146698,11.0,0.6259334683418274,270.0
100.0,False,True,0.0,4.068760395050049,0.0,0.70795077085495,5.0,0.7034560441970825,270.0
100.0,False,True,0.0,3.377769947052002,0.0,0.6681936383247375,5.0,0.6913809776306152,270.0
100.0,False,True,0.0,3.275125503540039,0.0,0.672172486782074,10.0,0.641728401184082,270.0
100.0,False,True,0.0,3.829503059387207,0.0,0.6426136493682861,11.0,0.6922670602798462,270.0
100.0,False,True,0.0,4.0602803230285645,0.0,0.7027440071105957,4.0,0.7075508236885071,270.0
100.0,False,True,0.0,2.7435243129730225,0.0,0.6129486560821533,5.0,0.6539578437805176,270.0
100.0,False,True,0.0,3.4570603370666504,0.00019149422587361187,0.6464424133300781,7.0,0.7032088041305542,270.0
100.0,False,True,0.0,3.804056406021118,0.0,0.6451645493507385,8.0,0.6144798994064331,270.0
100.0,False,True,0.0,2.8599915504455566,0.0,0.5590274930000305,8.0,0.5735301375389099,270.0
100.0,False,True,0.0,3.7104570865631104,0.0,0.642780065536499,5.0,0.6793818473815918,270.0
100.0,False,True,0.0,2.8262546062469482,0.0,0.5838707089424133,8.0,0.6370043754577637,270.0
100.0,False,True,0.0,2.9690675735473633,0.0,0.6192799210548401,6.0,0.6143196225166321,270.0
100.0,False,True,0.0,3.0726873874664307,0.0,0.6000202894210815,5.0,0.679475724697113,270.0
100.0,False,True,0.0,4.158876895904541,0.0,0.7364780306816101,5.0,0.7373855113983154,270.0
100.0,False,True,0.0,2.606243133544922,0.0,0.6058999300003052,11.0,0.6297464966773987,270.0
100.0,False,True,0.0,3.3553216457366943,0.0,0.658623218536377,3.0,0.7049339413642883,270.0
100.0,False,True,0.0,2.9594922065734863,0.0,0.5917131900787354,13.0,0.6256448030471802,270.0
100.0,False,True,0.0,3.901538610458374,0.0,0.6657447218894958,5.0,0.689932107925415,270.0
100.0,False,True,0.0,3.3934414386749268,0.0,0.6296128630638123,3.0,0.6641835570335388,270.0
100.0,False,True,0.0,3.7089264392852783,0.0,0.6421754360198975,12.0,0.6760641932487488,270.0
100.0,False,True,0.0,3.6054887771606445,0.0,0.649686872959137,6.0,0.6210858225822449,270.0
100.0,False,True,0.0,3.3224265575408936,0.0,0.6350846886634827,4.0,0.6927134990692139,270.0
100.0,False,True,0.0,3.9859025478363037,0.0,0.751457691192627,4.0,0.7172151803970337,270.0
100.0,False,True,0.0,2.9910082817077637,0.0,0.6045019626617432,10.0,0.6759299039840698,270.0
100.0,False,True,0.0,3.448781728744507,0.0003652298473753035,0.6213996410369873,8.0,0.6689189672470093,270.0
100.0,False,True,0.0,3.157031297683716,0.0,0.6081801652908325,8.0,0.628182053565979,270.0
100.0,False,True,0.0,3.319596767425537,0.0,0.6520165801048279,5.0,0.6795409917831421,270.0
100.0,False,True,0.0,3.729459285736084,0.0,0.6404420733451843,7.0,0.7120876312255859,270.0
100.0,False,True,0.0,3.401681900024414,0.0,0.6640374064445496,2.0,0.7043719291687012,270.0
100.0,False,True,0.0,2.9618725776672363,0.0,0.6340413093566895,6.0,0.6040583252906799,270.0
100.0,False,True,0.0,3.7292492389678955,0.0,0.658028781414032,5.0,0.6746261715888977,270.0
100.0,False,True,0.0,3.257564067840576,0.0,0.6658396124839783,3.0,0.7005488276481628,270.0
100.0,False,True,0.0,3.8539180755615234,0.0,0.6808791160583496,3.0,0.7071613073348999,270.0
150.0,False,True,0.0,6.16777229309082,0.0004817736044060439,0.7224752902984619,3.0,0.6700881719589233,0.0
150.0,False,True,0.29999998211860657,4.70977258682251,0.025395944714546204,0.5831838846206665,3.0,0.819188117980957,0.0
150.0,False,True,0.0,4.326354026794434,0.00890269223600626,0.5875593423843384,12.0,0.7357553243637085,0.0
150.0,False,True,0.0,4.674453258514404,0.007254808209836483,0.5906699299812317,10.0,0.6444259881973267,0.0
150.0,False,True,0.3199999928474426,5.330206871032715,0.022575756534934044,0.5839529633522034,6.0,0.7651347517967224,0.0
150.0,False,True,0.0,5.2202582359313965,0.0020103203132748604,0.6350769996643066,8.0,0.5892196297645569,0.0
150.0,False,True,0.0,4.814708232879639,0.010094201192259789,0.6432551741600037,3.0,0.6835688352584839,0.0
150.0,False,True,0.0,5.4550652503967285,0.011661399155855179,0.594316840171814,9.0,0.7117705345153809,0.0
150.0,False,True,0.0,4.775816440582275,0.0050361608155071735,0.6571412086486816,5.0,0.7012632489204407,0.0
150.0,False,True,0.0,5.026560306549072,0.009878390468657017,0.5944483876228333,8.0,0.6645662784576416,0.0
150.0,False,True,0.0,4.799589157104492,0.002757532522082329,0.6518337726593018,6.0,0.6623439788818359,0.0
150.0,False,True,0.0,5.642675876617432,0.014903508126735687,0.6159306168556213,12.0,0.8312790989875793,0.0
150.0,False,True,0.0,5.558905601501465,0.0009179592016153038,0.6534396409988403,5.0,0.6344877481460571,0.0
150.0,False,True,0.0,4.758599281311035,0.017435628920793533,0.6055592894554138,8.0,0.7649836540222168,0.0
150.0,False,True,0.0,4.8925275802612305,0.0020696891006082296,0.6373903751373291,7.0,0.6388673782348633,0.0
150.0,False,True,0.0,4.961594581604004,0.0039240834303200245,0.6434696912765503,7.0,0.6785732507705688,0.0
150.0,False,True,0.3199999928474426,5.191540241241455,0.03264661878347397,0.586410641670227,7.0,0.8425481915473938,0.0
150.0,False,True,0.0,4.1473236083984375,0.00964632723480463,0.6024960875511169,4.0,0.7092928290367126,0.0
150.0,False,True,0.0,5.669253826141357,0.005073971580713987,0.6440767049789429,3.0,0.6785839796066284,0.0
150.0,False,True,0.0,4.575215816497803,0.005535024218261242,0.6295854449272156,4.0,0.6820080280303955,0.0
150.0,False,True,0.0,5.223597526550293,0.0024535953998565674,0.671872079372406,7.0,0.6228670477867126,0.0
150.0,False,True,0.0,4.585180759429932,0.004983549937605858,0.5794415473937988,12.0,0.6845643520355225,0.0
150.0,False,True,0.0,5.160005569458008,0.004897929262369871,0.629207193851471,7.0,0.6580331325531006,0.0
150.0,False,True,0.0,5.26927375793457,0.0033943902235478163,0.6341557502746582,3.0,0.6492180824279785,0.0
150.0,False,True,0.0,5.174301624298096,0.007556690834462643,0.720591127872467,2.0,0.772820770740509,0.0
150.0,False,True,0.0,4.894568920135498,0.0024638676550239325,0.6583710312843323,7.0,0.5964491963386536,0.0
150.0,False,True,0.0,4.714968204498291,0.006754778791218996,0.6854186058044434,2.0,0.7597341537475586,0.0
150.0,False,True,0.0,4.73130989074707,0.014386387541890144,0.6116324067115784,5.0,0.7423439025878906,0.0
150.0,False,True,0.0,5.032208442687988,0.02024351991713047,0.6100430488586426,6.0,0.775087296962738,0.0
150.0,False,True,0.0,4.26131010055542,0.008190955966711044,0.611992597579956,4.0,0.6465842127799988,0.0
150.0,False,True,0.0,4.642369270324707,0.008595511317253113,0.5687734484672546,11.0,0.7232683300971985,0.0
150.0,False,True,0.0,5.208195686340332,0.0001315379049628973,0.7079505324363708,5.0,0.6246581077575684,0.0
150.0,False,True,0.0,5.216652870178223,0.005956950131803751,0.6681816577911377,5.0,0.6914153695106506,0.0
150.0,False,True,0.0,5.952723979949951,0.007177124265581369,0.672169029712677,10.0,0.7101539373397827,0.0
150.0,False,True,0.0,4.348705291748047,0.010904084891080856,0.6426149606704712,11.0,0.7847420573234558,0.0
150.0,False,True,0.0,4.786224365234375,0.0003040218143723905,0.7027413249015808,4.0,0.6815849542617798,0.0
150.0,False,True,0.0,4.656609058380127,0.013112383894622326,0.6129569411277771,5.0,0.7355033755302429,0.0
150.0,False,True,0.0,4.826858997344971,0.009277377277612686,0.6464584469795227,7.0,0.7192384600639343,0.0
150.0,False,True,0.0,5.202398300170898,0.0001241230929736048,0.6451668739318848,8.0,0.5934517979621887,0.0
150.0,False,True,0.29999998211860657,6.406125545501709,0.03443475440144539,0.5590225458145142,8.0,0.8982359766960144,0.0
150.0,False,True,0.0,4.994457721710205,0.012012895196676254,0.642779529094696,5.0,0.7318171262741089,0.0
150.0,False,True,0.0,4.7626729011535645,0.022647976875305176,0.5838717818260193,8.0,0.7384579181671143,0.0
150.0,False,True,0.0,4.348840236663818,0.0035700546577572823,0.6192783117294312,6.0,0.6562033891677856,0.0
150.0,False,True,0.0,4.729363441467285,0.008653739467263222,0.6000214219093323,5.0,0.6758019328117371,0.0
150.0,False,True,0.0,5.531161308288574,0.0018609140533953905,0.7364782691001892,5.0,0.699380099773407,0.0
150.0,False,True,0.0,4.722275257110596,0.0033233212307095528,0.6058938503265381,11.0,0.7014501690864563,0.0
150.0,False,True,0.0,4.5592193603515625,0.01270433608442545,0.6586264967918396,3.0,0.7973578572273254,0.0
150.0,False,True,0.0,4.82551908493042,0.008958645164966583,0.5917072892189026,13.0,0.753380537033081,0.0
150.0,False,True,0.0,5.328845977783203,0.0048077963292598724,0.6657440662384033,5.0,0.6699800491333008,0.0
150.0,False,True,0.0,4.765099048614502,0.0063545056618750095,0.629616379737854,3.0,0.6506803035736084,0.0
150.0,False,True,0.0,4.613417148590088,0.004903576336801052,0.6421750783920288,12.0,0.7385603189468384,0.0
150.0,False,True,0.0,5.439091682434082,0.004126215819269419,0.6496788859367371,6.0,0.6292357444763184,0.0
150.0,False,True,0.0,4.416501045227051,0.0030025041196495295,0.6350863575935364,4.0,0.6614657044410706,0.0
150.0,False,True,0.0,4.835293292999268,0.0,0.7514492869377136,4.0,0.6316353678703308,0.0
150.0,False,True,0.0,4.20649528503418,0.007505267858505249,0.6045002341270447,10.0,0.7053965330123901,0.0
150.0,False,True,0.0,5.30980110168457,0.00983520969748497,0.6213992238044739,8.0,0.7431363463401794,0.0
150.0,False,True,0.0,4.919442176818848,0.006045774091035128,0.6081851720809937,8.0,0.6702667474746704,0.0
150.0,False,True,0.0,5.042048931121826,0.0054010022431612015,0.6520237922668457,5.0,0.6944071650505066,0.0
150.0,False,True,0.0,5.19097375869751,0.007660380564630032,0.640403687953949,7.0,0.7012924551963806,0.0
150.0,False,True,0.0,4.28098201751709,0.0072483764961361885,0.6640349626541138,2.0,0.7483433485031128,0.0
150.0,False,True,0.0,4.38275671005249,0.0026105439756065607,0.634045422077179,6.0,0.6099451184272766,0.0
150.0,False,True,0.0,4.988295078277588,0.003299600910395384,0.658011257648468,5.0,0.6283647418022156,0.0
150.0,False,True,0.0,4.813976287841797,0.0018013131339102983,0.6584071516990662,3.0,0.6512218713760376,0.0
150.0,False,True,0.0,5.111171245574951,0.014010506682097912,0.6807353496551514,3.0,0.7821180820465088,0.0
150.0,False,True,0.0,7.775667667388916,0.05677368491888046,0.7224876880645752,3.0,0.8453481197357178,90.0
150.0,False,True,0.0,6.391815662384033,0.011816214770078659,0.5831843018531799,3.0,0.6087952852249146,90.0
150.0,False,True,0.0,5.806402206420898,0.0036768389400094748,0.5875562429428101,12.0,0.5874027013778687,90.0
150.0,False,True,0.0,7.249873638153076,0.04312920942902565,0.5906698107719421,10.0,0.6434022784233093,90.0
150.0,False,True,0.35999998450279236,8.095582008361816,0.06231551244854927,0.5839574337005615,6.0,0.7448878288269043,90.0
150.0,False,True,0.0,6.169106960296631,0.019971979781985283,0.6350758075714111,8.0,0.6625787019729614,90.0
150.0,False,True,0.0,6.135456562042236,0.018904011696577072,0.6432568430900574,3.0,0.7149757742881775,90.0
150.0,False,True,0.5600000023841858,7.529835224151611,0.06211753189563751,0.5944430232048035,9.0,0.712705135345459,90.0
150.0,False,True,0.0,5.946727275848389,0.01670377515256405,0.6571404933929443,5.0,0.7171521782875061,90.0
150.0,False,True,0.0,6.989179611206055,0.04371832683682442,0.5944480299949646,8.0,0.6373421549797058,90.0
150.0,False,True,0.0,5.8209333419799805,0.043333910405635834,0.6518687605857849,6.0,0.7632519006729126,90.0
150.0,False,True,0.0,7.4035868644714355,0.013492487370967865,0.615929365158081,12.0,0.6686499118804932,90.0
150.0,False,True,0.0,6.835236072540283,0.059371255338191986,0.6534370183944702,5.0,0.7362754940986633,90.0
150.0,False,True,0.0,7.246110916137695,0.008216929621994495,0.6055607199668884,8.0,0.6044926047325134,90.0
150.0,False,True,0.0,5.858893871307373,0.04807458817958832,0.637386679649353,7.0,0.7802202701568604,90.0
150.0,False,True,0.5399999618530273,6.978535175323486,0.07041898369789124,0.6440064311027527,7.0,0.8019765615463257,90.0
150.0,False,True,0.0,7.400538444519043,0.020196447148919106,0.5863808989524841,7.0,0.6489825248718262,90.0
150.0,False,True,0.0,6.365964889526367,0.008496364578604698,0.6024975776672363,4.0,0.5736494064331055,90.0
150.0,False,True,0.0,7.010225772857666,0.06093993037939072,0.6440783739089966,3.0,0.8163805603981018,90.0
150.0,False,True,0.0,6.4761128425598145,0.008564049378037453,0.6295892596244812,4.0,0.624866247177124,90.0
150.0,False,True,0.0,5.355184078216553,0.0003876542905345559,0.6718663573265076,7.0,0.6342650055885315,90.0
150.0,False,True,0.0,6.725432872772217,0.0240580253303051,0.5794422030448914,12.0,0.6077014803886414,90.0
150.0,False,True,0.0,6.237091064453125,0.02488604374229908,0.6292080879211426,7.0,0.6832759976387024,90.0
150.0,False,True,0.0,6.823806285858154,0.04861836135387421,0.6341542601585388,3.0,0.7318499088287354,90.0
150.0,False,True,0.0,6.2405476570129395,0.005944331642240286,0.7205969095230103,2.0,0.7541110515594482,90.0
150.0,False,True,0.0,5.700557708740234,0.027336234226822853,0.6583738923072815,7.0,0.729479193687439,90.0
150.0,False,True,0.0,6.409675121307373,0.008666236884891987,0.6854305863380432,2.0,0.7349005341529846,90.0
150.0,False,True,0.0,6.919710636138916,0.05887991935014725,0.6126129031181335,4.0,0.7685449719429016,90.0
150.0,False,True,0.0,7.159522533416748,0.029790611937642097,0.6100229620933533,6.0,0.726508617401123,90.0
150.0,False,True,0.0,6.951725006103516,0.021956751123070717,0.6119862794876099,4.0,0.6563665866851807,90.0
150.0,False,True,0.0,7.268251895904541,0.04228642210364342,0.5687733292579651,11.0,0.6300186514854431,90.0
150.0,False,True,0.0,5.464792251586914,0.0016864001518115401,0.7079492211341858,5.0,0.6522516012191772,90.0
150.0,False,True,0.0,6.395894527435303,0.006001903675496578,0.6681778430938721,5.0,0.6903935074806213,90.0
150.0,False,True,0.5600000023841858,7.303851127624512,0.07059366255998611,0.6721699237823486,10.0,0.77845698595047,90.0
150.0,False,True,0.0,6.0347819328308105,0.004760662093758583,0.6426103711128235,11.0,0.6513360738754272,90.0
150.0,False,True,0.0,6.509786128997803,0.0259817223995924,0.7027100920677185,4.0,0.7798640131950378,90.0
150.0,False,True,0.0,6.871011257171631,0.011910120956599712,0.6129520535469055,5.0,0.6444529891014099,90.0
150.0,False,True,0.0,5.837913513183594,0.0,0.6464533805847168,7.0,0.6026259064674377,90.0
150.0,False,True,0.0,6.2254180908203125,0.037055131047964096,0.6451652646064758,8.0,0.709086000919342,90.0
150.0,False,True,0.0,7.984189033508301,0.029476068913936615,0.5590415000915527,8.0,0.6480796337127686,90.0
150.0,False,True,0.0,6.544365882873535,0.04001103714108467,0.6427789926528931,5.0,0.7536383271217346,90.0
150.0,False,True,0.3400000035762787,7.463822364807129,0.07374152541160583,0.5838717222213745,8.0,0.7445088624954224,90.0
150.0,False,True,0.0,5.7075676918029785,0.02853696420788765,0.6192724108695984,6.0,0.6905990242958069,90.0
150.0,False,True,0.0,6.1159987449646,0.01797223649919033,0.6000252366065979,5.0,0.6061117649078369,90.0
150.0,False,True,0.0,6.016823768615723,0.002724618883803487,0.7364723682403564,5.0,0.7333360910415649,90.0
150.0,False,True,0.0,6.719773292541504,0.02523435465991497,0.6058986783027649,11.0,0.629054605960846,90.0
150.0,False,True,0.0,6.443116664886475,0.001309728599153459,0.6586242914199829,3.0,0.6611831188201904,90.0
150.0,False,True,0.0,6.784459590911865,0.01960485428571701,0.5917046666145325,13.0,0.6024057865142822,90.0
150.0,False,True,0.0,6.100754261016846,0.027244776487350464,0.6657444834709167,5.0,0.72653728723526,90.0
150.0,False,True,0.0,5.881465911865234,0.013167230412364006,0.6296038627624512,3.0,0.6505029201507568,90.0
150.0,False,True,0.0,6.153833866119385,0.0009655963513068855,0.6421778798103333,12.0,0.6191806197166443,90.0
150.0,False,True,0.0,6.549757480621338,0.04861326143145561,0.6496811509132385,6.0,0.7728769779205322,90.0
150.0,False,True,0.0,5.682479381561279,0.005672188941389322,0.6350953578948975,4.0,0.6117910742759705,90.0
150.0,False,True,0.0,5.4194207191467285,0.0,0.7514462471008301,4.0,0.6646326184272766,90.0
150.0,False,True,0.0,6.138267993927002,0.02184513956308365,0.6045007109642029,10.0,0.6335722804069519,90.0
150.0,False,True,0.0,7.743747711181641,0.0460590235888958,0.6193390488624573,9.0,0.7717020511627197,90.0
150.0,False,True,0.0,6.769903182983398,0.06115778535604477,0.6081820726394653,8.0,0.6988630890846252,90.0
150.0,False,True,0.0,6.157655715942383,0.005436166189610958,0.6520313024520874,5.0,0.6501766443252563,90.0
150.0,False,True,0.0,5.990931987762451,0.011193310841917992,0.6404372453689575,7.0,0.6548374891281128,90.0
150.0,False,True,0.0,6.288027286529541,0.0012497580610215664,0.6640394330024719,2.0,0.630338191986084,90.0
150.0,False,True,0.0,6.366888999938965,0.02469085343182087,0.6340370774269104,6.0,0.6687581539154053,90.0
150.0,False,True,0.0,5.667283058166504,0.02346121147274971,0.6580194234848022,5.0,0.7325621843338013,90.0
150.0,False,True,0.0,5.450356960296631,0.0,0.6658243536949158,3.0,0.6090091466903687,90.0
150.0,False,True,0.0,6.510960578918457,0.024902094155550003,0.680733323097229,3.0,0.7883030772209167,90.0
150.0,False,True,0.0,6.5980224609375,0.004658067133277655,0.7224781513214111,3.0,0.8018544316291809,180.0
150.0,False,True,0.0,5.422276496887207,0.008976705372333527,0.5831819772720337,3.0,0.7516801953315735,180.0
150.0,False,True,0.0,4.1529388427734375,0.0014381217770278454,0.5875539779663086,12.0,0.6803256869316101,180.0
150.0,False,True,0.0,4.83788537979126,0.005865064915269613,0.5906685590744019,10.0,0.7133744955062866,180.0
150.0,False,True,0.0,5.351157188415527,0.018375182524323463,0.5839528441429138,6.0,0.768130898475647,180.0
150.0,False,True,0.0,5.360340595245361,0.0008201861055567861,0.63507080078125,8.0,0.7520131468772888,180.0
150.0,False,True,0.0,5.612447261810303,6.54304021736607e-05,0.6432579755783081,3.0,0.7648457288742065,180.0
150.0,False,True,0.0,5.62935733795166,0.0156419575214386,0.5944427847862244,9.0,0.7572250962257385,180.0
150.0,False,True,0.0,5.547683238983154,0.0010911201825365424,0.657135546207428,5.0,0.7607511878013611,180.0
150.0,False,True,0.0,4.9880595207214355,0.0066886055283248425,0.5944455862045288,8.0,0.7468475103378296,180.0
150.0,False,True,0.0,4.906921863555908,0.0,0.6518710851669312,6.0,0.7294638752937317,180.0
150.0,False,True,0.0,5.074044704437256,0.009906286373734474,0.6159303784370422,12.0,0.7360356450080872,180.0
150.0,False,True,0.0,5.559223175048828,0.0019039452308788896,0.6551815271377563,5.0,0.7230452299118042,180.0
150.0,False,True,0.0,4.656651020050049,0.0009409081540070474,0.6055586934089661,8.0,0.7111204266548157,180.0
150.0,False,True,0.0,5.166153430938721,0.0033055616077035666,0.6373912692070007,7.0,0.7549363970756531,180.0
150.0,False,True,0.0,5.648542881011963,0.004940453916788101,0.6440026164054871,7.0,0.7774748802185059,180.0
150.0,False,True,0.0,5.091468334197998,0.002711657201871276,0.5864161849021912,7.0,0.7288687229156494,180.0
150.0,False,True,0.0,4.635697841644287,0.00044813871500082314,0.6025026440620422,4.0,0.7092195153236389,180.0
150.0,False,True,0.0,6.708878040313721,0.013963107019662857,0.6440801024436951,3.0,0.7894776463508606,180.0
150.0,False,True,0.0,4.956103324890137,0.001866904553025961,0.629585862159729,4.0,0.721887469291687,180.0
150.0,False,True,0.0,4.9962615966796875,0.0,0.671874463558197,7.0,0.7363792061805725,180.0
150.0,False,True,0.0,5.158106803894043,0.009399715811014175,0.5794419646263123,12.0,0.6929823160171509,180.0
150.0,False,True,0.0,5.28379487991333,0.0029345275834202766,0.6292096972465515,7.0,0.7448137998580933,180.0
150.0,False,True,0.0,5.816250801086426,0.004970189183950424,0.6341501474380493,3.0,0.7578108310699463,180.0
150.0,False,True,0.0,6.038938045501709,0.0,0.7205930948257446,2.0,0.7575172781944275,180.0
150.0,False,True,0.0,6.13149356842041,0.00018602490308694541,0.6583767533302307,7.0,0.7833780646324158,180.0
150.0,False,True,0.0,5.588476181030273,0.0,0.685425877571106,2.0,0.7434621453285217,180.0
150.0,False,True,0.0,5.670740127563477,0.009760232642292976,0.6126173734664917,4.0,0.7664623260498047,180.0
150.0,False,True,0.0,5.520557880401611,0.014839324168860912,0.6100280284881592,6.0,0.7847437262535095,180.0
150.0,False,True,0.0,5.13515043258667,0.00140046002343297,0.6119921803474426,4.0,0.7387695908546448,180.0
150.0,False,True,0.0,5.060937404632568,0.0063138557597994804,0.5687702298164368,11.0,0.673743724822998,180.0
150.0,False,True,0.0,5.948078632354736,0.0,0.7079446911811829,5.0,0.7437678575515747,180.0
150.0,False,True,0.0,5.709696292877197,0.0001286542392335832,0.6681851744651794,5.0,0.7592521905899048,180.0
150.0,False,True,0.0,6.195681095123291,0.0034318279940634966,0.6721744537353516,10.0,0.7665452361106873,180.0
150.0,False,True,0.0,5.61098051071167,0.0024567139334976673,0.6426100730895996,11.0,0.7541703581809998,180.0
150.0,False,True,0.0,5.9756975173950195,0.0008764493977651,0.7027131915092468,4.0,0.7609350085258484,180.0
150.0,False,True,0.0,4.9049248695373535,0.0048383306711912155,0.6128984093666077,5.0,0.7467854022979736,180.0
150.0,False,True,0.0,4.551479339599609,0.0,0.6464592218399048,7.0,0.695778489112854,180.0
150.0,False,True,0.0,5.899900913238525,0.0036564518231898546,0.6451640129089355,8.0,0.7465723156929016,180.0
150.0,False,True,0.0,4.267785549163818,0.0032530140597373247,0.5590136647224426,8.0,0.6486219763755798,180.0
150.0,False,True,0.0,6.052103042602539,0.005161112640053034,0.6427152156829834,5.0,0.7660387754440308,180.0
150.0,False,True,0.0,5.396265506744385,0.009565823711454868,0.5838698744773865,8.0,0.7659529447555542,180.0
150.0,False,True,0.0,4.892687797546387,0.003073133062571287,0.6192787885665894,6.0,0.7396597862243652,180.0
150.0,False,True,0.0,4.787697792053223,0.0034374080132693052,0.6000260710716248,5.0,0.7376783490180969,180.0
150.0,False,True,0.0,6.31220817565918,0.0,0.7364758849143982,5.0,0.7694677114486694,180.0
150.0,False,True,0.0,4.76065731048584,0.00602829921990633,0.6058995723724365,11.0,0.686274528503418,180.0
150.0,False,True,0.0,5.242244720458984,2.423644036753103e-05,0.6586176156997681,3.0,0.7438870072364807,180.0
150.0,False,True,0.0,4.421819686889648,0.008088763803243637,0.5917060375213623,13.0,0.7128905057907104,180.0
150.0,False,True,0.0,6.509334087371826,0.0016151046147570014,0.6657444834709167,5.0,0.7777692079544067,180.0
150.0,False,True,0.0,5.353646755218506,0.0006644511595368385,0.6295990943908691,3.0,0.7520256638526917,180.0
150.0,False,True,0.0,5.0413498878479,0.003961630165576935,0.6421816945075989,12.0,0.7251946330070496,180.0
150.0,False,True,0.0,6.107049465179443,0.004212767817080021,0.6496829390525818,6.0,0.7970466613769531,180.0
150.0,False,True,0.0,5.00938081741333,0.00025415298296138644,0.6350899338722229,4.0,0.7097810506820679,180.0
150.0,False,True,0.0,5.578367710113525,0.0,0.7514431476593018,4.0,0.7221648097038269,180.0
150.0,False,True,0.0,4.535182476043701,0.005112762097269297,0.6045024394989014,10.0,0.727139949798584,180.0
150.0,False,True,0.0,5.656206130981445,0.01107893418520689,0.6193439364433289,9.0,0.7531088590621948,180.0
150.0,False,True,0.0,5.640452861785889,0.008932588621973991,0.6081807613372803,8.0,0.7488450407981873,180.0
150.0,False,True,0.0,5.353756427764893,0.0019338368438184261,0.6520286798477173,5.0,0.7520323991775513,180.0
150.0,False,True,0.0,5.778045177459717,0.0019542668014764786,0.6404184699058533,7.0,0.7532446980476379,180.0
150.0,False,True,0.0,4.840598106384277,0.0,0.6640380620956421,2.0,0.7193540930747986,180.0
150.0,False,True,0.0,4.907839775085449,0.000396540155634284,0.6340347528457642,6.0,0.7364063858985901,180.0
150.0,False,True,0.0,6.0672760009765625,0.0017350994748994708,0.658010721206665,5.0,0.7875527739524841,180.0
150.0,False,True,0.0,4.730398654937744,0.0,0.6658346056938171,3.0,0.7084184288978577,180.0
150.0,False,True,0.0,6.238882064819336,2.635002056194935e-05,0.680747389793396,3.0,0.7637555599212646,180.0
150.0,False,True,0.0,5.737194538116455,0.010272657498717308,0.7224984169006348,3.0,1.042484164237976,270.0
150.0,False,True,0.29999998211860657,5.942176818847656,0.0267715435475111,0.5831829309463501,3.0,1.0066019296646118,270.0
150.0,False,True,0.0,5.602871417999268,0.006953277625143528,0.5875550508499146,12.0,0.7997933030128479,270.0
150.0,False,True,0.0,3.8264338970184326,0.015834273770451546,0.590671956539154,10.0,0.8898084759712219,270.0
150.0,False,True,0.29999998211860657,4.577313423156738,0.029651600867509842,0.5839551687240601,6.0,0.9379478096961975,270.0
150.0,False,True,0.0,4.269116401672363,0.014288090169429779,0.6350768804550171,8.0,0.8885087966918945,270.0
150.0,False,True,0.29999998211860657,5.471816062927246,0.020788775756955147,0.6432592868804932,3.0,1.0374521017074585,270.0
150.0,False,True,0.0,4.547819137573242,0.02241038717329502,0.5943224430084229,9.0,0.9319723844528198,270.0
150.0,False,True,0.0,5.703341960906982,0.02084115333855152,0.6571410894393921,5.0,1.0004652738571167,270.0
150.0,False,True,0.0,4.45896053314209,0.017508402466773987,0.5944457650184631,8.0,0.9495834112167358,270.0
150.0,False,True,0.0,4.738302230834961,0.012778758071362972,0.6518654823303223,6.0,0.9505091905593872,270.0
150.0,False,True,0.0,5.413559913635254,0.00959566980600357,0.6159246563911438,12.0,0.8702613115310669,270.0
150.0,False,True,0.0,4.500454425811768,0.0090870326384902,0.6551846861839294,5.0,0.9425508379936218,270.0
150.0,False,True,0.0,4.800079345703125,0.023919107392430305,0.605563759803772,8.0,0.9402117729187012,270.0
150.0,False,True,0.0,4.882266044616699,0.01676793023943901,0.6373853087425232,7.0,0.9437047243118286,270.0
150.0,False,True,0.0,5.288427829742432,0.019349023699760437,0.6440054178237915,7.0,1.01414155960083,270.0
150.0,False,True,0.29999998211860657,5.481405735015869,0.03126667067408562,0.5864179730415344,7.0,0.9782547354698181,270.0
150.0,False,True,0.0,4.626772880554199,0.012197339907288551,0.6024994254112244,4.0,0.8957678079605103,270.0
150.0,False,True,0.29999998211860657,5.520096302032471,0.02585510164499283,0.6440802216529846,3.0,1.0269925594329834,270.0
150.0,False,True,0.0,4.8088459968566895,0.01322687603533268,0.6295856833457947,4.0,0.9493157863616943,270.0
150.0,False,True,0.0,5.447587966918945,0.014525379054248333,0.6718717813491821,7.0,0.9523072838783264,270.0
150.0,False,True,0.0,3.982510805130005,0.016975024715065956,0.5794424414634705,12.0,0.8879682421684265,270.0
150.0,False,True,0.0,4.928950786590576,0.017104260623455048,0.6292046308517456,7.0,0.9567422866821289,270.0
150.0,False,True,0.0,4.612483024597168,0.020275581628084183,0.6341536045074463,3.0,0.9691627621650696,270.0
150.0,False,True,0.0,6.604142665863037,0.01645793206989765,0.7205926775932312,2.0,1.0330089330673218,270.0
150.0,False,True,0.0,5.573270320892334,0.01761290431022644,0.6583709120750427,7.0,1.011549711227417,270.0
150.0,False,True,0.0,6.077638626098633,0.015888692811131477,0.6854294538497925,2.0,0.9960655570030212,270.0
150.0,False,True,0.29999998211860657,5.678615093231201,0.029527291655540466,0.61163330078125,5.0,1.0294275283813477,270.0
150.0,False,True,0.0,5.667628765106201,0.029979640617966652,0.610025942325592,6.0,0.9623169302940369,270.0
150.0,False,True,0.0,4.027738571166992,0.017014198005199432,0.6119943261146545,4.0,0.886250913143158,270.0
150.0,False,True,0.0,4.000173568725586,0.01590380258858204,0.5683779120445251,8.0,0.876421332359314,270.0
150.0,False,True,0.0,6.135425090789795,0.014316385611891747,0.7079524993896484,5.0,1.0293935537338257,270.0
150.0,False,True,0.0,5.480332851409912,0.021087881177663803,0.6681812405586243,5.0,0.9884849190711975,270.0
150.0,False,True,0.0,5.32310676574707,0.009196551516652107,0.6721690893173218,10.0,0.9655212163925171,270.0
150.0,False,True,0.0,6.670298099517822,0.014799045398831367,0.6426122188568115,11.0,0.9576285481452942,270.0
150.0,False,True,0.0,6.343193531036377,0.016282394528388977,0.7027489542961121,4.0,1.0506664514541626,270.0
150.0,False,True,0.0,4.909675598144531,0.022489845752716064,0.6128841638565063,5.0,0.9398025870323181,270.0
150.0,False,True,0.0,5.578683376312256,0.018285414204001427,0.6464524269104004,7.0,0.9582207798957825,270.0
150.0,False,True,0.0,4.686673641204834,0.013708304613828659,0.6451680064201355,8.0,0.9317582249641418,270.0
150.0,False,True,0.0,4.49143648147583,0.015584595501422882,0.5590282082557678,8.0,0.7839695811271667,270.0
150.0,False,True,0.0,5.795759201049805,0.021403351798653603,0.6427674889564514,5.0,1.0247973203659058,270.0
150.0,False,True,0.0,4.680985450744629,0.023672647774219513,0.5838701725006104,8.0,0.9629322290420532,270.0
150.0,False,True,0.0,5.047214508056641,0.013407929800450802,0.6192768216133118,6.0,0.8869569301605225,270.0
150.0,False,True,0.0,5.076361179351807,0.017980551347136497,0.6000211238861084,5.0,0.9654056429862976,270.0
150.0,False,True,0.0,6.276573181152344,0.01674039103090763,0.7364686727523804,5.0,1.0444695949554443,270.0
150.0,False,True,0.0,4.188579082489014,0.007340300362557173,0.6058943271636963,11.0,0.8363023400306702,270.0
150.0,False,True,0.0,5.687753677368164,0.012438335455954075,0.6586208939552307,3.0,0.9660817384719849,270.0
150.0,False,True,0.0,5.369727611541748,0.007057206705212593,0.5917165279388428,13.0,0.833686888217926,270.0
150.0,False,True,0.0,5.920894622802734,0.019273385405540466,0.6657412648200989,5.0,1.041955828666687,270.0
150.0,False,True,0.0,5.381611347198486,0.019125046208500862,0.6296089291572571,3.0,0.9682766795158386,270.0
150.0,False,True,0.0,6.75168514251709,0.010099918581545353,0.6421678066253662,12.0,0.9118966460227966,270.0
150.0,False,True,0.0,5.198027610778809,0.015440026298165321,0.6496756076812744,6.0,0.9541478753089905,270.0
150.0,False,True,0.0,5.358732223510742,0.01516826543956995,0.6350969672203064,4.0,0.9817704558372498,270.0
150.0,False,True,0.0,5.88872766494751,0.011402476578950882,0.7514591813087463,4.0,1.0298793315887451,270.0
150.0,False,True,0.0,5.294611930847168,0.012082543224096298,0.6045017838478088,10.0,0.9073869585990906,270.0
150.0,False,True,0.29999998211860657,4.883148670196533,0.03380671516060829,0.6193510293960571,9.0,1.0011147260665894,270.0
150.0,False,True,0.0,4.701738357543945,0.014835355803370476,0.6081805229187012,8.0,0.9409650564193726,270.0
150.0,False,True,0.0,5.429499626159668,0.01820835843682289,0.6520403027534485,5.0,0.9583021402359009,270.0
150.0,False,True,0.0,6.0226850509643555,0.020984632894396782,0.6404212117195129,7.0,1.0101134777069092,270.0
150.0,False,True,0.0,5.503883361816406,0.011142919771373272,0.6640455722808838,2.0,0.9435921907424927,270.0
150.0,False,True,0.0,4.0925164222717285,0.012937147170305252,0.6340413093566895,6.0,0.8898618221282959,270.0
150.0,False,True,0.0,5.74098539352417,0.020137356594204903,0.6580151915550232,5.0,1.0149900913238525,270.0
150.0,False,True,0.0,5.386997699737549,0.012943503446877003,0.6658320426940918,3.0,0.9600769281387329,270.0
150.0,False,True,0.0,6.27829122543335,0.021807169541716576,0.6807382702827454,3.0,1.058234453201294,270.0
200.0,False,True,0.0,7.244675636291504,0.019615046679973602,0.7224730849266052,3.0,0.9089727401733398,0.0
200.0,False,True,0.3199999928474426,6.127719402313232,0.09924665838479996,0.5831813216209412,3.0,1.0947152376174927,0.0
200.0,False,True,0.29999998211860657,5.650416374206543,0.058542050421237946,0.5875582695007324,12.0,0.9736071825027466,0.0
200.0,False,True,0.3199999928474426,5.411459445953369,0.056034985929727554,0.590671181678772,10.0,0.8748883008956909,0.0
200.0,False,True,0.3400000035762787,6.727036952972412,0.11815404146909714,0.5839547514915466,6.0,1.0320777893066406,0.0
200.0,False,True,0.0,5.824635982513428,0.03643304854631424,0.6350687742233276,8.0,0.8024092316627502,0.0
200.0,False,True,0.3199999928474426,5.318576812744141,0.0610690675675869,0.6432560086250305,3.0,0.9344825744628906,0.0
200.0,False,True,0.3400000035762787,6.0149335861206055,0.09233487397432327,0.5943149328231812,9.0,0.9594342708587646,0.0
200.0,False,True,0.29999998211860657,5.657106876373291,0.04268913343548775,0.6571422815322876,5.0,0.9364058971405029,0.0
200.0,False,True,0.3400000035762787,5.604619979858398,0.06130767986178398,0.5944497585296631,8.0,0.9063925743103027,0.0
200.0,False,True,0.0,5.650173187255859,0.03414667770266533,0.6518729329109192,6.0,0.873481273651123,0.0
200.0,False,True,0.3199999928474426,7.210227966308594,0.07628534734249115,0.6159292459487915,12.0,1.101851224899292,0.0
200.0,False,True,0.0,6.50990629196167,0.022459089756011963,0.6534401774406433,5.0,0.860300600528717,0.0
200.0,False,True,0.3400000035762787,6.102200031280518,0.08136303722858429,0.6055610775947571,8.0,1.0202053785324097,0.0
200.0,False,True,0.0,5.744091033935547,0.028401106595993042,0.6377773284912109,7.0,0.8596411943435669,0.0
200.0,False,True,0.3199999928474426,6.3757829666137695,0.040516678243875504,0.6440019011497498,7.0,0.9123099446296692,0.0
200.0,False,True,0.3400000035762787,6.923253059387207,0.1402471363544464,0.586409330368042,7.0,1.120406150817871,0.0
200.0,False,True,0.3199999928474426,5.1256022453308105,0.06869829446077347,0.6024950742721558,4.0,0.9512748718261719,0.0
200.0,False,True,0.3199999928474426,6.632617473602295,0.05261288210749626,0.6440786123275757,3.0,0.9171078205108643,0.0
200.0,False,True,0.3199999928474426,4.993123531341553,0.05311998352408409,0.6295859813690186,4.0,0.9424906969070435,0.0
200.0,False,True,0.0,5.1782379150390625,0.04376934841275215,0.6718637943267822,7.0,0.8580026030540466,0.0
200.0,False,True,0.3199999928474426,5.935179233551025,0.07976391911506653,0.5862510800361633,11.0,0.982175886631012,0.0
200.0,False,True,0.29999998211860657,5.536154747009277,0.046699196100234985,0.629204273223877,7.0,0.8875327706336975,0.0
200.0,False,True,0.3199999928474426,6.483980655670166,0.04606044664978981,0.6341549158096313,3.0,0.8832640051841736,0.0
200.0,False,True,0.29999998211860657,5.941648960113525,0.047249507158994675,0.7205883264541626,2.0,1.0453190803527832,0.0
200.0,False,True,0.0,5.724574565887451,0.04144769906997681,0.6583735942840576,7.0,0.8319669365882874,0.0
200.0,False,True,0.3199999928474426,5.5605621337890625,0.04824452847242355,0.6854294538497925,2.0,1.0318647623062134,0.0
200.0,False,True,0.3199999928474426,5.780147552490234,0.07621129602193832,0.611630916595459,5.0,0.9932507276535034,0.0
200.0,False,True,0.3400000035762787,6.316368579864502,0.08904214948415756,0.6100311875343323,6.0,1.0568199157714844,0.0
200.0,False,True,0.3199999928474426,4.820320129394531,0.07216914743185043,0.6119794249534607,4.0,0.8846650123596191,0.0
200.0,False,True,0.3199999928474426,5.669806957244873,0.08602645993232727,0.5687733888626099,11.0,0.9628637433052063,0.0
200.0,False,True,0.0,5.593138694763184,0.03553850203752518,0.7079450488090515,5.0,0.8652592897415161,0.0
200.0,False,True,0.3199999928474426,5.72922945022583,0.04955676943063736,0.6681843400001526,5.0,0.9477394819259644,0.0
200.0,False,True,0.3199999928474426,7.50945520401001,0.059899330139160156,0.6721709966659546,10.0,0.9494186043739319,0.0
200.0,False,True,0.3199999928474426,5.761943340301514,0.0525142140686512,0.6426143646240234,11.0,1.0481411218643188,0.0
200.0,False,True,0.0,5.565670013427734,0.023651879280805588,0.7027136087417603,4.0,0.9125496745109558,0.0
200.0,False,True,0.3199999928474426,5.616950035095215,0.08064668625593185,0.612952470779419,5.0,0.9934406280517578,0.0
200.0,False,True,0.3199999928474426,5.079524517059326,0.06133493408560753,0.6464559435844421,7.0,0.9719554781913757,0.0
200.0,False,True,0.0,6.283348560333252,0.01922912895679474,0.6451625823974609,8.0,0.8079691529273987,0.0
200.0,False,True,0.5799999833106995,7.960526466369629,0.15238484740257263,0.559028685092926,8.0,1.112205147743225,0.0
200.0,False,True,0.3199999928474426,6.439828395843506,0.061942458152770996,0.6427817344665527,5.0,0.9946824908256531,0.0
200.0,False,True,0.3199999928474426,5.9175825119018555,0.1153220608830452,0.5838689208030701,8.0,1.005457878112793,0.0
200.0,False,True,0.29999998211860657,5.1207075119018555,0.03942390903830528,0.6192790865898132,6.0,0.8819690346717834,0.0
200.0,False,True,0.3199999928474426,5.520415306091309,0.06647644937038422,0.6000261902809143,5.0,0.9211242198944092,0.0
200.0,False,True,0.0,6.324062347412109,0.03428377956151962,0.7364704012870789,5.0,0.970638632774353,0.0
200.0,False,True,0.29999998211860657,5.87453031539917,0.045738585293293,0.6058977246284485,11.0,0.9299154877662659,0.0
200.0,False,True,0.3199999928474426,6.385892868041992,0.061279769986867905,0.6586171984672546,3.0,1.0718212127685547,0.0
200.0,False,True,0.3199999928474426,6.397089958190918,0.06582063436508179,0.5917088985443115,13.0,1.0035979747772217,0.0
200.0,False,True,0.0,6.279602527618408,0.04584577679634094,0.6657877564430237,5.0,0.920599102973938,0.0
200.0,False,True,0.3199999928474426,5.230981826782227,0.05431351065635681,0.6296075582504272,3.0,0.8951494097709656,0.0
200.0,False,True,0.29999998211860657,5.819080829620361,0.041710056364536285,0.6421758532524109,12.0,0.9906060695648193,0.0
200.0,False,True,0.3199999928474426,6.2081990242004395,0.04302263632416725,0.6496773362159729,6.0,0.859580397605896,0.0
200.0,False,True,0.0,5.478437423706055,0.047142986208200455,0.6350885033607483,4.0,0.9151325225830078,0.0
200.0,False,True,0.0,5.698494911193848,0.026194870471954346,0.7514531016349792,4.0,0.8820924758911133,0.0
200.0,False,True,0.3199999928474426,5.401818752288818,0.05263310298323631,0.6044984459877014,10.0,0.9412146806716919,0.0
200.0,False,True,0.3199999928474426,6.045913219451904,0.06804102659225464,0.6213912963867188,8.0,0.9837005734443665,0.0
200.0,False,True,0.3199999928474426,5.721183776855469,0.05640975385904312,0.6081817150115967,8.0,0.9180572628974915,0.0
200.0,False,True,0.3199999928474426,5.690613269805908,0.048295263200998306,0.6520167589187622,5.0,0.9493927359580994,0.0
200.0,False,True,0.3199999928474426,5.967491149902344,0.052874960005283356,0.640413761138916,7.0,0.9571043252944946,0.0
200.0,False,True,0.3199999928474426,5.658318996429443,0.05282708257436752,0.6640418767929077,2.0,1.0046621561050415,0.0
200.0,False,True,0.0,4.943397521972656,0.04013959318399429,0.6340377330780029,6.0,0.8305389285087585,0.0
200.0,False,True,0.0,5.7216291427612305,0.04176679998636246,0.658023476600647,5.0,0.8643210530281067,0.0
200.0,False,True,0.29999998211860657,5.185006618499756,0.04811275750398636,0.6658331155776978,3.0,0.9321052432060242,0.0
200.0,False,True,0.3199999928474426,5.9333624839782715,0.05996566638350487,0.680728554725647,3.0,1.0470983982086182,0.0
200.0,False,True,0.5,12.12271499633789,0.12133697420358658,0.7224946022033691,3.0,1.227352499961853,90.0
200.0,False,True,0.5600000023841858,8.580413818359375,0.12564122676849365,0.5831820964813232,3.0,0.8941248655319214,90.0
200.0,False,True,0.5600000023841858,7.481757640838623,0.0869022011756897,0.5875615477561951,12.0,0.7856683731079102,90.0
200.0,False,True,0.5600000023841858,9.061456680297852,0.15556049346923828,0.5906722545623779,10.0,0.9227279424667358,90.0
200.0,False,True,0.5600000023841858,10.458539962768555,0.18136340379714966,0.5839521288871765,6.0,1.0410230159759521,90.0
200.0,False,True,0.5199999809265137,8.72357177734375,0.10736837983131409,0.6350729465484619,8.0,0.9682333469390869,90.0
200.0,False,True,0.5399999618530273,8.10731029510498,0.13219518959522247,0.6432557702064514,3.0,1.0358902215957642,90.0
200.0,False,True,0.5600000023841858,9.715008735656738,0.18217694759368896,0.5944406390190125,9.0,1.0234414339065552,90.0
200.0,False,True,0.5199999809265137,7.814192295074463,0.12045934051275253,0.6571407318115234,5.0,1.0556061267852783,90.0
200.0,False,True,0.5600000023841858,8.906665802001953,0.16028910875320435,0.5944480895996094,8.0,0.9211571216583252,90.0
200.0,False,True,0.5199999809265137,8.014911651611328,0.15447339415550232,0.6518728733062744,6.0,1.0612398386001587,90.0
200.0,False,True,0.5600000023841858,9.502949714660645,0.11922591924667358,0.6159300804138184,12.0,0.9610525965690613,90.0
200.0,False,True,0.5199999809265137,10.154915809631348,0.14990167319774628,0.6547336578369141,5.0,1.0881556272506714,90.0
200.0,False,True,0.5600000023841858,9.269700050354004,0.11083970963954926,0.6055644750595093,8.0,0.8803496360778809,90.0
200.0,False,True,0.5199999809265137,9.265438079833984,0.15520982444286346,0.6373810768127441,7.0,1.1085705757141113,90.0
200.0,False,True,0.5399999618530273,9.7474365234375,0.1990875005722046,0.6440030932426453,7.0,1.1140302419662476,90.0
200.0,False,True,0.5799999833106995,9.699027061462402,0.1322883516550064,0.5863941311836243,7.0,0.9188019633293152,90.0
200.0,False,True,0.5600000023841858,8.355315208435059,0.11226898431777954,0.6024982333183289,4.0,0.8431535363197327,90.0
200.0,False,True,0.5199999809265137,11.226405143737793,0.15453264117240906,0.6440799832344055,3.0,1.182416558265686,90.0
200.0,False,True,0.5399999618530273,8.401790618896484,0.11481714248657227,0.6295854449272156,4.0,0.9127083420753479,90.0
200.0,False,True,0.0,6.78179931640625,0.07282482087612152,0.6718599200248718,7.0,0.9112420678138733,90.0
200.0,False,True,0.5600000023841858,8.682699203491211,0.14556896686553955,0.5794413685798645,12.0,0.9015538692474365,90.0
200.0,False,True,0.5399999618530273,8.024288177490234,0.1391492486000061,0.6292072534561157,7.0,1.0014829635620117,90.0
200.0,False,True,0.5199999809265137,10.544973373413086,0.1287246197462082,0.6341552138328552,3.0,1.0697458982467651,90.0
200.0,False,True,0.3400000035762787,8.147313117980957,0.090266153216362,0.7205965518951416,2.0,1.1001334190368652,90.0
200.0,False,True,0.5199999809265137,8.557355880737305,0.11377254873514175,0.6583758592605591,7.0,1.0837836265563965,90.0
200.0,False,True,0.5199999809265137,8.353246688842773,0.10947396606206894,0.685426652431488,2.0,1.0698796510696411,90.0
200.0,False,True,0.5399999618530273,9.0151948928833,0.1820591390132904,0.6116361021995544,5.0,1.114952564239502,90.0
200.0,False,True,0.5399999618530273,9.353052139282227,0.1445079892873764,0.6100261211395264,6.0,1.027134656906128,90.0
200.0,False,True,0.5600000023841858,8.846933364868164,0.13424590229988098,0.6119896769523621,4.0,0.9424826502799988,90.0
200.0,False,True,0.5600000023841858,8.913346290588379,0.16865502297878265,0.5683811902999878,8.0,0.9237347841262817,90.0
200.0,False,True,0.0,7.975677013397217,0.0628112331032753,0.7079502940177917,5.0,0.9907434582710266,90.0
200.0,False,True,0.5399999618530273,8.462692260742188,0.09802917391061783,0.6681775450706482,5.0,1.0107351541519165,90.0
200.0,False,True,0.5399999618530273,9.828893661499023,0.1852494478225708,0.6721689701080322,10.0,1.1193050146102905,90.0
200.0,False,True,0.5399999618530273,7.693732738494873,0.09971486777067184,0.6426073312759399,11.0,0.9752781987190247,90.0
200.0,False,True,0.3199999928474426,9.843008041381836,0.09118198603391647,0.7027110457420349,4.0,1.1324470043182373,90.0
200.0,False,True,0.5600000023841858,8.855456352233887,0.12108034640550613,0.6129577159881592,5.0,0.9348970055580139,90.0
200.0,False,True,0.0,7.580537796020508,0.060146600008010864,0.6464605927467346,7.0,0.8199259638786316,90.0
200.0,False,True,0.5199999809265137,9.551190376281738,0.13549531996250153,0.6451669931411743,8.0,1.0390174388885498,90.0
200.0,False,True,0.5799999833106995,10.408793449401855,0.14986173808574677,0.5590208768844604,8.0,0.916644811630249,90.0
200.0,False,True,0.5399999618530273,8.5731782913208,0.15308156609535217,0.6427762508392334,5.0,1.0871126651763916,90.0
200.0,False,True,0.5600000023841858,9.66471004486084,0.19317428767681122,0.5838714838027954,8.0,1.0525095462799072,90.0
200.0,False,True,0.5399999618530273,7.3935089111328125,0.13798309862613678,0.61927729845047,6.0,1.0284870862960815,90.0
200.0,False,True,0.5600000023841858,7.975013256072998,0.13469600677490234,0.6000245213508606,5.0,0.879869282245636,90.0
200.0,False,True,0.0,8.89297866821289,0.061474550515413284,0.7364664673805237,5.0,1.0977660417556763,90.0
200.0,False,True,0.5600000023841858,8.724764823913574,0.13401828706264496,0.6058974266052246,11.0,0.9265531301498413,90.0
200.0,False,True,0.3199999928474426,8.528159141540527,0.08345719426870346,0.6586258411407471,3.0,0.9544788002967834,90.0
200.0,False,True,0.5600000023841858,8.615296363830566,0.12428200244903564,0.5917032361030579,13.0,0.8806496858596802,90.0
200.0,False,True,0.5199999809265137,8.961860656738281,0.12891800701618195,0.6657440662384033,5.0,1.075562596321106,90.0
200.0,False,True,0.5399999618530273,7.635711193084717,0.12465745210647583,0.6296219229698181,3.0,0.9636454582214355,90.0
200.0,False,True,0.3400000035762787,7.971024036407471,0.07881675660610199,0.6421753168106079,12.0,0.9157100319862366,90.0
200.0,False,True,0.5199999809265137,10.001542091369629,0.1355048567056656,0.6496825218200684,6.0,1.1228190660476685,90.0
200.0,False,True,0.5399999618530273,7.357008457183838,0.11297891288995743,0.6350917220115662,4.0,0.9123077392578125,90.0
200.0,False,True,0.0,8.204084396362305,0.02836613729596138,0.7514511942863464,4.0,1.0019385814666748,90.0
200.0,False,True,0.5399999618530273,8.204132080078125,0.13421960175037384,0.604501485824585,10.0,0.9268019199371338,90.0
200.0,False,True,0.5399999618530273,10.048428535461426,0.15913152694702148,0.6193438172340393,9.0,1.106244683265686,90.0
200.0,False,True,0.5399999618530273,8.769365310668945,0.17960228025913239,0.6081827282905579,8.0,1.0209786891937256,90.0
200.0,False,True,0.5399999618530273,7.97634220123291,0.10141559690237045,0.652026891708374,5.0,0.9565701484680176,90.0
200.0,False,True,0.5399999618530273,7.7930145263671875,0.12310053408145905,0.6404059529304504,7.0,0.9826469421386719,90.0
200.0,False,True,0.0,8.261488914489746,0.08527831733226776,0.6640390157699585,2.0,0.9421595335006714,90.0
200.0,False,True,0.5399999618530273,8.179060935974121,0.13140147924423218,0.6340389847755432,6.0,0.9711045026779175,90.0
200.0,False,True,0.5199999809265137,8.606993675231934,0.11284422874450684,0.6580213904380798,5.0,1.080504059791565,90.0
200.0,False,True,0.0,7.2895188331604,0.06173348054289818,0.6583995223045349,3.0,0.8381783366203308,90.0
200.0,False,True,0.5199999809265137,9.302441596984863,0.1269976943731308,0.680733323097229,3.0,1.1056071519851685,90.0
200.0,False,True,0.41999998688697815,8.471064567565918,0.16715484857559204,0.7224746942520142,3.0,1.061318278312683,180.0
200.0,False,True,0.3799999952316284,7.30844259262085,0.10501015186309814,0.5831847786903381,3.0,1.0139539241790771,180.0
200.0,False,True,0.0,5.192898750305176,0.06306640058755875,0.5875526666641235,12.0,0.9018809795379639,180.0
200.0,False,True,0.0,6.0295491218566895,0.10180230438709259,0.5906721949577332,10.0,0.9371277689933777,180.0
200.0,False,True,0.4399999976158142,7.073572158813477,0.1552746295928955,0.5839540362358093,6.0,1.0322712659835815,180.0
200.0,False,True,0.0,6.5782880783081055,0.07414659857749939,0.6350686550140381,8.0,0.9746724367141724,180.0
200.0,False,True,0.0,7.195329666137695,0.07816935330629349,0.6432542204856873,3.0,1.006887674331665,180.0
200.0,False,True,0.41999998688697815,7.376105785369873,0.15469108521938324,0.5944433808326721,9.0,1.0021371841430664,180.0
200.0,False,True,0.0,7.249954700469971,0.08074844628572464,0.657136857509613,5.0,0.9984185099601746,180.0
200.0,False,True,0.2199999988079071,6.366488456726074,0.0956282988190651,0.594449520111084,8.0,0.9807980060577393,180.0
200.0,False,True,0.0,6.134434223175049,0.061863966286182404,0.6518306136131287,6.0,0.9541445374488831,180.0
200.0,False,True,0.3799999952316284,6.899129390716553,0.11950024217367172,0.615932285785675,12.0,1.015740990638733,180.0
200.0,False,True,0.0,6.806336879730225,0.11554541438817978,0.6534319519996643,5.0,0.943578839302063,180.0
200.0,False,True,0.0,5.987364292144775,0.06652405112981796,0.6055673360824585,8.0,0.9517328143119812,180.0
200.0,False,True,0.0,6.527684688568115,0.0913206934928894,0.6373894810676575,7.0,0.9781152009963989,180.0
200.0,False,True,0.3999999761581421,7.463585376739502,0.15183939039707184,0.6434718370437622,7.0,1.003110408782959,180.0
200.0,False,True,0.2800000011920929,6.807345867156982,0.08248142153024673,0.5864079594612122,7.0,0.9942501783370972,180.0
200.0,False,True,0.0,5.814026355743408,0.060565102845430374,0.6024934649467468,4.0,0.9390570521354675,180.0
200.0,False,True,0.4399999976158142,8.48047161102295,0.16933250427246094,0.6440777778625488,3.0,1.045177698135376,180.0
200.0,False,True,0.0,6.236902236938477,0.07568636536598206,0.6295907497406006,4.0,0.9588159918785095,180.0
200.0,False,True,0.0,6.306645393371582,0.033175937831401825,0.6718623638153076,7.0,0.9606752395629883,180.0
200.0,False,True,0.35999998450279236,7.113064289093018,0.14021457731723785,0.5794411301612854,12.0,0.9183120727539062,180.0
200.0,False,True,0.0,6.737029075622559,0.08408534526824951,0.6292052268981934,7.0,0.9775325059890747,180.0
200.0,False,True,0.0,7.308925628662109,0.13205325603485107,0.6341519355773926,3.0,0.9837934970855713,180.0
200.0,False,True,0.0,7.948557376861572,0.07371026277542114,0.720587968826294,2.0,1.042974591255188,180.0
200.0,False,True,0.0,7.714520454406738,0.08485202491283417,0.6583741903305054,7.0,1.013298511505127,180.0
200.0,False,True,0.0,7.317349910736084,0.08084140717983246,0.6854180097579956,2.0,0.9997163414955139,180.0
200.0,False,True,0.41999998688697815,7.530930042266846,0.13735075294971466,0.6126121282577515,4.0,1.0242910385131836,180.0
200.0,False,True,0.3999999761581421,7.431811809539795,0.14159736037254333,0.6100296378135681,6.0,1.0725551843643188,180.0
200.0,False,True,0.0,6.336452007293701,0.0740349292755127,0.6119906306266785,4.0,0.9679238796234131,180.0
200.0,False,True,0.2199999988079071,7.281925201416016,0.12319688498973846,0.5683577656745911,8.0,0.9228779673576355,180.0
200.0,False,True,0.0,7.478792667388916,0.04914475232362747,0.7079480886459351,5.0,0.9734286069869995,180.0
200.0,False,True,0.0,7.317725658416748,0.08206023275852203,0.668182909488678,5.0,1.0079963207244873,180.0
200.0,False,True,0.0,8.140491485595703,0.12225445359945297,0.6721721887588501,10.0,1.0156269073486328,180.0
200.0,False,True,0.0,7.379429340362549,0.08481802046298981,0.6426162719726562,11.0,0.9917412996292114,180.0
200.0,False,True,0.0,7.572637557983398,0.1123456358909607,0.7027130722999573,4.0,1.0164655447006226,180.0
200.0,False,True,0.2199999988079071,6.40744161605835,0.08711277693510056,0.6129519939422607,5.0,0.9956174492835999,180.0
200.0,False,True,0.0,5.745251655578613,0.032145678997039795,0.6464548707008362,7.0,0.9220260381698608,180.0
200.0,False,True,0.0,7.163932800292969,0.11533500999212265,0.6451655030250549,8.0,0.9614688158035278,180.0
200.0,False,True,0.23999999463558197,7.055327892303467,0.09313507378101349,0.5590237379074097,8.0,0.8927438855171204,180.0
200.0,False,True,0.35999998450279236,7.912593364715576,0.120793417096138,0.6427758932113647,5.0,1.0382648706436157,180.0
200.0,False,True,0.3999999761581421,7.133306503295898,0.11916513741016388,0.5838715434074402,8.0,1.013736367225647,180.0
200.0,False,True,0.0,6.141237735748291,0.07179854065179825,0.619276762008667,6.0,0.9644761681556702,180.0
200.0,False,True,0.0,6.205166816711426,0.0768953338265419,0.6000220775604248,5.0,0.970694899559021,180.0
200.0,False,True,0.0,8.159834861755371,0.08477192372083664,0.7364714741706848,5.0,1.0594948530197144,180.0
200.0,False,True,0.0,7.332137107849121,0.10698043555021286,0.6058954000473022,11.0,0.913862943649292,180.0
200.0,False,True,0.0,6.919625282287598,0.07462436705827713,0.658620297908783,3.0,1.004279613494873,180.0
200.0,False,True,0.23999999463558197,6.568412780761719,0.0948612168431282,0.5917100310325623,13.0,0.9493982791900635,180.0
200.0,False,True,0.0,8.274361610412598,0.11293137818574905,0.6657451391220093,5.0,1.0403951406478882,180.0
200.0,False,True,0.0,6.8282599449157715,0.06810053437948227,0.6296125054359436,3.0,0.9857100248336792,180.0
200.0,False,True,0.0,6.5417585372924805,0.09163544327020645,0.642174482345581,12.0,0.9610711336135864,180.0
200.0,False,True,0.0,7.7089715003967285,0.12337002903223038,0.6496827006340027,6.0,1.031806230545044,180.0
200.0,False,True,0.0,6.324682712554932,0.06642286479473114,0.6350833773612976,4.0,0.9378366470336914,180.0
200.0,False,True,0.0,6.966973304748535,0.02804727293550968,0.7514469623565674,4.0,0.9518612027168274,180.0
200.0,False,True,0.0,6.007987976074219,0.09109244495630264,0.604500949382782,10.0,0.9609586596488953,180.0
200.0,False,True,0.41999998688697815,7.284753799438477,0.15033851563930511,0.6193475127220154,9.0,1.0021392107009888,180.0
200.0,False,True,0.2199999988079071,7.247085094451904,0.1413758397102356,0.6081828474998474,8.0,0.9781932234764099,180.0
200.0,False,True,0.0,6.895460605621338,0.08208440989255905,0.6520317792892456,5.0,0.9933369755744934,180.0
200.0,False,True,0.0,7.494335651397705,0.09449511766433716,0.6404039263725281,7.0,0.9930319786071777,180.0
200.0,False,True,0.0,6.318696975708008,0.05880504101514816,0.6640374660491943,2.0,0.9584351181983948,180.0
200.0,False,True,0.0,6.115934371948242,0.07149598002433777,0.6340428590774536,6.0,0.9543412327766418,180.0
200.0,False,True,0.0,7.703522205352783,0.09970755130052567,0.6580206155776978,5.0,1.022763967514038,180.0
200.0,False,True,0.0,6.015031814575195,0.031017454341053963,0.6658322215080261,3.0,0.933588981628418,180.0
200.0,False,True,0.0,8.15085506439209,0.10153010487556458,0.6808807849884033,3.0,1.0590219497680664,180.0
200.0,False,True,0.29999998211860657,8.014177322387695,0.07758720219135284,0.7224680185317993,3.0,1.3726708889007568,270.0
200.0,False,True,0.3400000035762787,7.712916851043701,0.13505877554416656,0.5831854939460754,3.0,1.161633014678955,270.0
200.0,False,True,0.2800000011920929,9.135661125183105,0.04269000515341759,0.5875566601753235,12.0,1.0003315210342407,270.0
200.0,False,True,0.3199999928474426,5.830286979675293,0.0819360762834549,0.5906694531440735,10.0,1.128531575202942,270.0
200.0,False,True,0.85999995470047,6.915032386779785,0.15555131435394287,0.5839598178863525,6.0,1.226620078086853,270.0
200.0,False,True,0.29999998211860657,6.260496616363525,0.0825686827301979,0.6350757479667664,8.0,1.139687418937683,270.0
200.0,False,True,0.3199999928474426,7.634040832519531,0.10021272301673889,0.6432569622993469,3.0,1.2703516483306885,270.0
200.0,False,True,0.3400000035762787,6.85812520980835,0.11150110512971878,0.5944416522979736,9.0,1.22207510471344,270.0
200.0,False,True,0.29999998211860657,8.110796928405762,0.11798712611198425,0.6571404337882996,5.0,1.2565596103668213,270.0
200.0,False,True,0.3199999928474426,6.535070419311523,0.08176998049020767,0.5944465398788452,8.0,1.1984996795654297,270.0
200.0,False,True,0.29999998211860657,7.000845909118652,0.08578377217054367,0.6518707275390625,6.0,1.217132806777954,270.0
200.0,False,True,0.2800000011920929,8.139043807983398,0.0548349991440773,0.6159301400184631,12.0,1.1647002696990967,270.0
200.0,False,True,0.29999998211860657,6.572054386138916,0.06535441428422928,0.6534385681152344,5.0,1.2277685403823853,270.0
200.0,False,True,0.3400000035762787,6.730621814727783,0.13034825026988983,0.6055526733398438,8.0,1.1482059955596924,270.0
200.0,False,True,0.29999998211860657,6.774855136871338,0.08641502261161804,0.6373904943466187,7.0,1.1717720031738281,270.0
200.0,False,True,0.29999998211860657,7.407878875732422,0.11208542436361313,0.6439026594161987,7.0,1.3085523843765259,270.0
200.0,False,True,0.8799999952316284,7.577377796173096,0.1568240225315094,0.5864159464836121,7.0,1.1790618896484375,270.0
200.0,False,True,0.29999998211860657,6.633652210235596,0.06539634615182877,0.6024982333183289,4.0,1.1036399602890015,270.0
200.0,False,True,0.3199999928474426,7.86931037902832,0.1245347186923027,0.6440792679786682,3.0,1.3162657022476196,270.0
200.0,False,True,0.29999998211860657,6.820729732513428,0.08412663638591766,0.6295835375785828,4.0,1.183282494544983,270.0
200.0,False,True,0.29999998211860657,7.407984733581543,0.09797503054141998,0.6718668341636658,7.0,1.1703494787216187,270.0
200.0,False,True,0.29999998211860657,5.68082332611084,0.07515406608581543,0.5794414281845093,12.0,1.0705571174621582,270.0
200.0,False,True,0.3199999928474426,6.854320526123047,0.09451208263635635,0.6292115449905396,7.0,1.179497241973877,270.0
200.0,False,True,0.3199999928474426,6.719423294067383,0.10191307961940765,0.6341539621353149,3.0,1.2413384914398193,270.0
200.0,False,True,0.29999998211860657,8.588513374328613,0.13572454452514648,0.7205938696861267,2.0,1.2898027896881104,270.0
200.0,False,True,0.29999998211860657,7.875194549560547,0.09246845543384552,0.6583717465400696,7.0,1.3067028522491455,270.0
200.0,False,True,0.29999998211860657,7.981237411499023,0.11309735476970673,0.6854351162910461,2.0,1.2553906440734863,270.0
200.0,False,True,0.3400000035762787,7.764805793762207,0.15620853006839752,0.612613320350647,4.0,1.2707939147949219,270.0
200.0,False,True,0.85999995470047,7.836641311645508,0.17176297307014465,0.610022246837616,6.0,1.205161452293396,270.0
200.0,False,True,0.3199999928474426,6.082765102386475,0.08421438187360764,0.6119871735572815,4.0,1.1398789882659912,270.0
200.0,False,True,0.3199999928474426,5.618345260620117,0.0771280825138092,0.568773090839386,11.0,1.0730152130126953,270.0
200.0,False,True,0.29999998211860657,8.11532211303711,0.10861073434352875,0.7079436779022217,5.0,1.2556270360946655,270.0
200.0,False,True,0.3199999928474426,7.482439041137695,0.1411965936422348,0.6681889295578003,5.0,1.231847882270813,270.0
200.0,False,True,0.29999998211860657,7.695441246032715,0.07940110564231873,0.6721680164337158,10.0,1.2433457374572754,270.0
200.0,False,True,0.2800000011920929,9.87764835357666,0.05571666732430458,0.6426134705543518,11.0,1.1551867723464966,270.0
200.0,False,True,0.2800000011920929,8.76822280883789,0.08060099184513092,0.7027472853660583,4.0,1.3084691762924194,270.0
200.0,False,True,0.3199999928474426,6.997005939483643,0.12012430280447006,0.6128983497619629,5.0,1.1921297311782837,270.0
200.0,False,True,0.29999998211860657,7.0240631103515625,0.13663533329963684,0.6464412212371826,7.0,1.165140151977539,270.0
200.0,False,True,0.29999998211860657,6.735544204711914,0.07646092772483826,0.6451636552810669,8.0,1.2070894241333008,270.0
200.0,False,True,0.29999998211860657,6.775839328765869,0.09548286348581314,0.5590059161186218,8.0,1.04425847530365,270.0
200.0,False,True,0.3199999928474426,7.9933552742004395,0.13821661472320557,0.6427776217460632,5.0,1.2871525287628174,270.0
200.0,False,True,0.35999998450279236,7.013051509857178,0.12228985130786896,0.5838704705238342,8.0,1.2534689903259277,270.0
200.0,False,True,0.29999998211860657,6.903364181518555,0.08262582123279572,0.619274914264679,6.0,1.1367130279541016,270.0
200.0,False,True,0.3199999928474426,7.175151348114014,0.0848638042807579,0.6000216007232666,5.0,1.2185828685760498,270.0
200.0,False,True,0.29999998211860657,8.157909393310547,0.13613171875476837,0.7364695072174072,5.0,1.3230887651443481,270.0
200.0,False,True,0.2800000011920929,6.462261199951172,0.048037465661764145,0.605893611907959,11.0,1.0356160402297974,270.0
200.0,False,True,0.29999998211860657,7.447689533233643,0.10151512920856476,0.6586228013038635,3.0,1.1285845041275024,270.0
200.0,False,True,0.2800000011920929,7.768823623657227,0.04780931398272514,0.591712474822998,13.0,1.0849950313568115,270.0
200.0,False,True,0.3199999928474426,8.156057357788086,0.1193845346570015,0.6657442450523376,5.0,1.3050369024276733,270.0
200.0,False,True,0.29999998211860657,7.345103740692139,0.0949699878692627,0.6296084523200989,3.0,1.2065178155899048,270.0
200.0,False,True,0.25999999046325684,9.964861869812012,0.04023222625255585,0.64217209815979,12.0,1.0674937963485718,270.0
200.0,False,True,0.29999998211860657,7.584186553955078,0.10566048324108124,0.6496802568435669,6.0,1.2655317783355713,270.0
200.0,False,True,0.29999998211860657,7.150446891784668,0.09812106937170029,0.6350921392440796,4.0,1.1852632761001587,270.0
200.0,False,True,0.29999998211860657,7.78911018371582,0.09908866882324219,0.7514539361000061,4.0,1.245503306388855,270.0
200.0,False,True,0.29999998211860657,7.208077907562256,0.07247258722782135,0.6045012474060059,10.0,1.1211155652999878,270.0
200.0,False,True,0.35999998450279236,7.00591516494751,0.1517283022403717,0.6193457245826721,9.0,1.2386269569396973,270.0
200.0,False,True,0.3199999928474426,6.984182357788086,0.08493898063898087,0.607991635799408,8.0,1.2242294549942017,270.0
200.0,False,True,0.3199999928474426,7.392261028289795,0.12181942164897919,0.6520293951034546,5.0,1.1862099170684814,270.0
200.0,False,True,0.3199999928474426,7.759066104888916,0.13925881683826447,0.6404122114181519,7.0,1.2807927131652832,270.0
200.0,False,True,0.29999998211860657,7.247355937957764,0.11302121728658676,0.6640432476997375,2.0,1.1738407611846924,270.0
200.0,False,True,0.29999998211860657,6.204692363739014,0.07654314488172531,0.634036660194397,6.0,1.1610265970230103,270.0
200.0,False,True,0.3199999928474426,7.897644519805908,0.10097328573465347,0.6580180525779724,5.0,1.2754182815551758,270.0
200.0,False,True,0.29999998211860657,7.2197184562683105,0.0706266239285469,0.6584120392799377,3.0,1.1561884880065918,270.0
200.0,False,True,0.3199999928474426,8.416525840759277,0.1500779092311859,0.6807277202606201,3.0,1.3040623664855957,270.0
250.0,False,True,0.3199999928474426,8.516474723815918,0.12147995084524155,0.7224770188331604,3.0,1.1390550136566162,0.0
250.0,False,True,0.5799999833106995,7.925111293792725,0.24551473557949066,0.5831834673881531,3.0,1.3669887781143188,0.0
250.0,False,True,0.5799999833106995,6.814544677734375,0.14142026007175446,0.5875582695007324,12.0,1.1604154109954834,0.0
250.0,False,True,0.5999999642372131,6.519388198852539,0.17084890604019165,0.5906717777252197,10.0,1.0965805053710938,0.0
250.0,False,True,0.5999999642372131,8.539918899536133,0.261173278093338,0.5839586853981018,6.0,1.2886557579040527,0.0
250.0,False,True,0.3199999928474426,5.810856342315674,0.13106505572795868,0.6350693702697754,8.0,1.0138295888900757,0.0
250.0,False,True,0.3400000035762787,6.1572418212890625,0.1462923139333725,0.6432574987411499,3.0,1.1777946949005127,0.0
250.0,False,True,0.5799999833106995,7.667719841003418,0.2184402197599411,0.5943127274513245,9.0,1.1967356204986572,0.0
250.0,False,True,0.3199999928474426,6.0480852127075195,0.13332223892211914,0.657142698764801,5.0,1.1890290975570679,0.0
250.0,False,True,0.5999999642372131,6.446857929229736,0.17729820311069489,0.5944485664367676,8.0,1.135604739189148,0.0
250.0,False,True,0.3199999928474426,5.692748546600342,0.10984203219413757,0.6518714427947998,6.0,1.071982741355896,0.0
250.0,False,True,0.5799999833106995,9.010595321655273,0.1943455934524536,0.6159300804138184,12.0,1.3819260597229004,0.0
250.0,False,True,0.3199999928474426,7.146385192871094,0.11993769556283951,0.6534432172775269,5.0,1.0678719282150269,0.0
250.0,False,True,0.5799999833106995,7.48983097076416,0.21258071064949036,0.6055698990821838,8.0,1.263479471206665,0.0
250.0,False,True,0.3199999928474426,6.18377161026001,0.12506818771362305,0.6373839378356934,7.0,1.0639094114303589,0.0
250.0,False,True,0.5600000023841858,6.834317684173584,0.14967124164104462,0.6440059542655945,7.0,1.1273494958877563,0.0
250.0,False,True,0.8999999761581421,8.728772163391113,0.321502149105072,0.5864098072052002,7.0,1.3909366130828857,0.0
250.0,False,True,0.5799999833106995,6.475870132446289,0.17942966520786285,0.6024996042251587,4.0,1.1982969045639038,0.0
250.0,False,True,0.5799999833106995,7.470733642578125,0.17307797074317932,0.6440771222114563,3.0,1.156124472618103,0.0
250.0,False,True,0.3400000035762787,6.463595867156982,0.1357891708612442,0.6295849680900574,4.0,1.1885524988174438,0.0
250.0,False,True,0.3199999928474426,5.8212361335754395,0.11501665413379669,0.6718599200248718,7.0,1.0933259725570679,0.0
250.0,False,True,0.5799999833106995,6.782031059265137,0.18127985298633575,0.5796266198158264,9.0,1.1357249021530151,0.0
250.0,False,True,0.3199999928474426,5.613773822784424,0.14562074840068817,0.629206120967865,7.0,1.1278947591781616,0.0
250.0,False,True,0.5799999833106995,7.389314651489258,0.15893998742103577,0.6341538429260254,3.0,1.099422812461853,0.0
250.0,False,True,0.3199999928474426,7.052992820739746,0.12157683074474335,0.7205949425697327,2.0,1.3163936138153076,0.0
250.0,False,True,0.3400000035762787,6.39436149597168,0.12016933411359787,0.6583753228187561,7.0,1.0607260465621948,0.0
250.0,False,True,0.3199999928474426,7.033747673034668,0.1268419623374939,0.6854159832000732,2.0,1.292397379875183,0.0
250.0,False,True,0.5799999833106995,7.525221824645996,0.20603299140930176,0.6142396330833435,4.0,1.2609704732894897,0.0
250.0,False,True,0.5999999642372131,8.205376625061035,0.2259310781955719,0.6100317239761353,6.0,1.326351284980774,0.0
250.0,False,True,0.5999999642372131,5.963120460510254,0.18257899582386017,0.6119833588600159,4.0,1.1193656921386719,0.0
250.0,False,True,0.5799999833106995,6.956491470336914,0.19871735572814941,0.5687730312347412,11.0,1.1702649593353271,0.0
250.0,False,True,0.3199999928474426,6.427759647369385,0.09557100385427475,0.7079564929008484,5.0,1.1073739528656006,0.0
250.0,False,True,0.3400000035762787,6.580552577972412,0.12762150168418884,0.6681854128837585,5.0,1.1985714435577393,0.0
250.0,False,True,0.5799999833106995,8.40391731262207,0.17833386361598969,0.6721706986427307,10.0,1.1720112562179565,0.0
250.0,False,True,0.3199999928474426,7.2918877601623535,0.1301158219575882,0.6426143646240234,11.0,1.3062007427215576,0.0
250.0,False,True,0.3199999928474426,6.149372577667236,0.08472220599651337,0.7027454376220703,4.0,1.147337794303894,0.0
250.0,False,True,0.5999999642372131,7.13679838180542,0.21042147278785706,0.6129689812660217,5.0,1.2498340606689453,0.0
250.0,False,True,0.3199999928474426,6.179934024810791,0.15437449514865875,0.646440327167511,7.0,1.2180825471878052,0.0
250.0,False,True,0.3199999928474426,7.2809014320373535,0.11422207206487656,0.6451601982116699,8.0,1.0123863220214844,0.0
250.0,False,True,0.5799999833106995,9.685233116149902,0.3027573525905609,0.5590299367904663,8.0,1.3485697507858276,0.0
250.0,False,True,0.3400000035762787,6.588831901550293,0.16514120995998383,0.6427854895591736,5.0,1.2651780843734741,0.0
250.0,False,True,0.5999999642372131,7.638204097747803,0.249767005443573,0.5838738083839417,8.0,1.2592984437942505,0.0
250.0,False,True,0.3199999928474426,5.633742809295654,0.12471085041761398,0.6192774176597595,6.0,1.104251503944397,0.0
250.0,False,True,0.5999999642372131,6.018191814422607,0.17393247783184052,0.6000246405601501,5.0,1.1648350954055786,0.0
250.0,False,True,0.3400000035762787,6.842922210693359,0.09937162697315216,0.7364743947982788,5.0,1.2309967279434204,0.0
250.0,False,True,0.5799999833106995,7.055717945098877,0.15258818864822388,0.6059330105781555,11.0,1.1412529945373535,0.0
250.0,False,True,0.5799999833106995,7.926126480102539,0.1646948605775833,0.6586200594902039,3.0,1.3407225608825684,0.0
250.0,False,True,0.5799999833106995,7.786867618560791,0.16940656304359436,0.5917043089866638,13.0,1.2521462440490723,0.0
250.0,False,True,0.3400000035762787,6.324000358581543,0.11812939494848251,0.665788471698761,5.0,1.1639107465744019,0.0
250.0,False,True,0.3199999928474426,6.356934547424316,0.14692679047584534,0.6296135783195496,3.0,1.1334524154663086,0.0
250.0,False,True,0.3199999928474426,7.252443313598633,0.10458425432443619,0.6421772837638855,12.0,1.2395129203796387,0.0
250.0,False,True,0.3400000035762787,7.249467372894287,0.14187945425510406,0.649680495262146,6.0,1.0939126014709473,0.0
250.0,False,True,0.3199999928474426,5.76677131652832,0.11969026923179626,0.6350926160812378,4.0,1.1506363153457642,0.0
250.0,False,True,0.3199999928474426,6.196060657501221,0.07918331027030945,0.7514481544494629,4.0,1.1248165369033813,0.0
250.0,False,True,0.3199999928474426,6.7862229347229,0.13819178938865662,0.6045003533363342,10.0,1.1698418855667114,0.0
250.0,False,True,0.5799999833106995,7.490145206451416,0.18895341455936432,0.6213911771774292,8.0,1.2219492197036743,0.0
250.0,False,True,0.5799999833106995,6.684248447418213,0.1755957305431366,0.6081861257553101,8.0,1.143003225326538,0.0
250.0,False,True,0.3400000035762787,6.4147210121154785,0.13223038613796234,0.6520213484764099,5.0,1.1965409517288208,0.0
250.0,False,True,0.3400000035762787,6.365564823150635,0.13605430722236633,0.640404224395752,7.0,1.2040349245071411,0.0
250.0,False,True,0.3199999928474426,7.080030918121338,0.13211067020893097,0.6640396118164062,2.0,1.257365345954895,0.0
250.0,False,True,0.3199999928474426,5.714122772216797,0.13943453133106232,0.6340383291244507,6.0,1.0483722686767578,0.0
250.0,False,True,0.3199999928474426,6.551703453063965,0.12222910672426224,0.6580110788345337,5.0,1.1017640829086304,0.0
250.0,False,True,0.3199999928474426,5.487516403198242,0.12264026701450348,0.665834903717041,3.0,1.1768144369125366,0.0
250.0,False,True,0.3400000035762787,7.25430965423584,0.1696491241455078,0.680745542049408,3.0,1.3209832906723022,0.0
250.0,False,True,0.5,17.034208297729492,0.23060718178749084,0.7224699258804321,3.0,1.5446749925613403,90.0
250.0,False,True,0.5600000023841858,11.177569389343262,0.2400960922241211,0.5831902027130127,3.0,1.1602516174316406,90.0
250.0,False,True,0.5,9.596671104431152,0.15500448644161224,0.5875576138496399,12.0,1.0647884607315063,90.0
250.0,False,True,0.5600000023841858,11.137614250183105,0.2692878842353821,0.5906692743301392,10.0,1.189915657043457,90.0
250.0,False,True,0.5799999833106995,13.11766529083252,0.31158727407455444,0.5839561223983765,6.0,1.3196837902069092,90.0
250.0,False,True,0.5199999809265137,11.243547439575195,0.2074258029460907,0.6350733041763306,8.0,1.260844349861145,90.0
250.0,False,True,0.5399999618530273,11.264458656311035,0.2400989532470703,0.6432595252990723,3.0,1.3275485038757324,90.0
250.0,False,True,0.5799999833106995,12.184906959533691,0.30720776319503784,0.5944434404373169,9.0,1.3192474842071533,90.0
250.0,False,True,0.5399999618530273,9.946707725524902,0.24173499643802643,0.6571386456489563,5.0,1.3733515739440918,90.0
250.0,False,True,0.5600000023841858,11.044410705566406,0.27301058173179626,0.5944488048553467,8.0,1.1954909563064575,90.0
250.0,False,True,0.5799999833106995,9.954475402832031,0.29691699147224426,0.6518700122833252,6.0,1.399001121520996,90.0
250.0,False,True,0.5399999618530273,12.374812126159668,0.22152556478977203,0.6159298419952393,12.0,1.2514846324920654,90.0
250.0,False,True,0.5399999618530273,13.641253471374512,0.2726231813430786,0.6534372568130493,5.0,1.3942726850509644,90.0
250.0,False,True,0.5600000023841858,11.510862350463867,0.22016708552837372,0.6055632829666138,8.0,1.1419153213500977,90.0
250.0,False,True,0.5799999833106995,11.754164695739746,0.26852086186408997,0.6373910307884216,7.0,1.4072028398513794,90.0
250.0,False,True,0.5799999833106995,13.43295669555664,0.33331099152565,0.6440028548240662,7.0,1.479483962059021,90.0
250.0,False,True,0.5600000023841858,12.23304557800293,0.2499392181634903,0.5863869190216064,7.0,1.1754133701324463,90.0
250.0,False,True,0.5600000023841858,10.627250671386719,0.2217591106891632,0.6024962067604065,4.0,1.0970559120178223,90.0
250.0,False,True,0.5399999618530273,15.076618194580078,0.26534995436668396,0.6440701484680176,3.0,1.4949243068695068,90.0
250.0,False,True,0.5399999618530273,10.473918914794922,0.22201763093471527,0.629585862159729,4.0,1.1824333667755127,90.0
250.0,False,True,0.5,9.305862426757812,0.1587216705083847,0.6718684434890747,7.0,1.200621247291565,90.0
250.0,False,True,0.5600000023841858,11.117317199707031,0.25352799892425537,0.5862489938735962,11.0,1.1871798038482666,90.0
250.0,False,True,0.5199999809265137,11.013742446899414,0.22741113603115082,0.629210889339447,7.0,1.2978565692901611,90.0
250.0,False,True,0.5399999618530273,13.790799140930176,0.2516302168369293,0.6341553330421448,3.0,1.3862589597702026,90.0
250.0,False,True,0.5399999618530273,11.658441543579102,0.20998331904411316,0.7205990552902222,2.0,1.4187064170837402,90.0
250.0,False,True,0.5199999809265137,14.301911354064941,0.23491443693637848,0.6583739519119263,7.0,1.4068117141723633,90.0
250.0,False,True,0.5399999618530273,11.615471839904785,0.22107407450675964,0.6854236721992493,2.0,1.3578417301177979,90.0
250.0,False,True,0.5999999642372131,12.531942367553711,0.318728506565094,0.6116355657577515,5.0,1.4039934873580933,90.0
250.0,False,True,0.5399999618530273,11.912672996520996,0.26130732893943787,0.6100510954856873,6.0,1.3065035343170166,90.0
250.0,False,True,0.5600000023841858,11.060622215270996,0.24248991906642914,0.6119979619979858,4.0,1.2070902585983276,90.0
250.0,False,True,0.5799999833106995,11.219632148742676,0.29130396246910095,0.5683662295341492,8.0,1.1970821619033813,90.0
250.0,False,True,0.5199999809265137,12.051902770996094,0.1805497258901596,0.707943856716156,5.0,1.3222081661224365,90.0
250.0,False,True,0.5199999809265137,11.847211837768555,0.18484719097614288,0.6681778430938721,5.0,1.3219667673110962,90.0
250.0,False,True,0.5999999642372131,12.768366813659668,0.3619976043701172,0.6721711158752441,10.0,1.452339768409729,90.0
250.0,False,True,0.5,9.924202919006348,0.18368732929229736,0.6426127552986145,11.0,1.2743762731552124,90.0
250.0,False,True,0.4599999785423279,13.309173583984375,0.172891765832901,0.7027398943901062,4.0,1.481058955192566,90.0
250.0,False,True,0.5600000023841858,11.244564056396484,0.2329859733581543,0.6128954887390137,5.0,1.2078440189361572,90.0
250.0,False,True,0.5399999618530273,9.485185623168945,0.16424179077148438,0.6464658975601196,7.0,1.0832501649856567,90.0
250.0,False,True,0.5199999809265137,13.79243278503418,0.22708255052566528,0.6451646685600281,8.0,1.346103310585022,90.0
250.0,False,True,0.5799999833106995,12.733800888061523,0.2708854675292969,0.5590255260467529,8.0,1.1762889623641968,90.0
250.0,False,True,0.5600000023841858,11.418838500976562,0.27473554015159607,0.6427761316299438,5.0,1.3864526748657227,90.0
250.0,False,True,0.5799999833106995,12.204533576965332,0.3215715289115906,0.5838729739189148,8.0,1.3445171117782593,90.0
250.0,False,True,0.5799999833106995,10.054357528686523,0.2651580572128296,0.6192825436592102,6.0,1.2652474641799927,90.0
250.0,False,True,0.5600000023841858,10.083288192749023,0.24554131925106049,0.600020706653595,5.0,1.1559767723083496,90.0
250.0,False,True,0.5199999809265137,16.82729721069336,0.1803453415632248,0.7364662885665894,5.0,1.4165349006652832,90.0
250.0,False,True,0.5399999618530273,10.856849670410156,0.2228420227766037,0.6058939099311829,11.0,1.1976606845855713,90.0
250.0,False,True,0.5399999618530273,11.290374755859375,0.19772659242153168,0.6586251258850098,3.0,1.243526577949524,90.0
250.0,False,True,0.5399999618530273,11.064981460571289,0.22175681591033936,0.5917036533355713,13.0,1.165927529335022,90.0
250.0,False,True,0.5399999618530273,13.916865348815918,0.23860745131969452,0.6657437086105347,5.0,1.3996199369430542,90.0
250.0,False,True,0.5399999618530273,10.455756187438965,0.23472538590431213,0.6296079158782959,3.0,1.2330204248428345,90.0
250.0,False,True,0.3799999952316284,10.532707214355469,0.14851954579353333,0.6421760320663452,12.0,1.2065681219100952,90.0
250.0,False,True,0.5199999809265137,14.418828010559082,0.25347739458084106,0.6496791243553162,6.0,1.4422084093093872,90.0
250.0,False,True,0.5399999618530273,9.915599822998047,0.21779707074165344,0.6349351406097412,4.0,1.2025189399719238,90.0
250.0,False,True,0.5,12.667832374572754,0.1211925745010376,0.7514623999595642,4.0,1.3173127174377441,90.0
250.0,False,True,0.5399999618530273,10.147435188293457,0.23089025914669037,0.6045026183128357,10.0,1.2092233896255493,90.0
250.0,False,True,0.5600000023841858,12.375560760498047,0.2890596389770508,0.6193479299545288,9.0,1.4241697788238525,90.0
250.0,False,True,0.5799999833106995,11.67013168334961,0.3080875277519226,0.6079905033111572,8.0,1.3090835809707642,90.0
250.0,False,True,0.5399999618530273,10.476004600524902,0.2075706422328949,0.6520319581031799,5.0,1.2260541915893555,90.0
250.0,False,True,0.5399999618530273,10.085315704345703,0.23810073733329773,0.6404232978820801,7.0,1.28776216506958,90.0
250.0,False,True,0.5199999809265137,10.526260375976562,0.18905490636825562,0.6640424132347107,2.0,1.2267744541168213,90.0
250.0,False,True,0.5199999809265137,11.391379356384277,0.2144860178232193,0.6340344548225403,6.0,1.258408784866333,90.0
250.0,False,True,0.5199999809265137,11.95482063293457,0.22186139225959778,0.6580139994621277,5.0,1.4129292964935303,90.0
250.0,False,True,0.5399999618530273,9.194196701049805,0.1578255295753479,0.6658412218093872,3.0,1.0808907747268677,90.0
250.0,False,True,0.5399999618530273,12.460602760314941,0.25276538729667664,0.6807389855384827,3.0,1.4124375581741333,90.0
250.0,False,True,0.7599999904632568,10.257296562194824,0.42756468057632446,0.7225039601325989,3.0,1.3562726974487305,180.0
250.0,False,True,0.699999988079071,9.289755821228027,0.3298832178115845,0.5831853747367859,3.0,1.3240207433700562,180.0
250.0,False,True,0.47999998927116394,7.644060134887695,0.21714138984680176,0.5875551104545593,12.0,1.127988576889038,180.0
250.0,False,True,0.699999988079071,7.057246685028076,0.32244300842285156,0.5906721949577332,10.0,1.1640552282333374,180.0
250.0,False,True,0.7799999713897705,8.899515151977539,0.4212501049041748,0.5839565396308899,6.0,1.3386080265045166,180.0
250.0,False,True,0.6599999666213989,7.756460189819336,0.28551435470581055,0.6350733041763306,8.0,1.1938832998275757,180.0
250.0,False,True,0.6800000071525574,8.860956192016602,0.30270400643348694,0.6432576775550842,3.0,1.2986632585525513,180.0
250.0,False,True,0.7599999904632568,9.197636604309082,0.3947588801383972,0.5943162441253662,9.0,1.2665551900863647,180.0
250.0,False,True,0.6599999666213989,8.974589347839355,0.28605541586875916,0.6571385860443115,5.0,1.2676790952682495,180.0
250.0,False,True,0.699999988079071,7.88314151763916,0.31703802943229675,0.5944460034370422,8.0,1.2159873247146606,180.0
250.0,False,True,0.6399999856948853,7.5102386474609375,0.2578008770942688,0.6518714427947998,6.0,1.1828376054763794,180.0
250.0,False,True,0.699999988079071,8.76721477508545,0.35274484753608704,0.6159307956695557,12.0,1.3593157529830933,180.0
250.0,False,True,0.699999988079071,8.23287296295166,0.33924418687820435,0.6534394025802612,5.0,1.179456353187561,180.0
250.0,False,True,0.6399999856948853,7.5162458419799805,0.24834676086902618,0.6055553555488586,8.0,1.2022687196731567,180.0
250.0,False,True,0.6599999666213989,7.948162078857422,0.3024425804615021,0.6373838186264038,7.0,1.2015661001205444,180.0
250.0,False,True,0.699999988079071,9.018921852111816,0.36929112672805786,0.6440048217773438,7.0,1.289268136024475,180.0
250.0,False,True,0.6399999856948853,8.755106925964355,0.2693367302417755,0.5863768458366394,7.0,1.3000710010528564,180.0
250.0,False,True,0.6200000047683716,7.535099029541016,0.23132465779781342,0.6024968028068542,4.0,1.1723692417144775,180.0
250.0,False,True,0.7599999904632568,10.245591163635254,0.42050933837890625,0.6440821886062622,3.0,1.3416017293930054,180.0
250.0,False,True,0.6599999666213989,7.6359944343566895,0.27028629183769226,0.6295868754386902,4.0,1.2175272703170776,180.0
250.0,False,True,0.3999999761581421,7.712636947631836,0.1827211230993271,0.6718645691871643,7.0,1.1845035552978516,180.0
250.0,False,True,0.6800000071525574,7.522978782653809,0.3305664658546448,0.579437792301178,12.0,1.1391611099243164,180.0
250.0,False,True,0.6800000071525574,8.275358200073242,0.30240774154663086,0.6292042136192322,7.0,1.2112720012664795,180.0
250.0,False,True,0.7199999690055847,8.911582946777344,0.36273232102394104,0.6341549158096313,3.0,1.2531551122665405,180.0
250.0,False,True,0.6800000071525574,9.824591636657715,0.3183515667915344,0.7205857634544373,2.0,1.3422832489013672,180.0
250.0,False,True,0.6599999666213989,9.249006271362305,0.3152606189250946,0.6583749651908875,7.0,1.2858179807662964,180.0
250.0,False,True,0.6800000071525574,9.075150489807129,0.3108094334602356,0.6854277849197388,2.0,1.2970755100250244,180.0
250.0,False,True,0.7400000095367432,9.392914772033691,0.3930886685848236,0.6126152276992798,4.0,1.3230698108673096,180.0
250.0,False,True,0.7799999713897705,9.414443016052246,0.4209999740123749,0.6100226044654846,6.0,1.3862004280090332,180.0
250.0,False,True,0.6599999666213989,7.649346828460693,0.2745228111743927,0.6119809746742249,4.0,1.1987098455429077,180.0
250.0,False,True,0.6599999666213989,7.660217761993408,0.3107600510120392,0.5683649182319641,8.0,1.1421806812286377,180.0
250.0,False,True,0.6399999856948853,9.02950382232666,0.26446112990379333,0.7079533338546753,5.0,1.2385742664337158,180.0
250.0,False,True,0.6800000071525574,8.957892417907715,0.320292592048645,0.6681870222091675,5.0,1.3105928897857666,180.0
250.0,False,True,0.7599999904632568,10.083658218383789,0.3947202265262604,0.6721765995025635,10.0,1.297223448753357,180.0
250.0,False,True,0.6800000071525574,9.254655838012695,0.30402395129203796,0.642611026763916,11.0,1.2989437580108643,180.0
250.0,False,True,0.6599999666213989,9.042397499084473,0.3337615132331848,0.7027410268783569,4.0,1.3013848066329956,180.0
250.0,False,True,0.6599999666213989,8.085293769836426,0.29609307646751404,0.6129597425460815,5.0,1.2664164304733276,180.0
250.0,False,True,0.3799999952316284,7.128079414367676,0.14779992401599884,0.6464488506317139,7.0,1.1522188186645508,180.0
250.0,False,True,0.6800000071525574,8.543574333190918,0.32701578736305237,0.6451655626296997,8.0,1.2096526622772217,180.0
250.0,False,True,0.6399999856948853,7.35972785949707,0.28664711117744446,0.5590240359306335,8.0,1.1567693948745728,180.0
250.0,False,True,0.7599999904632568,9.744833946228027,0.3848639130592346,0.6427860260009766,5.0,1.3379521369934082,180.0
250.0,False,True,0.7199999690055847,8.965630531311035,0.35722431540489197,0.5838701128959656,8.0,1.3088133335113525,180.0
250.0,False,True,0.6399999856948853,7.533952236175537,0.25899505615234375,0.6192761063575745,6.0,1.190841555595398,180.0
250.0,False,True,0.6599999666213989,7.766271591186523,0.2716776728630066,0.6000218391418457,5.0,1.2087147235870361,180.0
250.0,False,True,0.699999988079071,9.975610733032227,0.3566862940788269,0.7364720702171326,5.0,1.3565363883972168,180.0
250.0,False,True,0.6599999666213989,8.099678993225098,0.30602389574050903,0.6058972477912903,11.0,1.1505963802337646,180.0
250.0,False,True,0.6599999666213989,8.690296173095703,0.28428158164024353,0.6586245894432068,3.0,1.3086035251617432,180.0
250.0,False,True,0.6599999666213989,7.930409908294678,0.28418174386024475,0.5917089581489563,13.0,1.2003921270370483,180.0
250.0,False,True,0.7199999690055847,9.95103645324707,0.3662608563899994,0.6657450795173645,5.0,1.3308789730072021,180.0
250.0,False,True,0.6599999666213989,8.345955848693848,0.2656688094139099,0.6296098828315735,3.0,1.2214394807815552,180.0
250.0,False,True,0.6599999666213989,8.400879859924316,0.28780853748321533,0.6421792507171631,12.0,1.3022106885910034,180.0
250.0,False,True,0.7400000095367432,9.301532745361328,0.37131598591804504,0.649687647819519,6.0,1.309165120124817,180.0
250.0,False,True,0.6399999856948853,7.73370361328125,0.25031113624572754,0.6350899338722229,4.0,1.1680598258972168,180.0
250.0,False,True,0.3799999952316284,8.417622566223145,0.21810655295848846,0.7514615654945374,4.0,1.1962484121322632,180.0
250.0,False,True,0.6599999666213989,7.255201816558838,0.276488333940506,0.6045024991035461,10.0,1.1903595924377441,180.0
250.0,False,True,0.7199999690055847,9.031961441040039,0.3871222138404846,0.6193443536758423,9.0,1.3132306337356567,180.0
250.0,False,True,0.7400000095367432,8.926935195922852,0.37300530076026917,0.6079894304275513,8.0,1.2406936883926392,180.0
250.0,False,True,0.6800000071525574,8.508631706237793,0.30123940110206604,0.652031660079956,5.0,1.266961693763733,180.0
250.0,False,True,0.7199999690055847,9.239545822143555,0.34518760442733765,0.6404024362564087,7.0,1.2850755453109741,180.0
250.0,False,True,0.6399999856948853,7.942603588104248,0.24546070396900177,0.6640380024909973,2.0,1.2260823249816895,180.0
250.0,False,True,0.6599999666213989,7.116097450256348,0.2794387638568878,0.6340411901473999,6.0,1.1833775043487549,180.0
250.0,False,True,0.6800000071525574,9.336920738220215,0.3387213349342346,0.6580023765563965,5.0,1.3075685501098633,180.0
250.0,False,True,0.3799999952316284,7.446450710296631,0.16133788228034973,0.6658374667167664,3.0,1.1586440801620483,180.0
250.0,False,True,0.6800000071525574,10.004451751708984,0.35496005415916443,0.6807409524917603,3.0,1.3589539527893066,180.0
250.0,False,True,0.7599999904632568,10.05156135559082,0.30537861585617065,0.7224726676940918,3.0,1.6447666883468628,270.0
250.0,False,True,0.85999995470047,9.615704536437988,0.3200858235359192,0.5831838846206665,3.0,1.449994444847107,270.0
250.0,False,True,0.25999999046325684,11.727681159973145,0.13053753972053528,0.5875542163848877,12.0,1.2256567478179932,270.0
250.0,False,True,0.8399999737739563,7.2030415534973145,0.2530178725719452,0.5906682014465332,10.0,1.3299371004104614,270.0
250.0,False,True,0.8199999928474426,8.442222595214844,0.3486555814743042,0.5839551091194153,6.0,1.475177526473999,270.0
250.0,False,True,0.8399999737739563,7.876839637756348,0.26891449093818665,0.6350744366645813,8.0,1.394644021987915,270.0
250.0,False,True,0.8399999737739563,9.101872444152832,0.2917585074901581,0.6432521343231201,3.0,1.5032126903533936,270.0
250.0,False,True,0.8399999737739563,8.523759841918945,0.30198901891708374,0.5943229794502258,9.0,1.470902681350708,270.0
250.0,False,True,0.8399999737739563,9.828673362731934,0.3208451569080353,0.657141923904419,5.0,1.5311532020568848,270.0
250.0,False,True,0.85999995470047,8.013467788696289,0.2628921866416931,0.5944463014602661,8.0,1.4141223430633545,270.0
250.0,False,True,0.6200000047683716,10.13752555847168,0.21569742262363434,0.6518323421478271,6.0,1.4189211130142212,270.0
250.0,False,True,0.85999995470047,11.851136207580566,0.1941160410642624,0.6159296631813049,12.0,1.2836962938308716,270.0
250.0,False,True,0.7999999523162842,8.137258529663086,0.22601906955242157,0.655281126499176,5.0,1.4809082746505737,270.0
250.0,False,True,0.8399999737739563,8.429023742675781,0.31018733978271484,0.6055607795715332,8.0,1.4281586408615112,270.0
250.0,False,True,0.6200000047683716,9.000101089477539,0.2446402907371521,0.6373894214630127,7.0,1.4579010009765625,270.0
250.0,False,True,0.7799999713897705,15.374129295349121,0.2691533863544464,0.6440051198005676,7.0,1.581482172012329,270.0
250.0,False,True,0.8399999737739563,9.109295845031738,0.34899774193763733,0.5864108800888062,7.0,1.4314266443252563,270.0
250.0,False,True,0.85999995470047,8.323338508605957,0.21851977705955505,0.6024974584579468,4.0,1.2895046472549438,270.0
250.0,False,True,0.6200000047683716,9.6107759475708,0.30740684270858765,0.644077479839325,3.0,1.597769856452942,270.0
250.0,False,True,0.8399999737739563,8.224736213684082,0.26795077323913574,0.6295884847640991,4.0,1.3970783948898315,270.0
250.0,False,True,0.8399999737739563,8.939537048339844,0.2864873707294464,0.6718645691871643,7.0,1.4493342638015747,270.0
250.0,False,True,0.85999995470047,7.5621867179870605,0.23533783853054047,0.5794388055801392,12.0,1.2930846214294434,270.0
250.0,False,True,0.8399999737739563,8.551295280456543,0.2925189435482025,0.6292043924331665,7.0,1.4706017971038818,270.0
250.0,False,True,0.8199999928474426,8.38569450378418,0.30337077379226685,0.6341536045074463,3.0,1.5026445388793945,270.0
250.0,False,True,0.8199999928474426,11.311217308044434,0.3077813684940338,0.7205935716629028,2.0,1.5524704456329346,270.0
250.0,False,True,0.8199999928474426,9.419515609741211,0.28833046555519104,0.6583741903305054,7.0,1.5808452367782593,270.0
250.0,False,True,0.8399999737739563,11.255363464355469,0.27414771914482117,0.6854320764541626,2.0,1.4460550546646118,270.0
250.0,False,True,0.7999999523162842,9.593106269836426,0.3624916970729828,0.6116328835487366,5.0,1.5693837404251099,270.0
250.0,False,True,0.8199999928474426,9.747316360473633,0.3729850947856903,0.6100313067436218,6.0,1.5450921058654785,270.0
250.0,False,True,0.85999995470047,7.674218654632568,0.2514306604862213,0.6119843125343323,4.0,1.325989842414856,270.0
250.0,False,True,0.85999995470047,7.856053829193115,0.24794963002204895,0.5683795809745789,8.0,1.315049171447754,270.0
250.0,False,True,0.8199999928474426,10.35362434387207,0.3273331820964813,0.707949697971344,5.0,1.5446889400482178,270.0
250.0,False,True,0.8199999928474426,9.166132926940918,0.3393537998199463,0.6681835651397705,5.0,1.5306813716888428,270.0
250.0,False,True,0.8199999928474426,11.209657669067383,0.2781699001789093,0.6721737384796143,10.0,1.5811312198638916,270.0
250.0,False,True,0.8199999928474426,12.827107429504395,0.24036873877048492,0.6426100730895996,11.0,1.3131457567214966,270.0
250.0,False,True,0.7999999523162842,12.08509349822998,0.20449334383010864,0.7027094960212708,4.0,1.4871301651000977,270.0
250.0,False,True,0.8399999737739563,8.443037033081055,0.3008289039134979,0.6129006743431091,5.0,1.4085659980773926,270.0
250.0,False,True,0.8399999737739563,8.868490219116211,0.311947762966156,0.6464510560035706,7.0,1.4087573289871216,270.0
250.0,False,True,0.7999999523162842,8.268354415893555,0.24057349562644958,0.6451671123504639,8.0,1.4429937601089478,270.0
250.0,False,True,0.85999995470047,9.07125186920166,0.24701043963432312,0.5590248703956604,8.0,1.2623502016067505,270.0
250.0,False,True,0.7999999523162842,9.79568862915039,0.3518688678741455,0.6427823901176453,5.0,1.6207605600357056,270.0
250.0,False,True,0.8399999737739563,8.624958038330078,0.316585510969162,0.5838705897331238,8.0,1.5157188177108765,270.0
250.0,False,True,0.8399999737739563,9.075063705444336,0.2752886712551117,0.6192710995674133,6.0,1.3703303337097168,270.0
250.0,False,True,0.85999995470047,8.605487823486328,0.26613008975982666,0.600024402141571,5.0,1.4393010139465332,270.0
250.0,False,True,0.8199999928474426,11.460577964782715,0.3886515200138092,0.7364725470542908,5.0,1.6368387937545776,270.0
250.0,False,True,0.2800000011920929,9.004792213439941,0.1536100059747696,0.6058928966522217,11.0,1.190329909324646,270.0
250.0,False,True,0.8399999737739563,9.52043342590332,0.2905317544937134,0.6586175560951233,3.0,1.3849412202835083,270.0
250.0,False,True,0.2800000011920929,11.1806001663208,0.17306169867515564,0.5917145013809204,13.0,1.2097735404968262,270.0
250.0,False,True,0.8199999928474426,9.86639404296875,0.3168831467628479,0.6657472252845764,5.0,1.6293489933013916,270.0
250.0,False,True,0.8399999737739563,8.963329315185547,0.28632235527038574,0.6296138763427734,3.0,1.4744259119033813,270.0
250.0,False,True,0.7999999523162842,12.895854949951172,0.17484594881534576,0.6421737670898438,12.0,1.2193602323532104,270.0
250.0,False,True,0.8399999737739563,9.420537948608398,0.3179868161678314,0.6496806144714355,6.0,1.5413765907287598,270.0
250.0,False,True,0.8399999737739563,8.622361183166504,0.29560908675193787,0.6350908875465393,4.0,1.4365726709365845,270.0
250.0,False,True,0.7999999523162842,9.306771278381348,0.29098665714263916,0.7514584064483643,4.0,1.510138750076294,270.0
250.0,False,True,0.85999995470047,9.818284034729004,0.21813176572322845,0.6045007705688477,10.0,1.2606627941131592,270.0
250.0,False,True,0.8199999928474426,8.818219184875488,0.3540090322494507,0.6213913559913635,8.0,1.5166133642196655,270.0
250.0,False,True,0.8399999737739563,8.582589149475098,0.2695111632347107,0.608181357383728,8.0,1.4831160306930542,270.0
250.0,False,True,0.8199999928474426,9.095154762268066,0.3092031180858612,0.6520337462425232,5.0,1.4733920097351074,270.0
250.0,False,True,0.8199999928474426,9.809549331665039,0.3421593904495239,0.6404006481170654,7.0,1.5714397430419922,270.0
250.0,False,True,0.8399999737739563,9.892985343933105,0.27604612708091736,0.6640423536300659,2.0,1.341474175453186,270.0
250.0,False,True,0.8399999737739563,7.653553009033203,0.2522900104522705,0.6340361833572388,6.0,1.388811469078064,270.0
250.0,False,True,0.8199999928474426,9.686430931091309,0.3058246672153473,0.6580137014389038,5.0,1.588157296180725,270.0
250.0,False,True,0.85999995470047,8.833488464355469,0.23586133122444153,0.665830671787262,3.0,1.3683438301086426,270.0
250.0,False,True,0.7999999523162842,10.53999137878418,0.3551202714443207,0.680736243724823,3.0,1.6431994438171387,270.0
300.0,False,True,0.5799999833106995,8.752458572387695,0.2444503754377365,0.7224726676940918,3.0,1.3803554773330688,0.0
300.0,False,True,0.8799999952316284,10.094419479370117,0.4299101233482361,0.5831794142723083,3.0,1.6424392461776733,0.0
300.0,False,True,0.5799999833106995,8.045641899108887,0.2587694227695465,0.5875522494316101,12.0,1.3438552618026733,0.0
300.0,False,True,0.5999999642372131,7.755953788757324,0.3175315260887146,0.5906732678413391,10.0,1.3107330799102783,0.0
300.0,False,True,0.8999999761581421,10.604559898376465,0.4587405025959015,0.5839573740959167,6.0,1.548606038093567,0.0
300.0,False,True,0.5999999642372131,5.850625038146973,0.25516262650489807,0.6350740194320679,8.0,1.2126991748809814,0.0
300.0,False,True,0.5999999642372131,7.673298358917236,0.2714850604534149,0.6432561278343201,3.0,1.4291918277740479,0.0
300.0,False,True,0.5999999642372131,9.500509262084961,0.3844853639602661,0.5943165421485901,9.0,1.4374874830245972,0.0
300.0,False,True,0.5799999833106995,7.517343044281006,0.2399262934923172,0.6571415662765503,5.0,1.425531268119812,0.0
300.0,False,True,0.5999999642372131,7.7884039878845215,0.3114786744117737,0.5944496393203735,8.0,1.382328748703003,0.0
300.0,False,True,0.5799999833106995,6.770395755767822,0.22102919220924377,0.6518723368644714,6.0,1.2764368057250977,0.0
300.0,False,True,0.5799999833106995,10.911705017089844,0.3486376702785492,0.6159283518791199,12.0,1.6628243923187256,0.0
300.0,False,True,0.5799999833106995,7.928032875061035,0.2347131073474884,0.6534380912780762,5.0,1.2659660577774048,0.0
300.0,False,True,0.8999999761581421,8.990425109863281,0.39224356412887573,0.6055617332458496,8.0,1.5170143842697144,0.0
300.0,False,True,0.5799999833106995,6.824697017669678,0.2378329038619995,0.637386679649353,7.0,1.2650989294052124,0.0
300.0,False,True,0.5799999833106995,8.166400909423828,0.26734378933906555,0.6440064907073975,7.0,1.3514646291732788,0.0
300.0,False,True,0.8999999761581421,10.62541675567627,0.5175217390060425,0.5864190459251404,7.0,1.6613037586212158,0.0
300.0,False,True,0.5999999642372131,7.8913044929504395,0.33652180433273315,0.6024982333183289,4.0,1.4324865341186523,0.0
300.0,False,True,0.5799999833106995,8.01579475402832,0.29524558782577515,0.6440694332122803,3.0,1.3900574445724487,0.0
300.0,False,True,0.5999999642372131,7.8474297523498535,0.2659755349159241,0.6295853853225708,4.0,1.438210129737854,0.0
300.0,False,True,0.5799999833106995,6.109424114227295,0.2246919423341751,0.671873927116394,7.0,1.311014175415039,0.0
300.0,False,True,0.5799999833106995,7.991118907928467,0.28968507051467896,0.5794368386268616,12.0,1.3192428350448608,0.0
300.0,False,True,0.5799999833106995,6.924017906188965,0.27163684368133545,0.6292049288749695,7.0,1.3599060773849487,0.0
300.0,False,True,0.5799999833106995,7.931722164154053,0.2825342118740082,0.6341527104377747,3.0,1.3084204196929932,0.0
300.0,False,True,0.5799999833106995,8.850995063781738,0.246042400598526,0.7205930948257446,2.0,1.5993329286575317,0.0
300.0,False,True,0.5799999833106995,6.145960330963135,0.2313641905784607,0.6583704352378845,7.0,1.2912442684173584,0.0
300.0,False,True,0.5799999833106995,8.768692970275879,0.2514429986476898,0.6854210495948792,2.0,1.5700407028198242,0.0
300.0,False,True,0.5799999833106995,9.100058555603027,0.34303542971611023,0.6116386651992798,5.0,1.4910526275634766,0.0
300.0,False,True,0.8999999761581421,10.285795211791992,0.4259049892425537,0.6100534200668335,6.0,1.6048964262008667,0.0
300.0,False,True,0.5999999642372131,7.322817325592041,0.32746580243110657,0.6119816303253174,4.0,1.339823842048645,0.0
300.0,False,True,0.5799999833106995,8.162240982055664,0.3405812978744507,0.5683614611625671,8.0,1.3438526391983032,0.0
300.0,False,True,0.3400000035762787,6.5807318687438965,0.19829507172107697,0.708036482334137,5.0,1.3482799530029297,0.0
300.0,False,True,0.5799999833106995,7.948903560638428,0.26417970657348633,0.6681883931159973,5.0,1.462774634361267,0.0
300.0,False,True,0.5799999833106995,8.604096412658691,0.31125113368034363,0.6721690893173218,10.0,1.4107571840286255,0.0
300.0,False,True,0.5799999833106995,8.932149887084961,0.24136680364608765,0.6426108479499817,11.0,1.5291086435317993,0.0
300.0,False,True,0.5600000023841858,7.454431056976318,0.19206157326698303,0.7027497291564941,4.0,1.3924521207809448,0.0
300.0,False,True,0.8999999761581421,8.726475715637207,0.37195947766304016,0.6129490733146667,5.0,1.4960612058639526,0.0
300.0,False,True,0.5999999642372131,7.379855632781982,0.3104591369628906,0.6464604735374451,7.0,1.4587465524673462,0.0
300.0,False,True,0.5799999833106995,7.608367443084717,0.22563019394874573,0.6451653242111206,8.0,1.202086329460144,0.0
300.0,False,True,0.8799999952316284,11.443755149841309,0.4869869351387024,0.5590270757675171,8.0,1.5458533763885498,0.0
300.0,False,True,0.5999999642372131,8.600715637207031,0.2939474284648895,0.6427841782569885,5.0,1.5331782102584839,0.0
300.0,False,True,0.8799999952316284,9.508574485778809,0.4179285764694214,0.583879828453064,8.0,1.5075236558914185,0.0
300.0,False,True,0.5799999833106995,6.46987247467041,0.23520612716674805,0.619274377822876,6.0,1.3160070180892944,0.0
300.0,False,True,0.5999999642372131,7.386472225189209,0.30679285526275635,0.6000252962112427,5.0,1.415712833404541,0.0
300.0,False,True,0.5799999833106995,8.03560733795166,0.21540383994579315,0.7364727258682251,5.0,1.508808970451355,0.0
300.0,False,True,0.5799999833106995,8.279319763183594,0.2648323178291321,0.6059284806251526,11.0,1.3595072031021118,0.0
300.0,False,True,0.5799999833106995,9.859674453735352,0.3212518095970154,0.6586262583732605,3.0,1.6126642227172852,0.0
300.0,False,True,0.5799999833106995,9.193361282348633,0.3163193166255951,0.5917031764984131,13.0,1.4564557075500488,0.0
300.0,False,True,0.5799999833106995,7.054633140563965,0.24446143209934235,0.6657447814941406,5.0,1.422400712966919,0.0
300.0,False,True,0.5999999642372131,6.802849292755127,0.2679738700389862,0.6296131610870361,3.0,1.3704769611358643,0.0
300.0,False,True,0.5799999833106995,8.800379753112793,0.2073298990726471,0.6421756744384766,12.0,1.4510163068771362,0.0
300.0,False,True,0.5799999833106995,6.946897983551025,0.25401607155799866,0.649681568145752,6.0,1.3248237371444702,0.0
300.0,False,True,0.5799999833106995,6.830958843231201,0.24444803595542908,0.6350883841514587,4.0,1.388156771659851,0.0
300.0,False,True,0.3199999928474426,6.535550594329834,0.16852176189422607,0.7514511942863464,4.0,1.359558343887329,0.0
300.0,False,True,0.5799999833106995,8.308816909790039,0.2511807084083557,0.6045010089874268,10.0,1.4129611253738403,0.0
300.0,False,True,0.5799999833106995,9.157724380493164,0.3273240327835083,0.6214020848274231,8.0,1.469275712966919,0.0
300.0,False,True,0.5799999833106995,7.731952667236328,0.2944676876068115,0.6081848740577698,8.0,1.3688533306121826,0.0
300.0,False,True,0.5799999833106995,7.907381057739258,0.24966713786125183,0.6520233154296875,5.0,1.455233097076416,0.0
300.0,False,True,0.5799999833106995,7.930112838745117,0.25864624977111816,0.6404188275337219,7.0,1.4689065217971802,0.0
300.0,False,True,0.5799999833106995,8.580413818359375,0.2516518831253052,0.6640390753746033,2.0,1.5225175619125366,0.0
300.0,False,True,0.5999999642372131,6.4182047843933105,0.2559410035610199,0.6340406537055969,6.0,1.2530174255371094,0.0
300.0,False,True,0.5799999833106995,6.755982875823975,0.237688809633255,0.6580049991607666,5.0,1.3498561382293701,0.0
300.0,False,True,0.5799999833106995,6.679376602172852,0.23636586964130402,0.6658366322517395,3.0,1.411418080329895,0.0
300.0,False,True,0.5799999833106995,9.199580192565918,0.315980464220047,0.6807340383529663,3.0,1.5952837467193604,0.0
300.0,False,True,1.1200000047683716,22.901762008666992,0.5399216413497925,0.7225292325019836,3.0,1.8587580919265747,90.0
300.0,False,True,0.5999999642372131,13.986526489257812,0.36327096819877625,0.5831799507141113,3.0,1.4142100811004639,90.0
300.0,False,True,0.7199999690055847,12.972858428955078,0.30556774139404297,0.5875513553619385,12.0,1.356607437133789,90.0
300.0,False,True,0.6200000047683716,13.455032348632812,0.4166288375854492,0.590672492980957,10.0,1.4412518739700317,90.0
300.0,False,True,0.8999999761581421,15.953957557678223,0.5193479657173157,0.5839580297470093,6.0,1.584790587425232,90.0
300.0,False,True,0.5399999618530273,14.827473640441895,0.30456414818763733,0.6350734233856201,8.0,1.5125584602355957,90.0
300.0,False,True,0.5999999642372131,14.000309944152832,0.39817753434181213,0.6432536244392395,3.0,1.5632727146148682,90.0
300.0,False,True,0.8999999761581421,14.938153266906738,0.530174195766449,0.594316840171814,9.0,1.5941766500473022,90.0
300.0,False,True,0.5600000023841858,12.440027236938477,0.3394220769405365,0.657139003276825,5.0,1.6713693141937256,90.0
300.0,False,True,0.5999999642372131,13.468250274658203,0.3996943235397339,0.5944474935531616,8.0,1.4541714191436768,90.0
300.0,False,True,0.5799999833106995,12.047599792480469,0.386557400226593,0.6518737077713013,6.0,1.7214215993881226,90.0
300.0,False,True,0.7799999713897705,16.831588745117188,0.3552654981613159,0.6159297227859497,12.0,1.6349713802337646,90.0
300.0,False,True,1.159999966621399,14.66763973236084,0.6068598031997681,0.6534369587898254,5.0,1.6500416994094849,90.0
300.0,False,True,0.5799999833106995,13.957730293273926,0.344031423330307,0.6055625677108765,8.0,1.3897268772125244,90.0
300.0,False,True,0.7400000095367432,14.878990173339844,0.43493223190307617,0.6373884081840515,7.0,1.6600369215011597,90.0
300.0,False,True,1.0799999237060547,15.923155784606934,0.6582466959953308,0.6440012454986572,7.0,1.753309965133667,90.0
300.0,False,True,0.6200000047683716,15.00800895690918,0.401959627866745,0.5864208340644836,7.0,1.4143348932266235,90.0
300.0,False,True,0.5999999642372131,13.112112045288086,0.3480288088321686,0.6024982333183289,4.0,1.3584235906600952,90.0
300.0,False,True,1.1399999856948853,16.72662353515625,0.6604974269866943,0.6440712809562683,3.0,1.7669792175292969,90.0
300.0,False,True,0.5600000023841858,12.903657913208008,0.32729607820510864,0.6295825242996216,4.0,1.4342365264892578,90.0
300.0,False,True,0.5399999618530273,11.61506462097168,0.26238417625427246,0.6718648672103882,7.0,1.4553639888763428,90.0
300.0,False,True,0.5999999642372131,13.430058479309082,0.3782747983932495,0.5794422626495361,12.0,1.4340835809707642,90.0
300.0,False,True,0.5999999642372131,13.067854881286621,0.3907175064086914,0.6292104125022888,7.0,1.5454082489013672,90.0
300.0,False,True,0.5799999833106995,16.852676391601562,0.45215708017349243,0.6341519355773926,3.0,1.6818128824234009,90.0
300.0,False,True,0.5999999642372131,14.391592979431152,0.3536750376224518,0.7205935120582581,2.0,1.700632095336914,90.0
300.0,False,True,0.5799999833106995,22.404674530029297,0.3800821304321289,0.658374011516571,7.0,1.6986502408981323,90.0
300.0,False,True,0.5799999833106995,15.127870559692383,0.34989121556282043,0.6854227185249329,2.0,1.6401212215423584,90.0
300.0,False,True,0.6599999666213989,15.04500961303711,0.5152060985565186,0.6126182675361633,4.0,1.746360421180725,90.0
300.0,False,True,0.6200000047683716,14.65496826171875,0.40891531109809875,0.6100302934646606,6.0,1.5714248418807983,90.0
300.0,False,True,0.5999999642372131,13.487064361572266,0.37887850403785706,0.6119862198829651,4.0,1.4567962884902954,90.0
300.0,False,True,0.6200000047683716,13.602347373962402,0.41644108295440674,0.5687766075134277,11.0,1.4423025846481323,90.0
300.0,False,True,0.5600000023841858,19.40289306640625,0.3083524703979492,0.707955002784729,5.0,1.6154873371124268,90.0
300.0,False,True,0.5399999618530273,14.423501968383789,0.30133241415023804,0.6681849956512451,5.0,1.6046302318572998,90.0
300.0,False,True,1.1399999856948853,15.668145179748535,0.6480991244316101,0.672173023223877,10.0,1.768821358680725,90.0
300.0,False,True,0.5199999809265137,13.834355354309082,0.26134467124938965,0.6426113247871399,11.0,1.555008888244629,90.0
300.0,False,True,1.059999942779541,20.76670265197754,0.5184741616249084,0.7027440667152405,4.0,1.7492151260375977,90.0
300.0,False,True,0.5799999833106995,13.842880249023438,0.3554428815841675,0.6129508018493652,5.0,1.462961196899414,90.0
300.0,False,True,0.5399999618530273,11.57142448425293,0.2705090343952179,0.6464317440986633,7.0,1.3307398557662964,90.0
300.0,False,True,0.5199999809265137,17.9234619140625,0.34897148609161377,0.6451622247695923,8.0,1.6208617687225342,90.0
300.0,False,True,0.8799999952316284,15.798408508300781,0.45746490359306335,0.5572961568832397,11.0,1.4275649785995483,90.0
300.0,False,True,0.5999999642372131,13.998517990112305,0.40785279870033264,0.642778754234314,5.0,1.6942760944366455,90.0
300.0,False,True,0.8799999952316284,14.992851257324219,0.5037193298339844,0.583871066570282,8.0,1.618611216545105,90.0
300.0,False,True,0.6200000047683716,12.765631675720215,0.41170668601989746,0.619269609451294,6.0,1.5017905235290527,90.0
300.0,False,True,0.5999999642372131,12.420130729675293,0.3588990867137909,0.6000255346298218,5.0,1.4122302532196045,90.0
300.0,False,True,0.5799999833106995,23.872844696044922,0.34967175126075745,0.7364670038223267,5.0,1.727240800857544,90.0
300.0,False,True,0.7999999523162842,14.113652229309082,0.3423643112182617,0.6059269905090332,11.0,1.5316293239593506,90.0
300.0,False,True,0.5600000023841858,13.877664566040039,0.3123290538787842,0.6586179137229919,3.0,1.5048751831054688,90.0
300.0,False,True,0.7999999523162842,14.844504356384277,0.33857133984565735,0.5917056798934937,13.0,1.4949666261672974,90.0
300.0,False,True,0.6200000047683716,14.256260871887207,0.4042564332485199,0.6657401919364929,5.0,1.6728644371032715,90.0
300.0,False,True,0.5799999833106995,13.317434310913086,0.3496301472187042,0.6296113133430481,3.0,1.514158010482788,90.0
300.0,False,True,0.5,13.477338790893555,0.2539474368095398,0.6421766877174377,12.0,1.4694387912750244,90.0
300.0,False,True,0.5799999833106995,20.469003677368164,0.37693631649017334,0.6496797800064087,6.0,1.7300946712493896,90.0
300.0,False,True,0.5799999833106995,12.021295547485352,0.3313485085964203,0.6350938677787781,4.0,1.431427240371704,90.0
300.0,False,True,0.5399999618530273,19.129262924194336,0.22966071963310242,0.7514539957046509,4.0,1.5906168222427368,90.0
300.0,False,True,0.5600000023841858,12.685620307922363,0.3224217891693115,0.6045012474060059,10.0,1.4848510026931763,90.0
300.0,False,True,0.6399999856948853,15.220803260803223,0.46512916684150696,0.6193451285362244,9.0,1.7145887613296509,90.0
300.0,False,True,0.6399999856948853,14.149306297302246,0.45790207386016846,0.6081805229187012,8.0,1.6031360626220703,90.0
300.0,False,True,0.5799999833106995,13.060089111328125,0.3334222435951233,0.6520347595214844,5.0,1.488651990890503,90.0
300.0,False,True,0.5999999642372131,12.487812995910645,0.36571818590164185,0.6404176354408264,7.0,1.5864877700805664,90.0
300.0,False,True,0.5399999618530273,12.861442565917969,0.28896811604499817,0.664034366607666,2.0,1.5023059844970703,90.0
300.0,False,True,0.5600000023841858,14.011373519897461,0.32723188400268555,0.6340379118919373,6.0,1.5120147466659546,90.0
300.0,False,True,0.5799999833106995,17.648386001586914,0.34618815779685974,0.6580100059509277,5.0,1.6989543437957764,90.0
300.0,False,True,0.5399999618530273,11.317623138427734,0.25660640001296997,0.6658433675765991,3.0,1.3223319053649902,90.0
300.0,False,True,0.6200000047683716,15.217316627502441,0.4355439841747284,0.6807776093482971,3.0,1.7155851125717163,90.0
300.0,False,True,0.9599999785423279,12.022754669189453,0.6974990367889404,0.7224723100662231,3.0,1.6646552085876465,180.0
300.0,False,True,0.9399999976158142,11.171313285827637,0.6124725937843323,0.5831823945045471,3.0,1.6366935968399048,180.0
300.0,False,True,0.7400000095367432,9.546867370605469,0.45095086097717285,0.587552547454834,12.0,1.4105205535888672,180.0
300.0,False,True,0.8399999737739563,8.41465950012207,0.5771772265434265,0.5906721949577332,10.0,1.4279634952545166,180.0
300.0,False,True,1.0199999809265137,10.771337509155273,0.7352026700973511,0.5839555263519287,6.0,1.6554499864578247,180.0
300.0,False,True,0.7999999523162842,9.071663856506348,0.5363459587097168,0.635072648525238,8.0,1.4690039157867432,180.0
300.0,False,True,0.9199999570846558,10.424622535705566,0.5662596225738525,0.6432509422302246,3.0,1.6002695560455322,180.0
300.0,False,True,0.9599999785423279,11.064376831054688,0.6620654463768005,0.594443678855896,9.0,1.5695253610610962,180.0
300.0,False,True,0.8199999928474426,10.622934341430664,0.5361926555633545,0.6571417450904846,5.0,1.568334937095642,180.0
300.0,False,True,0.8799999952316284,9.500901222229004,0.5823774337768555,0.5944448113441467,8.0,1.5084155797958374,180.0
300.0,False,True,0.7999999523162842,8.744601249694824,0.5016065239906311,0.6518331170082092,6.0,1.466326355934143,180.0
300.0,False,True,0.9199999570846558,10.693765640258789,0.6253488063812256,0.6159296631813049,12.0,1.6731101274490356,180.0
300.0,False,True,0.85999995470047,9.751973152160645,0.5870699882507324,0.6546405553817749,5.0,1.4696818590164185,180.0
300.0,False,True,0.7999999523162842,9.13841438293457,0.5050935745239258,0.6055651903152466,8.0,1.5039981603622437,180.0
300.0,False,True,0.7999999523162842,9.425877571105957,0.5377023816108704,0.6373815536499023,7.0,1.4968434572219849,180.0
300.0,False,True,0.8999999761581421,10.66234016418457,0.6327342987060547,0.6440034508705139,7.0,1.6067824363708496,180.0
300.0,False,True,0.8399999737739563,10.704913139343262,0.5411427617073059,0.5863853693008423,7.0,1.618461012840271,180.0
300.0,False,True,0.7400000095367432,8.633061408996582,0.44868117570877075,0.6024981141090393,4.0,1.451952576637268,180.0
300.0,False,True,0.9599999785423279,12.02518081665039,0.6919081211090088,0.6440691351890564,3.0,1.6540555953979492,180.0
300.0,False,True,0.8199999928474426,9.065835952758789,0.5291301608085632,0.629585325717926,4.0,1.5152934789657593,180.0
300.0,False,True,0.7999999523162842,9.080323219299316,0.4505082964897156,0.6718652844429016,7.0,1.4337791204452515,180.0
300.0,False,True,0.8199999928474426,9.089494705200195,0.5610934495925903,0.5794408917427063,12.0,1.4156444072723389,180.0
300.0,False,True,0.85999995470047,9.80564022064209,0.5633161067962646,0.6292012333869934,7.0,1.5050755739212036,180.0
300.0,False,True,0.8999999761581421,10.562817573547363,0.6131894588470459,0.6341548562049866,3.0,1.555410385131836,180.0
300.0,False,True,0.9199999570846558,11.556467056274414,0.5954774618148804,0.720592737197876,2.0,1.6375443935394287,180.0
300.0,False,True,0.9199999570846558,10.733885765075684,0.5701959729194641,0.6583734750747681,7.0,1.5832455158233643,180.0
300.0,False,True,0.9199999570846558,10.747117042541504,0.5984830856323242,0.6854159832000732,2.0,1.6025633811950684,180.0
300.0,False,True,0.9599999785423279,11.323695182800293,0.6916579008102417,0.6127041578292847,3.0,1.6448678970336914,180.0
300.0,False,True,0.9799999594688416,11.307090759277344,0.7084504961967468,0.6100295782089233,6.0,1.7028270959854126,180.0
300.0,False,True,0.7799999713897705,9.143057823181152,0.5080430507659912,0.6119866967201233,4.0,1.4882996082305908,180.0
300.0,False,True,0.7999999523162842,9.072659492492676,0.5279949307441711,0.5687743425369263,11.0,1.3898597955703735,180.0
300.0,False,True,0.9199999570846558,10.42275333404541,0.5254507660865784,0.7079532742500305,5.0,1.5198357105255127,180.0
300.0,False,True,0.9199999570846558,10.538235664367676,0.5909050107002258,0.6681873798370361,5.0,1.6171412467956543,180.0
300.0,False,True,1.0,11.9389009475708,0.6973465085029602,0.6721603274345398,10.0,1.5916017293930054,180.0
300.0,False,True,0.8799999952316284,11.22119426727295,0.5617625117301941,0.6426069736480713,11.0,1.6229051351547241,180.0
300.0,False,True,0.9199999570846558,10.73520565032959,0.5920839309692383,0.7027497887611389,4.0,1.6190515756607056,180.0
300.0,False,True,0.8199999928474426,9.75501823425293,0.5452024936676025,0.6129648089408875,5.0,1.5761258602142334,180.0
300.0,False,True,0.7199999690055847,8.557700157165527,0.3909703493118286,0.646440327167511,7.0,1.4164280891418457,180.0
300.0,False,True,0.8199999928474426,9.999004364013672,0.5670465230941772,0.6451632976531982,8.0,1.4972131252288818,180.0
300.0,False,True,0.8399999737739563,9.647748947143555,0.5718162059783936,0.5572818517684937,11.0,1.5368160009384155,180.0
300.0,False,True,0.9599999785423279,11.479537010192871,0.6643650531768799,0.6427733898162842,5.0,1.643985629081726,180.0
300.0,False,True,0.9599999785423279,10.754842758178711,0.6461372971534729,0.5838717818260193,8.0,1.6246893405914307,180.0
300.0,False,True,0.7799999713897705,8.965520858764648,0.48920297622680664,0.6192774772644043,6.0,1.440895676612854,180.0
300.0,False,True,0.7999999523162842,9.384686470031738,0.5197802782058716,0.6000218391418457,5.0,1.500933051109314,180.0
300.0,False,True,0.9399999976158142,11.649565696716309,0.633696436882019,0.7364678978919983,5.0,1.6541376113891602,180.0
300.0,False,True,0.7599999904632568,8.605875015258789,0.511365532875061,0.6059320569038391,11.0,1.4273165464401245,180.0
300.0,False,True,0.9199999570846558,10.403026580810547,0.5688880085945129,0.6586241126060486,3.0,1.6110115051269531,180.0
300.0,False,True,0.7599999904632568,9.117897987365723,0.5179359912872314,0.59171462059021,13.0,1.5139427185058594,180.0
300.0,False,True,0.9399999976158142,11.578896522521973,0.6404141187667847,0.665743350982666,5.0,1.629490613937378,180.0
300.0,False,True,0.8399999737739563,9.84911823272705,0.5263370275497437,0.6296113729476929,3.0,1.5157809257507324,180.0
300.0,False,True,0.7999999523162842,10.352731704711914,0.5396023392677307,0.6421781778335571,12.0,1.7039062976837158,180.0
300.0,False,True,0.9599999785423279,10.866219520568848,0.652501106262207,0.6496824622154236,6.0,1.6136749982833862,180.0
300.0,False,True,0.8399999737739563,9.091936111450195,0.5107455253601074,0.6350832581520081,4.0,1.4538168907165527,180.0
300.0,False,True,0.8999999761581421,9.756892204284668,0.4892161786556244,0.7514474391937256,4.0,1.4701594114303589,180.0
300.0,False,True,0.7999999523162842,8.660319328308105,0.5303253531455994,0.6045015454292297,10.0,1.4928975105285645,180.0
300.0,False,True,0.9399999976158142,10.742372512817383,0.6438198089599609,0.6193431615829468,9.0,1.6427114009857178,180.0
300.0,False,True,0.8999999761581421,10.6271390914917,0.6277965307235718,0.608184278011322,8.0,1.5413440465927124,180.0
300.0,False,True,0.9199999570846558,10.051735877990723,0.5646306276321411,0.6520289778709412,5.0,1.568996787071228,180.0
300.0,False,True,0.9399999976158142,10.87522029876709,0.6228810548782349,0.6404306292533875,7.0,1.585825800895691,180.0
300.0,False,True,0.9199999570846558,9.56277084350586,0.534316897392273,0.6640414595603943,2.0,1.5308501720428467,180.0
300.0,False,True,0.7999999523162842,8.430351257324219,0.514286458492279,0.634033739566803,6.0,1.4464738368988037,180.0
300.0,False,True,0.9199999570846558,10.875273704528809,0.5934061408042908,0.658017098903656,5.0,1.6069750785827637,180.0
300.0,False,True,0.7199999690055847,8.915595054626465,0.3952432870864868,0.6658278107643127,3.0,1.415640115737915,180.0
300.0,False,True,0.9399999976158142,11.805353164672852,0.6341361999511719,0.6807379722595215,3.0,1.6638189554214478,180.0
300.0,False,True,2.0199999809265137,18.380102157592773,1.0738327503204346,0.7225015163421631,3.0,1.9496809244155884,270.0
300.0,False,True,0.8999999761581421,11.676275253295898,0.5341528058052063,0.5831844210624695,3.0,1.5675249099731445,270.0
300.0,False,True,0.7799999713897705,16.748619079589844,0.254102498292923,0.5875537991523743,12.0,1.2840476036071777,270.0
300.0,False,True,0.7999999523162842,9.150984764099121,0.42687833309173584,0.5906733274459839,10.0,1.5683642625808716,270.0
300.0,False,True,0.9199999570846558,10.655287742614746,0.5704647898674011,0.5839524269104004,6.0,1.734397530555725,270.0
300.0,False,True,0.7999999523162842,9.59128189086914,0.45829465985298157,0.6350706219673157,8.0,1.5672104358673096,270.0
300.0,False,True,0.8399999737739563,11.255014419555664,0.5088052749633789,0.6432550549507141,3.0,1.7396116256713867,270.0
300.0,False,True,0.7799999713897705,10.568367004394531,0.5087907314300537,0.5943169593811035,9.0,1.7218486070632935,270.0
300.0,False,True,0.8799999952316284,12.509053230285645,0.5185062885284424,0.6571443676948547,5.0,1.6825284957885742,270.0
300.0,False,True,0.7999999523162842,10.001581192016602,0.4441438317298889,0.5944488644599915,8.0,1.6560595035552979,270.0
300.0,False,True,0.7799999713897705,17.87895393371582,0.3913935124874115,0.6518675088882446,6.0,1.6936973333358765,270.0
300.0,False,True,0.7799999713897705,17.30740737915039,0.30724719166755676,0.6159271001815796,12.0,1.5174798965454102,270.0
300.0,False,True,0.8999999761581421,13.485175132751465,0.417007714509964,0.6534421443939209,5.0,1.6857398748397827,270.0
300.0,False,True,0.8199999928474426,10.414085388183594,0.4892585873603821,0.6055605411529541,8.0,1.6525095701217651,270.0
300.0,False,True,0.7799999713897705,17.622323989868164,0.4447304606437683,0.6373864412307739,7.0,1.6164166927337646,270.0
300.0,False,True,1.0399999618530273,19.385028839111328,0.5467020273208618,0.6440044641494751,7.0,1.8235723972320557,270.0
300.0,False,True,0.8999999761581421,11.635164260864258,0.5546098947525024,0.5864049792289734,7.0,1.6533576250076294,270.0
300.0,False,True,0.8399999737739563,10.333024978637695,0.3736932575702667,0.6024985313415527,4.0,1.4929640293121338,270.0
300.0,False,True,1.459999918937683,13.704519271850586,0.7768685817718506,0.6440781950950623,3.0,1.8626633882522583,270.0
300.0,False,True,0.8199999928474426,10.3462495803833,0.46898213028907776,0.6295825839042664,4.0,1.6054801940917969,270.0
300.0,False,True,0.7999999523162842,10.666732788085938,0.48617231845855713,0.6718675494194031,7.0,1.6220753192901611,270.0
300.0,False,True,0.85999995470047,9.406485557556152,0.4166494905948639,0.5794425010681152,12.0,1.4358947277069092,270.0
300.0,False,True,0.9799999594688416,12.207344055175781,0.5952039361000061,0.6292016506195068,7.0,1.6854443550109863,270.0
300.0,False,True,1.0,15.811010360717773,0.562955379486084,0.6341535449028015,3.0,1.7012242078781128,270.0
300.0,False,True,0.9399999976158142,14.080519676208496,0.5742958784103394,0.7205944657325745,2.0,1.7624956369400024,270.0
300.0,False,True,1.399999976158142,22.727672576904297,0.5676360130310059,0.6583723425865173,7.0,1.7799931764602661,270.0
300.0,False,True,0.85999995470047,14.277420997619629,0.48727384209632874,0.685431718826294,2.0,1.7351932525634766,270.0
300.0,False,True,1.2999999523162842,18.794002532958984,0.6044331192970276,0.6134066581726074,5.0,1.783206820487976,270.0
300.0,False,True,0.9399999976158142,11.745293617248535,0.5831568241119385,0.6100520491600037,6.0,1.7397277355194092,270.0
300.0,False,True,0.7999999523162842,9.527636528015137,0.4264143407344818,0.6119853258132935,4.0,1.5939922332763672,270.0
300.0,False,True,0.8799999952316284,9.77392578125,0.42707061767578125,0.5687716007232666,11.0,1.4205924272537231,270.0
300.0,False,True,1.2799999713897705,20.72479248046875,0.6679720878601074,0.7079520225524902,5.0,1.7423359155654907,270.0
300.0,False,True,1.3600000143051147,16.009342193603516,0.8300557732582092,0.6681790947914124,5.0,1.7379577159881592,270.0
300.0,False,True,1.3600000143051147,15.126118659973145,0.6224562525749207,0.672161340713501,10.0,1.8330744504928589,270.0
300.0,False,True,0.7400000095367432,16.148406982421875,0.3799360394477844,0.6426138281822205,11.0,1.5385186672210693,270.0
300.0,False,True,0.8799999952316284,14.012909889221191,0.409300833940506,0.7027454972267151,4.0,1.6115549802780151,270.0
300.0,False,True,0.8199999928474426,10.517544746398926,0.4792097806930542,0.6128954291343689,5.0,1.625441312789917,270.0
300.0,False,True,0.8399999737739563,10.593753814697266,0.507836103439331,0.6464479565620422,7.0,1.5712385177612305,270.0
300.0,False,True,0.7199999690055847,12.539118766784668,0.3910991847515106,0.6451647281646729,8.0,1.6371097564697266,270.0
300.0,False,True,0.8999999761581421,13.019357681274414,0.4627811908721924,0.5572931170463562,11.0,1.3848271369934082,270.0
300.0,False,True,0.9799999594688416,14.019834518432617,0.6216229200363159,0.6427780985832214,5.0,1.8221138715744019,270.0
300.0,False,True,0.7999999523162842,10.819290161132812,0.5307629108428955,0.5838711261749268,8.0,1.7661007642745972,270.0
300.0,False,True,0.8199999928474426,10.751914024353027,0.44356516003608704,0.6192774772644043,6.0,1.520236611366272,270.0
300.0,False,True,0.8199999928474426,10.60389232635498,0.44884559512138367,0.6000188589096069,5.0,1.6571338176727295,270.0
300.0,False,True,1.3399999141693115,24.000675201416016,0.6660622358322144,0.7364645600318909,5.0,1.7970304489135742,270.0
300.0,False,True,0.7999999523162842,12.043574333190918,0.301291286945343,0.6058971285820007,11.0,1.3467434644699097,270.0
300.0,False,True,0.8799999952316284,11.644035339355469,0.5188983678817749,0.6586251258850098,3.0,1.5283695459365845,270.0
300.0,False,True,0.85999995470047,15.709112167358398,0.3234442174434662,0.5917162895202637,13.0,1.3921259641647339,270.0
300.0,False,True,1.3799999952316284,19.260183334350586,0.5542097091674805,0.6657434105873108,5.0,1.8301671743392944,270.0
300.0,False,True,0.8199999928474426,10.895057678222656,0.4789123237133026,0.629610538482666,3.0,1.6433261632919312,270.0
300.0,False,True,0.7199999690055847,16.264232635498047,0.3214498460292816,0.6421758532524109,12.0,1.4635696411132812,270.0
300.0,False,True,1.0199999809265137,18.487573623657227,0.5218222737312317,0.6496789455413818,6.0,1.7625808715820312,270.0
300.0,False,True,0.8399999737739563,10.340485572814941,0.4986562728881836,0.6350915431976318,4.0,1.5834510326385498,270.0
300.0,False,True,1.959999918937683,24.273311614990234,0.9456391930580139,0.7514536380767822,4.0,1.6947689056396484,270.0
300.0,False,True,0.8199999928474426,12.561152458190918,0.3650800287723541,0.6044995784759521,10.0,1.493308186531067,270.0
300.0,False,True,0.9799999594688416,11.531210899353027,0.5821111798286438,0.6193466782569885,9.0,1.6668566465377808,270.0
300.0,False,True,0.8399999737739563,11.487736701965332,0.4866349995136261,0.6081826686859131,8.0,1.7125351428985596,270.0
300.0,False,True,0.7999999523162842,10.956589698791504,0.5150444507598877,0.6520264148712158,5.0,1.6524471044540405,270.0
300.0,False,True,1.3799999952316284,16.820606231689453,0.8419140577316284,0.640403687953949,7.0,1.7224453687667847,270.0
300.0,False,True,0.9199999570846558,12.299466133117676,0.5022212266921997,0.6640422940254211,2.0,1.565286636352539,270.0
300.0,False,True,0.7999999523162842,9.487526893615723,0.43714043498039246,0.6340371966362,6.0,1.5872410535812378,270.0
300.0,False,True,0.9599999785423279,15.204168319702148,0.5782734751701355,0.658003032207489,5.0,1.7833200693130493,270.0
300.0,False,True,0.8399999737739563,10.688279151916504,0.4254908561706543,0.6658294200897217,3.0,1.5193887948989868,270.0
300.0,False,True,1.3199999332427979,18.917572021484375,0.7121414542198181,0.6807267665863037,3.0,1.901509165763855,270.0
350.0,True,False,nan,46.87236404418945,0.3899374008178711,0.6421763896942139,12.0,1.630734920501709,0.0
350.0,False,True,0.5799999833106995,9.979710578918457,0.370217889547348,0.7224940657615662,3.0,1.6373969316482544,0.0
350.0,False,True,0.8799999952316284,12.081487655639648,0.6224249601364136,0.5831834077835083,3.0,1.8942155838012695,0.0
350.0,False,True,0.5799999833106995,9.538854598999023,0.38243159651756287,0.5875536203384399,12.0,1.55744469165802,0.0
350.0,False,True,0.9199999570846558,9.131529808044434,0.4789898693561554,0.5906704664230347,10.0,1.5309158563613892,0.0
350.0,False,True,0.8999999761581421,12.739068031311035,0.6725007891654968,0.5839571952819824,6.0,1.8144104480743408,0.0
350.0,False,True,0.5999999642372131,7.0604705810546875,0.40325894951820374,0.6350778341293335,8.0,1.4258116483688354,0.0
350.0,False,True,0.8799999952316284,9.32244873046875,0.452576607465744,0.6432496905326843,3.0,1.7011847496032715,0.0
350.0,False,True,0.8999999761581421,11.408674240112305,0.5839570164680481,0.5943216681480408,9.0,1.6891223192214966,0.0
350.0,False,True,0.5799999833106995,9.134650230407715,0.40722551941871643,0.6571449041366577,5.0,1.6578799486160278,0.0
350.0,False,True,0.8999999761581421,9.26437759399414,0.4976760745048523,0.5944502353668213,8.0,1.613824486732483,0.0
350.0,False,True,0.5799999833106995,8.004545211791992,0.33741703629493713,0.651866614818573,6.0,1.4786906242370605,0.0
350.0,False,True,0.85999995470047,15.111726760864258,0.5481683611869812,0.6159327030181885,12.0,1.8299022912979126,0.0
350.0,False,True,0.5799999833106995,8.89445972442627,0.3541809022426605,0.6551827788352966,5.0,1.4742376804351807,0.0
350.0,False,True,0.8999999761581421,10.591320991516113,0.5665407180786133,0.605557382106781,8.0,1.7576745748519897,0.0
350.0,False,True,0.5799999833106995,8.017704010009766,0.3676585555076599,0.6373840570449829,7.0,1.4879225492477417,0.0
350.0,False,True,0.5799999833106995,9.350571632385254,0.3977511525154114,0.6434751152992249,7.0,1.5901594161987305,0.0
350.0,False,True,0.8999999761581421,12.6558198928833,0.7400941252708435,0.5864119529724121,7.0,1.93006432056427,0.0
350.0,False,True,0.8999999761581421,9.357568740844727,0.5057269930839539,0.602496862411499,4.0,1.661651372909546,0.0
350.0,False,True,0.8799999952316284,9.669631004333496,0.47548678517341614,0.6440677642822266,3.0,1.6387914419174194,0.0
350.0,False,True,0.8999999761581421,9.326305389404297,0.4253996014595032,0.62958824634552,4.0,1.6840929985046387,0.0
350.0,False,True,0.5999999642372131,7.4452385902404785,0.39299219846725464,0.6718711256980896,7.0,1.5150099992752075,0.0
350.0,False,True,0.5799999833106995,9.73356819152832,0.4617924094200134,0.5804382562637329,9.0,1.5620675086975098,0.0
350.0,False,True,0.8799999952316284,8.366564750671387,0.44392311573028564,0.6292024254798889,7.0,1.5856040716171265,0.0
350.0,False,True,0.5799999833106995,8.747363090515137,0.42862948775291443,0.6341526508331299,3.0,1.5311059951782227,0.0
350.0,False,True,0.8799999952316284,11.097640037536621,0.42303410172462463,0.720593273639679,2.0,1.8596357107162476,0.0
350.0,False,True,0.5799999833106995,7.598611354827881,0.3717590570449829,0.658372700214386,7.0,1.5272762775421143,0.0
350.0,False,True,0.8799999952316284,10.688316345214844,0.430728942155838,0.6854195594787598,2.0,1.819673776626587,0.0
350.0,False,True,0.85999995470047,11.011042594909668,0.5359861850738525,0.6116339564323425,5.0,1.7590816020965576,0.0
350.0,False,True,0.8799999952316284,12.428606986999512,0.6086518168449402,0.610031247138977,6.0,1.8895137310028076,0.0
350.0,False,True,0.8999999761581421,8.910502433776855,0.49114325642585754,0.6119892597198486,4.0,1.5642973184585571,0.0
350.0,False,True,0.8999999761581421,9.566079139709473,0.5111896395683289,0.5683808326721191,8.0,1.5541431903839111,0.0
350.0,False,True,0.5799999833106995,7.526003837585449,0.34346717596054077,0.7079470157623291,5.0,1.5874899625778198,0.0
350.0,False,True,0.8799999952316284,9.597184181213379,0.44384822249412537,0.6681784987449646,5.0,1.7217676639556885,0.0
350.0,False,True,0.8799999952316284,10.54956340789795,0.5160053968429565,0.6721622943878174,10.0,1.6662874221801758,0.0
350.0,False,True,0.5799999833106995,11.20201301574707,0.3921404778957367,0.6426083445549011,11.0,1.716603398323059,0.0
350.0,False,True,0.5799999833106995,9.177980422973633,0.3010194003582001,0.7027130722999573,4.0,1.6577153205871582,0.0
350.0,False,True,0.8999999761581421,10.724879264831543,0.5555142760276794,0.6129575967788696,5.0,1.7406220436096191,0.0
350.0,False,True,0.8999999761581421,8.688172340393066,0.4692456126213074,0.6464521288871765,7.0,1.7145355939865112,0.0
350.0,False,True,0.5799999833106995,9.09020709991455,0.34553393721580505,0.6451652646064758,8.0,1.4048079252243042,0.0
350.0,False,True,0.8799999952316284,13.263940811157227,0.6748620271682739,0.5590283870697021,8.0,1.7563085556030273,0.0
350.0,False,True,0.8799999952316284,10.314806938171387,0.49130088090896606,0.6427818536758423,5.0,1.818033218383789,0.0
350.0,False,True,0.8799999952316284,11.467656135559082,0.6188957095146179,0.583871066570282,8.0,1.7630842924118042,0.0
350.0,False,True,0.5799999833106995,7.811228275299072,0.37579718232154846,0.619276225566864,6.0,1.511142611503601,0.0
350.0,False,True,0.8799999952316284,8.820625305175781,0.4857325553894043,0.6000229120254517,5.0,1.646554708480835,0.0
350.0,False,True,0.5799999833106995,9.852591514587402,0.38055554032325745,0.736469030380249,5.0,1.800528645515442,0.0
350.0,False,True,0.5799999833106995,13.691712379455566,0.4037887454032898,0.6059291958808899,11.0,1.5702712535858154,0.0
350.0,False,True,0.8799999952316284,11.758522987365723,0.5175668001174927,0.658623218536377,3.0,1.861034631729126,0.0
350.0,False,True,0.85999995470047,13.785684585571289,0.4616506099700928,0.5917109847068787,13.0,1.6488679647445679,0.0
350.0,False,True,0.5999999642372131,8.824699401855469,0.4062823951244354,0.6657434105873108,5.0,1.6853622198104858,0.0
350.0,False,True,0.5999999642372131,8.241168022155762,0.42988234758377075,0.6296185851097107,3.0,1.595644474029541,0.0
350.0,False,True,0.5999999642372131,8.104695320129395,0.42295679450035095,0.6496788859367371,6.0,1.5710842609405518,0.0
350.0,False,True,0.5799999833106995,8.130718231201172,0.3948321044445038,0.6350945830345154,4.0,1.632743000984192,0.0
350.0,False,True,0.5799999833106995,7.564444065093994,0.3015620708465576,0.751456618309021,4.0,1.6000521183013916,0.0
350.0,False,True,0.5799999833106995,9.761425018310547,0.41348356008529663,0.6045001745223999,10.0,1.6231406927108765,0.0
350.0,False,True,0.8799999952316284,11.142016410827637,0.5035640001296997,0.6213937401771545,8.0,1.7261956930160522,0.0
350.0,False,True,0.5799999833106995,9.516407012939453,0.4644075036048889,0.6081860065460205,8.0,1.5868569612503052,0.0
350.0,False,True,0.8799999952316284,9.479235649108887,0.43552881479263306,0.6520293951034546,5.0,1.7142739295959473,0.0
350.0,False,True,0.8799999952316284,9.578936576843262,0.4448181092739105,0.640422523021698,7.0,1.7433626651763916,0.0
350.0,False,True,0.8799999952316284,10.214613914489746,0.4275815486907959,0.664039134979248,2.0,1.7547121047973633,0.0
350.0,False,True,0.5999999642372131,7.785404682159424,0.3883865177631378,0.6340392231941223,6.0,1.462904453277588,0.0
350.0,False,True,0.5799999833106995,8.267547607421875,0.3861619830131531,0.6579886078834534,5.0,1.5915696620941162,0.0
350.0,False,True,0.5999999642372131,7.989817142486572,0.3946961760520935,0.6658324599266052,3.0,1.6204499006271362,0.0
350.0,False,True,0.85999995470047,11.23154354095459,0.5082128047943115,0.6807430982589722,3.0,1.8712583780288696,0.0
350.0,True,False,nan,50.6015510559082,0.4042603373527527,0.6159324645996094,12.0,1.8490376472473145,90.0
350.0,True,False,nan,47.33792495727539,0.37433165311813354,0.7027508616447449,4.0,2.0462100505828857,90.0
350.0,True,False,nan,48.561038970947266,0.47139859199523926,0.5917099118232727,13.0,1.70626699924469,90.0
350.0,True,False,nan,48.66520690917969,0.4051564335823059,0.5875561833381653,12.0,1.5699737071990967,90.0
350.0,True,False,nan,50.082035064697266,0.4618327021598816,0.6058990359306335,11.0,1.7298552989959717,90.0
350.0,True,False,nan,46.178524017333984,0.3900671899318695,0.6421811580657959,12.0,1.6988959312438965,90.0
350.0,True,False,nan,45.171695709228516,0.8780595064163208,0.7224788069725037,3.0,2.138988733291626,90.0
350.0,True,False,nan,46.05237579345703,0.7969390749931335,0.651837170124054,6.0,1.9058499336242676,90.0
350.0,False,True,0.8799999952316284,17.076393127441406,0.5600515604019165,0.5831830501556396,3.0,1.65652596950531,90.0
350.0,False,True,0.8799999952316284,15.957549095153809,0.6407464742660522,0.5906676650047302,10.0,1.6807026863098145,90.0
350.0,False,True,1.1799999475479126,19.01413917541504,0.8447057008743286,0.5839561223983765,6.0,1.836224913597107,90.0
350.0,False,True,0.5600000023841858,20.60312843322754,0.420873761177063,0.6350725293159485,8.0,1.7395524978637695,90.0
350.0,False,True,0.85999995470047,16.21477508544922,0.6248447299003601,0.6432573795318604,3.0,1.883787751197815,90.0
350.0,False,True,1.1799999475479126,17.906286239624023,0.7880153656005859,0.5943162441253662,9.0,1.8567510843276978,90.0
350.0,False,True,0.5999999642372131,16.277496337890625,0.5146552920341492,0.6571416258811951,5.0,1.9055230617523193,90.0
350.0,False,True,0.8799999952316284,16.064329147338867,0.6269910335540771,0.5944471955299377,8.0,1.698266863822937,90.0
350.0,False,True,1.1200000047683716,16.67314338684082,0.8034412860870361,0.6534298658370972,5.0,1.955642580986023,90.0
350.0,False,True,0.8799999952316284,16.607431411743164,0.532457172870636,0.6055577397346497,8.0,1.6250483989715576,90.0
350.0,False,True,1.059999942779541,16.676284790039062,0.7470255494117737,0.6373845338821411,7.0,1.9036636352539062,90.0
350.0,False,True,1.059999942779541,19.2073974609375,0.7966527342796326,0.6440036296844482,7.0,2.0870730876922607,90.0
350.0,False,True,1.1799999475479126,18.0004825592041,0.6761008501052856,0.5864018201828003,7.0,1.6415414810180664,90.0
350.0,False,True,0.8799999952316284,16.144033432006836,0.5199607610702515,0.602501392364502,4.0,1.6183032989501953,90.0
350.0,False,True,1.0799999237060547,20.306625366210938,0.9425262808799744,0.6440814137458801,3.0,2.1184020042419434,90.0
350.0,False,True,0.6200000047683716,15.592334747314453,0.48686668276786804,0.6295696496963501,4.0,1.6695246696472168,90.0
350.0,False,True,0.5600000023841858,15.950479507446289,0.3779771327972412,0.671867311000824,7.0,1.6902841329574585,90.0
350.0,False,True,1.1399999856948853,16.431888580322266,0.6276410818099976,0.5794424414634705,12.0,1.7554928064346313,90.0
350.0,False,True,0.8799999952316284,14.991806030273438,0.5701233148574829,0.6292042136192322,7.0,1.8491768836975098,90.0
350.0,False,True,1.1200000047683716,18.14211654663086,0.8283035159111023,0.6341536045074463,3.0,1.953652024269104,90.0
350.0,False,True,0.5799999833106995,17.965450286865234,0.483945369720459,0.7205917239189148,2.0,1.9607845544815063,90.0
350.0,False,True,1.100000023841858,24.702295303344727,0.6665503978729248,0.6583711504936218,7.0,1.9601341485977173,90.0
350.0,False,True,0.7799999713897705,18.007951736450195,0.4774220287799835,0.6854277849197388,2.0,1.9165408611297607,90.0
350.0,False,True,1.1399999856948853,18.52360725402832,0.8454951047897339,0.6126143932342529,4.0,2.040125846862793,90.0
350.0,False,True,1.159999966621399,17.633712768554688,0.6978011131286621,0.6100343465805054,6.0,1.8210347890853882,90.0
350.0,False,True,0.8999999761581421,16.076948165893555,0.5915944576263428,0.6119936108589172,4.0,1.6943981647491455,90.0
350.0,False,True,1.1200000047683716,17.288686752319336,0.729301929473877,0.5683656334877014,8.0,1.782365083694458,90.0
350.0,False,True,1.0799999237060547,25.462526321411133,0.653803288936615,0.7079526782035828,5.0,1.8724573850631714,90.0
350.0,False,True,0.6399999856948853,16.319272994995117,0.5308775305747986,0.6681865453720093,5.0,1.840498685836792,90.0
350.0,False,True,1.1200000047683716,18.964012145996094,0.9227012991905212,0.6721733212471008,10.0,2.0677554607391357,90.0
350.0,False,True,1.100000023841858,29.546226501464844,0.6252306699752808,0.642615556716919,11.0,1.7920606136322021,90.0
350.0,False,True,0.8799999952316284,16.631778717041016,0.5543814301490784,0.6129535436630249,5.0,1.700291395187378,90.0
350.0,False,True,0.5799999833106995,13.914892196655273,0.3837094008922577,0.6464492082595825,7.0,1.561010479927063,90.0
350.0,False,True,0.7999999523162842,20.531888961791992,0.5412891507148743,0.6451674699783325,8.0,1.852856993675232,90.0
350.0,False,True,1.1200000047683716,20.464197158813477,0.7478299140930176,0.5590251088142395,8.0,1.8333781957626343,90.0
350.0,False,True,0.8999999761581421,16.99717903137207,0.6795220971107483,0.6427813172340393,5.0,1.9837127923965454,90.0
350.0,False,True,1.159999966621399,18.1234188079834,0.7983619570732117,0.5838709473609924,8.0,1.8831148147583008,90.0
350.0,False,True,0.8399999737739563,15.437891006469727,0.6118713021278381,0.6192724704742432,6.0,1.7612590789794922,90.0
350.0,False,True,0.6399999856948853,14.923559188842773,0.5107980370521545,0.6000238656997681,5.0,1.6504687070846558,90.0
350.0,False,True,0.6200000047683716,16.858516693115234,0.5383977293968201,0.7364678978919983,5.0,1.9528449773788452,90.0
350.0,False,True,0.6399999856948853,16.647258758544922,0.481826514005661,0.6586236357688904,3.0,1.7532392740249634,90.0
350.0,False,True,0.8999999761581421,16.360931396484375,0.6556321382522583,0.6657434701919556,5.0,1.9760656356811523,90.0
350.0,False,True,0.85999995470047,15.355941772460938,0.5669205188751221,0.6296096444129944,3.0,1.7458575963974,90.0
350.0,False,True,1.1399999856948853,29.183366775512695,0.6534404754638672,0.6496794819831848,6.0,2.0022904872894287,90.0
350.0,False,True,0.5999999642372131,14.509629249572754,0.4700997471809387,0.6350880265235901,4.0,1.6775459051132202,90.0
350.0,False,True,0.5600000023841858,20.906951904296875,0.36313697695732117,0.7514489889144897,4.0,1.8487087488174438,90.0
350.0,False,True,0.7799999713897705,16.489112854003906,0.5160138607025146,0.6045023202896118,10.0,1.7280747890472412,90.0
350.0,False,True,1.0799999237060547,19.709365844726562,0.7879735827445984,0.6193436980247498,9.0,2.0598292350769043,90.0
350.0,False,True,1.1399999856948853,16.967304229736328,0.7685573697090149,0.6081820726394653,8.0,1.8779054880142212,90.0
350.0,False,True,0.6200000047683716,15.295821189880371,0.4856613278388977,0.6520284414291382,5.0,1.7505027055740356,90.0
350.0,False,True,0.6399999856948853,14.904729843139648,0.5539818406105042,0.6404184103012085,7.0,1.878867745399475,90.0
350.0,False,True,0.5799999833106995,16.354990005493164,0.42576372623443604,0.6640380024909973,2.0,1.7625563144683838,90.0
350.0,False,True,1.1399999856948853,16.122413635253906,0.6768859624862671,0.6340354084968567,6.0,1.7309232950210571,90.0
350.0,False,True,0.7199999690055847,22.787397384643555,0.5387572646141052,0.6580060720443726,5.0,1.9561834335327148,90.0
350.0,False,True,0.5799999833106995,14.173608779907227,0.3762286603450775,0.6658356189727783,3.0,1.5707104206085205,90.0
350.0,False,True,1.1399999856948853,18.162593841552734,0.6729869842529297,0.680782675743103,3.0,2.04972767829895,90.0
350.0,True,False,nan,9.783556938171387,0.07511895149946213,0.5875563621520996,12.0,1.3699920177459717,90.0
350.0,True,False,nan,22.175844192504883,0.24827149510383606,0.615929901599884,12.0,1.84904146194458,90.0
350.0,True,False,nan,15.08680534362793,0.11773866415023804,0.7027493119239807,4.0,1.6922106742858887,90.0
350.0,True,False,nan,3.9634850025177,0.012372537516057491,0.6058968901634216,11.0,0.8774608969688416,90.0
350.0,True,False,nan,10.847036361694336,0.07503665238618851,0.5917035937309265,13.0,1.339950680732727,90.0
350.0,True,False,nan,10.398808479309082,0.06457991153001785,0.6421766877174377,12.0,1.3463327884674072,90.0
350.0,False,True,1.2999999523162842,13.857616424560547,1.1594284772872925,0.7224695086479187,3.0,1.9778938293457031,180.0
350.0,False,True,1.0,13.005692481994629,0.8892744183540344,0.583183765411377,3.0,1.9508006572723389,180.0
350.0,False,True,0.9399999976158142,10.29250717163086,0.708862841129303,0.5875546932220459,12.0,1.747423529624939,180.0
350.0,False,True,1.2400000095367432,9.962255477905273,0.9440665245056152,0.5906744599342346,10.0,1.7053221464157104,180.0
350.0,False,True,1.3199999332427979,12.770437240600586,1.1690940856933594,0.5839452147483826,6.0,1.9680553674697876,180.0
350.0,False,True,0.9799999594688416,10.491525650024414,0.7722802758216858,0.6350709199905396,8.0,1.7540204524993896,180.0
350.0,False,True,1.0,12.048861503601074,0.835781455039978,0.6432582139968872,3.0,1.9029580354690552,180.0
350.0,False,True,1.2799999713897705,13.06045150756836,1.0898308753967285,0.5943207144737244,9.0,1.8728097677230835,180.0
350.0,False,True,0.9799999594688416,12.310763359069824,0.807380199432373,0.6571429967880249,5.0,1.8832943439483643,180.0
350.0,False,True,1.0399999618530273,11.204931259155273,0.867840051651001,0.5944457650184631,8.0,1.8020482063293457,180.0
350.0,False,True,0.9399999976158142,10.22285270690918,0.7416322827339172,0.6518339514732361,6.0,1.780004620552063,180.0
350.0,False,True,1.0,12.784459114074707,0.8798026442527771,0.6159304976463318,12.0,2.151207208633423,180.0
350.0,False,True,1.0199999809265137,11.373106002807617,0.8878974914550781,0.6534374952316284,5.0,1.7604163885116577,180.0
350.0,False,True,0.9799999594688416,10.877662658691406,0.7742533683776855,0.6055527329444885,8.0,1.8028337955474854,180.0
350.0,False,True,0.9599999785423279,10.922813415527344,0.778311550617218,0.6373858451843262,7.0,1.802498698234558,180.0
350.0,False,True,1.0199999809265137,12.514917373657227,0.9415964484214783,0.6440064311027527,7.0,1.9357810020446777,180.0
350.0,False,True,1.0,12.687687873840332,0.8311816453933716,0.5863834023475647,7.0,1.936922550201416,180.0
350.0,False,True,0.8799999952316284,10.231797218322754,0.6871547698974609,0.6024997234344482,4.0,1.74216890335083,180.0
350.0,False,True,1.2200000286102295,13.860824584960938,1.0753856897354126,0.6440811157226562,3.0,1.9695252180099487,180.0
350.0,False,True,0.9799999594688416,10.58765983581543,0.7914411425590515,0.6295907497406006,4.0,1.8085792064666748,180.0
350.0,False,True,0.9599999785423279,10.434280395507812,0.7163822650909424,0.6718662977218628,7.0,1.7130752801895142,180.0
350.0,False,True,1.0199999809265137,10.620970726013184,0.8464934229850769,0.5796271562576294,9.0,1.6761471033096313,180.0
350.0,False,True,1.0,11.373019218444824,0.8271694779396057,0.6292097568511963,7.0,1.8065624237060547,180.0
350.0,False,True,1.0199999809265137,12.281978607177734,0.9114193320274353,0.634156346321106,3.0,1.855722427368164,180.0
350.0,False,True,1.0,13.401886940002441,0.886768102645874,0.7205895781517029,2.0,1.9476253986358643,180.0
350.0,False,True,0.9799999594688416,12.24321174621582,0.8068785071372986,0.6583746075630188,7.0,1.8828952312469482,180.0
350.0,False,True,0.9799999594688416,12.469289779663086,0.8605355620384216,0.6854293942451477,2.0,1.911750078201294,180.0
350.0,False,True,1.100000023841858,13.02740478515625,0.9986095428466797,0.6134010553359985,5.0,1.9444259405136108,180.0
350.0,False,True,1.1200000047683716,13.217629432678223,1.0655666589736938,0.6100595593452454,6.0,2.0188119411468506,180.0
350.0,False,True,1.0,10.785016059875488,0.7708783149719238,0.6119898557662964,4.0,1.7744063138961792,180.0
350.0,False,True,1.0199999809265137,11.027837753295898,0.8278796672821045,0.5683844685554504,8.0,1.6939619779586792,180.0
350.0,False,True,0.9799999594688416,11.847711563110352,0.7836862802505493,0.7079505920410156,5.0,1.8038339614868164,180.0
350.0,False,True,1.0199999809265137,12.225822448730469,0.8680203557014465,0.6681862473487854,5.0,1.92493736743927,180.0
350.0,False,True,1.2599999904632568,13.860539436340332,1.0731009244918823,0.672163188457489,10.0,1.899937629699707,180.0
350.0,False,True,0.9799999594688416,13.163947105407715,0.7986320853233337,0.6426116824150085,11.0,2.0769309997558594,180.0
350.0,False,True,0.9599999785423279,12.538535118103027,0.835008442401886,0.7027102708816528,4.0,2.0489373207092285,180.0
350.0,False,True,0.9799999594688416,11.515738487243652,0.8032049536705017,0.6129552125930786,5.0,1.8815381526947021,180.0
350.0,False,True,0.9399999976158142,10.350221633911133,0.6550676822662354,0.6464490294456482,7.0,1.6994460821151733,180.0
350.0,False,True,1.0,11.522067070007324,0.8103375434875488,0.6451698541641235,8.0,1.7830203771591187,180.0
350.0,False,True,1.0199999809265137,11.481321334838867,0.8351327776908875,0.559027910232544,8.0,1.775061011314392,180.0
350.0,False,True,1.059999942779541,13.26786994934082,0.9539274573326111,0.6427819728851318,5.0,1.9515794515609741,180.0
350.0,False,True,1.059999942779541,12.684810638427734,0.9610316157341003,0.5838708281517029,8.0,1.9385976791381836,180.0
350.0,False,True,0.9599999785423279,10.36179256439209,0.7399615049362183,0.6192737221717834,6.0,1.7463593482971191,180.0
350.0,False,True,0.9599999785423279,10.987703323364258,0.7644348740577698,0.6000228524208069,5.0,1.7937883138656616,180.0
350.0,False,True,1.0399999618530273,13.333436012268066,0.9220302104949951,0.7364664673805237,5.0,1.9527292251586914,180.0
350.0,False,True,0.9599999785423279,10.412857055664062,0.7282976508140564,0.6058990955352783,11.0,1.7213836908340454,180.0
350.0,False,True,0.9799999594688416,12.125154495239258,0.8415158987045288,0.6586213707923889,3.0,1.9084606170654297,180.0
350.0,False,True,0.9599999785423279,10.967222213745117,0.7990627884864807,0.5917028188705444,13.0,1.8202601671218872,180.0
350.0,False,True,1.0399999618530273,13.240103721618652,0.9154179692268372,0.6657418012619019,5.0,1.9324191808700562,180.0
350.0,False,True,0.9799999594688416,11.364720344543457,0.7851222157478333,0.629608690738678,3.0,1.8112521171569824,180.0
350.0,False,True,0.9799999594688416,12.70960807800293,0.7533339262008667,0.6421753168106079,12.0,2.025938034057617,180.0
350.0,False,True,1.0399999618530273,12.52966022491455,0.9186474680900574,0.6496790051460266,6.0,1.918066382408142,180.0
350.0,False,True,0.9799999594688416,10.485353469848633,0.7793581485748291,0.6350879669189453,4.0,1.7385659217834473,180.0
350.0,False,True,0.9399999976158142,11.089156150817871,0.7366178035736084,0.7514430284500122,4.0,1.7411834001541138,180.0
350.0,False,True,0.9799999594688416,10.295315742492676,0.7955875992774963,0.6045022010803223,10.0,1.7998863458633423,180.0
350.0,False,True,1.2400000095367432,12.711642265319824,1.071460485458374,0.6193485260009766,9.0,1.95344078540802,180.0
350.0,False,True,1.1999999284744263,12.457279205322266,0.9678791761398315,0.6081804037094116,8.0,1.8401368856430054,180.0
350.0,False,True,1.0,11.620830535888672,0.8275219202041626,0.6520237922668457,5.0,1.870429515838623,180.0
350.0,False,True,1.0399999618530273,12.479534149169922,0.8875538110733032,0.6404184699058533,7.0,1.888655185699463,180.0
350.0,False,True,0.9599999785423279,11.04863452911377,0.7915181517601013,0.6640379428863525,2.0,1.8214540481567383,180.0
350.0,False,True,0.9799999594688416,9.889226913452148,0.7650318741798401,0.6340426802635193,6.0,1.7317286729812622,180.0
350.0,False,True,1.0,12.471060752868652,0.8500150442123413,0.6580113172531128,5.0,1.910645842552185,180.0
350.0,False,True,0.9399999976158142,10.332815170288086,0.6504364609718323,0.6658379435539246,3.0,1.6972839832305908,180.0
350.0,False,True,1.0399999618530273,13.68530559539795,0.9279496073722839,0.6807370781898499,3.0,1.9716598987579346,180.0
350.0,True,False,nan,48.47895812988281,0.3100188672542572,0.5875561237335205,12.0,1.5193758010864258,270.0
350.0,True,False,nan,50.281925201416016,0.34859928488731384,0.642174482345581,12.0,1.4960169792175293,270.0
350.0,True,False,nan,46.251407623291016,1.1310102939605713,0.7079524993896484,5.0,1.9856642484664917,270.0
350.0,True,False,nan,50.33259963989258,1.2820388078689575,0.7364678382873535,5.0,2.1265504360198975,270.0
350.0,True,False,nan,45.18193435668945,1.5590956211090088,0.7224984765052795,3.0,2.160996675491333,270.0
350.0,True,False,nan,51.00205612182617,0.629730761051178,0.6159288287162781,12.0,1.6375999450683594,270.0
350.0,True,False,nan,45.79666519165039,2.0057148933410645,0.6681894659996033,5.0,1.9644583463668823,270.0
350.0,True,False,nan,47.94416046142578,3.93418288230896,0.6440813541412354,3.0,2.058892250061035,270.0
350.0,False,True,1.4399999380111694,16.85388946533203,0.9418102502822876,0.5831820368766785,3.0,1.7701748609542847,270.0
350.0,False,True,0.8999999761581421,10.978721618652344,0.6234018206596375,0.5906718373298645,10.0,1.7427152395248413,270.0
350.0,False,True,1.4199999570846558,12.859830856323242,0.9170152544975281,0.5839529633522034,6.0,1.9284614324569702,270.0
350.0,False,True,1.2999999523162842,14.152463912963867,0.8860211968421936,0.6350606083869934,8.0,1.7771940231323242,270.0
350.0,False,True,1.3799999952316284,12.984613418579102,1.0122692584991455,0.6432615518569946,3.0,1.883326530456543,270.0
350.0,False,True,0.9799999594688416,12.641003608703613,0.7871444821357727,0.5944412350654602,9.0,1.91523277759552,270.0
350.0,False,True,1.3799999952316284,14.873283386230469,0.947710394859314,0.6571403741836548,5.0,1.9452956914901733,270.0
350.0,False,True,0.9199999570846558,11.856789588928223,0.656544029712677,0.5944491028785706,8.0,1.833411455154419,270.0
350.0,False,True,1.0,22.358196258544922,0.6759089827537537,0.6518204212188721,6.0,1.7904229164123535,270.0
350.0,False,True,1.9799998998641968,22.401241302490234,1.2102677822113037,0.6546388268470764,5.0,1.915525197982788,270.0
350.0,False,True,1.4399999380111694,13.486186027526855,0.8399488925933838,0.6055500507354736,8.0,1.755314588546753,270.0
350.0,False,True,1.2799999713897705,26.86080551147461,0.8939042091369629,0.6373834013938904,7.0,1.8689751625061035,270.0
350.0,False,True,2.1599998474121094,23.412273406982422,1.1626211404800415,0.6440054178237915,7.0,1.936518669128418,270.0
350.0,False,True,1.459999918937683,16.389301300048828,0.9261355996131897,0.5864079594612122,7.0,1.7744977474212646,270.0
350.0,False,True,1.459999918937683,13.797388076782227,0.7622629404067993,0.6024999618530273,4.0,1.6191667318344116,270.0
350.0,False,True,1.4399999380111694,12.0172119140625,0.7551616430282593,0.6295900940895081,4.0,1.7220567464828491,270.0
350.0,False,True,2.0,15.980388641357422,1.2263696193695068,0.671866774559021,7.0,1.8271194696426392,270.0
350.0,False,True,1.4199999570846558,12.542547225952148,0.6176559925079346,0.5796287059783936,9.0,1.669073462486267,270.0
350.0,False,True,1.5,23.83014488220215,0.9882199764251709,0.6292024850845337,7.0,1.8935099840164185,270.0
350.0,False,False,nan,22.168577194213867,1.1715675592422485,0.6341526508331299,3.0,1.9311482906341553,270.0
350.0,False,True,2.0199999809265137,17.281766891479492,1.022778868675232,0.7205944061279297,2.0,1.9822860956192017,270.0
350.0,False,True,2.0399999618530273,19.539125442504883,1.2162896394729614,0.6583718061447144,7.0,1.9882746934890747,270.0
350.0,False,True,1.3600000143051147,17.192106246948242,0.8702566027641296,0.6854158043861389,2.0,1.7827094793319702,270.0
350.0,False,True,1.7799999713897705,23.434429168701172,1.1963858604431152,0.6126145124435425,4.0,2.070610284805298,270.0
350.0,False,True,1.3799999952316284,14.44776439666748,0.9886026978492737,0.6100246906280518,6.0,1.9190798997879028,270.0
350.0,False,True,0.9199999570846558,11.401041030883789,0.6617200374603271,0.6119881272315979,4.0,1.7376877069473267,270.0
350.0,False,True,1.4399999380111694,12.007070541381836,0.7337567210197449,0.56877601146698,11.0,1.6506025791168213,270.0
350.0,False,True,1.459999918937683,16.883275985717773,1.0528218746185303,0.6721668839454651,10.0,2.0974175930023193,270.0
350.0,False,True,2.0,20.96824836730957,0.917018473148346,0.6426134705543518,11.0,1.7162742614746094,270.0
350.0,False,True,1.4199999570846558,18.236434936523438,0.9001206159591675,0.7027478218078613,4.0,1.7991642951965332,270.0
350.0,False,True,1.4399999380111694,12.61519718170166,0.7701677680015564,0.612952470779419,5.0,1.7597593069076538,270.0
350.0,False,True,1.399999976158142,12.827276229858398,0.8544390201568604,0.6464451551437378,7.0,1.7456557750701904,270.0
350.0,False,True,1.1799999475479126,24.318994522094727,0.8605422377586365,0.6451674103736877,8.0,1.8505852222442627,270.0
350.0,False,True,1.459999918937683,18.514202117919922,0.7563135027885437,0.5590137243270874,8.0,1.6521782875061035,270.0
350.0,False,True,2.059999942779541,22.29399871826172,1.4803099632263184,0.6427764296531677,5.0,2.0374011993408203,270.0
350.0,False,True,2.440000057220459,15.693643569946289,1.3444634675979614,0.5838703513145447,8.0,1.941467046737671,270.0
350.0,False,True,1.4399999380111694,13.2117280960083,0.8419954776763916,0.6192746758460999,6.0,1.7599828243255615,270.0
350.0,False,True,0.9399999976158142,12.120113372802734,0.6899724006652832,0.6000210046768188,5.0,1.7674062252044678,270.0
350.0,False,True,0.7799999713897705,17.21619987487793,0.40494632720947266,0.6058957576751709,11.0,1.5577759742736816,270.0
350.0,False,True,1.399999976158142,16.385549545288086,0.8615630269050598,0.6586188673973083,3.0,1.7746731042861938,270.0
350.0,False,True,1.0199999809265137,25.57961654663086,0.42159396409988403,0.5917052030563354,13.0,1.5457836389541626,270.0
350.0,False,False,nan,25.37668800354004,2.0254974365234375,0.6657425761222839,5.0,2.0546810626983643,270.0
350.0,False,True,1.4199999570846558,12.3075590133667,0.7934178113937378,0.6296128630638123,3.0,1.8199340105056763,270.0
350.0,False,False,nan,24.249515533447266,2.387425422668457,0.649677038192749,6.0,1.9917107820510864,270.0
350.0,False,True,1.399999976158142,11.934706687927246,0.9221751093864441,0.6350919604301453,4.0,1.8120406866073608,270.0
350.0,False,True,2.0799999237060547,26.70214080810547,1.4873069524765015,0.7514500617980957,4.0,1.9231585264205933,270.0
350.0,False,True,1.3399999141693115,16.287399291992188,0.6358750462532043,0.6045013666152954,10.0,1.6242650747299194,270.0
350.0,False,True,2.1399998664855957,17.52391815185547,1.1414718627929688,0.6193420886993408,9.0,2.0117108821868896,270.0
350.0,False,True,1.3399999141693115,18.04291534423828,0.9421115517616272,0.6079978346824646,8.0,1.8736848831176758,270.0
350.0,False,True,1.3799999952316284,12.567117691040039,0.8876758813858032,0.6520252227783203,5.0,1.8679661750793457,270.0
350.0,False,True,1.5999999046325684,22.53064727783203,1.280409812927246,0.640401303768158,7.0,2.035839796066284,270.0
350.0,False,True,1.3600000143051147,16.09244155883789,0.7662237882614136,0.6640382409095764,2.0,1.7833131551742554,270.0
350.0,False,True,1.3199999332427979,15.05513858795166,0.9038081169128418,0.634037435054779,6.0,1.7556692361831665,270.0
350.0,False,True,1.9799998998641968,21.34473419189453,1.6028878688812256,0.6580119132995605,5.0,2.0004665851593018,270.0
350.0,False,True,1.4399999380111694,12.29664421081543,0.7464337348937988,0.6658344864845276,3.0,1.6695646047592163,270.0
350.0,False,False,nan,24.994897842407227,2.649963855743408,0.6807422637939453,3.0,2.064364433288574,270.0
350.0,True,False,nan,0.9095669984817505,0.0,0.5875560641288757,12.0,0.3230782151222229,270.0
400.0,True,False,nan,45.989681243896484,0.7288496494293213,0.5963853001594543,6.0,1.8471146821975708,0.0
400.0,True,False,nan,49.50415802001953,0.6437335014343262,0.5875555276870728,12.0,1.764721155166626,0.0
400.0,True,False,nan,46.18133544921875,0.9095507860183716,0.6421746611595154,12.0,1.8537558317184448,0.0
400.0,False,True,0.85999995470047,11.97127914428711,0.5720187425613403,0.7224647402763367,3.0,1.908259630203247,0.0
400.0,False,True,0.8799999952316284,14.219991683959961,0.8516007661819458,0.5831803679466248,3.0,2.080306053161621,0.0
400.0,False,True,0.9199999570846558,10.63763427734375,0.6565515398979187,0.5906628370285034,10.0,1.7483724355697632,0.0
400.0,False,True,1.1999999284744263,15.01171588897705,0.9700798988342285,0.583952784538269,6.0,2.07944393157959,0.0
400.0,False,True,0.8799999952316284,8.48859691619873,0.5627373456954956,0.6350756287574768,8.0,1.6450440883636475,0.0
400.0,False,True,0.8799999952316284,11.193115234375,0.6258428692817688,0.6432517766952515,3.0,1.9527772665023804,0.0
400.0,False,True,0.8999999761581421,13.471960067749023,0.7948253154754639,0.5944439172744751,9.0,1.9361859560012817,0.0
400.0,False,True,0.8799999952316284,10.919658660888672,0.5665728449821472,0.6571399569511414,5.0,1.9182250499725342,0.0
400.0,False,True,0.8999999761581421,10.859551429748535,0.6767059564590454,0.5944462418556213,8.0,1.8524045944213867,0.0
400.0,False,True,0.5799999833106995,9.377059936523438,0.4946184456348419,0.6518661975860596,6.0,1.706816554069519,0.0
400.0,False,True,0.9199999570846558,29.82840347290039,0.6187771558761597,0.6159306168556213,12.0,2.042538642883301,0.0
400.0,False,True,0.5799999833106995,9.462964057922363,0.5000796914100647,0.6534394025802612,5.0,1.688493251800537,0.0
400.0,False,True,0.8799999952316284,12.347994804382324,0.7824762463569641,0.6055673360824585,8.0,1.9994961023330688,0.0
400.0,False,True,0.5799999833106995,9.503342628479004,0.5207981467247009,0.6377807855606079,7.0,1.7134859561920166,0.0
400.0,False,True,0.85999995470047,11.518150329589844,0.5946718454360962,0.6440077424049377,7.0,1.840053677558899,0.0
400.0,False,True,1.1999999284744263,14.700956344604492,1.039115309715271,0.5864084362983704,7.0,2.167335271835327,0.0
400.0,False,True,0.8799999952316284,10.910026550292969,0.6859784126281738,0.6024960875511169,4.0,1.8669207096099854,0.0
400.0,False,True,0.85999995470047,11.616268157958984,0.6673201322555542,0.6440791487693787,3.0,1.901654839515686,0.0
400.0,False,True,0.8799999952316284,10.920414924621582,0.6142216920852661,0.6295902729034424,4.0,1.9365252256393433,0.0
400.0,False,True,0.8799999952316284,8.76109504699707,0.5475369691848755,0.6718704700469971,7.0,1.7591270208358765,0.0
400.0,False,True,0.8999999761581421,11.427133560180664,0.638680100440979,0.5862514972686768,11.0,1.7873269319534302,0.0
400.0,False,True,0.8799999952316284,10.195454597473145,0.5990651249885559,0.6292038559913635,7.0,1.8239384889602661,0.0
400.0,False,True,0.8799999952316284,10.683232307434082,0.6272687911987305,0.634152889251709,3.0,1.7656629085540771,0.0
400.0,False,True,0.8799999952316284,13.202895164489746,0.6174182891845703,0.7205932140350342,2.0,2.14644193649292,0.0
400.0,False,True,0.8799999952316284,9.224858283996582,0.537973940372467,0.6583765149116516,7.0,1.7799843549728394,0.0
400.0,False,True,0.8799999952316284,12.976692199707031,0.6157225370407104,0.6854149699211121,2.0,2.018871545791626,0.0
400.0,False,True,0.85999995470047,13.392128944396973,0.7555437088012695,0.6126173734664917,4.0,1.970306158065796,0.0
400.0,False,True,0.8799999952316284,14.698801040649414,0.8383655548095703,0.6100523471832275,6.0,2.173440456390381,0.0
400.0,False,True,0.8999999761581421,10.536386489868164,0.6808043718338013,0.611984133720398,4.0,1.7897361516952515,0.0
400.0,False,True,0.8999999761581421,11.02771282196045,0.6866671442985535,0.5683835744857788,8.0,1.7727102041244507,0.0
400.0,False,True,0.8799999952316284,9.044331550598145,0.5148609280586243,0.7079505324363708,5.0,1.8454991579055786,0.0
400.0,False,True,0.85999995470047,11.527040481567383,0.6465665698051453,0.6681797504425049,5.0,1.9797440767288208,0.0
400.0,False,True,0.8799999952316284,12.655961036682129,0.7209980487823486,0.6721720695495605,10.0,1.9250645637512207,0.0
400.0,False,True,1.3399999141693115,14.87795352935791,0.75595623254776,0.6426122784614563,11.0,1.951041340827942,0.0
400.0,False,True,0.8799999952316284,15.86655330657959,0.4446667730808258,0.7027451992034912,4.0,1.8697820901870728,0.0
400.0,False,True,0.8799999952316284,12.597311973571777,0.7504876852035522,0.612895667552948,5.0,1.903633713722229,0.0
400.0,False,True,0.8999999761581421,10.023796081542969,0.6413070559501648,0.6464505195617676,7.0,1.9463088512420654,0.0
400.0,False,True,0.5799999833106995,8.715845108032227,0.5057586431503296,0.6451660394668579,8.0,1.6175458431243896,0.0
400.0,False,True,1.1799999475479126,17.898099899291992,0.9003797173500061,0.5590067505836487,8.0,1.9875291585922241,0.0
400.0,False,True,0.8799999952316284,12.567667961120605,0.6721163392066956,0.6427770853042603,5.0,2.1025216579437256,0.0
400.0,False,True,0.8799999952316284,13.561162948608398,0.8621330857276917,0.5838712453842163,8.0,2.0236380100250244,0.0
400.0,False,True,0.8799999952316284,9.530566215515137,0.5441029667854309,0.6192790865898132,6.0,1.743783712387085,0.0
400.0,False,True,0.8799999952316284,10.430000305175781,0.6629444360733032,0.6000248193740845,5.0,1.876785397529602,0.0
400.0,False,True,0.8799999952316284,11.934590339660645,0.5705776810646057,0.736473560333252,5.0,2.101428747177124,0.0
400.0,False,True,1.6999999284744263,14.59266471862793,0.7989396452903748,0.6059339642524719,11.0,1.6797945499420166,0.0
400.0,False,True,0.8799999952316284,13.79257583618164,0.714914858341217,0.6586359143257141,3.0,2.1413440704345703,0.0
400.0,False,True,0.85999995470047,10.658482551574707,0.5962758660316467,0.6657439470291138,5.0,1.953281044960022,0.0
400.0,False,True,0.8799999952316284,9.877030372619629,0.6046215295791626,0.629605770111084,3.0,1.846678376197815,0.0
400.0,False,True,0.8799999952316284,9.809168815612793,0.6171948313713074,0.6496835947036743,6.0,1.8279602527618408,0.0
400.0,False,True,0.8799999952316284,9.556396484375,0.5641289949417114,0.6350935101509094,4.0,1.8662406206130981,0.0
400.0,False,True,0.5799999833106995,9.131293296813965,0.45840734243392944,0.7514545917510986,4.0,1.868139386177063,0.0
400.0,False,True,0.8799999952316284,11.34819221496582,0.5628628730773926,0.6045005917549133,10.0,1.8561336994171143,0.0
400.0,False,True,0.8799999952316284,13.248779296875,0.7026129364967346,0.6193447709083557,9.0,1.9836722612380981,0.0
400.0,False,True,0.8999999761581421,11.284354209899902,0.6482056379318237,0.6081830859184265,8.0,1.8160234689712524,0.0
400.0,False,True,0.8799999952316284,11.185547828674316,0.6218085289001465,0.6520238518714905,5.0,1.981248378753662,0.0
400.0,False,True,0.8799999952316284,11.33209228515625,0.6137809157371521,0.6404060125350952,7.0,2.02160906791687,0.0
400.0,False,True,0.8799999952316284,11.95312213897705,0.6005042195320129,0.6640431880950928,2.0,2.0164546966552734,0.0
400.0,False,True,0.8799999952316284,9.23835563659668,0.5624682903289795,0.6340348124504089,6.0,1.677940011024475,0.0
400.0,False,True,0.8799999952316284,10.080595016479492,0.5671143531799316,0.6580022573471069,5.0,1.8517272472381592,0.0
400.0,False,True,0.8799999952316284,9.503342628479004,0.5645517706871033,0.6658396124839783,3.0,1.8373308181762695,0.0
400.0,False,True,0.85999995470047,13.660195350646973,0.715989351272583,0.6807337403297424,3.0,2.163804292678833,0.0
400.0,True,False,nan,48.29604721069336,0.4618377983570099,0.6058976650238037,11.0,1.9403727054595947,90.0
400.0,True,False,nan,47.57286834716797,0.41500169038772583,0.6421759128570557,12.0,1.894789457321167,90.0
400.0,True,False,nan,54.30032730102539,0.45504438877105713,0.5875539183616638,12.0,1.7749522924423218,90.0
400.0,True,False,nan,47.598121643066406,0.4267517030239105,0.615930438041687,12.0,2.0750021934509277,90.0
400.0,True,False,nan,50.385498046875,0.45399710536003113,0.6426152586936951,11.0,2.009032964706421,90.0
400.0,True,False,nan,46.12163162231445,0.46651050448417664,0.7027128338813782,4.0,2.229592800140381,90.0
400.0,True,False,nan,52.718284606933594,0.49492594599723816,0.5917094945907593,13.0,1.9227118492126465,90.0
400.0,True,False,nan,46.75059509277344,0.5441402196884155,0.6440050601959229,7.0,2.358910322189331,90.0
400.0,True,False,nan,47.4277229309082,0.48216333985328674,0.6854221224784851,2.0,2.170239210128784,90.0
400.0,True,False,nan,48.47304916381836,0.628348171710968,0.7224941849708557,3.0,2.4983599185943604,90.0
400.0,True,False,nan,45.65085983276367,0.479127436876297,0.6518691778182983,6.0,2.1695470809936523,90.0
400.0,True,False,nan,46.13406753540039,0.5015951991081238,0.7205867767333984,2.0,2.240988254547119,90.0
400.0,True,False,nan,45.317501068115234,0.5733280777931213,0.5590147972106934,8.0,2.1473548412323,90.0
400.0,True,False,nan,48.25458908081055,0.5701203942298889,0.6045029163360596,10.0,1.9436465501785278,90.0
400.0,True,False,nan,45.81345748901367,0.811377763748169,0.5683795809745789,8.0,1.9843827486038208,90.0
400.0,True,False,nan,46.34663009643555,0.9334065914154053,0.619347870349884,9.0,2.3271994590759277,90.0
400.0,True,False,nan,47.90060806274414,1.0641635656356812,0.6440805196762085,3.0,2.4436583518981934,90.0
400.0,True,False,nan,46.95719528198242,1.5069599151611328,0.6451618075370789,8.0,2.0992071628570557,90.0
400.0,True,False,nan,46.762481689453125,1.1702784299850464,0.5862515568733215,11.0,1.991550326347351,90.0
400.0,True,False,nan,46.27558898925781,1.4547351598739624,0.6640388369560242,2.0,1.9826711416244507,90.0
400.0,True,False,nan,46.239288330078125,1.4859468936920166,0.6192829012870789,6.0,2.033989191055298,90.0
400.0,True,False,nan,52.38650131225586,1.8676607608795166,0.6586220264434814,3.0,2.0539560317993164,90.0
400.0,False,True,1.399999976158142,21.29851531982422,1.1290717124938965,0.583184003829956,3.0,1.9601284265518188,90.0
400.0,False,True,1.159999966621399,18.69339942932129,0.903502881526947,0.5906711220741272,10.0,1.9002209901809692,90.0
400.0,False,True,1.1200000047683716,22.725648880004883,1.1717418432235718,0.583949625492096,6.0,2.0820562839508057,90.0
400.0,False,True,1.100000023841858,23.08186912536621,0.7298771739006042,0.6350734233856201,8.0,1.9784671068191528,90.0
400.0,False,True,1.0799999237060547,20.08150863647461,0.8930114507675171,0.6432530879974365,3.0,2.1444692611694336,90.0
400.0,False,True,1.1200000047683716,22.04499053955078,1.1122751235961914,0.5943229794502258,9.0,2.1394076347351074,90.0
400.0,False,True,1.5,20.93208885192871,1.0491210222244263,0.6571443676948547,5.0,2.1562113761901855,90.0
400.0,False,True,1.159999966621399,18.883846282958984,0.9064439535140991,0.5944488048553467,8.0,1.9259034395217896,90.0
400.0,False,True,1.0799999237060547,20.330181121826172,0.9805935025215149,0.655183732509613,5.0,2.2176167964935303,90.0
400.0,False,True,1.1799999475479126,19.49907875061035,0.8028338551521301,0.6055687069892883,8.0,1.8527437448501587,90.0
400.0,False,True,1.7799999713897705,27.579639434814453,1.6559957265853882,0.6373903751373291,7.0,2.210240125656128,90.0
400.0,False,True,1.159999966621399,21.16678810119629,1.0098730325698853,0.5863983631134033,7.0,1.8691951036453247,90.0
400.0,False,True,1.1200000047683716,19.58946418762207,0.842694878578186,0.6024999022483826,4.0,1.9127261638641357,90.0
400.0,False,True,0.85999995470047,18.878612518310547,0.6869996786117554,0.6295868754386902,4.0,1.9365909099578857,90.0
400.0,False,True,0.6800000071525574,16.691558837890625,0.5435774922370911,0.671866238117218,7.0,1.910042405128479,90.0
400.0,False,True,1.1399999856948853,17.733158111572266,0.8086162805557251,0.6292084455490112,7.0,2.103771209716797,90.0
400.0,False,True,1.7999999523162842,22.29290008544922,1.5028706789016724,0.6341513991355896,3.0,2.262505292892456,90.0
400.0,False,True,1.100000023841858,18.109472274780273,0.86491459608078,0.6583731770515442,7.0,2.205380439758301,90.0
400.0,False,True,2.0799999237060547,25.32150650024414,2.140348196029663,0.6116339564323425,5.0,2.3749256134033203,90.0
400.0,False,True,1.1399999856948853,20.943134307861328,0.9984416365623474,0.6100313663482666,6.0,2.0596232414245605,90.0
400.0,False,True,1.159999966621399,18.992544174194336,0.859800398349762,0.6119836568832397,4.0,1.9400519132614136,90.0
400.0,False,True,0.85999995470047,16.743072509765625,0.6949405670166016,0.7079575061798096,5.0,2.12733793258667,90.0
400.0,False,True,0.8799999952316284,19.186655044555664,0.7452988624572754,0.6681823134422302,5.0,2.1370861530303955,90.0
400.0,False,True,1.399999976158142,23.1331844329834,1.286969542503357,0.6721693277359009,10.0,2.3721845149993896,90.0
400.0,False,True,1.159999966621399,19.750144958496094,0.8680407404899597,0.6129644513130188,5.0,1.9579895734786987,90.0
400.0,False,True,0.85999995470047,16.483613967895508,0.5687150955200195,0.6464437246322632,7.0,1.7775893211364746,90.0
400.0,False,True,1.100000023841858,21.067237854003906,0.9594574570655823,0.6427799463272095,5.0,2.260096788406372,90.0
400.0,False,True,1.6799999475479126,23.010177612304688,1.5438220500946045,0.5838733911514282,8.0,2.202418565750122,90.0
400.0,False,True,1.159999966621399,17.742694854736328,0.820753812789917,0.6000220775604248,5.0,1.8919453620910645,90.0
400.0,False,True,1.1200000047683716,19.29490089416504,0.7806386351585388,0.7364668846130371,5.0,2.2727863788604736,90.0
400.0,False,True,1.0799999237060547,19.85881233215332,0.90665203332901,0.6657426357269287,5.0,2.267698049545288,90.0
400.0,False,True,0.8799999952316284,17.550085067749023,0.7430087327957153,0.6296170949935913,3.0,2.020615816116333,90.0
400.0,False,True,1.3600000143051147,20.655847549438477,1.1468857526779175,0.649681031703949,6.0,2.2428314685821533,90.0
400.0,False,True,0.8399999737739563,16.87723159790039,0.6474877595901489,0.6350865960121155,4.0,1.9555432796478271,90.0
400.0,False,True,1.059999942779541,17.579530715942383,0.6964675188064575,0.7514470815658569,4.0,2.0442287921905518,90.0
400.0,False,True,1.0799999237060547,21.267484664916992,1.1536914110183716,0.6081811189651489,8.0,2.17191743850708,90.0
400.0,False,True,0.8799999952316284,17.746976852416992,0.7043307423591614,0.6520203948020935,5.0,2.0164289474487305,90.0
400.0,False,True,1.1399999856948853,18.101898193359375,0.8107651472091675,0.6404016613960266,7.0,2.1453840732574463,90.0
400.0,False,True,1.1399999856948853,17.946462631225586,0.7810109853744507,0.6340307593345642,6.0,2.0218334197998047,90.0
400.0,False,True,1.100000023841858,18.737228393554688,0.9256659150123596,0.6580211520195007,5.0,2.199613094329834,90.0
400.0,False,True,0.8199999928474426,16.624521255493164,0.556271493434906,0.6658313274383545,3.0,1.8178421258926392,90.0
400.0,False,True,1.100000023841858,23.280441284179688,1.0157268047332764,0.6808730959892273,3.0,2.363596200942993,90.0
400.0,True,False,nan,20.049787521362305,0.174997016787529,0.7224736213684082,3.0,1.9863845109939575,90.0
400.0,True,False,nan,30.430551528930664,0.38035908341407776,0.5875557065010071,12.0,1.774949312210083,90.0
400.0,True,False,nan,16.387996673583984,0.16647452116012573,0.6518650054931641,6.0,1.8759077787399292,90.0
400.0,True,False,nan,28.41747283935547,0.3305164873600006,0.6159297823905945,12.0,2.0750017166137695,90.0
400.0,True,False,nan,23.567363739013672,0.26908376812934875,0.6439024209976196,7.0,2.3589022159576416,90.0
400.0,True,False,nan,18.55602264404297,0.15262462198734283,0.7205888628959656,2.0,1.95442795753479,90.0
400.0,True,False,nan,23.252239227294922,0.25703859329223633,0.6854239106178284,2.0,2.1702470779418945,90.0
400.0,True,False,nan,8.690567970275879,0.06621792167425156,0.5687722563743591,11.0,1.5751093626022339,90.0
400.0,True,False,nan,23.260540008544922,0.2702707052230835,0.642608106136322,11.0,2.0090293884277344,90.0
400.0,True,False,nan,30.928613662719727,0.3785013258457184,0.7027451992034912,4.0,2.229588747024536,90.0
400.0,True,False,nan,23.86182975769043,0.2326514571905136,0.5590294003486633,8.0,2.007434606552124,90.0
400.0,True,False,nan,39.612159729003906,0.45961397886276245,0.6058949828147888,11.0,1.9403750896453857,90.0
400.0,True,False,nan,32.3541145324707,0.41275057196617126,0.5917111039161682,13.0,1.9227180480957031,90.0
400.0,True,False,nan,35.275108337402344,0.3892170190811157,0.6421698927879333,12.0,1.894787311553955,90.0
400.0,True,False,nan,14.33119010925293,0.11987005174160004,0.6045032143592834,10.0,1.582694411277771,90.0
400.0,True,False,nan,8.518181800842285,0.046670958399772644,0.6193459630012512,9.0,1.4934279918670654,90.0
400.0,True,False,nan,47.33302688598633,0.9370234608650208,0.6421738266944885,12.0,2.4103686809539795,180.0
400.0,True,False,nan,45.582828521728516,1.6389614343643188,0.6059001088142395,11.0,2.139906644821167,180.0
400.0,False,True,2.359999895095825,15.87946605682373,2.4155266284942627,0.7224975824356079,3.0,2.317412853240967,180.0
400.0,False,True,1.1200000047683716,14.901874542236328,1.2061434984207153,0.5831825137138367,3.0,2.2602715492248535,180.0
400.0,False,True,1.0199999809265137,11.789502143859863,0.8815752267837524,0.5875545740127563,12.0,2.0201303958892822,180.0
400.0,False,True,1.7799999713897705,11.676493644714355,1.516237735748291,0.5906696915626526,10.0,1.9702246189117432,180.0
400.0,False,True,1.8399999141693115,14.933303833007812,1.9729279279708862,0.5839536190032959,6.0,2.282630681991577,180.0
400.0,False,True,1.2799999713897705,12.021835327148438,1.1679767370224,0.63507080078125,8.0,2.0352261066436768,180.0
400.0,False,True,1.1999999284744263,13.77128791809082,1.2005571126937866,0.643251895904541,3.0,2.2017812728881836,180.0
400.0,False,False,nan,15.161711692810059,2.8701698780059814,0.5943206548690796,9.0,2.1671805381774902,180.0
400.0,False,True,1.1399999856948853,14.027909278869629,1.1549726724624634,0.657141923904419,5.0,2.200263261795044,180.0
400.0,False,True,1.3199999332427979,12.999484062194824,1.343990683555603,0.5944496393203735,8.0,2.091048240661621,180.0
400.0,False,True,1.0399999618530273,11.89840316772461,0.9970493316650391,0.6518791317939758,6.0,2.1647708415985107,180.0
400.0,False,False,nan,20.21072006225586,2.0943479537963867,0.6159296631813049,12.0,2.611182451248169,180.0
400.0,False,True,1.7999999523162842,13.108784675598145,1.6349297761917114,0.6534359455108643,5.0,2.044804334640503,180.0
400.0,False,True,1.2999999523162842,12.696314811706543,1.1890946626663208,0.6055569052696228,8.0,2.1013996601104736,180.0
400.0,False,True,1.2599999904632568,12.714544296264648,1.159970998764038,0.637785017490387,7.0,2.1125011444091797,180.0
400.0,False,True,1.3199999332427979,14.51046085357666,1.2019623517990112,0.6440064907073975,7.0,2.4454092979431152,180.0
400.0,False,True,1.1200000047683716,14.753738403320312,1.1937222480773926,0.5864174962043762,7.0,2.2544877529144287,180.0
400.0,False,True,1.0799999237060547,11.930279731750488,1.035324215888977,0.6024989485740662,4.0,2.0286262035369873,180.0
400.0,False,True,1.8799999952316284,15.91648006439209,1.975347876548767,0.6440789103507996,3.0,2.300213575363159,180.0
400.0,False,True,1.100000023841858,12.188433647155762,1.0840297937393188,0.6295839548110962,4.0,2.0971996784210205,180.0
400.0,False,True,1.0399999618530273,11.80410099029541,0.9581746459007263,0.6718513369560242,7.0,1.992033839225769,180.0
400.0,False,True,1.2999999523162842,12.087132453918457,1.249468207359314,0.5862494111061096,11.0,1.9300388097763062,180.0
400.0,False,True,1.2999999523162842,13.037324905395508,1.2078768014907837,0.629209041595459,7.0,2.101881265640259,180.0
400.0,False,True,1.7999999523162842,14.120918273925781,1.738620400428772,0.6341531276702881,3.0,2.1510391235351562,180.0
400.0,False,True,1.1399999856948853,15.24605655670166,1.2435799837112427,0.720589816570282,2.0,2.255086898803711,180.0
400.0,False,True,1.2599999904632568,13.841508865356445,1.184202790260315,0.658369779586792,7.0,2.1810994148254395,180.0
400.0,False,True,1.0799999237060547,14.347200393676758,1.1452564001083374,0.6854203939437866,2.0,2.2214195728302,180.0
400.0,False,True,1.459999918937683,15.20719051361084,1.595390796661377,0.6116394400596619,5.0,2.286817789077759,180.0
400.0,False,True,1.4399999380111694,15.261933326721191,1.5450139045715332,0.6100274920463562,6.0,2.3317718505859375,180.0
400.0,False,True,1.2799999713897705,12.544322967529297,1.2310036420822144,0.6119915843009949,4.0,2.052415370941162,180.0
400.0,False,True,1.2799999713897705,12.640020370483398,1.2372487783432007,0.5687748789787292,11.0,1.939571499824524,180.0
400.0,False,True,1.059999942779541,13.322073936462402,1.0473754405975342,0.70802903175354,5.0,2.086489200592041,180.0
400.0,False,True,1.3199999332427979,13.982385635375977,1.2803701162338257,0.6681651473045349,5.0,2.229623556137085,180.0
400.0,False,True,1.8399999141693115,15.860243797302246,1.9002074003219604,0.6721708178520203,10.0,2.2083542346954346,180.0
400.0,False,False,nan,23.600065231323242,2.065664052963257,0.6426168084144592,11.0,2.533151149749756,180.0
400.0,False,True,1.5399999618530273,23.688756942749023,1.5802685022354126,0.702746570110321,4.0,2.567558526992798,180.0
400.0,False,True,1.3199999332427979,13.396389961242676,1.2604039907455444,0.6129493117332458,5.0,2.1853654384613037,180.0
400.0,False,True,1.0,11.492776870727539,0.8973576426506042,0.6464536786079407,7.0,1.9796509742736816,180.0
400.0,False,True,1.3199999332427979,13.11358642578125,1.2849069833755493,0.6451613903045654,8.0,2.066676616668701,180.0
400.0,False,True,1.2999999523162842,13.561527252197266,1.3096303939819336,0.5590266585350037,8.0,2.099780797958374,180.0
400.0,False,True,1.399999976158142,15.149368286132812,1.408158779144287,0.6427789926528931,5.0,2.258671998977661,180.0
400.0,False,True,1.3799999952316284,14.752973556518555,1.50357985496521,0.5838724374771118,8.0,2.247305393218994,180.0
400.0,False,True,1.0799999237060547,12.120519638061523,1.0376317501068115,0.6192764043807983,6.0,2.044116735458374,180.0
400.0,False,True,1.100000023841858,12.628793716430664,1.085677981376648,0.6000208854675293,5.0,2.085235118865967,180.0
400.0,False,True,1.3199999332427979,15.078865051269531,1.3207123279571533,0.7364687919616699,5.0,2.252103567123413,180.0
400.0,False,True,1.0799999237060547,13.93821907043457,1.1485825777053833,0.6586284637451172,3.0,2.2247707843780518,180.0
400.0,False,True,1.0199999809265137,14.210145950317383,0.9206043481826782,0.59171062707901,13.0,2.256920576095581,180.0
400.0,False,True,1.3399999141693115,15.00662612915039,1.3143783807754517,0.6657403707504272,5.0,2.235531806945801,180.0
400.0,False,True,1.0799999237060547,13.01675033569336,1.0632866621017456,0.6296112537384033,3.0,2.1021270751953125,180.0
400.0,False,True,1.3799999952316284,14.287582397460938,1.4045953750610352,0.6496794819831848,6.0,2.2184507846832275,180.0
400.0,False,True,1.059999942779541,11.933897018432617,1.0284909009933472,0.6350839138031006,4.0,2.018874406814575,180.0
400.0,False,True,1.0399999618530273,12.47109317779541,0.9942033886909485,0.7514449954032898,4.0,2.007749080657959,180.0
400.0,False,True,1.059999942779541,11.998152732849121,1.0508308410644531,0.6045019030570984,10.0,2.1037535667419434,180.0
400.0,False,True,1.5399999618530273,14.88805866241455,1.657300591468811,0.62139892578125,8.0,2.296100378036499,180.0
400.0,False,True,1.8799999952316284,14.389119148254395,1.9179197549819946,0.6081831455230713,8.0,2.1325056552886963,180.0
400.0,False,True,1.1200000047683716,13.309440612792969,1.1499701738357544,0.652026355266571,5.0,2.1678709983825684,180.0
400.0,False,True,1.159999966621399,14.15996265411377,1.1979222297668457,0.6404237151145935,7.0,2.188689947128296,180.0
400.0,False,True,1.059999942779541,12.830521583557129,1.0684059858322144,0.6640439629554749,2.0,2.125720739364624,180.0
400.0,False,True,1.2799999713897705,11.468428611755371,1.1848293542861938,0.6340343952178955,6.0,2.0111892223358154,180.0
400.0,False,True,1.2599999904632568,14.123578071594238,1.219450831413269,0.6580244302749634,5.0,2.212028741836548,180.0
400.0,False,True,0.9799999594688416,11.768572807312012,0.8911921977996826,0.6658383011817932,3.0,1.976381778717041,180.0
400.0,False,True,1.399999976158142,15.641616821289062,1.4263277053833008,0.6807326674461365,3.0,2.281052350997925,180.0
400.0,True,False,nan,11.857172012329102,0.13332274556159973,0.6421757340431213,12.0,1.9519968032836914,180.0
400.0,True,False,nan,45.8900032043457,0.3318248689174652,0.6159322261810303,12.0,1.714536428451538,270.0
400.0,True,False,nan,45.506263732910156,0.30966198444366455,0.5875569581985474,12.0,1.5361436605453491,270.0
400.0,True,False,nan,45.035587310791016,0.39694830775260925,0.6421746611595154,12.0,1.692531704902649,270.0
400.0,True,False,nan,47.382972717285156,0.36448729038238525,0.5917123556137085,13.0,1.6908823251724243,270.0
400.0,True,False,nan,49.02305603027344,0.4914484918117523,0.6426132917404175,11.0,1.8198906183242798,270.0
400.0,True,False,nan,48.85822296142578,0.4117819666862488,0.6058962345123291,11.0,1.5931599140167236,270.0
400.0,True,False,nan,48.06378173828125,0.9844421744346619,0.7205966114997864,2.0,2.112576484680176,270.0
400.0,True,False,nan,48.72883605957031,0.9193223118782043,0.685426652431488,2.0,2.0655834674835205,270.0
400.0,True,False,nan,48.18635177612305,1.320074439048767,0.6721690893173218,10.0,2.3867969512939453,270.0
400.0,True,False,nan,48.9114990234375,1.6765532493591309,0.7224966287612915,3.0,2.418410062789917,270.0
400.0,True,False,nan,45.23168182373047,1.5704580545425415,0.7364696264266968,5.0,2.376138925552368,270.0
400.0,True,False,nan,47.06855392456055,1.2097516059875488,0.6534401774406433,5.0,2.101489543914795,270.0
400.0,True,False,nan,46.43083953857422,1.4082289934158325,0.7079533338546753,5.0,2.2252132892608643,270.0
400.0,True,False,nan,46.058555603027344,1.523781180381775,0.6583696007728577,7.0,2.3150923252105713,270.0
400.0,True,False,nan,47.23667526245117,1.236570954322815,0.6440039873123169,7.0,2.1469550132751465,270.0
400.0,True,False,nan,48.504154205322266,1.433329463005066,0.6116338968276978,5.0,2.3144583702087402,270.0
400.0,True,False,nan,45.53050231933594,1.4346011877059937,0.6427767276763916,5.0,2.368006944656372,270.0
400.0,True,False,nan,52.6889533996582,1.1953227519989014,0.7027097940444946,4.0,1.9652866125106812,270.0
400.0,True,False,nan,47.49508285522461,1.529488205909729,0.6403980255126953,7.0,2.269181728363037,270.0
400.0,True,False,nan,50.7945556640625,1.4308269023895264,0.6292039752006531,7.0,2.1457343101501465,270.0
400.0,True,False,nan,45.586692810058594,1.808174967765808,0.6496829390525818,6.0,2.270218849182129,270.0
400.0,True,False,nan,53.40913391113281,1.4478944540023804,0.7514646053314209,4.0,2.141033411026001,270.0
400.0,True,False,nan,49.44298553466797,2.023951292037964,0.6440693140029907,3.0,2.314755916595459,270.0
400.0,True,False,nan,57.04777908325195,1.2788078784942627,0.6341541409492493,3.0,2.179734230041504,270.0
400.0,True,False,nan,46.09250259399414,1.8414430618286133,0.6681931018829346,5.0,2.2192513942718506,270.0
400.0,True,False,nan,45.91580581665039,1.3821817636489868,0.6640468835830688,2.0,1.878441572189331,270.0
400.0,True,False,nan,45.27724838256836,2.074026584625244,0.6657462120056152,5.0,2.389885663986206,270.0
400.0,True,False,nan,48.72015380859375,1.9308185577392578,0.6808768510818481,3.0,2.338916063308716,270.0
400.0,True,False,nan,45.51858901977539,2.10595703125,0.6580042243003845,5.0,2.3297252655029297,270.0
400.0,True,False,nan,45.279823303222656,1.7156342267990112,0.6350734829902649,8.0,2.058171510696411,270.0
400.0,True,False,nan,47.494876861572266,1.6837722063064575,0.5838719606399536,8.0,2.2164206504821777,270.0
400.0,False,True,2.1399998664855957,22.36659812927246,1.646962285041809,0.5831804871559143,3.0,2.017465353012085,270.0
400.0,False,True,1.3799999952316284,13.483622550964355,0.9589427709579468,0.59067302942276,10.0,1.9289835691452026,270.0
400.0,False,False,nan,17.329744338989258,2.074735403060913,0.5839512348175049,6.0,2.1414732933044434,270.0
400.0,False,True,1.559999942779541,16.14214324951172,1.3124943971633911,0.643252968788147,3.0,2.1413846015930176,270.0
400.0,False,False,nan,14.797552108764648,1.3337725400924683,0.5943169593811035,9.0,2.1585614681243896,270.0
400.0,False,True,1.3600000143051147,18.297012329101562,1.0644663572311401,0.6571407914161682,5.0,2.0666446685791016,270.0
400.0,False,True,1.3799999952316284,14.779141426086426,1.079177737236023,0.5944465398788452,8.0,2.0267038345336914,270.0
400.0,False,True,1.5199999809265137,18.86948013305664,1.2159438133239746,0.651833713054657,6.0,1.909360647201538,270.0
400.0,False,True,2.059999942779541,17.932025909423828,1.3554801940917969,0.6055618524551392,8.0,1.978280782699585,270.0
400.0,False,True,1.5799999237060547,29.31041145324707,1.2177213430404663,0.6373881697654724,7.0,2.022028684616089,270.0
400.0,False,True,2.0399999618530273,21.706979751586914,1.4529629945755005,0.5864108800888062,7.0,1.942757248878479,270.0
400.0,False,True,2.0399999618530273,18.743871688842773,1.2338268756866455,0.602501630783081,4.0,1.8433001041412354,270.0
400.0,False,True,1.3600000143051147,15.249459266662598,1.0393003225326538,0.6295827627182007,4.0,1.9805315732955933,270.0
400.0,False,True,1.8199999332427979,16.75238800048828,1.3891735076904297,0.671862006187439,7.0,2.049863815307617,270.0
400.0,False,True,1.9199999570846558,16.552043914794922,1.1254799365997314,0.5804403424263,9.0,1.8064243793487549,270.0
400.0,False,True,1.8399999141693115,19.170543670654297,1.5881946086883545,0.6100345849990845,6.0,2.192706346511841,270.0
400.0,False,True,1.3799999952316284,14.759583473205566,1.073161244392395,0.6119917035102844,4.0,1.9017858505249023,270.0
400.0,False,True,1.959999918937683,17.62274169921875,1.1690131425857544,0.5687727928161621,11.0,1.8584771156311035,270.0
400.0,False,True,2.0399999618530273,17.787063598632812,1.3198648691177368,0.6129491925239563,5.0,1.978615164756775,270.0
400.0,False,False,nan,17.313777923583984,1.5569578409194946,0.646437406539917,7.0,1.9377751350402832,270.0
400.0,False,True,2.440000057220459,33.12136459350586,1.9401679039001465,0.645168125629425,8.0,2.0840206146240234,270.0
400.0,False,False,nan,37.33202362060547,1.3700112104415894,0.5590245723724365,8.0,1.8469644784927368,270.0
400.0,False,True,1.2799999713897705,16.06948471069336,0.9858503341674805,0.6192790865898132,6.0,1.8901147842407227,270.0
400.0,False,True,1.3799999952316284,15.088576316833496,1.0851391553878784,0.6000202894210815,5.0,2.011385679244995,270.0
400.0,False,True,2.0999999046325684,25.052156448364258,1.7060648202896118,0.6586270332336426,3.0,1.9971126317977905,270.0
400.0,False,True,1.7999999523162842,15.483227729797363,1.273184895515442,0.6296040415763855,3.0,2.1070189476013184,270.0
400.0,False,True,2.0799999237060547,15.9163179397583,1.4774856567382812,0.6349412798881531,4.0,1.9876837730407715,270.0
400.0,False,False,nan,28.039411544799805,1.4472298622131348,0.6045014262199402,10.0,1.808447241783142,270.0
400.0,False,True,1.7999999523162842,19.39142608642578,1.5576238632202148,0.6193447709083557,9.0,2.059802532196045,270.0
400.0,False,True,1.7999999523162842,24.624164581298828,1.4006742238998413,0.6081858277320862,8.0,2.1782217025756836,270.0
400.0,False,True,1.7999999523162842,15.36729907989502,1.4098620414733887,0.6520238518714905,5.0,2.1079907417297363,270.0
400.0,False,True,1.3600000143051147,25.062040328979492,1.0867335796356201,0.6340407729148865,6.0,2.0231244564056396,270.0
400.0,False,True,2.4600000381469727,17.61454963684082,1.4987070560455322,0.6658303141593933,3.0,1.8828530311584473,270.0
400.0,True,False,nan,25.60215950012207,0.20285557210445404,0.5875537991523743,12.0,1.5361442565917969,270.0
400.0,True,False,nan,27.918603897094727,0.1969076246023178,0.6159330606460571,12.0,1.714534044265747,270.0
400.0,True,False,nan,6.452239513397217,0.05029178410768509,0.6426097750663757,11.0,1.5277193784713745,270.0
400.0,True,False,nan,23.698974609375,0.1853250116109848,0.5917121767997742,13.0,1.6908823251724243,270.0
400.0,True,False,nan,25.637235641479492,0.2061719447374344,0.642179012298584,12.0,1.692535638809204,270.0
450.0,True,False,nan,45.24363708496094,0.3352665603160858,0.6159312725067139,12.0,2.2522332668304443,0.0
450.0,True,False,nan,48.826045989990234,0.7449139356613159,0.6058958768844604,11.0,1.9193390607833862,0.0
450.0,True,False,nan,46.786563873291016,0.769249439239502,0.5917110443115234,13.0,2.097268581390381,0.0
450.0,True,False,nan,45.20707702636719,0.658499538898468,0.7027461528778076,4.0,2.0745608806610107,0.0
450.0,True,False,nan,45.17401885986328,0.8451638221740723,0.5875551104545593,12.0,1.961607575416565,0.0
450.0,True,False,nan,45.633087158203125,0.9230141043663025,0.6421781182289124,12.0,2.1123664379119873,0.0
450.0,False,True,0.85999995470047,14.232818603515625,0.8101488351821899,0.7224690318107605,3.0,2.175224781036377,0.0
450.0,False,True,1.459999918937683,21.598934173583984,1.4686356782913208,0.5831857323646545,3.0,2.4360268115997314,0.0
450.0,False,True,0.8999999761581421,12.333646774291992,0.8619722723960876,0.5906644463539124,10.0,1.9682484865188599,0.0
450.0,False,True,1.5,17.969268798828125,1.4832258224487305,0.5839556455612183,6.0,2.326322317123413,0.0
450.0,False,True,0.8799999952316284,10.178133010864258,0.7095547318458557,0.6350762844085693,8.0,1.8554025888442993,0.0
450.0,False,True,0.8799999952316284,15.503299713134766,0.8283507227897644,0.6432567834854126,3.0,2.2617721557617188,0.0
450.0,False,True,1.1999999284744263,15.767797470092773,1.1244091987609863,0.5943215489387512,9.0,2.170468330383301,0.0
450.0,False,True,0.8799999952316284,13.734901428222656,0.7706994414329529,0.6571410298347473,5.0,2.107126235961914,0.0
450.0,False,True,0.8799999952316284,12.796830177307129,0.9050673246383667,0.5944460034370422,8.0,2.0937156677246094,0.0
450.0,False,True,0.85999995470047,10.971062660217285,0.6411110162734985,0.6518335938453674,6.0,1.861172080039978,0.0
450.0,False,True,0.8799999952316284,11.40306282043457,0.7043901681900024,0.6534423828125,5.0,1.9093683958053589,0.0
450.0,False,True,1.1799999475479126,16.252376556396484,1.091649055480957,0.6055666208267212,8.0,2.23614239692688,0.0
450.0,False,True,0.85999995470047,11.149629592895508,0.7014740109443665,0.6373880505561829,7.0,1.86793053150177,0.0
450.0,False,True,0.85999995470047,13.536293983459473,0.7476712465286255,0.6440033912658691,7.0,2.0171077251434326,0.0
450.0,False,True,2.0799999237060547,20.538658142089844,1.9952890872955322,0.5864017009735107,7.0,2.4061596393585205,0.0
450.0,False,True,1.059999942779541,14.72571086883545,0.9756511449813843,0.60249263048172,4.0,2.045437812805176,0.0
450.0,False,True,0.8799999952316284,13.940572738647461,0.9112096428871155,0.6440813541412354,3.0,2.1306231021881104,0.0
450.0,False,True,0.8799999952316284,15.202712059020996,0.8481811881065369,0.6295880079269409,4.0,2.2016794681549072,0.0
450.0,False,True,0.8999999761581421,10.656024932861328,0.7365919947624207,0.6718618869781494,7.0,2.01473069190979,0.0
450.0,False,True,0.8999999761581421,13.049430847167969,0.8360342383384705,0.5862506628036499,11.0,1.8943251371383667,0.0
450.0,False,True,0.85999995470047,11.841188430786133,0.7943546175956726,0.6292085647583008,7.0,1.988755464553833,0.0
450.0,False,True,0.8999999761581421,12.515059471130371,0.8221442699432373,0.6341537237167358,3.0,1.9974446296691895,0.0
450.0,False,True,0.8799999952316284,19.72575569152832,0.8904749155044556,0.7205893993377686,2.0,2.4471757411956787,0.0
450.0,False,True,0.8799999952316284,10.972390174865723,0.7239283323287964,0.6583755016326904,7.0,2.0337674617767334,0.0
450.0,False,True,0.8799999952316284,19.996915817260742,0.847489058971405,0.6854310035705566,2.0,2.3940844535827637,0.0
450.0,False,True,1.159999966621399,16.01800537109375,1.0701028108596802,0.6126120686531067,4.0,2.240880250930786,0.0
450.0,False,True,1.4800000190734863,20.579965591430664,1.462799310684204,0.6100286841392517,6.0,2.428698778152466,0.0
450.0,False,True,0.8799999952316284,12.495203018188477,0.908896267414093,0.6119935512542725,4.0,2.0141916275024414,0.0
450.0,False,True,0.8999999761581421,13.069379806518555,0.9169909358024597,0.56838059425354,8.0,1.9193373918533325,0.0
450.0,False,True,0.8799999952316284,10.816633224487305,0.6774766445159912,0.7079505324363708,5.0,2.12117338180542,0.0
450.0,False,True,0.85999995470047,13.972502708435059,0.8295655250549316,0.6681824326515198,5.0,2.2048275470733643,0.0
450.0,False,True,0.8799999952316284,15.058110237121582,0.9931670427322388,0.6721696257591248,10.0,2.1789538860321045,0.0
450.0,False,True,1.2999999523162842,34.40789031982422,0.8231902718544006,0.6426073312759399,11.0,2.1779627799987793,0.0
450.0,False,True,1.459999918937683,15.981234550476074,1.1007449626922607,0.6128979325294495,5.0,2.196140766143799,0.0
450.0,False,True,0.8799999952316284,13.672235488891602,0.8742795586585999,0.6464611291885376,7.0,2.2139205932617188,0.0
450.0,False,True,0.8799999952316284,10.26638412475586,0.692000687122345,0.6451626420021057,8.0,1.8322935104370117,0.0
450.0,False,True,1.459999918937683,31.84458351135254,1.261274814605713,0.5590213537216187,8.0,2.1639513969421387,0.0
450.0,False,True,0.85999995470047,15.639869689941406,0.9080187082290649,0.6427759528160095,5.0,2.3865103721618652,0.0
450.0,False,True,1.1799999475479126,16.108043670654297,1.2354748249053955,0.5838704109191895,8.0,2.2454302310943604,0.0
450.0,False,True,0.8799999952316284,11.21065902709961,0.7269448041915894,0.6192808747291565,6.0,1.906600832939148,0.0
450.0,False,True,0.8799999952316284,13.432543754577637,0.892659604549408,0.6000251173973083,5.0,2.060999870300293,0.0
450.0,False,True,0.8799999952316284,14.341588973999023,0.7680038213729858,0.7364717125892639,5.0,2.403259754180908,0.0
450.0,False,True,1.459999918937683,20.847681045532227,1.1255244016647339,0.6586247086524963,3.0,2.425433874130249,0.0
450.0,False,True,0.85999995470047,12.691791534423828,0.7719458937644958,0.665742814540863,5.0,2.1726744174957275,0.0
450.0,False,True,0.8799999952316284,13.189326286315918,0.7965939044952393,0.6296157836914062,3.0,2.1193432807922363,0.0
450.0,False,True,0.8799999952316284,11.932840347290039,0.8023889660835266,0.6496784687042236,6.0,2.0432209968566895,0.0
450.0,False,True,0.8799999952316284,12.561796188354492,0.753934919834137,0.6350901126861572,4.0,2.152509927749634,0.0
450.0,False,True,0.8799999952316284,11.005337715148926,0.6594979166984558,0.7514582276344299,4.0,2.114691734313965,0.0
450.0,False,True,0.8799999952316284,15.861106872558594,0.749420166015625,0.604499876499176,10.0,2.0144894123077393,0.0
450.0,False,True,1.0799999237060547,15.680166244506836,0.9868158102035522,0.6193456053733826,9.0,2.169642210006714,0.0
450.0,False,True,0.8999999761581421,13.202729225158691,0.8634282350540161,0.6081831455230713,8.0,2.029282808303833,0.0
450.0,False,True,0.8799999952316284,14.460830688476562,0.836089551448822,0.6520243883132935,5.0,2.2552852630615234,0.0
450.0,False,True,0.8799999952316284,13.512417793273926,0.8055174350738525,0.6404012441635132,7.0,2.3029518127441406,0.0
450.0,False,True,0.8999999761581421,18.76934051513672,0.8155049085617065,0.6640382409095764,2.0,2.3007121086120605,0.0
450.0,False,True,0.8799999952316284,10.785270690917969,0.7462075352668762,0.6340346336364746,6.0,1.8945426940917969,0.0
450.0,False,True,0.85999995470047,12.006250381469727,0.7467356324195862,0.6580110192298889,5.0,2.0306689739227295,0.0
450.0,False,True,0.8999999761581421,14.197187423706055,0.760625958442688,0.6658236980438232,3.0,2.124978542327881,0.0
450.0,False,True,1.0399999618530273,17.938005447387695,1.0142760276794434,0.6807423233985901,3.0,2.4563870429992676,0.0
450.0,True,False,nan,0.8223435282707214,0.0,0.7027443647384644,4.0,0.3583035171031952,0.0
450.0,True,False,nan,1.5540634393692017,0.0,0.6058995723724365,11.0,0.34897151589393616,0.0
450.0,True,False,nan,0.433861643075943,0.0,0.5917118191719055,13.0,0.0,0.0
450.0,True,False,nan,48.71007537841797,0.4659278392791748,0.6159328818321228,12.0,2.2915449142456055,90.0
450.0,True,False,nan,47.868160247802734,0.47920775413513184,0.7027479410171509,4.0,2.431405782699585,90.0
450.0,True,False,nan,45.08431625366211,0.429774671792984,0.642177402973175,12.0,2.1149399280548096,90.0
450.0,True,False,nan,45.703372955322266,0.4612237811088562,0.5875532627105713,12.0,1.9712623357772827,90.0
450.0,True,False,nan,46.011356353759766,0.5364465117454529,0.6440028548240662,7.0,2.602281332015991,90.0
450.0,True,False,nan,47.905235290527344,0.4652351140975952,0.6426127552986145,11.0,2.238527774810791,90.0
450.0,True,False,nan,48.4112548828125,0.49218660593032837,0.6058945655822754,11.0,2.133132219314575,90.0
450.0,True,False,nan,49.40007781982422,0.48088744282722473,0.5917055010795593,13.0,2.1210553646087646,90.0
450.0,True,False,nan,48.41801452636719,0.5647974014282227,0.7224990129470825,3.0,2.748793363571167,90.0
450.0,True,False,nan,45.22635269165039,0.5635537505149841,0.6518324017524719,6.0,2.3645153045654297,90.0
450.0,True,False,nan,45.38147735595703,0.5751135945320129,0.6373797655105591,7.0,2.441877603530884,90.0
450.0,True,False,nan,47.71820831298828,0.4770071506500244,0.720600426197052,2.0,2.4827592372894287,90.0
450.0,True,False,nan,47.307430267333984,0.4949073791503906,0.6854245662689209,2.0,2.3997204303741455,90.0
450.0,True,False,nan,48.45648956298828,0.5351592898368835,0.559007465839386,8.0,2.3544435501098633,90.0
450.0,True,False,nan,46.98789596557617,0.536373496055603,0.6213981509208679,8.0,2.535451889038086,90.0
450.0,True,False,nan,51.14092254638672,0.6056914329528809,0.6440778374671936,3.0,2.6925833225250244,90.0
450.0,True,False,nan,46.00531768798828,0.5671993494033813,0.5794390439987183,12.0,2.1874663829803467,90.0
450.0,True,False,nan,45.35013961791992,0.6141664385795593,0.6142445802688599,4.0,2.6438939571380615,90.0
450.0,True,False,nan,50.761226654052734,0.603171706199646,0.5683618783950806,8.0,2.19848895072937,90.0
450.0,True,False,nan,49.53116226196289,0.5808278918266296,0.6045007109642029,10.0,2.1386682987213135,90.0
450.0,True,False,nan,45.13056945800781,0.5084912776947021,0.6640444397926331,2.0,2.2067010402679443,90.0
450.0,True,False,nan,48.73195266723633,0.597085177898407,0.6571457386016846,5.0,2.386488676071167,90.0
450.0,True,False,nan,45.551761627197266,0.6101721525192261,0.6192775964736938,6.0,2.2521586418151855,90.0
450.0,True,False,nan,48.18436050415039,0.5947916507720947,0.6807438731193542,3.0,2.6480088233947754,90.0
450.0,True,False,nan,47.288841247558594,0.7779154777526855,0.6341532468795776,3.0,2.4989466667175293,90.0
450.0,True,False,nan,47.801109313964844,0.6875979900360107,0.6586211919784546,3.0,2.267524480819702,90.0
450.0,True,False,nan,46.8092155456543,0.9387642741203308,0.6721723675727844,10.0,2.71044921875,90.0
450.0,True,False,nan,50.85091018676758,0.9997814893722534,0.6546387672424316,5.0,2.4502248764038086,90.0
450.0,True,False,nan,45.66276931762695,0.9746331572532654,0.643252432346344,3.0,2.3731513023376465,90.0
450.0,True,False,nan,46.52412796020508,1.136846661567688,0.60799241065979,8.0,2.4350106716156006,90.0
450.0,True,False,nan,46.98345184326172,1.0941065549850464,0.6451665759086609,8.0,2.3540568351745605,90.0
450.0,True,False,nan,56.771663665771484,1.2194349765777588,0.5838697552680969,8.0,2.520387887954712,90.0
450.0,True,False,nan,45.88365173339844,1.0715526342391968,0.6657426357269287,5.0,2.546787977218628,90.0
450.0,True,False,nan,45.59780502319336,1.3689653873443604,0.5839583873748779,6.0,2.410555124282837,90.0
450.0,True,False,nan,50.441768646240234,1.2773690223693848,0.5943158268928528,9.0,2.4832470417022705,90.0
450.0,True,False,nan,46.202022552490234,1.2121336460113525,0.6427609920501709,5.0,2.5722413063049316,90.0
450.0,True,False,nan,46.36448287963867,1.1970045566558838,0.583184003829956,3.0,2.2770254611968994,90.0
450.0,True,False,nan,45.35279083251953,1.153922200202942,0.6024947166442871,4.0,2.1611998081207275,90.0
450.0,True,False,nan,48.5057373046875,1.2819347381591797,0.6119921207427979,4.0,2.2342004776000977,90.0
450.0,True,False,nan,45.950408935546875,1.235275387763977,0.6128904223442078,5.0,2.279695987701416,90.0
450.0,True,False,nan,51.08039093017578,1.8298872709274292,0.6100287437438965,6.0,2.378300666809082,90.0
450.0,True,False,nan,46.3729362487793,2.1031346321105957,0.5864056348800659,7.0,2.1415770053863525,90.0
450.0,True,False,nan,46.912750244140625,1.8718754053115845,0.6296051144599915,3.0,2.257019281387329,90.0
450.0,True,False,nan,45.682884216308594,2.040052652359009,0.6496811509132385,6.0,2.5474801063537598,90.0
450.0,True,False,nan,47.777244567871094,2.0380144119262695,0.6583728194236755,7.0,2.4687156677246094,90.0
450.0,True,False,nan,45.016971588134766,2.6523048877716064,0.6580212116241455,5.0,2.472219944000244,90.0
450.0,False,True,1.5999999046325684,22.17508316040039,1.4784907102584839,0.5906628966331482,10.0,2.197114944458008,90.0
450.0,False,True,1.059999942779541,20.206707000732422,1.0186102390289307,0.6350719332695007,8.0,2.232736349105835,90.0
450.0,False,True,1.71999990940094,22.893850326538086,1.572479486465454,0.5944469571113586,8.0,2.2322001457214355,90.0
450.0,False,True,1.4399999380111694,22.956398010253906,1.3596510887145996,0.6055656671524048,8.0,2.1532809734344482,90.0
450.0,False,True,2.0999999046325684,26.39040184020996,2.391148090362549,0.6295856237411499,4.0,2.189547538757324,90.0
450.0,False,True,1.100000023841858,18.103116989135742,0.839240312576294,0.6718631982803345,7.0,2.135143995285034,90.0
450.0,False,True,1.059999942779541,22.06300926208496,1.0593061447143555,0.6292058825492859,7.0,2.3539109230041504,90.0
450.0,False,True,1.059999942779541,20.461334228515625,0.8698636889457703,0.7079514861106873,5.0,2.393178939819336,90.0
450.0,False,True,1.059999942779541,24.387510299682617,1.1689354181289673,0.6681903600692749,5.0,2.4223411083221436,90.0
450.0,False,True,1.1399999856948853,19.25201416015625,0.8259900212287903,0.6464490294456482,7.0,2.0247983932495117,90.0
450.0,False,True,1.6399999856948853,21.672903060913086,1.486575961112976,0.6000211238861084,5.0,2.148707151412964,90.0
450.0,False,True,1.0799999237060547,23.83802032470703,1.126938819885254,0.7364741563796997,5.0,2.5659079551696777,90.0
450.0,False,True,2.0199999809265137,20.937105178833008,1.3498759269714355,0.6350882053375244,4.0,2.1831867694854736,90.0
450.0,False,True,1.0199999809265137,20.58222007751465,0.8203052282333374,0.7514711022377014,4.0,2.3278684616088867,90.0
450.0,False,True,1.0799999237060547,21.721214294433594,0.9905683994293213,0.6520262956619263,5.0,2.2877516746520996,90.0
450.0,False,True,1.059999942779541,22.286516189575195,1.0738520622253418,0.6404151320457458,7.0,2.418354034423828,90.0
450.0,False,True,1.8600000143051147,21.69841766357422,1.5857374668121338,0.6340353488922119,6.0,2.2548787593841553,90.0
450.0,False,True,1.6399999856948853,20.853696823120117,1.1984211206436157,0.6658340692520142,3.0,2.0380706787109375,90.0
450.0,True,False,nan,48.710121154785156,0.46592825651168823,0.6159318089485168,12.0,2.291545867919922,90.0
450.0,True,False,nan,39.22422409057617,0.528028666973114,0.7224734425544739,3.0,2.748868703842163,90.0
450.0,True,False,nan,35.513492584228516,0.44605115056037903,0.5875528454780579,12.0,1.9712632894515991,90.0
450.0,True,False,nan,0.9561347961425781,0.0,0.583961009979248,6.0,0.2803751826286316,90.0
450.0,True,False,nan,11.052947044372559,0.08479839563369751,0.6432541012763977,3.0,1.7401442527770996,90.0
450.0,True,False,nan,3.0449113845825195,0.003908245358616114,0.5943242907524109,9.0,0.6442803144454956,90.0
450.0,True,False,nan,24.987281799316406,0.3396913409233093,0.6571391820907593,5.0,2.3864855766296387,90.0
450.0,True,False,nan,37.71438980102539,0.5041297674179077,0.651872456073761,6.0,2.364508867263794,90.0
450.0,True,False,nan,18.885459899902344,0.1729021519422531,0.6534377932548523,5.0,1.9197840690612793,90.0
450.0,True,False,nan,24.463186264038086,0.3867717981338501,0.6373873949050903,7.0,2.4418890476226807,90.0
450.0,True,False,nan,41.88431930541992,0.532034695148468,0.6440029144287109,7.0,2.6022746562957764,90.0
450.0,True,False,nan,32.05883026123047,0.5248258709907532,0.6440691351890564,3.0,2.692440986633301,90.0
450.0,True,False,nan,26.49576759338379,0.43308261036872864,0.5862488746643066,11.0,2.217146396636963,90.0
450.0,True,False,nan,20.762136459350586,0.19262796640396118,0.6341509819030762,3.0,2.0085959434509277,90.0
450.0,True,False,nan,35.915531158447266,0.4389268159866333,0.7205914258956909,2.0,2.4827635288238525,90.0
450.0,True,False,nan,29.380056381225586,0.33643198013305664,0.6854262351989746,2.0,2.3997063636779785,90.0
450.0,True,False,nan,30.2642822265625,0.3828454613685608,0.6116368174552917,5.0,2.63543963432312,90.0
450.0,True,False,nan,32.84356689453125,0.5221962332725525,0.5683854818344116,8.0,2.198423385620117,90.0
450.0,True,False,nan,5.906276226043701,0.031141372397542,0.6721643209457397,10.0,1.2885936498641968,90.0
450.0,True,False,nan,39.306785583496094,0.4461902678012848,0.642611026763916,11.0,2.238537311553955,90.0
450.0,True,False,nan,36.41502380371094,0.46165770292282104,0.7027415633201599,4.0,2.4314076900482178,90.0
450.0,True,False,nan,34.16364669799805,0.4416506886482239,0.5572963953018188,11.0,2.357180118560791,90.0
450.0,True,False,nan,6.359339714050293,0.039781272411346436,0.5838719606399536,8.0,1.3246179819107056,90.0
450.0,True,False,nan,22.64166259765625,0.3325008451938629,0.619274377822876,6.0,2.2521517276763916,90.0
450.0,True,False,nan,37.15503692626953,0.4943162500858307,0.605934202671051,11.0,2.1331307888031006,90.0
450.0,True,False,nan,16.603729248046875,0.116990827023983,0.6586160063743591,3.0,1.7678980827331543,90.0
450.0,True,False,nan,42.814083099365234,0.49131327867507935,0.5917156338691711,13.0,2.1211812496185303,90.0
450.0,True,False,nan,39.97819900512695,0.43791264295578003,0.6421766877174377,12.0,2.114934206008911,90.0
450.0,True,False,nan,27.241172790527344,0.45083335041999817,0.6045010685920715,10.0,2.1386616230010986,90.0
450.0,True,False,nan,32.973350524902344,0.5120171904563904,0.6193439960479736,9.0,2.541529893875122,90.0
450.0,True,False,nan,6.7914228439331055,0.04575752094388008,0.6081820130348206,8.0,1.3986917734146118,90.0
450.0,True,False,nan,26.401809692382812,0.34705013036727905,0.6640352606773376,2.0,2.2066919803619385,90.0
450.0,True,False,nan,29.145626068115234,0.31786662340164185,0.6807346343994141,3.0,2.6480071544647217,90.0
450.0,True,False,nan,48.873268127441406,0.54807448387146,0.6159282922744751,12.0,2.929232120513916,180.0
450.0,True,False,nan,49.623294830322266,0.5058853626251221,0.642173171043396,12.0,2.676741123199463,180.0
450.0,True,False,nan,50.813873291015625,0.541949450969696,0.6426133513450623,11.0,2.7852673530578613,180.0
450.0,True,False,nan,47.37819290161133,0.6896034479141235,0.7027456760406494,4.0,2.826056957244873,180.0
450.0,True,False,nan,47.3551025390625,0.7279071807861328,0.6058945655822754,11.0,2.3868374824523926,180.0
450.0,True,False,nan,47.795249938964844,1.2340596914291382,0.685431957244873,2.0,2.814321517944336,180.0
450.0,True,False,nan,45.587928771972656,1.5818378925323486,0.5794993042945862,12.0,2.2551121711730957,180.0
450.0,True,False,nan,45.20636749267578,1.7683252096176147,0.5944432616233826,9.0,2.457631826400757,180.0
450.0,True,False,nan,49.28925323486328,1.675969123840332,0.568774402141571,11.0,2.2366461753845215,180.0
450.0,True,False,nan,45.6180534362793,1.8214704990386963,0.6721638441085815,10.0,2.509794235229492,180.0
450.0,True,False,nan,49.58298873901367,2.2373828887939453,0.5839464664459229,6.0,2.589782476425171,180.0
450.0,True,False,nan,46.41969680786133,1.886222243309021,0.644001305103302,7.0,2.83772873878479,180.0
450.0,True,False,nan,46.620086669921875,1.958124041557312,0.6193332672119141,9.0,2.800673723220825,180.0
450.0,True,False,nan,46.153865814208984,1.9885567426681519,0.5906693339347839,10.0,2.224705696105957,180.0
450.0,True,False,nan,45.97957992553711,1.8507297039031982,0.559020459651947,8.0,2.504995107650757,180.0
450.0,True,False,nan,46.626220703125,2.22131609916687,0.7225237488746643,3.0,2.8231587409973145,180.0
450.0,True,False,nan,45.82154846191406,2.0749592781066895,0.6440797448158264,3.0,2.7784693241119385,180.0
450.0,True,False,nan,45.067378997802734,2.335970878601074,0.6546383500099182,5.0,2.3322110176086426,180.0
450.0,True,False,nan,47.170352935791016,2.4966464042663574,0.6081804037094116,8.0,2.418999433517456,180.0
450.0,True,False,nan,50.50540542602539,2.7445380687713623,0.583870530128479,8.0,2.557283639907837,180.0
450.0,True,False,nan,52.69137954711914,2.6977288722991943,0.6341545581817627,3.0,2.4686155319213867,180.0
450.0,True,False,nan,46.534542083740234,4.083556652069092,0.6451655030250549,8.0,2.3641624450683594,180.0
450.0,True,False,nan,46.093631744384766,3.8271617889404297,0.6119933128356934,4.0,2.319298028945923,180.0
450.0,False,True,1.4399999380111694,16.92664909362793,1.6738346815109253,0.5831851363182068,3.0,2.5699353218078613,180.0
450.0,False,True,1.7400000095367432,18.920995712280273,1.5793449878692627,0.5875507593154907,12.0,2.3716671466827393,180.0
450.0,False,True,1.9399999380111694,13.661107063293457,2.2838363647460938,0.6350728273391724,8.0,2.3072266578674316,180.0
450.0,False,True,1.559999942779541,15.575578689575195,1.7950937747955322,0.6432567834854126,3.0,2.5107522010803223,180.0
450.0,False,True,1.3799999952316284,15.998403549194336,1.539420485496521,0.6571410298347473,5.0,2.5903830528259277,180.0
450.0,False,False,nan,24.094514846801758,3.164682149887085,0.5944477915763855,8.0,2.370681047439575,180.0
450.0,False,True,1.5399999618530273,17.401782989501953,1.452807903289795,0.6518281698226929,6.0,2.5594959259033203,180.0
450.0,False,True,1.399999976158142,14.63012409210205,1.6582664251327515,0.6055578589439392,8.0,2.395679235458374,180.0
450.0,False,True,1.9199999570846558,14.569021224975586,1.9152741432189941,0.6373869180679321,7.0,2.5139248371124268,180.0
450.0,False,True,1.4399999380111694,16.913835525512695,1.7366447448730469,0.5864095091819763,7.0,2.5741019248962402,180.0
450.0,False,True,1.3399999141693115,13.742897033691406,1.5132358074188232,0.6024970412254333,4.0,2.3142664432525635,180.0
450.0,False,True,1.4399999380111694,13.880555152893066,1.5820204019546509,0.6295862793922424,4.0,2.3798844814300537,180.0
450.0,False,True,1.1399999856948853,13.212416648864746,1.2536492347717285,0.6718683838844299,7.0,2.263580560684204,180.0
450.0,False,True,1.6200000047683716,14.816580772399902,1.8181488513946533,0.6292056441307068,7.0,2.392937660217285,180.0
450.0,False,True,1.3399999141693115,17.30165672302246,1.5857974290847778,0.7205938696861267,2.0,2.663795232772827,180.0
450.0,False,True,1.559999942779541,15.539633750915527,1.7478159666061401,0.6583693027496338,7.0,2.474498748779297,180.0
450.0,False,False,nan,17.2623291015625,3.1428287029266357,0.6126176714897156,4.0,2.6530535221099854,180.0
450.0,False,True,1.5999999046325684,17.46996307373047,2.0161094665527344,0.610040009021759,6.0,2.6470494270324707,180.0
450.0,False,True,1.3600000143051147,14.855058670043945,1.4657565355300903,0.7079522013664246,5.0,2.3621866703033447,180.0
450.0,False,True,1.6200000047683716,15.835020065307617,1.8800214529037476,0.6681861877441406,5.0,2.529218912124634,180.0
450.0,False,True,1.459999918937683,15.422988891601562,1.769463062286377,0.6129626035690308,5.0,2.482923746109009,180.0
450.0,False,True,1.0399999618530273,13.038097381591797,1.1379940509796143,0.6464521884918213,7.0,2.2501566410064697,180.0
450.0,False,True,1.5999999046325684,17.12674903869629,1.9334980249404907,0.6427749395370483,5.0,2.565617561340332,180.0
450.0,False,True,1.3799999952316284,13.696040153503418,1.4976376295089722,0.6192743182182312,6.0,2.340183734893799,180.0
450.0,False,True,1.399999976158142,14.361924171447754,1.5944926738739014,0.6000217199325562,5.0,2.36934494972229,180.0
450.0,False,True,1.5799999237060547,16.918365478515625,1.8273106813430786,0.7364685535430908,5.0,2.5500402450561523,180.0
450.0,False,True,1.3199999332427979,15.89477252960205,1.5309785604476929,0.6586236357688904,3.0,2.5298187732696533,180.0
450.0,False,True,1.71999990940094,27.134889602661133,2.0618605613708496,0.5917035341262817,13.0,2.595031261444092,180.0
450.0,False,True,1.6200000047683716,16.827438354492188,1.8906124830245972,0.665743350982666,5.0,2.5355710983276367,180.0
450.0,False,True,1.4199999570846558,14.720993995666504,1.5608099699020386,0.6296124458312988,3.0,2.3881590366363525,180.0
450.0,False,True,1.9199999570846558,16.160152435302734,2.235621452331543,0.6496811509132385,6.0,2.5140774250030518,180.0
450.0,False,True,1.2200000286102295,13.448221206665039,1.369112253189087,0.6350955367088318,4.0,2.2905075550079346,180.0
450.0,False,True,1.1399999856948853,13.909438133239746,1.3165875673294067,0.7515270113945007,4.0,2.2703542709350586,180.0
450.0,False,True,1.5,17.043508529663086,1.4476436376571655,0.6045008301734924,10.0,2.5528950691223145,180.0
450.0,False,True,1.5399999618530273,15.076410293579102,1.655519962310791,0.6520259976387024,5.0,2.4597084522247314,180.0
450.0,False,True,1.559999942779541,15.925692558288574,1.714066982269287,0.6404173970222473,7.0,2.484274387359619,180.0
450.0,False,True,1.1399999856948853,14.68136215209961,1.3291528224945068,0.6640443205833435,2.0,2.47977876663208,180.0
450.0,False,True,1.9799998998641968,13.172192573547363,2.4289638996124268,0.6340363621711731,6.0,2.280618906021118,180.0
450.0,False,True,1.5999999046325684,15.854595184326172,1.7997050285339355,0.6580083966255188,5.0,2.5074949264526367,180.0
450.0,False,True,1.059999942779541,13.271559715270996,1.1482841968536377,0.6658346652984619,3.0,2.2483272552490234,180.0
450.0,False,True,1.5999999046325684,17.745262145996094,1.9583072662353516,0.6808792948722839,3.0,2.623321294784546,180.0
450.0,True,False,nan,49.622886657714844,0.505882978439331,0.6421759724617004,12.0,2.6767385005950928,180.0
450.0,True,False,nan,48.87351989746094,0.5480747818946838,0.61592698097229,12.0,2.9292328357696533,180.0
450.0,True,False,nan,50.81440734863281,0.5419490337371826,0.6426106095314026,11.0,2.7852704524993896,180.0
450.0,True,False,nan,9.913060188293457,0.059134114533662796,0.685428261756897,2.0,1.8152753114700317,180.0
450.0,True,False,nan,42.953269958496094,0.5545468330383301,0.7027479410171509,4.0,2.8260555267333984,180.0
450.0,True,False,nan,17.839778900146484,0.27256491780281067,0.6058957576751709,11.0,2.2751259803771973,180.0
450.0,True,False,nan,46.23118591308594,0.29168128967285156,0.6159313321113586,12.0,1.8643367290496826,270.0
450.0,True,False,nan,45.867759704589844,0.32892942428588867,0.6421791315078735,12.0,1.9153865575790405,270.0
450.0,True,False,nan,46.450687408447266,0.36958304047584534,0.6426160931587219,11.0,1.9730993509292603,270.0
450.0,True,False,nan,45.17155075073242,0.32986170053482056,0.5875527262687683,12.0,1.7161407470703125,270.0
450.0,True,False,nan,46.100040435791016,0.3356744050979614,0.591713011264801,13.0,1.782921552658081,270.0
450.0,True,False,nan,50.32416534423828,0.7139763832092285,0.7225078344345093,3.0,2.5820975303649902,270.0
450.0,True,False,nan,47.780364990234375,0.44240814447402954,0.6058951020240784,11.0,1.7990094423294067,270.0
450.0,True,False,nan,46.21022415161133,0.5546743273735046,0.5590271949768066,8.0,1.9340447187423706,270.0
450.0,True,False,nan,52.99873733520508,0.5204880833625793,0.604502260684967,10.0,1.8954092264175415,270.0
450.0,True,False,nan,47.42323303222656,0.6729963421821594,0.6854204535484314,2.0,2.1151952743530273,270.0
450.0,True,False,nan,47.058162689208984,0.7084743976593018,0.7027475833892822,4.0,2.112290859222412,270.0
450.0,True,False,nan,54.961326599121094,0.6268334984779358,0.6640395522117615,2.0,2.032693386077881,270.0
450.0,True,False,nan,49.098506927490234,0.7504632472991943,0.7205944657325745,2.0,2.2916605472564697,270.0
450.0,True,False,nan,46.08174133300781,0.7090354561805725,0.6586266160011292,3.0,2.1490273475646973,270.0
450.0,True,False,nan,58.098785400390625,0.7521360516548157,0.583181619644165,3.0,2.217153787612915,270.0
450.0,True,False,nan,47.2938232421875,0.6886189579963684,0.6024986505508423,4.0,2.0344834327697754,270.0
450.0,True,False,nan,49.03947448730469,0.6601784825325012,0.568776547908783,11.0,1.984690546989441,270.0
450.0,True,False,nan,45.94479751586914,0.7506608963012695,0.6658372282981873,3.0,2.0394623279571533,270.0
450.0,True,False,nan,47.82931137084961,0.9711703658103943,0.6440656781196594,3.0,2.451620578765869,270.0
450.0,True,False,nan,45.884483337402344,1.1302403211593628,0.6440043449401855,7.0,2.3164188861846924,270.0
450.0,True,False,nan,45.60948181152344,1.0620532035827637,0.6126098036766052,4.0,2.422201633453369,270.0
450.0,True,False,nan,45.871456146240234,1.048504114151001,0.6807445287704468,3.0,2.5142879486083984,270.0
450.0,True,False,nan,45.99123764038086,1.0517469644546509,0.6580063700675964,5.0,2.4643163681030273,270.0
450.0,True,False,nan,48.73280334472656,1.1020869016647339,0.6571397185325623,5.0,2.1856961250305176,270.0
450.0,True,False,nan,50.6506462097168,1.0574922561645508,0.6518726944923401,6.0,2.1331095695495605,270.0
450.0,True,False,nan,46.05267333984375,1.1764893531799316,0.7079440355300903,5.0,2.3297665119171143,270.0
450.0,True,False,nan,46.05891418457031,1.2032392024993896,0.6427792906761169,5.0,2.5296664237976074,270.0
450.0,True,False,nan,48.21345520019531,1.331122636795044,0.7364731431007385,5.0,2.553748607635498,270.0
450.0,True,False,nan,45.61841583251953,1.2959589958190918,0.6657414436340332,5.0,2.529773712158203,270.0
450.0,True,False,nan,45.638912200927734,1.1576594114303589,0.7514519691467285,4.0,2.2324399948120117,270.0
450.0,True,False,nan,53.470035552978516,1.1913803815841675,0.6193481087684631,9.0,2.355055332183838,270.0
450.0,True,False,nan,47.86235809326172,1.2675442695617676,0.6404299139976501,7.0,2.381462812423706,270.0
450.0,True,False,nan,49.269569396972656,1.2351737022399902,0.6432611346244812,3.0,2.2757551670074463,270.0
450.0,True,False,nan,45.5373420715332,1.3072504997253418,0.6681820154190063,5.0,2.3728747367858887,270.0
450.0,True,False,nan,45.010337829589844,1.5520192384719849,0.6496818661689758,6.0,2.4722228050231934,270.0
450.0,True,False,nan,45.910621643066406,1.3787178993225098,0.6350876092910767,4.0,2.1538400650024414,270.0
450.0,True,False,nan,48.55585479736328,1.6768649816513062,0.6583764553070068,7.0,2.462371826171875,270.0
450.0,True,False,nan,46.57030487060547,1.504181146621704,0.629580557346344,4.0,2.1253256797790527,270.0
450.0,True,False,nan,51.002803802490234,1.9734523296356201,0.6721770763397217,10.0,2.616265296936035,270.0
450.0,True,False,nan,50.01521682739258,1.524537444114685,0.6341515183448792,3.0,2.321442127227783,270.0
450.0,True,False,nan,50.703369140625,1.9940441846847534,0.6546375751495361,5.0,2.3078675270080566,270.0
450.0,True,False,nan,46.25803756713867,1.6732536554336548,0.6292016506195068,7.0,2.346998453140259,270.0
450.0,True,False,nan,47.71100997924805,1.7797452211380005,0.6100472807884216,6.0,2.405331611633301,270.0
450.0,True,False,nan,48.75703430175781,1.4577549695968628,0.6373858451843262,7.0,2.1981472969055176,270.0
450.0,True,False,nan,45.111873626708984,1.9603455066680908,0.5864005088806152,7.0,2.186906576156616,270.0
450.0,True,False,nan,52.10828399658203,1.635933756828308,0.6296243071556091,3.0,2.2287001609802246,270.0
450.0,True,False,nan,45.13722610473633,1.7068175077438354,0.5838723182678223,8.0,2.4280924797058105,270.0
450.0,True,False,nan,51.45235061645508,1.6720879077911377,0.6718613505363464,7.0,2.2133162021636963,270.0
450.0,True,False,nan,51.5601921081543,1.4759759902954102,0.6192772388458252,6.0,2.0778229236602783,270.0
450.0,True,False,nan,48.39020919799805,2.0054898262023926,0.5839544534683228,6.0,2.378572702407837,270.0
450.0,True,False,nan,49.98421096801758,1.4863626956939697,0.6451645493507385,8.0,2.2162065505981445,270.0
450.0,True,False,nan,49.73269271850586,1.7738819122314453,0.6520307064056396,5.0,2.2754859924316406,270.0
450.0,True,False,nan,45.27827453613281,2.4263699054718018,0.5906718373298645,10.0,2.1329848766326904,270.0
450.0,False,True,2.0399999618530273,26.876310348510742,2.028672695159912,0.6350691914558411,8.0,2.217470407485962,270.0
450.0,False,True,1.7999999523162842,20.10455322265625,1.7100878953933716,0.5943210124969482,9.0,2.3909623622894287,270.0
450.0,False,True,2.1399998664855957,19.17166519165039,1.7868036031723022,0.5944478511810303,8.0,2.2268190383911133,270.0
450.0,False,True,1.8399999141693115,23.036174774169922,2.0286335945129395,0.6055564284324646,8.0,2.165308713912964,270.0
450.0,False,True,2.059999942779541,33.393211364746094,1.2359611988067627,0.5862491130828857,11.0,1.9951328039169312,270.0
450.0,False,True,2.440000057220459,19.170345306396484,2.203451633453369,0.6119862198829651,4.0,2.1335110664367676,270.0
450.0,False,True,1.8399999141693115,23.445650100708008,1.8685394525527954,0.6129528284072876,5.0,2.1751351356506348,270.0
450.0,False,True,2.119999885559082,21.957897186279297,2.220424175262451,0.646455705165863,7.0,2.1100106239318848,270.0
450.0,False,True,1.6399999856948853,19.93422508239746,1.535809874534607,0.6000232696533203,5.0,2.200648784637451,270.0
450.0,False,False,nan,36.185237884521484,2.5758843421936035,0.607994794845581,8.0,2.3004088401794434,270.0
450.0,False,False,nan,25.21463394165039,2.4969747066497803,0.634031355381012,6.0,2.2345659732818604,270.0
450.0,True,False,nan,46.231807708740234,0.2916797995567322,0.615929901599884,12.0,1.8643304109573364,270.0
450.0,True,False,nan,19.396629333496094,0.2465021312236786,0.7225275635719299,3.0,2.5820882320404053,270.0
450.0,True,False,nan,18.779634475708008,0.24996235966682434,0.5831844210624695,3.0,2.217161178588867,270.0
450.0,True,False,nan,37.13645935058594,0.2816930115222931,0.5875554084777832,12.0,1.7161413431167603,270.0
450.0,True,False,nan,2.077824592590332,0.0,0.6571353673934937,5.0,0.6671387553215027,270.0
450.0,True,False,nan,0.6940797567367554,0.0,0.6518348455429077,6.0,0.39822113513946533,270.0
450.0,True,False,nan,4.9026875495910645,0.029770441353321075,0.6397215127944946,12.0,1.2887623310089111,270.0
450.0,True,False,nan,8.612788200378418,0.07664080709218979,0.6440799236297607,3.0,1.7019164562225342,270.0
450.0,True,False,nan,6.770916938781738,0.058308959007263184,0.7205905914306641,2.0,1.7071505784988403,270.0
450.0,True,False,nan,6.704287052154541,0.061756350100040436,0.6854181885719299,2.0,1.7281752824783325,270.0
450.0,True,False,nan,38.93977737426758,0.32231196761131287,0.6426144242286682,11.0,1.973102331161499,270.0
450.0,True,False,nan,17.880634307861328,0.19290021061897278,0.7027093768119812,4.0,2.1122915744781494,270.0
450.0,True,False,nan,23.119367599487305,0.23172354698181152,0.5590323805809021,8.0,1.9340424537658691,270.0
450.0,True,False,nan,29.092235565185547,0.2742030918598175,0.605901300907135,11.0,1.799007773399353,270.0
450.0,True,False,nan,19.705577850341797,0.24234691262245178,0.6586228013038635,3.0,2.149024724960327,270.0
450.0,True,False,nan,34.038665771484375,0.266573041677475,0.5917081832885742,13.0,1.7829259634017944,270.0
450.0,True,False,nan,43.26111602783203,0.32878053188323975,0.6421754360198975,12.0,1.9153846502304077,270.0
450.0,True,False,nan,26.58757209777832,0.2700304388999939,0.6045013070106506,10.0,1.89541757106781,270.0
450.0,True,False,nan,24.075016021728516,0.26139113306999207,0.6640369892120361,2.0,2.0326976776123047,270.0
500.0,True,False,nan,51.151851654052734,0.3532482087612152,0.6159289479255676,12.0,2.461186647415161,0.0
500.0,True,False,nan,45.17396926879883,0.3519285321235657,0.6426069140434265,11.0,2.389850616455078,0.0
500.0,True,False,nan,46.5220947265625,0.32780376076698303,0.6421787142753601,12.0,2.35931396484375,0.0
500.0,True,False,nan,53.27156066894531,0.7113458514213562,0.5590313076972961,8.0,2.3582215309143066,0.0
500.0,True,False,nan,47.050376892089844,0.5586830973625183,0.5917077660560608,13.0,2.3274896144866943,0.0
500.0,True,False,nan,48.40587615966797,0.6156186461448669,0.6059337854385376,11.0,2.175337553024292,0.0
500.0,True,False,nan,45.05421829223633,0.8444322347640991,0.6854221224784851,2.0,2.577716112136841,0.0
500.0,True,False,nan,48.72929763793945,1.1163924932479858,0.583189070224762,3.0,2.6249895095825195,0.0
500.0,True,False,nan,60.09648513793945,0.8617681860923767,0.7205946445465088,2.0,2.656484365463257,0.0
500.0,True,False,nan,49.081932067871094,0.8619778752326965,0.5875542163848877,12.0,2.2175440788269043,0.0
500.0,True,False,nan,46.86663055419922,1.3261252641677856,0.5864114165306091,7.0,2.5775375366210938,0.0
500.0,True,False,nan,49.597015380859375,1.022548794746399,0.6586246490478516,3.0,2.61948823928833,0.0
500.0,True,False,nan,49.278076171875,1.4449154138565063,0.6100329160690308,6.0,2.6240551471710205,0.0
500.0,True,False,nan,57.96758270263672,1.7451388835906982,0.6129552721977234,5.0,2.427907705307007,0.0
500.0,True,False,nan,45.003047943115234,2.2002081871032715,0.5839502215385437,6.0,2.5092597007751465,0.0
500.0,True,False,nan,48.15458679199219,1.8522053956985474,0.6807414293289185,3.0,2.6726129055023193,0.0
500.0,True,False,nan,46.10324478149414,2.5450470447540283,0.5838711261749268,8.0,2.488560914993286,0.0
500.0,True,False,nan,48.86794662475586,2.581052303314209,0.605556845664978,8.0,2.433802604675293,0.0
500.0,False,True,1.159999966621399,24.67574119567871,1.100412368774414,0.7224845886230469,3.0,2.428475856781006,0.0
500.0,False,True,1.7400000095367432,16.873302459716797,1.247225046157837,0.5906707048416138,10.0,2.176509141921997,0.0
500.0,False,True,0.85999995470047,12.641861915588379,0.917569100856781,0.6350786089897156,8.0,2.043221950531006,0.0
500.0,False,True,1.4399999380111694,25.075542449951172,1.3296048641204834,0.6432580351829529,3.0,2.494201898574829,0.0
500.0,False,True,2.059999942779541,24.788908004760742,1.9069807529449463,0.5943232774734497,9.0,2.4063069820404053,0.0
500.0,False,True,1.4399999380111694,20.84889793395996,1.1463236808776855,0.6571418046951294,5.0,2.314058542251587,0.0
500.0,False,True,1.4800000190734863,19.710044860839844,1.2987405061721802,0.5944504141807556,8.0,2.3149423599243164,0.0
500.0,False,True,0.9799999594688416,19.77568817138672,0.8438564538955688,0.651871919631958,6.0,2.055605411529541,0.0
500.0,False,True,0.8799999952316284,13.156147003173828,0.9346634149551392,0.6534494757652283,5.0,2.1160218715667725,0.0
500.0,False,True,0.8799999952316284,13.292489051818848,0.8716113567352295,0.6373814344406128,7.0,2.0605902671813965,0.0
500.0,False,True,0.8999999761581421,24.060577392578125,0.9444414973258972,0.6440021395683289,7.0,2.241725206375122,0.0
500.0,False,True,1.459999918937683,23.297361373901367,1.478411078453064,0.6024990677833557,4.0,2.3318679332733154,0.0
500.0,False,True,1.1399999856948853,21.819534301757812,1.1409486532211304,0.644080400466919,3.0,2.3810315132141113,0.0
500.0,False,True,1.459999918937683,24.31308937072754,1.3511433601379395,0.6295881271362305,4.0,2.435603618621826,0.0
500.0,False,True,0.8999999761581421,17.478469848632812,1.0500987768173218,0.6718662977218628,7.0,2.309579610824585,0.0
500.0,False,True,1.059999942779541,16.349567413330078,1.0252642631530762,0.5794399380683899,12.0,2.071161985397339,0.0
500.0,False,True,1.459999918937683,16.568492889404297,1.0783203840255737,0.6292093396186829,7.0,2.2598836421966553,0.0
500.0,False,True,1.1799999475479126,15.22834587097168,1.1307094097137451,0.6341539621353149,3.0,2.217664957046509,0.0
500.0,False,True,0.85999995470047,14.995885848999023,0.922882080078125,0.6583720445632935,7.0,2.262328624725342,0.0
500.0,False,True,1.659999966621399,24.948408126831055,1.8443242311477661,0.6116353273391724,5.0,2.513420343399048,0.0
500.0,False,True,1.71999990940094,18.497478485107422,1.513386607170105,0.6119967103004456,4.0,2.210574150085449,0.0
500.0,False,True,1.71999990940094,17.923141479492188,1.2839031219482422,0.568362832069397,8.0,2.1011197566986084,0.0
500.0,False,True,0.8799999952316284,17.676029205322266,0.9716802835464478,0.7079554200172424,5.0,2.402890682220459,0.0
500.0,False,True,1.4199999570846558,22.192712783813477,1.4176687002182007,0.6681886911392212,5.0,2.52640700340271,0.0
500.0,False,True,1.1799999475479126,19.50169563293457,1.435461401939392,0.6721733212471008,10.0,2.4407870769500732,0.0
500.0,False,True,0.9799999594688416,33.10023498535156,0.736991822719574,0.7027449607849121,4.0,2.3198516368865967,0.0
500.0,False,True,1.5,23.054668426513672,1.3422906398773193,0.6464429497718811,7.0,2.4554810523986816,0.0
500.0,False,True,0.8799999952316284,11.998416900634766,0.884429395198822,0.6451625227928162,8.0,2.045293092727661,0.0
500.0,False,True,2.180000066757202,24.165973663330078,2.395385980606079,0.6427754163742065,5.0,2.635981798171997,0.0
500.0,False,True,0.8799999952316284,16.71902847290039,0.9359777569770813,0.6192771792411804,6.0,2.110865592956543,0.0
500.0,False,True,1.459999918937683,22.138736724853516,1.359464406967163,0.6000185012817383,5.0,2.3890035152435303,0.0
500.0,False,True,1.4399999380111694,23.322355270385742,1.4189149141311646,0.7364697456359863,5.0,2.65105938911438,0.0
500.0,False,True,0.85999995470047,19.020479202270508,1.0535911321640015,0.6657388806343079,5.0,2.517850399017334,0.0
500.0,False,True,1.459999918937683,21.30048942565918,1.1862289905548096,0.629608154296875,3.0,2.381054401397705,0.0
500.0,False,True,0.85999995470047,15.808867454528809,1.0350745916366577,0.6496792435646057,6.0,2.3507518768310547,0.0
500.0,False,True,1.4800000190734863,20.911046981811523,1.1579569578170776,0.6350938081741333,4.0,2.3805758953094482,0.0
500.0,False,True,1.459999918937683,18.277629852294922,1.0845588445663452,0.7514533996582031,4.0,2.385467767715454,0.0
500.0,False,True,1.1399999856948853,25.666927337646484,1.0702223777770996,0.6045031547546387,10.0,2.264901876449585,0.0
500.0,False,True,1.2200000286102295,28.812719345092773,1.3185076713562012,0.6193495392799377,9.0,2.377915859222412,0.0
500.0,False,True,1.1799999475479126,16.763534545898438,1.189239263534546,0.6081811785697937,8.0,2.25738787651062,0.0
500.0,False,True,1.399999976158142,22.378324508666992,1.502081036567688,0.6520290374755859,5.0,2.5021138191223145,0.0
500.0,False,True,1.459999918937683,21.668249130249023,1.1461488008499146,0.6404238939285278,7.0,2.560767412185669,0.0
500.0,False,True,1.459999918937683,29.063264846801758,1.3571640253067017,0.6640395522117615,2.0,2.4953696727752686,0.0
500.0,False,True,0.8799999952316284,14.532984733581543,0.9763140082359314,0.6340404748916626,6.0,2.0619165897369385,0.0
500.0,False,True,0.85999995470047,17.183517456054688,0.9814889430999756,0.6580265164375305,5.0,2.378864288330078,0.0
500.0,False,True,1.4800000190734863,22.922821044921875,1.1633832454681396,0.6658393144607544,3.0,2.3793983459472656,0.0
500.0,True,False,nan,51.152042388916016,0.35324814915657043,0.6159299612045288,12.0,2.461188316345215,0.0
500.0,True,False,nan,7.227051258087158,0.03554445877671242,0.5831804871559143,3.0,1.2760523557662964,0.0
500.0,True,False,nan,9.499598503112793,0.05624156445264816,0.5875557661056519,12.0,1.6094461679458618,0.0
500.0,True,False,nan,4.439943790435791,0.014305425807833672,0.5864011645317078,7.0,0.8923786282539368,0.0
500.0,True,False,nan,30.14600944519043,0.19966661930084229,0.7205935716629028,2.0,2.4294304847717285,0.0
500.0,True,False,nan,29.874967575073242,0.25053882598876953,0.6854212284088135,2.0,2.525392770767212,0.0
500.0,True,False,nan,4.159159183502197,0.00903844553977251,0.6100518703460693,6.0,0.8246498107910156,0.0
500.0,True,False,nan,28.44268798828125,0.2927181124687195,0.6426140069961548,11.0,2.3898515701293945,0.0
500.0,True,False,nan,41.922332763671875,0.5184639096260071,0.559028148651123,8.0,2.3582286834716797,0.0
500.0,True,False,nan,28.651824951171875,0.29876330494880676,0.6421772241592407,12.0,2.3593153953552246,0.0
500.0,True,False,nan,45.466590881347656,0.35415419936180115,0.6159313917160034,12.0,2.4740841388702393,90.0
500.0,True,False,nan,45.66048812866211,0.4639025032520294,0.6426117420196533,11.0,2.4416205883026123,90.0
500.0,True,False,nan,46.72034454345703,0.4554597735404968,0.6421754360198975,12.0,2.3175692558288574,90.0
500.0,True,False,nan,47.059661865234375,0.5511063933372498,0.722474217414856,3.0,2.963599681854248,90.0
500.0,True,False,nan,45.5474739074707,0.49598604440689087,0.5875528454780579,12.0,2.163990020751953,90.0
500.0,True,False,nan,45.75621032714844,0.5604347586631775,0.6518738269805908,6.0,2.574103832244873,90.0
500.0,True,False,nan,51.414493560791016,0.5467429161071777,0.6440013647079468,7.0,2.8222975730895996,90.0
500.0,True,False,nan,45.16476821899414,0.5606389045715332,0.6440823078155518,3.0,2.907782554626465,90.0
500.0,True,False,nan,49.895694732666016,0.4767858684062958,0.7205954790115356,2.0,2.6920430660247803,90.0
500.0,True,False,nan,49.17165756225586,0.48841631412506104,0.6854255795478821,2.0,2.6054720878601074,90.0
500.0,True,False,nan,50.19049835205078,0.5170799493789673,0.7027435302734375,4.0,2.6581108570098877,90.0
500.0,True,False,nan,45.96194839477539,0.5309728384017944,0.5590236186981201,8.0,2.524115800857544,90.0
500.0,True,False,nan,47.695831298828125,0.5351005792617798,0.6058945655822754,11.0,2.320922374725342,90.0
500.0,True,False,nan,47.83845138549805,0.5250356793403625,0.5917056798934937,13.0,2.3099236488342285,90.0
500.0,True,False,nan,46.57770538330078,0.5407586693763733,0.6193444728851318,9.0,2.77394700050354,90.0
500.0,True,False,nan,47.012245178222656,0.539388120174408,0.6571382284164429,5.0,2.5977461338043213,90.0
500.0,True,False,nan,45.895545959472656,0.5638014078140259,0.6373876333236694,7.0,2.633087635040283,90.0
500.0,True,False,nan,45.51195526123047,0.5962493419647217,0.611634373664856,5.0,2.864206552505493,90.0
500.0,True,False,nan,49.099029541015625,0.5530139207839966,0.604501485824585,10.0,2.346529006958008,90.0
500.0,True,False,nan,46.38999938964844,0.5041571855545044,0.6640409827232361,2.0,2.403400182723999,90.0
500.0,True,False,nan,45.05807113647461,0.5855329632759094,0.6432539224624634,3.0,2.609448194503784,90.0
500.0,True,False,nan,50.5423583984375,0.5830780863761902,0.5796297192573547,9.0,2.388235092163086,90.0
500.0,True,False,nan,45.25543212890625,0.6009455323219299,0.6341550946235657,3.0,2.7284109592437744,90.0
500.0,True,False,nan,50.195552825927734,0.5859396457672119,0.5687731504440308,11.0,2.399996280670166,90.0
500.0,True,False,nan,48.364952087402344,0.521142840385437,0.6586238741874695,3.0,2.4884238243103027,90.0
500.0,True,False,nan,51.5612678527832,0.5881336331367493,0.6807389259338379,3.0,2.902390241622925,90.0
500.0,True,False,nan,50.50773239135742,0.6500486731529236,0.6534451246261597,5.0,2.6685733795166016,90.0
500.0,True,False,nan,47.49309158325195,0.6700047254562378,0.6721634864807129,10.0,2.9999029636383057,90.0
500.0,True,False,nan,48.18805694580078,0.6371172666549683,0.6451663374900818,8.0,2.5724263191223145,90.0
500.0,True,False,nan,50.672855377197266,0.6496912837028503,0.5838726162910461,8.0,2.746243715286255,90.0
500.0,True,False,nan,49.946903228759766,0.6288166642189026,0.6192744970321655,6.0,2.4507691860198975,90.0
500.0,True,False,nan,47.0743293762207,0.6489275693893433,0.6081846952438354,8.0,2.64796781539917,90.0
500.0,True,False,nan,46.57962417602539,0.6051362752914429,0.5831863880157471,3.0,2.559847116470337,90.0
500.0,True,False,nan,47.66259002685547,0.6691765785217285,0.594444215297699,9.0,2.7437403202056885,90.0
500.0,True,False,nan,46.11582946777344,0.6246076226234436,0.6024963855743408,4.0,2.356435775756836,90.0
500.0,True,False,nan,45.33475112915039,0.6034024357795715,0.6295888423919678,4.0,2.3935182094573975,90.0
500.0,True,False,nan,45.45945739746094,0.6759982109069824,0.6583719849586487,7.0,2.7187204360961914,90.0
500.0,True,False,nan,50.06571960449219,0.6831206679344177,0.6427754163742065,5.0,2.832740068435669,90.0
500.0,True,False,nan,48.32490539550781,0.6617608070373535,0.6657437682151794,5.0,2.788883686065674,90.0
500.0,True,False,nan,48.092323303222656,0.6878477931022644,0.6496843695640564,6.0,2.7783429622650146,90.0
500.0,True,False,nan,47.155826568603516,0.6699947714805603,0.6580123901367188,5.0,2.7215497493743896,90.0
500.0,True,False,nan,49.22682189941406,0.6593526005744934,0.6681897044181824,5.0,2.657395839691162,90.0
500.0,True,False,nan,45.85095977783203,0.6471216678619385,0.7364702820777893,5.0,2.8530054092407227,90.0
500.0,True,False,nan,47.305599212646484,0.6780028343200684,0.6296111941337585,3.0,2.503002166748047,90.0
500.0,True,False,nan,48.32148361206055,0.6234369277954102,0.7514610290527344,4.0,2.5605392456054688,90.0
500.0,True,False,nan,46.5794677734375,0.7493801712989807,0.5839513540267944,6.0,2.78668212890625,90.0
500.0,True,False,nan,50.974212646484375,0.7465172410011292,0.629202663898468,7.0,2.585805892944336,90.0
500.0,True,False,nan,45.77521514892578,0.6829357147216797,0.7079522609710693,5.0,2.63148832321167,90.0
500.0,True,False,nan,49.290592193603516,0.7403891086578369,0.6404236555099487,7.0,2.679084062576294,90.0
500.0,True,False,nan,47.70353317260742,0.6326310038566589,0.6658351421356201,3.0,2.2593514919281006,90.0
500.0,True,False,nan,45.08869552612305,0.7579987049102783,0.6119863390922546,4.0,2.436969041824341,90.0
500.0,True,False,nan,46.60536575317383,0.857101559638977,0.6340330243110657,6.0,2.4906466007232666,90.0
500.0,True,False,nan,45.77141571044922,0.9670345187187195,0.6100211143493652,6.0,2.7202978134155273,90.0
500.0,True,False,nan,48.14711380004883,0.9933489561080933,0.5864160060882568,7.0,2.5129120349884033,90.0
500.0,True,False,nan,45.12042999267578,1.020556092262268,0.6350927352905273,4.0,2.4112887382507324,90.0
500.0,True,False,nan,45.08200454711914,1.1384599208831787,0.6129581332206726,5.0,2.54111385345459,90.0
500.0,True,False,nan,50.97660446166992,1.1547685861587524,0.6000215411186218,5.0,2.370027542114258,90.0
500.0,True,False,nan,48.960330963134766,1.206417441368103,0.6350686550140381,8.0,2.473494052886963,90.0
500.0,True,False,nan,51.34954833984375,1.298480749130249,0.594450831413269,8.0,2.4762158393859863,90.0
500.0,True,False,nan,56.448936462402344,1.3224525451660156,0.5906774401664734,10.0,2.4235262870788574,90.0
500.0,True,False,nan,56.37337112426758,1.3345820903778076,0.6055587530136108,8.0,2.452876567840576,90.0
500.0,True,False,nan,49.166141510009766,1.2380460500717163,0.6520301699638367,5.0,2.5318922996520996,90.0
500.0,False,True,1.5399999618530273,21.981109619140625,1.4289597272872925,0.6718727946281433,7.0,2.3877134323120117,90.0
500.0,False,True,1.8600000143051147,23.759016036987305,1.9751217365264893,0.6464427709579468,7.0,2.291886806488037,90.0
500.0,True,False,nan,45.46662902832031,0.3541562557220459,0.6159279346466064,12.0,2.4740793704986572,90.0
500.0,True,False,nan,45.66089630126953,0.4639025926589966,0.6426167488098145,11.0,2.441627264022827,90.0
500.0,True,False,nan,46.72053909301758,0.45546120405197144,0.6421739459037781,12.0,2.317568302154541,90.0
500.0,True,False,nan,51.413936614990234,0.5467401146888733,0.644004225730896,7.0,2.822309970855713,90.0
500.0,True,False,nan,49.89579391479492,0.47678983211517334,0.720588743686676,2.0,2.6920406818389893,90.0
500.0,True,False,nan,49.1713752746582,0.48841720819473267,0.6854256987571716,2.0,2.6054704189300537,90.0
500.0,True,False,nan,47.69593048095703,0.5351013541221619,0.6058962345123291,11.0,2.320920705795288,90.0
500.0,True,False,nan,47.83856964111328,0.5250358581542969,0.5917060375213623,13.0,2.3099234104156494,90.0
500.0,True,False,nan,47.059818267822266,0.5511043667793274,0.7224962711334229,3.0,2.9635298252105713,90.0
500.0,True,False,nan,45.54737854003906,0.4959867298603058,0.5875521302223206,12.0,2.16398286819458,90.0
500.0,True,False,nan,45.962890625,0.5309889316558838,0.559006929397583,8.0,2.52408504486084,90.0
500.0,True,False,nan,46.57799530029297,0.5407675504684448,0.6193317174911499,9.0,2.7739474773406982,90.0
500.0,True,False,nan,45.16476058959961,0.5606422424316406,0.6440789699554443,3.0,2.907782793045044,90.0
500.0,True,False,nan,45.75550079345703,0.5604404807090759,0.6518348455429077,6.0,2.574094772338867,90.0
500.0,True,False,nan,45.8958854675293,0.5638039708137512,0.6373833417892456,7.0,2.6330838203430176,90.0
500.0,True,False,nan,50.190799713134766,0.517084002494812,0.7027490735054016,4.0,2.658090829849243,90.0
500.0,True,False,nan,47.01227951049805,0.5393885374069214,0.6571380496025085,5.0,2.5977418422698975,90.0
500.0,True,False,nan,45.398826599121094,0.5953342318534851,0.612699568271637,3.0,2.857447862625122,90.0
500.0,True,False,nan,49.09894561767578,0.5530146956443787,0.604501485824585,10.0,2.346526622772217,90.0
500.0,True,False,nan,51.560707092285156,0.5881293416023254,0.6807469129562378,3.0,2.9023947715759277,90.0
500.0,True,False,nan,34.099395751953125,0.4734521508216858,0.5831825733184814,3.0,2.559854745864868,90.0
500.0,True,False,nan,5.660223960876465,0.0325043648481369,0.5906693935394287,10.0,1.2240543365478516,90.0
500.0,True,False,nan,33.53388595581055,0.3762412965297699,0.5839496850967407,6.0,2.7866759300231934,90.0
500.0,True,False,nan,3.404960870742798,0.010908698663115501,0.6350713968276978,8.0,0.8913147449493408,90.0
500.0,True,False,nan,34.66269302368164,0.576737642288208,0.6432579755783081,3.0,2.609450340270996,90.0
500.0,True,False,nan,33.703857421875,0.5185753107070923,0.5943207740783691,9.0,2.7439956665039062,90.0
500.0,True,False,nan,7.213520050048828,0.05832719802856445,0.5944445729255676,8.0,1.5646655559539795,90.0
500.0,True,False,nan,40.193092346191406,0.6080880165100098,0.6534371972084045,5.0,2.6685681343078613,90.0
500.0,True,False,nan,2.9449708461761475,0.005973184015601873,0.6055624485015869,10.0,0.737989604473114,90.0
500.0,True,False,nan,9.423686981201172,0.06581161916255951,0.586409330368042,7.0,1.7264829874038696,90.0
500.0,True,False,nan,30.16437339782715,0.48061391711235046,0.602496325969696,4.0,2.356435775756836,90.0
500.0,True,False,nan,29.629228591918945,0.46411386132240295,0.6295884847640991,4.0,2.393519163131714,90.0
500.0,True,False,nan,41.65732955932617,0.5777058601379395,0.5862497091293335,11.0,2.4034738540649414,90.0
500.0,True,False,nan,27.30417251586914,0.47054725885391235,0.6292130947113037,7.0,2.5858023166656494,90.0
500.0,True,False,nan,40.6600456237793,0.5973291993141174,0.6341538429260254,3.0,2.7284114360809326,90.0
500.0,True,False,nan,27.04313087463379,0.41980400681495667,0.6583775281906128,7.0,2.7187092304229736,90.0
500.0,True,False,nan,29.514118194580078,0.31450173258781433,0.6100237965583801,6.0,2.5368025302886963,90.0
500.0,True,False,nan,16.59177017211914,0.13897962868213654,0.6119792461395264,4.0,1.982229471206665,90.0
500.0,True,False,nan,43.40543746948242,0.5926170349121094,0.5687677264213562,11.0,2.4000062942504883,90.0
500.0,True,False,nan,24.66326141357422,0.31841927766799927,0.7079508900642395,5.0,2.6237740516662598,90.0
500.0,True,False,nan,29.956493377685547,0.44374701380729675,0.6681829690933228,5.0,2.657381057739258,90.0
500.0,True,False,nan,38.382728576660156,0.6366769075393677,0.6721698045730591,10.0,2.999917507171631,90.0
500.0,True,False,nan,13.167065620422363,0.10294479131698608,0.6129481792449951,5.0,1.902222752571106,90.0
500.0,True,False,nan,37.141109466552734,0.593433141708374,0.6451637744903564,8.0,2.5724267959594727,90.0
500.0,True,False,nan,32.82622146606445,0.6035445332527161,0.6427775621414185,5.0,2.8327484130859375,90.0
500.0,True,False,nan,35.87211608886719,0.6169766783714294,0.5838782787322998,8.0,2.746237277984619,90.0
500.0,True,False,nan,40.257511138916016,0.5878041982650757,0.619270384311676,6.0,2.450770854949951,90.0
500.0,True,False,nan,15.275352478027344,0.14344002306461334,0.6000233292579651,5.0,1.9556052684783936,90.0
500.0,True,False,nan,27.252458572387695,0.30070409178733826,0.736464262008667,5.0,2.7528862953186035,90.0
500.0,True,False,nan,38.39797592163086,0.5138174295425415,0.65863037109375,3.0,2.4884238243103027,90.0
500.0,True,False,nan,30.556358337402344,0.4177899956703186,0.6657459735870361,5.0,2.7888858318328857,90.0
500.0,True,False,nan,27.568618774414062,0.4047110676765442,0.6296073794364929,3.0,2.5029966831207275,90.0
500.0,True,False,nan,29.7950439453125,0.4511289596557617,0.6496830582618713,6.0,2.77833890914917,90.0
500.0,True,False,nan,19.7037353515625,0.1906646192073822,0.6350923776626587,4.0,1.9882903099060059,90.0
500.0,True,False,nan,25.129579544067383,0.35757166147232056,0.751447319984436,4.0,2.560544490814209,90.0
500.0,True,False,nan,32.639034271240234,0.6115034818649292,0.6081842184066772,8.0,2.647965908050537,90.0
500.0,True,False,nan,26.190759658813477,0.3322097957134247,0.6404221057891846,7.0,2.622474193572998,90.0
500.0,True,False,nan,41.252960205078125,0.5161728858947754,0.664033830165863,2.0,2.4033877849578857,90.0
500.0,True,False,nan,20.68869972229004,0.19881394505500793,0.6340404748916626,6.0,2.0559380054473877,90.0
500.0,True,False,nan,28.059528350830078,0.41712045669555664,0.6580091714859009,5.0,2.7215352058410645,90.0
500.0,True,False,nan,26.26911163330078,0.3859759569168091,0.6658332943916321,3.0,2.2593472003936768,90.0
500.0,True,False,nan,50.36859130859375,0.5374090075492859,0.6159300804138184,12.0,3.0996079444885254,180.0
500.0,True,False,nan,45.17094421386719,0.500029444694519,0.6426117420196533,11.0,2.969675064086914,180.0
500.0,True,False,nan,48.3950309753418,0.515907883644104,0.7027088403701782,4.0,2.98793625831604,180.0
500.0,True,False,nan,47.712501525878906,0.5007351040840149,0.6423088312149048,12.0,2.851402521133423,180.0
500.0,True,False,nan,50.06108856201172,0.573645293712616,0.6854255199432373,2.0,3.0562984943389893,180.0
500.0,True,False,nan,47.777645111083984,0.605953574180603,0.5917046070098877,13.0,2.831805944442749,180.0
500.0,True,False,nan,45.11936950683594,0.6123002767562866,0.587552011013031,12.0,2.7058908939361572,180.0
500.0,True,False,nan,46.56206512451172,0.6053984761238098,0.7205892205238342,2.0,3.1911425590515137,180.0
500.0,True,False,nan,48.24980545043945,0.6720642447471619,0.6058965921401978,11.0,2.6418843269348145,180.0
500.0,True,False,nan,45.09333801269531,0.776481568813324,0.6440012454986572,7.0,3.0758721828460693,180.0
500.0,True,False,nan,45.59416198730469,0.8842778205871582,0.60450279712677,10.0,2.8513925075531006,180.0
500.0,True,False,nan,45.58300018310547,0.8404842019081116,0.6518306732177734,6.0,2.819260358810425,180.0
500.0,True,False,nan,47.293128967285156,1.0457134246826172,0.6640408039093018,2.0,2.904348850250244,180.0
500.0,True,False,nan,48.499671936035156,1.1584869623184204,0.6193414330482483,9.0,3.12481427192688,180.0
500.0,True,False,nan,46.99525833129883,1.2608139514923096,0.7224701046943665,3.0,3.2465381622314453,180.0
500.0,True,False,nan,46.91014099121094,1.2854944467544556,0.6440809369087219,3.0,3.202308177947998,180.0
500.0,True,False,nan,45.754722595214844,1.6523230075836182,0.5906703472137451,10.0,2.47187876701355,180.0
500.0,True,False,nan,46.50751495361328,1.8434643745422363,0.5839524269104004,6.0,2.895643711090088,180.0
500.0,True,False,nan,49.57399368286133,1.7925339937210083,0.5943228602409363,9.0,2.7482590675354004,180.0
500.0,True,False,nan,45.865234375,1.475879192352295,0.5862520337104797,11.0,2.499004602432251,180.0
500.0,True,False,nan,47.768882751464844,1.6434919834136963,0.655276358127594,5.0,2.664889097213745,180.0
500.0,True,False,nan,53.4798469543457,1.777509331703186,0.6081839203834534,8.0,2.7710530757904053,180.0
500.0,True,False,nan,50.38029861450195,1.5559276342391968,0.5687733292579651,11.0,2.515449047088623,180.0
500.0,True,False,nan,47.34585189819336,1.573628544807434,0.6451650857925415,8.0,2.666870355606079,180.0
500.0,True,False,nan,46.2969970703125,1.7399184703826904,0.5590271949768066,8.0,2.828826665878296,180.0
500.0,True,False,nan,48.93425750732422,1.7171525955200195,0.6341478228569031,3.0,2.85258412361145,180.0
500.0,True,False,nan,51.577598571777344,1.9001179933547974,0.6721737384796143,10.0,2.8067235946655273,180.0
500.0,True,False,nan,46.75324249267578,1.8968119621276855,0.5838702917098999,8.0,2.9388270378112793,180.0
500.0,True,False,nan,48.04561996459961,1.725391149520874,0.6373810768127441,7.0,2.823211193084717,180.0
500.0,True,False,nan,48.73991394042969,1.873762845993042,0.634039044380188,6.0,2.5390074253082275,180.0
500.0,True,False,nan,46.74980545043945,2.0831220149993896,0.6119810342788696,4.0,2.5789072513580322,180.0
500.0,True,False,nan,45.080169677734375,2.3095004558563232,0.5944452881813049,8.0,2.642106056213379,180.0
500.0,True,False,nan,47.55128860473633,2.273688793182373,0.6496794819831848,6.0,2.809272050857544,180.0
500.0,True,False,nan,45.53787612915039,2.405182361602783,0.6350697875022888,8.0,2.5676047801971436,180.0
500.0,True,False,nan,46.35490798950195,2.608616352081299,0.6116334199905396,5.0,3.153554916381836,180.0
500.0,True,False,nan,45.37187194824219,2.9378347396850586,0.6129656434059143,5.0,2.789219379425049,180.0
500.0,True,False,nan,45.00746154785156,3.3744287490844727,0.6100255846977234,6.0,2.955970048904419,180.0
500.0,True,False,nan,46.57666778564453,3.38962721824646,0.6055555939674377,8.0,2.688765525817871,180.0
500.0,False,True,1.5999999046325684,19.23882484436035,2.146475315093994,0.5831831693649292,3.0,2.905874252319336,180.0
500.0,False,True,1.6200000047683716,17.505306243896484,2.0860595703125,0.6432565450668335,3.0,2.8796277046203613,180.0
500.0,False,True,1.659999966621399,19.364582061767578,2.0535430908203125,0.6571380496025085,5.0,2.9846534729003906,180.0
500.0,False,True,1.8399999141693115,19.283992767333984,2.3215994834899902,0.5864087343215942,7.0,2.8920211791992188,180.0
500.0,False,True,1.7999999523162842,15.785871505737305,2.233633279800415,0.6024990677833557,4.0,2.595480442047119,180.0
500.0,False,True,1.5799999237060547,15.715104103088379,2.0086565017700195,0.6295849084854126,4.0,2.685129165649414,180.0
500.0,False,True,1.5199999809265137,14.685040473937988,1.7130895853042603,0.6718677282333374,7.0,2.519822359085083,180.0
500.0,False,True,2.5,16.690570831298828,3.3088254928588867,0.6292060613632202,7.0,2.6757423877716064,180.0
500.0,False,True,1.9399999380111694,17.358600616455078,2.4553639888763428,0.6583746075630188,7.0,2.7801475524902344,180.0
500.0,False,True,1.6200000047683716,16.443836212158203,1.9878318309783936,0.7079517841339111,5.0,2.6313371658325195,180.0
500.0,False,True,1.8600000143051147,17.799636840820312,2.3769443035125732,0.6681873202323914,5.0,2.8459417819976807,180.0
500.0,False,True,1.2799999713897705,14.641465187072754,1.4586371183395386,0.6464317440986633,7.0,2.5070853233337402,180.0
500.0,False,True,1.959999918937683,19.343931198120117,2.706256866455078,0.6427833437919617,5.0,2.8787195682525635,180.0
500.0,False,True,2.119999885559082,15.940385818481445,2.389045476913452,0.6192755699157715,6.0,2.6737279891967773,180.0
500.0,False,True,1.5399999618530273,16.19870948791504,1.9997608661651611,0.6000251173973083,5.0,2.647271156311035,180.0
500.0,False,True,1.8399999141693115,18.93973159790039,2.369575262069702,0.7364696264266968,5.0,2.8439412117004395,180.0
500.0,False,True,2.059999942779541,18.148761749267578,2.1336376667022705,0.6586236357688904,3.0,2.8796069622039795,180.0
500.0,False,True,1.959999918937683,18.7915096282959,2.6098761558532715,0.6657412648200989,5.0,2.858811378479004,180.0
500.0,False,True,1.5199999809265137,16.510744094848633,1.9637616872787476,0.6295983791351318,3.0,2.676330804824829,180.0
500.0,False,True,1.5999999046325684,15.05990982055664,1.9186625480651855,0.6350893974304199,4.0,2.56007719039917,180.0
500.0,False,True,1.5,15.386334419250488,1.7917784452438354,0.7514526844024658,4.0,2.5258572101593018,180.0
500.0,False,True,1.5999999046325684,16.939733505249023,2.04538631439209,0.6520202159881592,5.0,2.7436721324920654,180.0
500.0,False,True,1.659999966621399,17.814924240112305,2.200348377227783,0.6404218077659607,7.0,2.778167486190796,180.0
500.0,False,True,1.959999918937683,17.706205368041992,2.5336296558380127,0.6580109596252441,5.0,2.8174636363983154,180.0
500.0,False,True,1.1999999284744263,14.837732315063477,1.4943782091140747,0.6658305525779724,3.0,2.503740072250366,180.0
500.0,False,True,1.8399999141693115,20.92688751220703,2.4257278442382812,0.6807491779327393,3.0,3.0440165996551514,180.0
500.0,True,False,nan,46.93907165527344,0.4996114671230316,0.6421754956245422,12.0,2.8517463207244873,180.0
500.0,True,False,nan,45.17124557495117,0.5000293850898743,0.6426087021827698,11.0,2.969667434692383,180.0
500.0,True,False,nan,50.368778228759766,0.5374088883399963,0.6159302592277527,12.0,3.0996060371398926,180.0
500.0,True,False,nan,48.394676208496094,0.5158945918083191,0.7027515172958374,4.0,2.9879393577575684,180.0
500.0,True,False,nan,50.06064987182617,0.5736445188522339,0.6854243278503418,2.0,3.0562965869903564,180.0
500.0,True,False,nan,45.11891555786133,0.6123005747795105,0.5875532627105713,12.0,2.7058892250061035,180.0
500.0,True,False,nan,48.2502326965332,0.672048807144165,0.6059301495552063,11.0,2.641878604888916,180.0
500.0,True,False,nan,46.5612678527832,0.6053944826126099,0.7205973863601685,2.0,3.1911535263061523,180.0
500.0,True,False,nan,47.75748825073242,0.605921745300293,0.5917107462882996,13.0,2.8317673206329346,180.0
500.0,True,False,nan,4.411709308624268,0.0,0.722474992275238,7.0,0.6977149248123169,180.0
500.0,True,False,nan,0.39712852239608765,0.0,0.5839536190032959,9.0,0.0,180.0
500.0,True,False,nan,0.32745644450187683,0.0,0.5943228006362915,9.0,0.0,180.0
500.0,True,False,nan,21.4111328125,0.4264885485172272,0.651868462562561,6.0,2.819255828857422,180.0
500.0,True,False,nan,36.984886169433594,0.7426959872245789,0.6440026760101318,7.0,3.0758697986602783,180.0
500.0,True,False,nan,0.3322024345397949,0.0,0.6440802812576294,6.0,0.0,180.0
500.0,True,False,nan,1.7929691076278687,0.0,0.5862513184547424,11.0,0.46659961342811584,180.0
500.0,True,False,nan,24.79880142211914,0.4817962646484375,0.6045010089874268,10.0,2.851393461227417,180.0
500.0,True,False,nan,8.674844741821289,0.0409870445728302,0.621399462223053,8.0,1.5016932487487793,180.0
500.0,True,False,nan,20.06451416015625,0.4077882766723633,0.6640422344207764,2.0,2.9043514728546143,180.0
500.0,True,False,nan,45.27155303955078,0.299763023853302,0.6421764492988586,12.0,2.183983564376831,270.0
500.0,True,False,nan,45.675880432128906,0.294939249753952,0.5875542759895325,12.0,1.908155083656311,270.0
500.0,True,False,nan,48.87551498413086,0.30009129643440247,0.6159332990646362,12.0,2.055293083190918,270.0
500.0,True,False,nan,45.05702590942383,0.3323040306568146,0.6426168084144592,11.0,2.15549373626709,270.0
500.0,True,False,nan,46.37521743774414,0.29689428210258484,0.5917119383811951,13.0,2.015103816986084,270.0
500.0,True,False,nan,45.91551208496094,0.4602365791797638,0.702745795249939,4.0,2.3142385482788086,270.0
500.0,True,False,nan,45.2001838684082,0.39921578764915466,0.5590081214904785,8.0,2.126556396484375,270.0
500.0,True,False,nan,45.071815490722656,0.36853474378585815,0.6058975458145142,11.0,1.9697349071502686,270.0
500.0,True,False,nan,46.444007873535156,0.41391709446907043,0.6044999361038208,10.0,2.060394048690796,270.0
500.0,True,False,nan,46.57345199584961,0.555281400680542,0.6640423536300659,2.0,2.1368494033813477,270.0
500.0,True,False,nan,46.983951568603516,0.7049940228462219,0.7205938100814819,2.0,2.392334222793579,270.0
500.0,True,False,nan,47.38187026977539,0.6644782423973083,0.6854247450828552,2.0,2.295396089553833,270.0
500.0,True,False,nan,45.63327407836914,0.9082220792770386,0.6434714794158936,7.0,2.4603989124298096,270.0
500.0,True,False,nan,45.05451583862305,0.7956873178482056,0.5831841826438904,3.0,2.3737096786499023,270.0
500.0,True,False,nan,48.66523361206055,0.9419386386871338,0.644081711769104,3.0,2.7171716690063477,270.0
500.0,True,False,nan,53.66792297363281,0.6383637189865112,0.5796288847923279,9.0,2.0245683193206787,270.0
500.0,True,False,nan,50.00138473510742,0.8213299512863159,0.6213942170143127,8.0,2.3685309886932373,270.0
500.0,True,False,nan,48.502140045166016,0.8588013052940369,0.6432614326477051,3.0,2.4908289909362793,270.0
500.0,True,False,nan,46.923362731933594,0.8363267183303833,0.657136857509613,5.0,2.333307981491089,270.0
500.0,True,False,nan,45.447479248046875,0.7255216240882874,0.6024976968765259,4.0,2.1994261741638184,270.0
500.0,True,False,nan,53.02483367919922,0.8094284534454346,0.6295861005783081,4.0,2.28916597366333,270.0
500.0,True,False,nan,47.75385665893555,0.9448288679122925,0.6116353273391724,5.0,2.713850736618042,270.0
500.0,True,False,nan,49.76728820800781,0.9192105531692505,0.610025942325592,6.0,2.5560669898986816,270.0
500.0,True,False,nan,53.993587493896484,0.6832724809646606,0.5687707662582397,11.0,2.1728756427764893,270.0
500.0,True,False,nan,46.80293655395508,0.8236057162284851,0.6129601001739502,5.0,2.372863292694092,270.0
500.0,True,False,nan,48.69828796386719,0.8495417237281799,0.6464498043060303,7.0,2.2626404762268066,270.0
500.0,True,False,nan,50.192867279052734,0.7626003623008728,0.6192761063575745,6.0,2.1822988986968994,270.0
500.0,True,False,nan,52.9543571472168,0.7662104368209839,0.6586236357688904,3.0,2.3133597373962402,270.0
500.0,True,False,nan,54.38283920288086,0.8467726707458496,0.6350979804992676,4.0,2.351666212081909,270.0
500.0,True,False,nan,51.33499526977539,0.7658187747001648,0.6658336520195007,3.0,2.2127461433410645,270.0
500.0,True,False,nan,47.8398551940918,0.95461505651474,0.6807346940040588,3.0,2.6735475063323975,270.0
500.0,True,False,nan,53.461910247802734,0.9444029927253723,0.5839545726776123,6.0,2.556203842163086,270.0
500.0,True,False,nan,47.48856735229492,0.9565188884735107,0.6518696546554565,6.0,2.255276679992676,270.0
500.0,True,False,nan,54.63987731933594,0.8491738438606262,0.6055513024330139,8.0,2.3218324184417725,270.0
500.0,True,False,nan,51.89776611328125,0.8781498074531555,0.5864150524139404,7.0,2.3784430027008057,270.0
500.0,True,False,nan,46.01375198364258,0.909567654132843,0.5838746428489685,8.0,2.57920503616333,270.0
500.0,True,False,nan,54.340675354003906,0.833731472492218,0.6000214219093323,5.0,2.3285961151123047,270.0
500.0,True,False,nan,47.53641891479492,0.8759880661964417,0.6296031475067139,3.0,2.389150619506836,270.0
500.0,True,False,nan,47.64957809448242,1.0814597606658936,0.6427760124206543,5.0,2.6534345149993896,270.0
500.0,True,False,nan,47.14448928833008,0.9941115975379944,0.6292105317115784,7.0,2.482525110244751,270.0
500.0,True,False,nan,46.962005615234375,1.104311466217041,0.6681811809539795,5.0,2.523571252822876,270.0
500.0,True,False,nan,46.40711212158203,1.3116244077682495,0.7225278615951538,3.0,2.773759603500366,270.0
500.0,True,False,nan,47.98686981201172,1.0999624729156494,0.6404237151145935,7.0,2.6078310012817383,270.0
500.0,True,False,nan,45.08853530883789,1.0432871580123901,0.6350743770599365,8.0,2.3946757316589355,270.0
500.0,True,False,nan,50.19954299926758,1.3151795864105225,0.7364694476127625,5.0,2.7171573638916016,270.0
500.0,True,False,nan,47.056644439697266,1.0170321464538574,0.7514593005180359,4.0,2.473559856414795,270.0
500.0,True,False,nan,45.696659088134766,1.2386306524276733,0.6583725810050964,7.0,2.6323318481445312,270.0
500.0,True,False,nan,50.46835708618164,1.3445155620574951,0.6657420992851257,5.0,2.691210985183716,270.0
500.0,True,False,nan,47.02863311767578,1.3704158067703247,0.6496843099594116,6.0,2.669891834259033,270.0
500.0,True,False,nan,46.699134826660156,1.290390133857727,0.6580245494842529,5.0,2.631866455078125,270.0
500.0,True,False,nan,48.47150421142578,1.2473185062408447,0.7080338001251221,5.0,2.5816845893859863,270.0
500.0,True,False,nan,50.50662612915039,1.635185956954956,0.6721678376197815,10.0,2.79518461227417,270.0
500.0,True,False,nan,50.535301208496094,1.1703561544418335,0.6373840570449829,7.0,2.322518825531006,270.0
500.0,True,False,nan,47.47243881225586,1.4959737062454224,0.6534407734870911,5.0,2.578447103500366,270.0
500.0,True,False,nan,50.18879318237305,1.2954387664794922,0.6081828474998474,8.0,2.4882912635803223,270.0
500.0,True,False,nan,45.89593505859375,1.3117274045944214,0.6341567635536194,3.0,2.533402919769287,270.0
500.0,True,False,nan,47.91550827026367,1.3478854894638062,0.652024507522583,5.0,2.4272849559783936,270.0
500.0,True,False,nan,46.710262298583984,1.2060832977294922,0.6451674699783325,8.0,2.305241107940674,270.0
500.0,True,False,nan,46.663597106933594,1.3044415712356567,0.6340340971946716,6.0,2.3427860736846924,270.0
500.0,True,False,nan,46.39935302734375,1.374332308769226,0.594443142414093,9.0,2.5507121086120605,270.0
500.0,True,False,nan,45.332523345947266,1.350538969039917,0.6119888424873352,4.0,2.3260252475738525,270.0
500.0,True,False,nan,47.759796142578125,1.4286092519760132,0.5944460034370422,8.0,2.415053606033325,270.0
500.0,True,False,nan,45.18864440917969,1.4780709743499756,0.6718703508377075,7.0,2.3495190143585205,270.0
500.0,False,True,1.8199999332427979,23.411256790161133,2.0931873321533203,0.5906655788421631,10.0,2.3129615783691406,270.0
500.0,True,False,nan,45.27216720581055,0.2997622787952423,0.6421729326248169,12.0,2.1839778423309326,270.0
500.0,True,False,nan,48.8754768371582,0.300091415643692,0.6159337162971497,12.0,2.055293560028076,270.0
500.0,True,False,nan,45.6759033203125,0.2949365973472595,0.5875571370124817,12.0,1.9081579446792603,270.0
500.0,True,False,nan,45.05681228637695,0.3323041796684265,0.6426143050193787,11.0,2.155494213104248,270.0
500.0,True,False,nan,46.3750114440918,0.29689595103263855,0.5917102694511414,13.0,2.015103578567505,270.0
500.0,True,False,nan,10.720437049865723,0.10800908505916595,0.7224735021591187,3.0,2.117676019668579,270.0
500.0,True,False,nan,25.444950103759766,0.3382049798965454,0.5831840634346008,3.0,2.373711109161377,270.0
500.0,True,False,nan,0.39712852239608765,0.0,0.5839537978172302,6.0,0.34565654397010803,270.0
500.0,True,False,nan,7.553384304046631,0.07837604731321335,0.6432558298110962,3.0,1.9188228845596313,270.0
500.0,True,False,nan,11.113987922668457,0.1326550543308258,0.657138466835022,5.0,2.0426154136657715,270.0
500.0,True,False,nan,21.890981674194336,0.24949249625205994,0.6518619060516357,6.0,2.2552859783172607,270.0
500.0,True,False,nan,19.440040588378906,0.3152552545070648,0.6055701971054077,8.0,2.321828842163086,270.0
500.0,True,False,nan,22.59441375732422,0.2538720667362213,0.6440001726150513,7.0,2.466024398803711,270.0
500.0,True,False,nan,22.03894805908203,0.30812332034111023,0.5863885879516602,7.0,2.3784825801849365,270.0
500.0,True,False,nan,22.594181060791016,0.31965452432632446,0.6024981141090393,4.0,2.199418783187866,270.0
500.0,True,False,nan,10.972982406616211,0.1231030523777008,0.6440792083740234,3.0,2.0509700775146484,270.0
500.0,True,False,nan,20.282384872436523,0.34702974557876587,0.6295861601829529,4.0,2.2891647815704346,270.0
500.0,True,False,nan,27.394577026367188,0.330202579498291,0.5794392824172974,12.0,2.0322816371917725,270.0
500.0,True,False,nan,0.6887024641036987,0.0,0.6292072534561157,7.0,0.4411851465702057,270.0
500.0,True,False,nan,36.4691047668457,0.4123396575450897,0.7205930948257446,2.0,2.3923304080963135,270.0
500.0,True,False,nan,36.21390914916992,0.39917388558387756,0.6854242086410522,2.0,2.2954015731811523,270.0
500.0,True,False,nan,7.041774749755859,0.06606120616197586,0.6142414212226868,4.0,1.7709405422210693,270.0
500.0,True,False,nan,2.496694326400757,0.012914735823869705,0.6100322604179382,6.0,0.9594759941101074,270.0
500.0,True,False,nan,24.231775283813477,0.3159003257751465,0.5687745809555054,11.0,2.1728713512420654,270.0
500.0,True,False,nan,1.0896625518798828,0.0,0.7079540491104126,5.0,0.4438512623310089,270.0
500.0,True,False,nan,1.7395634651184082,0.0016385960625484586,0.6681850552558899,9.0,0.7172995805740356,270.0
500.0,True,False,nan,5.174074172973633,0.026633508503437042,0.6721756458282471,10.0,1.3102847337722778,270.0
500.0,True,False,nan,41.02788543701172,0.42519617080688477,0.7027473449707031,4.0,2.308309316635132,270.0
500.0,True,False,nan,21.503023147583008,0.34709247946739197,0.6129477024078369,5.0,2.372870683670044,270.0
500.0,True,False,nan,18.53763198852539,0.3255206048488617,0.6464570760726929,7.0,2.262641429901123,270.0
500.0,True,False,nan,29.89025115966797,0.27760574221611023,0.5590257048606873,8.0,2.1265740394592285,270.0
500.0,True,False,nan,9.214094161987305,0.09416521340608597,0.6427772045135498,5.0,1.9070956707000732,270.0
500.0,True,False,nan,0.4609764516353607,0.0,0.5838707685470581,8.0,0.3656480610370636,270.0
500.0,True,False,nan,5.653190612792969,0.05341262370347977,0.6192755699157715,7.0,1.6080176830291748,270.0
500.0,True,False,nan,0.6342733502388,0.0,0.6000253558158875,5.0,0.43142399191856384,270.0
500.0,True,False,nan,10.84986686706543,0.12427197396755219,0.7364708781242371,5.0,2.0879619121551514,270.0
500.0,True,False,nan,39.060081481933594,0.3336712121963501,0.6059001088142395,11.0,1.9697338342666626,270.0
500.0,True,False,nan,25.905254364013672,0.31936129927635193,0.6586244106292725,3.0,2.3133742809295654,270.0
500.0,True,False,nan,5.169717788696289,0.039871811866760254,0.6657453775405884,8.0,1.506895899772644,270.0
500.0,True,False,nan,0.7607902884483337,0.0,0.635083794593811,4.0,0.4596322774887085,270.0
500.0,True,False,nan,39.81789779663086,0.3676382899284363,0.6045004725456238,10.0,2.0604023933410645,270.0
500.0,True,False,nan,12.989294052124023,0.19131878018379211,0.6193410754203796,9.0,2.1984360218048096,270.0
500.0,True,False,nan,3.1896049976348877,0.01817980408668518,0.6404032111167908,7.0,1.130035400390625,270.0
500.0,True,False,nan,33.06619644165039,0.35759279131889343,0.6640387773513794,2.0,2.136847496032715,270.0
500.0,True,False,nan,20.237266540527344,0.3343144655227661,0.6658389568328857,3.0,2.212754249572754,270.0
500.0,True,False,nan,6.949071884155273,0.0654929131269455,0.6807346343994141,3.0,1.8016403913497925,270.0
550.0,True,False,nan,51.85818862915039,0.3561212420463562,0.615928590297699,12.0,2.6736814975738525,0.0
550.0,True,False,nan,51.12473678588867,0.36099550127983093,0.6426144242286682,11.0,2.6200733184814453,0.0
550.0,True,False,nan,46.35297393798828,0.3701765239238739,0.5917112231254578,13.0,2.6120545864105225,0.0
550.0,True,False,nan,50.41550064086914,0.3487032353878021,0.6421768069267273,12.0,2.6009325981140137,0.0
550.0,True,False,nan,47.4903450012207,0.38935765624046326,0.5875559449195862,12.0,2.4938504695892334,0.0
550.0,True,False,nan,45.323944091796875,0.36587533354759216,0.7027438879013062,4.0,2.5423598289489746,0.0
550.0,True,False,nan,48.67860794067383,0.4346744418144226,0.5590102672576904,8.0,2.5442452430725098,0.0
550.0,True,False,nan,46.36919403076172,0.45637694001197815,0.685417652130127,2.0,2.753899335861206,0.0
550.0,True,False,nan,56.74542236328125,0.629000186920166,0.6059278249740601,11.0,2.4008750915527344,0.0
550.0,True,False,nan,49.907684326171875,0.7064537405967712,0.6440069675445557,7.0,2.478184700012207,0.0
550.0,True,False,nan,50.65300369262695,0.7436896562576294,0.6193398833274841,9.0,2.5880444049835205,0.0
550.0,True,False,nan,45.20547866821289,0.8084733486175537,0.6134071946144104,5.0,2.7016475200653076,0.0
550.0,True,False,nan,47.06783676147461,0.701013445854187,0.7205936312675476,2.0,2.8568673133850098,0.0
550.0,True,False,nan,47.46601486206055,0.9312579035758972,0.6586300134658813,3.0,2.8490066528320312,0.0
550.0,True,False,nan,49.74618911743164,1.0046226978302002,0.5831835269927979,3.0,2.8449134826660156,0.0
550.0,True,False,nan,51.24802780151367,1.159738540649414,0.5864086747169495,7.0,2.7783381938934326,0.0
550.0,True,False,nan,46.11636734008789,1.1306031942367554,0.6100305318832397,6.0,2.8535938262939453,0.0
550.0,True,False,nan,45.34856033325195,1.0581116676330566,0.6808746457099915,3.0,2.891266345977783,0.0
550.0,True,False,nan,60.96193313598633,0.8747035264968872,0.6045036911964417,10.0,2.5193986892700195,0.0
550.0,True,False,nan,57.53626251220703,0.9680020213127136,0.6640405058860779,2.0,2.721459150314331,0.0
550.0,True,False,nan,51.78163146972656,1.0824060440063477,0.643252968788147,3.0,2.7033581733703613,0.0
550.0,True,False,nan,45.034061431884766,1.2825480699539185,0.6055557131767273,8.0,2.6178359985351562,0.0
550.0,True,False,nan,47.16844177246094,1.121186375617981,0.6295843124389648,4.0,2.646378755569458,0.0
550.0,True,False,nan,46.39745330810547,1.2836663722991943,0.6681672930717468,5.0,2.725518226623535,0.0
550.0,True,False,nan,49.56659698486328,1.2066302299499512,0.600020706653595,5.0,2.5949034690856934,0.0
550.0,True,False,nan,49.48563003540039,1.2623472213745117,0.6520198583602905,5.0,2.7214577198028564,0.0
550.0,True,False,nan,47.998172760009766,1.015188217163086,0.6571382880210876,5.0,2.5609190464019775,0.0
550.0,True,False,nan,47.938636779785156,1.2203351259231567,0.6024978756904602,4.0,2.5087952613830566,0.0
550.0,True,False,nan,45.15700912475586,1.2521787881851196,0.6296129822731018,3.0,2.5880300998687744,0.0
550.0,True,False,nan,45.47895812988281,1.4858342409133911,0.6427838206291199,5.0,2.8490841388702393,0.0
550.0,True,False,nan,49.084686279296875,1.5527751445770264,0.6129551529884338,5.0,2.607971429824829,0.0
550.0,True,False,nan,49.05276870727539,1.556644082069397,0.5838701128959656,8.0,2.651118516921997,0.0
550.0,True,False,nan,48.44565963745117,1.3681950569152832,0.722470223903656,3.0,2.6558218002319336,0.0
550.0,True,False,nan,47.51214599609375,1.668483018875122,0.5839550495147705,6.0,2.699777126312256,0.0
550.0,True,False,nan,56.87776565551758,1.6106946468353271,0.5944432020187378,9.0,2.599180221557617,0.0
550.0,True,False,nan,46.847232818603516,1.4061188697814941,0.665741503238678,5.0,2.7429771423339844,0.0
550.0,True,False,nan,45.54814147949219,1.439603328704834,0.736471951007843,5.0,2.8820736408233643,0.0
550.0,True,False,nan,52.73283386230469,1.787375807762146,0.6721667647361755,10.0,2.6948232650756836,0.0
550.0,True,False,nan,47.897743225097656,1.5679669380187988,0.6440796852111816,3.0,2.5801186561584473,0.0
550.0,True,False,nan,45.4163932800293,1.6256924867630005,0.6404252648353577,7.0,2.7706360816955566,0.0
550.0,True,False,nan,49.53068542480469,1.9188265800476074,0.5944469571113586,8.0,2.509530782699585,0.0
550.0,True,False,nan,50.052574157714844,1.9877784252166748,0.611987292766571,4.0,2.4026317596435547,0.0
550.0,True,False,nan,55.9604606628418,1.670318365097046,0.5687758922576904,11.0,2.296563148498535,0.0
550.0,True,False,nan,48.02721405029297,1.8807482719421387,0.5906668901443481,10.0,2.3867640495300293,0.0
550.0,True,False,nan,55.81019592285156,1.4193185567855835,0.6518364548683167,6.0,2.2722530364990234,0.0
550.0,True,False,nan,47.66999053955078,3.067018747329712,0.6464576721191406,7.0,2.697815418243408,0.0
550.0,False,False,nan,18.799854278564453,1.915696620941162,0.6350773572921753,8.0,2.2938344478607178,0.0
550.0,False,True,1.4399999380111694,16.477811813354492,1.279465913772583,0.6534376740455627,5.0,2.3331243991851807,0.0
550.0,False,True,0.85999995470047,19.120100021362305,1.0726075172424316,0.6377789974212646,7.0,2.2707536220550537,0.0
550.0,False,True,1.4399999380111694,27.70331382751465,1.9017797708511353,0.6718708276748657,7.0,2.56421160697937,0.0
550.0,False,True,1.7599999904632568,43.19516372680664,1.7597912549972534,0.5794405937194824,12.0,2.2757203578948975,0.0
550.0,False,True,1.8600000143051147,24.96261215209961,2.5034449100494385,0.6292084455490112,7.0,2.537933349609375,0.0
550.0,False,True,2.0,21.451229095458984,1.7981324195861816,0.6341544985771179,3.0,2.4262635707855225,0.0
550.0,False,True,1.0799999237060547,24.307174682617188,1.3692995309829712,0.6583753824234009,7.0,2.5442564487457275,0.0
550.0,False,True,1.959999918937683,28.435867309570312,2.1378936767578125,0.7079559564590454,5.0,2.624664068222046,0.0
550.0,False,True,0.8799999952316284,15.029728889465332,1.1317524909973145,0.6451647877693176,8.0,2.246380567550659,0.0
550.0,False,True,1.4199999570846558,25.27407455444336,1.3833458423614502,0.6192778944969177,6.0,2.311889410018921,0.0
550.0,False,True,1.8399999141693115,23.671463012695312,2.3794524669647217,0.6496827006340027,6.0,2.6186766624450684,0.0
550.0,False,True,1.459999918937683,31.00885009765625,1.7362143993377686,0.63508540391922,4.0,2.6166038513183594,0.0
550.0,False,True,1.899999976158142,28.58951187133789,2.201439619064331,0.7515838742256165,4.0,2.629671335220337,0.0
550.0,False,True,1.71999990940094,24.042362213134766,1.9138360023498535,0.6081834435462952,8.0,2.4645962715148926,0.0
550.0,False,True,2.2799999713897705,21.74233627319336,1.957822322845459,0.6340310573577881,6.0,2.3073678016662598,0.0
550.0,False,True,1.6799999475479126,33.895172119140625,2.2256555557250977,0.6580049991607666,5.0,2.6263158321380615,0.0
550.0,False,True,1.4399999380111694,33.221046447753906,1.7814733982086182,0.6658356189727783,3.0,2.6104979515075684,0.0
550.0,True,False,nan,51.85813522338867,0.3561190962791443,0.6159296631813049,12.0,2.6736817359924316,0.0
550.0,True,False,nan,46.3431396484375,0.3701801002025604,0.5917049646377563,13.0,2.612075090408325,0.0
550.0,True,False,nan,51.124603271484375,0.3609955310821533,0.6426138877868652,11.0,2.620068073272705,0.0
550.0,True,False,nan,48.679622650146484,0.43466290831565857,0.5590476989746094,8.0,2.544245481491089,0.0
550.0,True,False,nan,50.4158935546875,0.3487031161785126,0.6421761512756348,12.0,2.6009304523468018,0.0
550.0,True,False,nan,45.324432373046875,0.36587288975715637,0.7027453780174255,4.0,2.542356491088867,0.0
550.0,True,False,nan,0.9591997861862183,0.0,0.722494900226593,3.0,0.3378743529319763,0.0
550.0,True,False,nan,42.75579071044922,0.3430253267288208,0.5831832885742188,3.0,2.8449149131774902,0.0
550.0,True,False,nan,33.02217483520508,0.34544071555137634,0.5875508785247803,12.0,2.4938528537750244,0.0
550.0,True,False,nan,2.7475168704986572,0.0008839773945510387,0.583956241607666,6.0,0.5560654997825623,0.0
550.0,True,False,nan,5.069177150726318,0.02299664169549942,0.6432552337646484,3.0,1.0511441230773926,0.0
550.0,True,False,nan,2.6963140964508057,0.0,0.5943158864974976,9.0,0.570290207862854,0.0
550.0,True,False,nan,15.006269454956055,0.0898037925362587,0.6055610179901123,8.0,2.1275603771209717,0.0
550.0,True,False,nan,40.0794792175293,0.302471399307251,0.5864005088806152,7.0,2.703281879425049,0.0
550.0,True,False,nan,40.94087600708008,0.3334701657295227,0.7205930948257446,2.0,2.8568718433380127,0.0
550.0,True,False,nan,40.596580505371094,0.34262481331825256,0.6854261159896851,2.0,2.753898859024048,0.0
550.0,True,False,nan,6.7557220458984375,0.03147764131426811,0.6116371154785156,5.0,1.2397090196609497,0.0
550.0,True,False,nan,40.634952545166016,0.23753516376018524,0.61005038022995,6.0,2.7292704582214355,0.0
550.0,True,False,nan,2.9476282596588135,0.00329557410441339,0.6682129502296448,5.0,0.6737208962440491,0.0
550.0,True,False,nan,3.624662399291992,0.006223821546882391,0.6129006147384644,5.0,0.7061424255371094,0.0
550.0,True,False,nan,2.4144346714019775,0.0009471892844885588,0.6427806615829468,5.0,0.6038432717323303,0.0
550.0,True,False,nan,4.605555534362793,0.015284275636076927,0.5838708281517029,8.0,0.9087077975273132,0.0
550.0,True,False,nan,40.19613265991211,0.6224281787872314,0.6059351563453674,11.0,2.4008703231811523,0.0
550.0,True,False,nan,41.28165054321289,0.38266682624816895,0.6586253643035889,3.0,2.8489928245544434,0.0
550.0,True,False,nan,35.109275817871094,0.31650078296661377,0.6045008301734924,10.0,2.5193967819213867,0.0
550.0,True,False,nan,11.44377326965332,0.06397860497236252,0.6213981509208679,8.0,1.8195180892944336,0.0
550.0,True,False,nan,1.5805342197418213,0.0,0.6520224809646606,5.0,0.4271818995475769,0.0
550.0,True,False,nan,38.62939453125,0.3170046806335449,0.6640371680259705,2.0,2.681783676147461,0.0
550.0,True,False,nan,38.40908432006836,0.2458830028772354,0.6807422637939453,3.0,2.7806780338287354,0.0
550.0,True,False,nan,47.12068176269531,0.32508784532546997,0.6159295439720154,12.0,2.632460832595825,90.0
550.0,True,False,nan,45.5553092956543,0.3959164023399353,0.7224710583686829,3.0,3.1603035926818848,90.0
550.0,True,False,nan,46.4495964050293,0.38593316078186035,0.7027484178543091,4.0,2.8812968730926514,90.0
550.0,True,False,nan,46.056724548339844,0.3726252317428589,0.5590130686759949,8.0,2.700054407119751,90.0
550.0,True,False,nan,45.24454879760742,0.38693809509277344,0.6214017868041992,8.0,2.9535071849823,90.0
550.0,True,False,nan,47.462303161621094,0.45064589381217957,0.6440067887306213,7.0,2.9970786571502686,90.0
550.0,True,False,nan,47.94609451293945,0.4439624547958374,0.6440802216529846,3.0,3.1074001789093018,90.0
550.0,True,False,nan,47.27006530761719,0.38668692111968994,0.7205861806869507,2.0,2.8856594562530518,90.0
550.0,True,False,nan,46.876461029052734,0.3948759436607361,0.685414731502533,2.0,2.7793726921081543,90.0
550.0,True,False,nan,45.372047424316406,0.44421806931495667,0.6116380095481873,5.0,3.0702476501464844,90.0
550.0,True,False,nan,47.04974365234375,0.39479461312294006,0.6426107287406921,11.0,2.618525505065918,90.0
550.0,True,False,nan,46.80229568481445,0.4045845866203308,0.5917150378227234,13.0,2.4843039512634277,90.0
550.0,True,False,nan,45.54909133911133,0.38325586915016174,0.6421715617179871,12.0,2.5026111602783203,90.0
550.0,True,False,nan,45.87049865722656,0.4493100941181183,0.6807462573051453,3.0,3.115504264831543,90.0
550.0,True,False,nan,45.47193908691406,0.4859001636505127,0.5875539779663086,12.0,2.3493776321411133,90.0
550.0,True,False,nan,47.922237396240234,0.5194990038871765,0.6058955192565918,11.0,2.5017130374908447,90.0
550.0,True,False,nan,47.24586486816406,0.5440553426742554,0.6571398973464966,5.0,2.787978172302246,90.0
550.0,True,False,nan,49.079410552978516,0.573449432849884,0.6377766728401184,7.0,2.8198578357696533,90.0
550.0,True,False,nan,45.06254577636719,0.5732399821281433,0.5794379115104675,12.0,2.5512313842773438,90.0
550.0,True,False,nan,46.349082946777344,0.5789225697517395,0.5687699317932129,11.0,2.5727040767669678,90.0
550.0,True,False,nan,47.288543701171875,0.5163550972938538,0.6586287021636963,3.0,2.6868162155151367,90.0
550.0,True,False,nan,49.143795013427734,0.5510231256484985,0.6045011281967163,10.0,2.5372238159179688,90.0
550.0,True,False,nan,47.89555358886719,0.5135931968688965,0.6640352010726929,2.0,2.591337203979492,90.0
550.0,True,False,nan,45.916053771972656,0.5909546613693237,0.5831836462020874,3.0,2.7640254497528076,90.0
550.0,True,False,nan,46.36216735839844,0.6336391568183899,0.5839550495147705,6.0,3.0223846435546875,90.0
550.0,True,False,nan,47.70623779296875,0.5901926159858704,0.6432587504386902,3.0,2.8187224864959717,90.0
550.0,True,False,nan,52.12329864501953,0.6244835257530212,0.6518720984458923,6.0,2.780061960220337,90.0
550.0,True,False,nan,47.72697067260742,0.6235781908035278,0.6551791429519653,5.0,2.883204936981201,90.0
550.0,True,False,nan,49.67584991455078,0.6126396059989929,0.6341551542282104,3.0,2.9422693252563477,90.0
550.0,True,False,nan,46.94156265258789,0.6467710733413696,0.6721722483634949,10.0,3.224702835083008,90.0
550.0,True,False,nan,45.32600402832031,0.6088019609451294,0.6451647877693176,8.0,2.7622416019439697,90.0
550.0,True,False,nan,47.90644073486328,0.649646520614624,0.5838690400123596,8.0,2.9457473754882812,90.0
550.0,True,False,nan,49.11545181274414,0.5963301658630371,0.6192759871482849,6.0,2.6511106491088867,90.0
550.0,True,False,nan,46.063175201416016,0.6326817274093628,0.6081798076629639,8.0,2.873239278793335,90.0
550.0,True,False,nan,50.475120544433594,0.6704972982406616,0.594316840171814,9.0,2.94057297706604,90.0
550.0,True,False,nan,49.81736373901367,0.6079190373420715,0.6024990677833557,4.0,2.5426063537597656,90.0
550.0,True,False,nan,48.9297981262207,0.6081575751304626,0.629585325717926,4.0,2.6051852703094482,90.0
550.0,True,False,nan,47.825069427490234,0.6345518231391907,0.6583723425865173,7.0,2.946838617324829,90.0
550.0,True,False,nan,48.69111251831055,0.6389879584312439,0.6100272536277771,6.0,2.9694697856903076,90.0
550.0,True,False,nan,47.791927337646484,0.6150729656219482,0.6119828224182129,4.0,2.643665075302124,90.0
550.0,True,False,nan,47.17837142944336,0.6027539372444153,0.6681244373321533,5.0,2.8688693046569824,90.0
550.0,True,False,nan,45.461761474609375,0.6098403334617615,0.6129711270332336,5.0,2.729456663131714,90.0
550.0,True,False,nan,50.78517150878906,0.6475987434387207,0.6427780389785767,5.0,3.053241491317749,90.0
550.0,True,False,nan,50.031227111816406,0.6378215551376343,0.6657420992851257,5.0,3.00635027885437,90.0
550.0,True,False,nan,45.80944061279297,0.6243054270744324,0.6296195983886719,3.0,2.716409921646118,90.0
550.0,True,False,nan,50.400901794433594,0.6562872529029846,0.6496813893318176,6.0,3.0071520805358887,90.0
550.0,True,False,nan,45.508934020996094,0.5556678771972656,0.7514532208442688,4.0,2.7834179401397705,90.0
550.0,True,False,nan,45.13433837890625,0.6257615089416504,0.6340387463569641,6.0,2.690410614013672,90.0
550.0,True,False,nan,51.440711975097656,0.6348533630371094,0.6580274105072021,5.0,2.9474589824676514,90.0
550.0,True,False,nan,48.329437255859375,0.6538835763931274,0.590675950050354,10.0,2.6169190406799316,90.0
550.0,True,False,nan,45.48212432861328,0.656740665435791,0.6350774168968201,8.0,2.6814658641815186,90.0
550.0,True,False,nan,47.70833206176758,0.6626371741294861,0.5944498181343079,8.0,2.6601717472076416,90.0
550.0,True,False,nan,48.4705924987793,0.631403386592865,0.5864083766937256,7.0,2.812143087387085,90.0
550.0,True,False,nan,47.6025390625,0.6715855002403259,0.6292098760604858,7.0,2.8111517429351807,90.0
550.0,True,False,nan,48.42613220214844,0.651793897151947,0.6000219583511353,5.0,2.5953125953674316,90.0
550.0,True,False,nan,50.92558288574219,0.6235828995704651,0.7364636063575745,5.0,3.091183662414551,90.0
550.0,True,False,nan,47.19002151489258,0.637734591960907,0.6350852847099304,4.0,2.6220016479492188,90.0
550.0,True,False,nan,45.63382339477539,0.6303032636642456,0.6520258188247681,5.0,2.7396886348724365,90.0
550.0,True,False,nan,47.29582977294922,0.6690251231193542,0.6404280066490173,7.0,2.900054454803467,90.0
550.0,True,False,nan,51.483543395996094,0.5773467421531677,0.6658375263214111,3.0,2.4571540355682373,90.0
550.0,True,False,nan,45.34366226196289,0.6594031453132629,0.6718665361404419,7.0,2.5996737480163574,90.0
550.0,True,False,nan,47.12590026855469,0.6599997878074646,0.7079488635063171,5.0,2.860846519470215,90.0
550.0,True,False,nan,48.836463928222656,0.6536778807640076,0.6055676937103271,8.0,2.684241533279419,90.0
550.0,True,False,nan,45.3928337097168,0.9278119802474976,0.6464594006538391,7.0,2.487764358520508,90.0
550.0,True,False,nan,47.12074661254883,0.3250875473022461,0.6159309148788452,12.0,2.6324594020843506,90.0
550.0,True,False,nan,46.44955825805664,0.3859338164329529,0.702745795249939,4.0,2.8812897205352783,90.0
550.0,True,False,nan,45.55524444580078,0.3959055244922638,0.7225300073623657,3.0,3.1602401733398438,90.0
550.0,True,False,nan,47.462589263916016,0.45064878463745117,0.6439996957778931,7.0,2.9970755577087402,90.0
550.0,True,False,nan,47.049705505371094,0.39479267597198486,0.6426125168800354,11.0,2.6185145378112793,90.0
550.0,True,False,nan,45.275447845458984,0.38722124695777893,0.6193422079086304,9.0,2.9597222805023193,90.0
550.0,True,False,nan,47.95288848876953,0.44393667578697205,0.6440674662590027,3.0,3.1072418689727783,90.0
550.0,True,False,nan,47.27004623413086,0.38668233156204224,0.7205986976623535,2.0,2.8856568336486816,90.0
550.0,True,False,nan,46.87660598754883,0.3948723375797272,0.6854284405708313,2.0,2.7793779373168945,90.0
550.0,True,False,nan,45.37202835083008,0.44421806931495667,0.6116355657577515,5.0,3.0702550411224365,90.0
550.0,True,False,nan,46.05681610107422,0.37261712551116943,0.5590268969535828,8.0,2.700124740600586,90.0
550.0,True,False,nan,45.548912048339844,0.3832555413246155,0.6421743631362915,12.0,2.502609968185425,90.0
550.0,True,False,nan,46.802337646484375,0.4045868217945099,0.5917120575904846,13.0,2.484297275543213,90.0
550.0,True,False,nan,45.87054443359375,0.44931337237358093,0.6807326674461365,3.0,3.1155073642730713,90.0
550.0,True,False,nan,47.92224884033203,0.5194985866546631,0.6058974862098694,11.0,2.501716136932373,90.0
550.0,True,False,nan,45.4719352722168,0.4858981668949127,0.5875571370124817,12.0,2.3493738174438477,90.0
550.0,True,False,nan,47.24601364135742,0.5440555214881897,0.6571390628814697,5.0,2.7879798412323,90.0
550.0,True,False,nan,49.07932662963867,0.5735901594161987,0.6373862624168396,7.0,2.819880485534668,90.0
550.0,True,False,nan,45.062400817871094,0.5732390880584717,0.5794389843940735,12.0,2.5512280464172363,90.0
550.0,True,False,nan,46.068138122558594,0.5863851308822632,0.568361759185791,8.0,2.5677268505096436,90.0
550.0,True,False,nan,47.288490295410156,0.5163539052009583,0.6586249470710754,3.0,2.686798572540283,90.0
550.0,True,False,nan,49.14356231689453,0.5510227084159851,0.6045015454292297,10.0,2.5372231006622314,90.0
550.0,True,False,nan,47.895477294921875,0.5135904550552368,0.6640362739562988,2.0,2.591327428817749,90.0
550.0,True,False,nan,47.705562591552734,0.5901895761489868,0.6432590484619141,3.0,2.818730592727661,90.0
550.0,True,False,nan,49.67570877075195,0.6126406192779541,0.6341533660888672,3.0,2.942258358001709,90.0
550.0,True,False,nan,45.91600799560547,0.5909532904624939,0.58318692445755,3.0,2.7640278339385986,90.0
550.0,True,False,nan,46.362361907958984,0.6336439847946167,0.583953857421875,6.0,3.022371530532837,90.0
550.0,True,False,nan,48.21925354003906,0.6241770386695862,0.6534393429756165,5.0,2.869452953338623,90.0
550.0,True,False,nan,46.94142532348633,0.6467753648757935,0.6721621155738831,10.0,3.2247085571289062,90.0
550.0,True,False,nan,47.906761169433594,0.6496467590332031,0.5838714838027954,8.0,2.945746660232544,90.0
550.0,True,False,nan,49.11436462402344,0.596326470375061,0.6192764043807983,6.0,2.651106119155884,90.0
550.0,True,False,nan,46.06310272216797,0.6326799392700195,0.6081820726394653,8.0,2.873234510421753,90.0
550.0,True,False,nan,50.47518539428711,0.670498251914978,0.5943170785903931,9.0,2.9405853748321533,90.0
550.0,True,False,nan,49.81733322143555,0.6079264879226685,0.6024950742721558,4.0,2.542602062225342,90.0
550.0,True,False,nan,45.32630157470703,0.6088003516197205,0.6451647281646729,8.0,2.762240171432495,90.0
550.0,True,False,nan,52.12281036376953,0.6244844794273376,0.6518712639808655,6.0,2.780050277709961,90.0
550.0,True,False,nan,48.929691314697266,0.6081603169441223,0.6295823454856873,4.0,2.605182647705078,90.0
550.0,True,False,nan,47.82579803466797,0.6345537900924683,0.658372700214386,7.0,2.9468343257904053,90.0
550.0,True,False,nan,48.69087600708008,0.6389734745025635,0.6100536584854126,6.0,2.9694740772247314,90.0
550.0,True,False,nan,47.792205810546875,0.6150700449943542,0.611994743347168,4.0,2.643665075302124,90.0
550.0,True,False,nan,45.46211242675781,0.6098451018333435,0.6129670143127441,5.0,2.7294509410858154,90.0
550.0,True,False,nan,50.78559112548828,0.6476061344146729,0.642774760723114,5.0,3.053239107131958,90.0
550.0,True,False,nan,50.03099060058594,0.6378258466720581,0.6657382249832153,5.0,3.0063424110412598,90.0
550.0,True,False,nan,50.40049743652344,0.6562888622283936,0.6496774554252625,6.0,3.0071516036987305,90.0
550.0,True,False,nan,51.43989944458008,0.6348685026168823,0.6580021381378174,5.0,2.947449207305908,90.0
550.0,True,False,nan,48.47035217285156,0.63141268491745,0.5863898992538452,7.0,2.8121869564056396,90.0
550.0,True,False,nan,47.17470932006836,0.602715015411377,0.6681837439537048,5.0,2.868917465209961,90.0
550.0,True,False,nan,45.50937271118164,0.5556708574295044,0.7514564990997314,4.0,2.7834291458129883,90.0
550.0,True,False,nan,50.925655364990234,0.6235812902450562,0.7364635467529297,5.0,3.091188430786133,90.0
550.0,True,False,nan,45.809974670410156,0.6243111491203308,0.6296076774597168,3.0,2.7164249420166016,90.0
550.0,True,False,nan,45.13782501220703,0.6257666349411011,0.6340386271476746,6.0,2.6904869079589844,90.0
550.0,True,False,nan,42.18855285644531,0.659511148929596,0.5906638503074646,10.0,2.616915702819824,90.0
550.0,True,False,nan,40.95672607421875,0.6527047157287598,0.6350653171539307,8.0,2.6814634799957275,90.0
550.0,True,False,nan,37.527122497558594,0.6585633754730225,0.5944485068321228,8.0,2.6601569652557373,90.0
550.0,True,False,nan,34.793392181396484,0.5228329300880432,0.6055633425712585,8.0,2.684238910675049,90.0
550.0,True,False,nan,27.26336669921875,0.44805073738098145,0.6718757748603821,7.0,2.5996878147125244,90.0
550.0,True,False,nan,43.009769439697266,0.6677323579788208,0.6292060613632202,7.0,2.811093807220459,90.0
550.0,True,False,nan,34.9969367980957,0.6011973023414612,0.7079535126686096,5.0,2.860851764678955,90.0
550.0,True,False,nan,28.148025512695312,0.34300798177719116,0.6464465260505676,7.0,2.487757682800293,90.0
550.0,True,False,nan,37.633148193359375,0.6459495425224304,0.6000223755836487,5.0,2.59529185295105,90.0
550.0,True,False,nan,36.80570602416992,0.6198484897613525,0.63493812084198,4.0,2.6217715740203857,90.0
550.0,True,False,nan,35.160003662109375,0.6225643754005432,0.6520339250564575,5.0,2.7396886348724365,90.0
550.0,True,False,nan,42.15717697143555,0.6663071513175964,0.6404048800468445,7.0,2.8994224071502686,90.0
550.0,True,False,nan,44.419281005859375,0.5834140777587891,0.6658350229263306,3.0,2.4571502208709717,90.0
550.0,True,False,nan,48.567264556884766,0.5084353685379028,0.6159321069717407,12.0,3.243905544281006,180.0
550.0,True,False,nan,46.55863952636719,0.49973925948143005,0.7027119398117065,4.0,3.131735324859619,180.0
550.0,True,False,nan,48.94065475463867,0.5166890621185303,0.6426121592521667,11.0,3.0865426063537598,180.0
550.0,True,False,nan,45.23593521118164,0.5497135519981384,0.591712474822998,13.0,3.034787654876709,180.0
550.0,True,False,nan,49.844017028808594,0.5167396664619446,0.6421783566474915,12.0,2.992007255554199,180.0
550.0,True,False,nan,49.73258972167969,0.6083385944366455,0.6439008116722107,7.0,3.2411162853240967,180.0
550.0,True,False,nan,48.700382232666016,0.5527220964431763,0.6854293346405029,2.0,3.1979148387908936,180.0
550.0,True,False,nan,46.146995544433594,0.5704575777053833,0.6059002876281738,11.0,2.875995635986328,180.0
550.0,True,False,nan,52.562660217285156,0.6013578176498413,0.5875574350357056,12.0,2.9103214740753174,180.0
550.0,True,False,nan,48.674766540527344,0.6036539673805237,0.6518260836601257,6.0,3.035107135772705,180.0
550.0,True,False,nan,50.016380310058594,0.5851073861122131,0.7205921411514282,2.0,3.302990674972534,180.0
550.0,True,False,nan,49.41921615600586,0.6266125440597534,0.6045024394989014,10.0,3.056515693664551,180.0
550.0,True,False,nan,46.73604202270508,0.651519238948822,0.6213939189910889,8.0,3.315842866897583,180.0
550.0,True,False,nan,51.52748107910156,0.6210550665855408,0.6640419960021973,2.0,3.089179277420044,180.0
550.0,True,False,nan,46.60243606567383,0.7092280983924866,0.6571420431137085,5.0,3.2349109649658203,180.0
550.0,True,False,nan,46.42454528808594,0.8454936146736145,0.5590313076972961,8.0,3.0847582817077637,180.0
550.0,True,False,nan,46.71586990356445,0.8384959697723389,0.6373836994171143,7.0,3.0646562576293945,180.0
550.0,True,False,nan,48.561336517333984,0.8051046133041382,0.5862518548965454,11.0,2.785064935684204,180.0
550.0,True,False,nan,46.624900817871094,0.814823567867279,0.5687722563743591,11.0,2.797653913497925,180.0
550.0,True,False,nan,48.461158752441406,0.9370071887969971,0.7225029468536377,3.0,3.4834959506988525,180.0
550.0,True,False,nan,46.80588150024414,0.9634477496147156,0.6440789699554443,3.0,3.4093780517578125,180.0
550.0,True,False,nan,46.648075103759766,1.2459455728530884,0.6341527700424194,3.0,3.1268370151519775,180.0
550.0,True,False,nan,47.3458366394043,1.4974231719970703,0.5943218469619751,9.0,3.112399101257324,180.0
550.0,True,False,nan,45.64427947998047,1.2891066074371338,0.6557010412216187,5.0,2.9130444526672363,180.0
550.0,True,False,nan,46.395076751708984,1.521390438079834,0.6586252450942993,3.0,3.174588680267334,180.0
550.0,True,False,nan,45.65483856201172,1.4840781688690186,0.6081806421279907,8.0,3.075026512145996,180.0
550.0,True,False,nan,49.42087173461914,1.7474751472473145,0.5906713008880615,10.0,2.7056734561920166,180.0
550.0,True,False,nan,46.268585205078125,1.8567183017730713,0.5839564800262451,6.0,3.2538468837738037,180.0
550.0,True,False,nan,48.71434020996094,1.8643392324447632,0.611984133720398,4.0,2.8481056690216064,180.0
550.0,True,False,nan,50.76472091674805,1.842869520187378,0.6350671648979187,8.0,2.820234537124634,180.0
550.0,True,False,nan,48.37541198730469,2.016324996948242,0.5944488644599915,8.0,2.9202158451080322,180.0
550.0,True,False,nan,45.70065689086914,1.9595062732696533,0.6721656918525696,10.0,3.0411057472229004,180.0
550.0,True,False,nan,53.69392013549805,1.8429505825042725,0.6451623439788818,8.0,2.9072842597961426,180.0
550.0,True,False,nan,50.052215576171875,2.01315975189209,0.6496807932853699,6.0,3.1876258850097656,180.0
550.0,True,False,nan,50.94506072998047,1.972357988357544,0.6340410113334656,6.0,2.8015999794006348,180.0
550.0,True,False,nan,49.147037506103516,1.9774988889694214,0.629209578037262,7.0,2.9956352710723877,180.0
550.0,True,False,nan,47.466468811035156,2.151449680328369,0.6126306056976318,3.0,3.37272047996521,180.0
550.0,True,False,nan,50.82762908935547,2.0625596046447754,0.6192783713340759,6.0,2.9463438987731934,180.0
550.0,True,False,nan,46.10310745239258,2.281764507293701,0.612969160079956,5.0,3.1651768684387207,180.0
550.0,True,False,nan,45.936851501464844,2.3444998264312744,0.5838707089424133,8.0,3.2230653762817383,180.0
550.0,True,False,nan,45.085235595703125,2.397433042526245,0.6055681705474854,8.0,3.0060064792633057,180.0
550.0,True,False,nan,47.25532531738281,2.8351080417633057,0.6808727383613586,3.0,3.2664315700531006,180.0
550.0,True,False,nan,45.18117141723633,2.4789113998413086,0.6024981737136841,4.0,2.893629550933838,180.0
550.0,True,False,nan,47.202213287353516,2.816279172897339,0.6583698987960815,7.0,3.1626601219177246,180.0
550.0,True,False,nan,47.109405517578125,3.2438416481018066,0.6100218296051025,6.0,3.1811776161193848,180.0
550.0,True,False,nan,49.007301330566406,3.4189400672912598,0.6463066935539246,3.0,3.2426271438598633,180.0
550.0,True,False,nan,46.675323486328125,3.328969717025757,0.6580196619033813,5.0,3.204850196838379,180.0
550.0,True,False,nan,45.96656799316406,3.2854878902435303,0.6000210046768188,5.0,2.9664182662963867,180.0
550.0,False,False,nan,29.164464950561523,3.290867805480957,0.5831815004348755,3.0,3.192108631134033,180.0
550.0,False,True,2.359999895095825,28.064786911010742,3.1037039756774902,0.5864132642745972,7.0,3.195112466812134,180.0
550.0,False,True,1.9399999380111694,17.913558959960938,2.871375560760498,0.6295883655548096,4.0,3.0082106590270996,180.0
550.0,False,True,1.5799999237060547,16.224435806274414,2.0794944763183594,0.6718713641166687,7.0,2.76212739944458,180.0
550.0,False,True,1.8600000143051147,18.14604377746582,2.458982467651367,0.7079514861106873,5.0,2.9387946128845215,180.0
550.0,False,True,2.5,20.38210678100586,3.6549417972564697,0.6681876182556152,5.0,3.2310221195220947,180.0
550.0,False,True,1.5399999618530273,16.33258819580078,2.020063877105713,0.646440327167511,7.0,2.753408193588257,180.0
550.0,False,True,2.0,30.076642990112305,3.0583887100219727,0.6427780985832214,5.0,3.161614418029785,180.0
550.0,False,True,2.1399998664855957,26.28281021118164,2.9606239795684814,0.73647141456604,5.0,3.1121633052825928,180.0
550.0,False,True,2.3999998569488525,23.032516479492188,3.482044219970703,0.6657437682151794,5.0,3.245514392852783,180.0
550.0,False,True,2.1599998474121094,18.539844512939453,3.0076687335968018,0.6296120882034302,3.0,3.027383804321289,180.0
550.0,False,True,1.659999966621399,16.810230255126953,2.2777276039123535,0.6350883841514587,4.0,2.860194206237793,180.0
550.0,False,False,nan,17.536773681640625,3.5030019283294678,0.7514569759368896,4.0,2.8296377658843994,180.0
550.0,False,True,1.9199999570846558,19.03013801574707,2.769951105117798,0.6520265936851501,5.0,3.0821261405944824,180.0
550.0,False,True,1.9799998998641968,20.41876792907715,2.8605728149414062,0.6404284834861755,7.0,3.140780448913574,180.0
550.0,False,True,1.9199999570846558,17.211261749267578,2.316864252090454,0.6658377051353455,3.0,2.7618026733398438,180.0
550.0,True,False,nan,48.56724548339844,0.5084350109100342,0.6159308552742004,12.0,3.2439043521881104,180.0
550.0,True,False,nan,46.55854797363281,0.4997398257255554,0.7027075290679932,4.0,3.131732225418091,180.0
550.0,True,False,nan,48.94078826904297,0.5166885852813721,0.6426133513450623,11.0,3.0865368843078613,180.0
550.0,True,False,nan,49.844058990478516,0.5167404413223267,0.6421751379966736,12.0,2.9920079708099365,180.0
550.0,True,False,nan,48.70052719116211,0.5527253746986389,0.6854190826416016,2.0,3.1979126930236816,180.0
550.0,True,False,nan,50.01642608642578,0.5851063132286072,0.7205939292907715,2.0,3.30298113822937,180.0
550.0,True,False,nan,45.23711395263672,0.5497081279754639,0.5917041897773743,13.0,3.034768581390381,180.0
550.0,True,False,nan,49.731258392333984,0.608306348323822,0.6440014839172363,7.0,3.2411372661590576,180.0
550.0,True,False,nan,46.1474609375,0.5704577565193176,0.6059016585350037,11.0,2.8760006427764893,180.0
550.0,True,False,nan,52.56240463256836,0.6013588905334473,0.5875533819198608,12.0,2.910320997238159,180.0
550.0,True,False,nan,48.674781799316406,0.6036366820335388,0.6518748998641968,6.0,3.0351154804229736,180.0
550.0,True,False,nan,49.419376373291016,0.6266135573387146,0.6045016050338745,10.0,3.0565173625946045,180.0
550.0,True,False,nan,46.735267639160156,0.6515153050422668,0.6214023232460022,8.0,3.3158531188964844,180.0
550.0,True,False,nan,51.52750778198242,0.62105792760849,0.6640312671661377,2.0,3.0891783237457275,180.0
550.0,True,False,nan,36.88729476928711,0.6806081533432007,0.7224751114845276,3.0,3.4875519275665283,180.0
550.0,True,False,nan,9.819086074829102,0.07073269039392471,0.5906676650047302,11.0,1.8674988746643066,180.0
550.0,True,False,nan,1.6092463731765747,0.0,0.583956778049469,6.0,0.33250242471694946,180.0
550.0,True,False,nan,12.050021171569824,0.0923718810081482,0.5943217277526855,9.0,2.127288579940796,180.0
550.0,True,False,nan,33.878047943115234,0.6196837425231934,0.6571365594863892,5.0,3.234910011291504,180.0
550.0,True,False,nan,0.4441135823726654,0.0,0.5944503545761108,10.0,0.0,180.0
550.0,True,False,nan,2.7408831119537354,0.0,0.6551838517189026,5.0,0.48499804735183716,180.0
550.0,True,False,nan,34.418304443359375,0.7721449732780457,0.6373863816261292,7.0,3.0646610260009766,180.0
550.0,True,False,nan,32.340187072753906,0.6437615156173706,0.6440838575363159,3.0,3.4093875885009766,180.0
550.0,True,False,nan,32.22496795654297,0.7391079068183899,0.5862496495246887,11.0,2.7850615978240967,180.0
550.0,True,False,nan,0.1170339286327362,0.0,0.6341517567634583,7.0,0.0,180.0
550.0,True,False,nan,5.0491943359375,0.009037642739713192,0.6119864583015442,4.0,0.9310938119888306,180.0
550.0,True,False,nan,27.60759162902832,0.7098415493965149,0.5687731504440308,11.0,2.797653913497925,180.0
550.0,True,False,nan,0.39909452199935913,0.0,0.6451637744903564,8.0,0.0,180.0
550.0,True,False,nan,36.268341064453125,0.8051474690437317,0.5590203404426575,8.0,3.0847532749176025,180.0
550.0,True,False,nan,21.161340713500977,0.22406324744224548,0.6586199402809143,3.0,2.5838606357574463,180.0
550.0,True,False,nan,0.3286494016647339,0.0,0.608182430267334,9.0,0.0,180.0
550.0,True,False,nan,46.81776809692383,0.29851746559143066,0.6159288287162781,12.0,2.325206756591797,270.0
550.0,True,False,nan,46.04249954223633,0.31731295585632324,0.6421759724617004,12.0,2.4468584060668945,270.0
550.0,True,False,nan,50.10499954223633,0.322176069021225,0.5875533819198608,12.0,2.1793127059936523,270.0
550.0,True,False,nan,51.05738067626953,0.3560650050640106,0.6426064968109131,11.0,2.5094635486602783,270.0
550.0,True,False,nan,52.01260757446289,0.32466208934783936,0.5917054414749146,13.0,2.324523687362671,270.0
550.0,True,False,nan,46.49591064453125,0.406593382358551,0.6854206919670105,2.0,2.46248459815979,270.0
550.0,True,False,nan,47.857521057128906,0.4099820554256439,0.7027413845062256,4.0,2.620479106903076,270.0
550.0,True,False,nan,50.25227737426758,0.3463819921016693,0.6058958172798157,11.0,2.309939384460449,270.0
550.0,True,False,nan,45.134765625,0.37373924255371094,0.6045013070106506,10.0,2.3229129314422607,270.0
550.0,True,False,nan,47.05907440185547,0.4407452940940857,0.7205960750579834,2.0,2.608896255493164,270.0
550.0,True,False,nan,47.002891540527344,0.3631819486618042,0.5590251684188843,8.0,2.3451011180877686,270.0
550.0,True,False,nan,47.97583770751953,0.4169413447380066,0.6640349626541138,2.0,2.3371825218200684,270.0
550.0,True,False,nan,46.316078186035156,0.5081809759140015,0.6434778571128845,7.0,2.642505645751953,270.0
550.0,True,False,nan,45.62725830078125,0.480405330657959,0.6586196422576904,3.0,2.526803970336914,270.0
550.0,True,False,nan,45.44435501098633,0.5384913682937622,0.5831820964813232,3.0,2.495168685913086,270.0
550.0,True,False,nan,47.72407150268555,0.5286242961883545,0.5794375538825989,12.0,2.198852300643921,270.0
550.0,True,False,nan,47.9295654296875,0.5221565961837769,0.5687756538391113,11.0,2.2410171031951904,270.0
550.0,True,False,nan,45.47197341918945,0.7554067969322205,0.7224705219268799,3.0,2.9165852069854736,270.0
550.0,True,False,nan,45.935665130615234,0.6834779381752014,0.5864151120185852,7.0,2.533653497695923,270.0
550.0,True,False,nan,45.69797134399414,0.8243721723556519,0.6580124497413635,5.0,2.894130229949951,270.0
550.0,True,False,nan,45.15398025512695,0.7964656352996826,0.6518628597259521,6.0,2.450380563735962,270.0
550.0,True,False,nan,48.44585418701172,0.8411093354225159,0.6213940978050232,8.0,2.5596554279327393,270.0
550.0,True,False,nan,48.84990692138672,0.8316541314125061,0.6571388840675354,5.0,2.556142568588257,270.0
550.0,True,False,nan,45.328941345214844,0.9997515082359314,0.6440687775611877,3.0,2.771772861480713,270.0
550.0,True,False,nan,47.97803497314453,0.9610799551010132,0.7079490423202515,5.0,2.763059139251709,270.0
550.0,True,False,nan,51.40199279785156,0.7941932678222656,0.6192743182182312,6.0,2.3276917934417725,270.0
550.0,True,False,nan,45.631935119628906,0.9536195993423462,0.5839575529098511,6.0,2.719109296798706,270.0
550.0,True,False,nan,51.76022720336914,0.9012590050697327,0.6432528495788574,3.0,2.6533472537994385,270.0
550.0,True,False,nan,45.003849029541016,0.8594573140144348,0.6295840740203857,4.0,2.441470146179199,270.0
550.0,True,False,nan,47.84808349609375,1.000891923904419,0.6126121878623962,4.0,2.7909562587738037,270.0
550.0,True,False,nan,48.28513717651367,0.9460029602050781,0.6100426912307739,6.0,2.6741414070129395,270.0
550.0,True,False,nan,50.988094329833984,0.986812174320221,0.6681885719299316,5.0,2.7631709575653076,270.0
550.0,True,False,nan,46.00261306762695,0.9640116095542908,0.5838713645935059,8.0,2.751309871673584,270.0
550.0,True,False,nan,46.3824462890625,1.090514898300171,0.7364740967750549,5.0,2.9899895191192627,270.0
550.0,True,False,nan,47.3756217956543,1.0748000144958496,0.6657436490058899,5.0,2.953234910964966,270.0
550.0,True,False,nan,48.7178840637207,0.9265590310096741,0.6350881457328796,4.0,2.534414052963257,270.0
550.0,True,False,nan,49.319522857666016,0.91988205909729,0.7514656782150269,4.0,2.648491382598877,270.0
550.0,True,False,nan,47.38980484008789,1.0243170261383057,0.6807292699813843,3.0,2.960430383682251,270.0
550.0,True,False,nan,48.48268127441406,0.9151248335838318,0.5944482088088989,8.0,2.544588327407837,270.0
550.0,True,False,nan,45.28182601928711,0.8976409435272217,0.6055556535720825,8.0,2.4838318824768066,270.0
550.0,True,False,nan,47.289085388183594,0.7733822464942932,0.6024948358535767,4.0,2.383613109588623,270.0
550.0,True,False,nan,49.143001556396484,0.9755529165267944,0.634152352809906,3.0,2.661060333251953,270.0
550.0,True,False,nan,49.403907775878906,0.8959402441978455,0.6128951907157898,5.0,2.5559115409851074,270.0
550.0,True,False,nan,53.15559768676758,0.9221041202545166,0.6464603543281555,7.0,2.4165244102478027,270.0
550.0,True,False,nan,53.85023880004883,0.9010753035545349,0.6000204086303711,5.0,2.499450922012329,270.0
550.0,True,False,nan,55.651641845703125,0.9549399614334106,0.6296045184135437,3.0,2.6111505031585693,270.0
550.0,True,False,nan,49.85851287841797,0.9564365744590759,0.6081857085227966,8.0,2.7150216102600098,270.0
550.0,True,False,nan,52.890960693359375,0.9725736975669861,0.652031660079956,5.0,2.611443281173706,270.0
550.0,True,False,nan,45.613128662109375,1.0425257682800293,0.6404478549957275,7.0,2.814481496810913,270.0
550.0,True,False,nan,51.863380432128906,0.83399498462677,0.6658390760421753,3.0,2.349168539047241,270.0
550.0,True,False,nan,53.728607177734375,0.9102979898452759,0.5906738638877869,10.0,2.497288703918457,270.0
550.0,True,False,nan,54.36565017700195,0.9881926774978638,0.5944404006004333,9.0,2.713986396789551,270.0
550.0,True,False,nan,47.276092529296875,1.0351316928863525,0.6373873353004456,7.0,2.5528483390808105,270.0
550.0,True,False,nan,48.25923156738281,0.9593820571899414,0.6718689799308777,7.0,2.580338954925537,270.0
550.0,True,False,nan,55.494388580322266,0.9029881358146667,0.6119937896728516,4.0,2.5011911392211914,270.0
550.0,True,False,nan,45.46027755737305,1.1011502742767334,0.6427773237228394,5.0,2.881779909133911,270.0
550.0,True,False,nan,47.17752456665039,1.1733545064926147,0.6292062401771545,7.0,2.7313334941864014,270.0
550.0,True,False,nan,47.08186721801758,1.5001389980316162,0.6721835136413574,10.0,3.080960750579834,270.0
550.0,True,False,nan,45.11967086791992,1.4849584102630615,0.6583728790283203,7.0,2.901839256286621,270.0
550.0,True,False,nan,50.843284606933594,1.532210111618042,0.649681031703949,6.0,2.9328320026397705,270.0
550.0,True,False,nan,49.269622802734375,1.3841458559036255,0.6534358859062195,5.0,2.738224983215332,270.0
550.0,True,False,nan,47.64374923706055,1.257655143737793,0.645161509513855,8.0,2.512526750564575,270.0
550.0,True,False,nan,49.73794174194336,1.4201292991638184,0.6350738406181335,8.0,2.5957303047180176,270.0
550.0,True,False,nan,45.98447799682617,1.378551721572876,0.6340365409851074,6.0,2.5635058879852295,270.0
550.0,True,False,nan,46.81821060180664,0.2985174357891083,0.6159288883209229,12.0,2.325211763381958,270.0
550.0,True,False,nan,46.04253005981445,0.3173125684261322,0.6421777606010437,12.0,2.4468581676483154,270.0
550.0,True,False,nan,51.0570182800293,0.3560650050640106,0.6426079273223877,11.0,2.5094568729400635,270.0
550.0,True,False,nan,51.93342590332031,0.3252790570259094,0.5917093753814697,13.0,2.3265597820281982,270.0
550.0,True,False,nan,50.105140686035156,0.32217666506767273,0.587550938129425,12.0,2.179316520690918,270.0
550.0,True,False,nan,50.25214385986328,0.34638044238090515,0.6059005260467529,11.0,2.3099381923675537,270.0
550.0,True,False,nan,47.00297927856445,0.36317765712738037,0.5590267777442932,8.0,2.345101833343506,270.0
550.0,True,False,nan,47.857337951660156,0.4099805951118469,0.7027432322502136,4.0,2.620481252670288,270.0
550.0,True,False,nan,46.49588394165039,0.40659099817276,0.6854296326637268,2.0,2.462482452392578,270.0
550.0,True,False,nan,45.1351318359375,0.3737376928329468,0.6045020818710327,10.0,2.3229119777679443,270.0
550.0,True,False,nan,47.975826263427734,0.4169422686100006,0.6640383005142212,2.0,2.337184190750122,270.0
550.0,True,False,nan,47.05908966064453,0.44074565172195435,0.720590353012085,2.0,2.608891725540161,270.0
550.0,True,False,nan,46.282806396484375,0.5019837617874146,0.6440054178237915,7.0,2.6464922428131104,270.0
550.0,True,False,nan,38.54798889160156,0.6587567925453186,0.7224761247634888,3.0,2.9165945053100586,270.0
550.0,True,False,nan,35.94205093383789,0.4378221333026886,0.5831855535507202,3.0,2.4951720237731934,270.0
550.0,True,False,nan,21.677940368652344,0.40049299597740173,0.5906655788421631,10.0,2.4972596168518066,270.0
550.0,True,False,nan,29.138626098632812,0.45378169417381287,0.5839541554450989,6.0,2.7191081047058105,270.0
550.0,True,False,nan,30.51222801208496,0.47809281945228577,0.6432560682296753,3.0,2.6533448696136475,270.0
550.0,True,False,nan,5.084883213043213,0.045369602739810944,0.5943171977996826,9.0,1.5207093954086304,270.0
550.0,True,False,nan,32.3646240234375,0.38152000308036804,0.6571359038352966,5.0,2.556133270263672,270.0
550.0,True,False,nan,24.250837326049805,0.43654006719589233,0.5944482088088989,8.0,2.5445852279663086,270.0
550.0,True,False,nan,33.630245208740234,0.41172096133232117,0.6518669128417969,6.0,2.450382709503174,270.0
550.0,True,False,nan,7.932983875274658,0.08975600451231003,0.6534402370452881,5.0,2.160033702850342,270.0
550.0,True,False,nan,27.63384437561035,0.41903674602508545,0.6055577993392944,8.0,2.4838216304779053,270.0
550.0,True,False,nan,23.870819091796875,0.2964986264705658,0.6373862624168396,7.0,2.552884817123413,270.0
550.0,True,False,nan,31.60224151611328,0.40365204215049744,0.5863856077194214,7.0,2.5336410999298096,270.0
550.0,True,False,nan,28.75223159790039,0.38193851709365845,0.6024973392486572,4.0,2.383606195449829,270.0
550.0,True,False,nan,23.19933319091797,0.3122386336326599,0.6440820097923279,3.0,2.770418405532837,270.0
550.0,True,False,nan,27.023107528686523,0.45658445358276367,0.6295841336250305,4.0,2.4414820671081543,270.0
550.0,True,False,nan,2.32633113861084,0.009871556423604488,0.6718640327453613,8.0,0.9197039604187012,270.0
550.0,True,False,nan,34.91846466064453,0.4014091491699219,0.5862523913383484,11.0,2.2045671939849854,270.0
550.0,True,False,nan,8.230607032775879,0.09593778848648071,0.6292080879211426,7.0,2.1524658203125,270.0
550.0,True,False,nan,10.182711601257324,0.11794515699148178,0.6341549158096313,7.0,2.1017820835113525,270.0
550.0,True,False,nan,8.719586372375488,0.09327027946710587,0.6583691239356995,7.0,2.1675074100494385,270.0
550.0,True,False,nan,22.238460540771484,0.3110639750957489,0.6126089692115784,4.0,2.790963649749756,270.0
550.0,True,False,nan,31.8424072265625,0.49034813046455383,0.6100487112998962,6.0,2.6741538047790527,270.0
550.0,True,False,nan,23.004560470581055,0.3932766020298004,0.6119881868362427,4.0,2.501201868057251,270.0
550.0,True,False,nan,35.58452606201172,0.3919973373413086,0.5683609843254089,8.0,2.2516181468963623,270.0
550.0,True,False,nan,12.640645027160645,0.19245761632919312,0.7079508304595947,4.0,2.3727684020996094,270.0
550.0,True,False,nan,9.92570972442627,0.11722944676876068,0.6681815385818481,9.0,2.0943875312805176,270.0
550.0,True,False,nan,13.223587989807129,0.16451400518417358,0.6721595525741577,10.0,2.4293317794799805,270.0
550.0,True,False,nan,27.772932052612305,0.428631067276001,0.6129702925682068,5.0,2.555906057357788,270.0
550.0,True,False,nan,25.372465133666992,0.4368242621421814,0.6464514136314392,7.0,2.4165308475494385,270.0
550.0,True,False,nan,10.345754623413086,0.12524694204330444,0.6451628804206848,8.0,2.1891489028930664,270.0
550.0,True,False,nan,14.890849113464355,0.21629250049591064,0.6427746415138245,5.0,2.465609550476074,270.0
550.0,True,False,nan,28.370317459106445,0.4561570882797241,0.5838723182678223,8.0,2.7513067722320557,270.0
550.0,True,False,nan,34.44072341918945,0.4637531340122223,0.619274377822876,6.0,2.3276989459991455,270.0
550.0,True,False,nan,25.743301391601562,0.43703797459602356,0.6000242829322815,5.0,2.499434471130371,270.0
550.0,True,False,nan,16.095300674438477,0.2643420100212097,0.7364750504493713,7.0,2.7549889087677,270.0
550.0,True,False,nan,39.528621673583984,0.4468504786491394,0.6586238741874695,3.0,2.5268123149871826,270.0
550.0,True,False,nan,14.557122230529785,0.22600317001342773,0.6657359600067139,5.0,2.5651183128356934,270.0
550.0,True,False,nan,11.590002059936523,0.15256130695343018,0.6296055316925049,3.0,2.1591360569000244,270.0
550.0,True,False,nan,13.14630126953125,0.18732361495494843,0.6496803164482117,10.0,2.4130501747131348,270.0
550.0,True,False,nan,24.129398345947266,0.4539605975151062,0.6350902318954468,4.0,2.5344154834747314,270.0
550.0,True,False,nan,9.832393646240234,0.12830939888954163,0.7515370845794678,3.0,2.3035740852355957,270.0
550.0,True,False,nan,35.66746520996094,0.41976645588874817,0.621401309967041,8.0,2.5596656799316406,270.0
550.0,True,False,nan,5.4707417488098145,0.04948887974023819,0.6081811785697937,8.0,1.6131019592285156,270.0
550.0,True,False,nan,11.297280311584473,0.14587649703025818,0.6520276665687561,5.0,2.1035587787628174,270.0
550.0,True,False,nan,11.66104507446289,0.1516646295785904,0.6404250860214233,7.0,2.2326717376708984,270.0
550.0,True,False,nan,0.717370331287384,0.0,0.6340368390083313,6.0,0.5137782692909241,270.0
550.0,True,False,nan,21.388471603393555,0.35494470596313477,0.6580137014389038,8.0,2.894127368927002,270.0
550.0,True,False,nan,26.581174850463867,0.41142508387565613,0.6658352017402649,3.0,2.3491694927215576,270.0
550.0,True,False,nan,20.828161239624023,0.3101322054862976,0.6807275414466858,3.0,2.960430860519409,270.0
600.0,True,False,nan,49.5941276550293,0.1611671894788742,0.5831823348999023,3.0,2.7865395545959473,0.0
600.0,True,False,nan,49.484962463378906,0.15005053579807281,0.6159282326698303,12.0,2.84352707862854,0.0
600.0,True,False,nan,46.65183639526367,0.16701917350292206,0.5864027738571167,7.0,2.7464613914489746,0.0
600.0,True,False,nan,47.51045227050781,0.14182262122631073,0.720588207244873,2.0,2.783367872238159,0.0
600.0,True,False,nan,47.487754821777344,0.15408530831336975,0.6854175329208374,2.0,2.805255174636841,0.0
600.0,True,False,nan,46.92668151855469,0.14805594086647034,0.6100451946258545,6.0,2.734312057495117,0.0
600.0,True,False,nan,45.394935607910156,0.1647443026304245,0.6426130533218384,11.0,2.8616416454315186,0.0
600.0,True,False,nan,48.2231330871582,0.1576470583677292,0.6586265563964844,3.0,2.7823784351348877,0.0
600.0,True,False,nan,46.97760772705078,0.16861633956432343,0.6640398502349854,2.0,2.825996160507202,0.0
600.0,True,False,nan,45.14391326904297,0.14063720405101776,0.6807360053062439,3.0,2.7352869510650635,0.0
600.0,True,False,nan,46.43879318237305,0.3692099153995514,0.5917062163352966,13.0,2.843263626098633,0.0
600.0,True,False,nan,48.934173583984375,0.3556137681007385,0.6421809196472168,12.0,2.8589420318603516,0.0
600.0,True,False,nan,53.668373107910156,0.3937155604362488,0.5875596404075623,12.0,2.7811036109924316,0.0
600.0,True,False,nan,51.50584030151367,0.3602563440799713,0.7027473449707031,4.0,2.779230833053589,0.0
600.0,True,False,nan,50.75668716430664,0.42493629455566406,0.5590300559997559,8.0,2.7269177436828613,0.0
600.0,True,False,nan,46.8203239440918,0.3949442505836487,0.6058979034423828,11.0,2.615161895751953,0.0
600.0,True,False,nan,45.985599517822266,0.46780821681022644,0.6126109957695007,4.0,2.9055285453796387,0.0
600.0,True,False,nan,47.09053039550781,0.4394299387931824,0.6045019030570984,10.0,2.805133104324341,0.0
600.0,True,False,nan,45.72565460205078,0.45756474137306213,0.6193439960479736,9.0,2.8006372451782227,0.0
600.0,True,False,nan,46.56670379638672,0.533044695854187,0.583957314491272,6.0,2.9225449562072754,0.0
600.0,True,False,nan,47.43867492675781,0.5326882600784302,0.5838682651519775,8.0,2.853529930114746,0.0
600.0,True,False,nan,55.4662971496582,0.7186387777328491,0.643470823764801,7.0,2.7157833576202393,0.0
600.0,True,False,nan,48.3167724609375,0.761723518371582,0.5796272158622742,9.0,2.491520643234253,0.0
600.0,True,False,nan,53.896690368652344,0.7644965648651123,0.7224699258804321,3.0,2.862147331237793,0.0
600.0,True,False,nan,45.92062759399414,0.8700129389762878,0.5943214297294617,9.0,2.765411376953125,0.0
600.0,True,False,nan,54.407379150390625,0.8025892972946167,0.6440797448158264,3.0,2.7806057929992676,0.0
600.0,True,False,nan,47.747337341308594,0.8139788508415222,0.5683640837669373,8.0,2.4898860454559326,0.0
600.0,True,False,nan,49.82280349731445,0.7477822303771973,0.6571378111839294,5.0,2.745922327041626,0.0
600.0,True,False,nan,49.36676025390625,0.685463547706604,0.6518311500549316,6.0,2.514950752258301,0.0
600.0,True,False,nan,45.63532638549805,0.7820137143135071,0.6373918056488037,7.0,2.484266996383667,0.0
600.0,True,False,nan,45.450340270996094,0.8800749182701111,0.6341515183448792,3.0,2.6326091289520264,0.0
600.0,True,False,nan,45.59007263183594,0.9009400010108948,0.6129567623138428,5.0,2.7925660610198975,0.0
600.0,True,False,nan,47.014801025390625,0.8896059989929199,0.6079944968223572,8.0,2.664828300476074,0.0
600.0,True,False,nan,46.79948806762695,1.0402023792266846,0.6427829265594482,5.0,3.053175449371338,0.0
600.0,True,False,nan,45.19114303588867,1.0621565580368042,0.6681815981864929,5.0,2.9403371810913086,0.0
600.0,True,False,nan,50.48796844482422,1.0641376972198486,0.6432557106018066,3.0,2.915494203567505,0.0
600.0,True,False,nan,50.80978012084961,1.097109079360962,0.7364695072174072,5.0,3.1381187438964844,0.0
600.0,True,False,nan,46.36088180541992,1.1156787872314453,0.6657354235649109,5.0,2.9545822143554688,0.0
600.0,True,False,nan,48.96259689331055,1.1535264253616333,0.6404383182525635,7.0,2.993394136428833,0.0
600.0,True,False,nan,59.96529006958008,1.1943320035934448,0.6055593490600586,8.0,2.813596248626709,0.0
600.0,True,False,nan,53.867576599121094,1.1645047664642334,0.6025006771087646,4.0,2.6908276081085205,0.0
600.0,True,False,nan,50.20693588256836,1.2139464616775513,0.6000264883041382,5.0,2.7693097591400146,0.0
600.0,True,False,nan,53.90605545043945,1.1991925239562988,0.6520197987556458,5.0,2.945385694503784,0.0
600.0,True,False,nan,55.574729919433594,1.2083123922348022,0.6295866966247559,4.0,2.857482433319092,0.0
600.0,True,False,nan,47.11871337890625,1.245546817779541,0.6296177506446838,3.0,2.7917747497558594,0.0
600.0,True,False,nan,49.122100830078125,1.1735109090805054,0.7514539361000061,4.0,2.895890712738037,0.0
600.0,True,False,nan,55.925289154052734,1.2038824558258057,0.6350893974304199,4.0,2.8327784538269043,0.0
600.0,True,False,nan,45.882789611816406,1.4330756664276123,0.5944488644599915,8.0,2.691211223602295,0.0
600.0,True,False,nan,46.21352005004883,1.3886396884918213,0.6292067170143127,7.0,2.7277755737304688,0.0
600.0,True,False,nan,45.552268981933594,1.3399556875228882,0.6583726406097412,7.0,2.7570226192474365,0.0
600.0,True,False,nan,57.15667724609375,1.2506343126296997,0.7080322504043579,5.0,2.8602981567382812,0.0
600.0,True,False,nan,58.55305480957031,1.365501046180725,0.6464460492134094,7.0,2.9368224143981934,0.0
600.0,True,False,nan,46.71168899536133,1.0908254384994507,0.619276762008667,6.0,2.591780424118042,0.0
600.0,True,False,nan,47.542816162109375,1.372781753540039,0.6580154895782471,5.0,2.8382554054260254,0.0
600.0,True,False,nan,51.92217254638672,1.237269639968872,0.6658344268798828,3.0,2.83903431892395,0.0
600.0,True,False,nan,48.109806060791016,1.3702729940414429,0.6718627214431763,7.0,2.815434217453003,0.0
600.0,True,False,nan,47.44135284423828,1.620452642440796,0.6721642017364502,10.0,2.88124942779541,0.0
600.0,True,False,nan,45.27531433105469,1.5928908586502075,0.6496813297271729,6.0,2.799839973449707,0.0
600.0,True,False,nan,47.535945892333984,1.6369812488555908,0.6119740009307861,4.0,2.580984592437744,0.0
600.0,True,False,nan,50.51780319213867,2.060816764831543,0.5906682014465332,10.0,2.5565531253814697,0.0
600.0,True,False,nan,46.51456832885742,1.678025722503662,0.6551840901374817,5.0,2.5594189167022705,0.0
600.0,False,True,1.8799999952316284,26.398693084716797,2.840939521789551,0.6350720524787903,8.0,2.5005884170532227,0.0
600.0,False,True,1.959999918937683,23.18950080871582,2.0906615257263184,0.645163357257843,8.0,2.467374324798584,0.0
600.0,False,True,1.8399999141693115,29.964515686035156,2.6077964305877686,0.6340339183807373,6.0,2.496701240539551,0.0
600.0,True,False,nan,49.48509979248047,0.15005016326904297,0.6159303784370422,12.0,2.843524694442749,0.0
600.0,True,False,nan,45.394859313964844,0.16474373638629913,0.6426101922988892,11.0,2.8616483211517334,0.0
600.0,True,False,nan,49.5942497253418,0.16116632521152496,0.583183765411377,3.0,2.7865383625030518,0.0
600.0,True,False,nan,47.51039505004883,0.14182280004024506,0.7205878496170044,2.0,2.7833645343780518,0.0
600.0,True,False,nan,47.487857818603516,0.1540851593017578,0.6854231357574463,2.0,2.8052570819854736,0.0
600.0,True,False,nan,46.445274353027344,0.36923661828041077,0.5917119383811951,13.0,2.8432371616363525,0.0
600.0,True,False,nan,46.65074920654297,0.16701900959014893,0.5864045023918152,7.0,2.7465004920959473,0.0
600.0,True,False,nan,50.75575637817383,0.42493900656700134,0.5590242147445679,8.0,2.7269272804260254,0.0
600.0,True,False,nan,46.82010269165039,0.39494243264198303,0.6059005260467529,11.0,2.6151537895202637,0.0
600.0,True,False,nan,48.934165954589844,0.35561656951904297,0.6421754360198975,12.0,2.8589422702789307,0.0
600.0,True,False,nan,45.14397048950195,0.14063672721385956,0.6807383894920349,3.0,2.735288381576538,0.0
600.0,True,False,nan,46.926551818847656,0.14806519448757172,0.6100254058837891,6.0,2.734327554702759,0.0
600.0,True,False,nan,51.50611114501953,0.36025479435920715,0.7027480602264404,4.0,2.779231309890747,0.0
600.0,True,False,nan,48.222347259521484,0.15764960646629333,0.6586211323738098,3.0,2.7823736667633057,0.0
600.0,True,False,nan,46.97752380371094,0.16861651837825775,0.6640369892120361,2.0,2.82599139213562,0.0
600.0,True,False,nan,53.667327880859375,0.3937174081802368,0.5875526666641235,12.0,2.781101942062378,0.0
600.0,True,False,nan,45.32862854003906,0.45107564330101013,0.6440032720565796,7.0,2.6875274181365967,0.0
600.0,True,False,nan,45.72595977783203,0.4575604498386383,0.6193438172340393,9.0,2.80063796043396,0.0
600.0,True,False,nan,45.98524475097656,0.4678049683570862,0.6126148700714111,4.0,2.905529737472534,0.0
600.0,True,False,nan,47.090362548828125,0.43943077325820923,0.6045005321502686,10.0,2.8051319122314453,0.0
600.0,True,False,nan,46.56690979003906,0.53304523229599,0.583958625793457,6.0,2.9225480556488037,0.0
600.0,True,False,nan,33.150577545166016,0.36492225527763367,0.7224667072296143,3.0,2.862138271331787,0.0
600.0,True,False,nan,44.05200958251953,0.3759710192680359,0.6432544589042664,3.0,2.915497303009033,0.0
600.0,True,False,nan,33.2732048034668,0.1591469645500183,0.5943239331245422,9.0,2.495579719543457,0.0
600.0,True,False,nan,40.450748443603516,0.36178797483444214,0.6571462154388428,5.0,2.7459187507629395,0.0
600.0,True,False,nan,10.28449535369873,0.06307603418827057,0.5944478511810303,8.0,1.753880262374878,0.0
600.0,True,False,nan,42.37788772583008,0.3663831949234009,0.6055608987808228,10.0,2.8135950565338135,0.0
600.0,True,False,nan,39.226890563964844,0.3424938917160034,0.6024998426437378,4.0,2.6589713096618652,0.0
600.0,True,False,nan,40.78369903564453,0.653998613357544,0.644070565700531,3.0,2.7808382511138916,0.0
600.0,True,False,nan,42.45635223388672,0.29714202880859375,0.6295920610427856,3.0,2.7890617847442627,0.0
600.0,True,False,nan,30.241506576538086,0.7015149593353271,0.5794408321380615,12.0,2.489495038986206,0.0
600.0,True,False,nan,9.67054557800293,0.0598142072558403,0.6292060613632202,7.0,1.7113908529281616,0.0
600.0,True,False,nan,13.109627723693848,0.08391088247299194,0.634151816368103,3.0,2.06463360786438,0.0
600.0,True,False,nan,14.491119384765625,0.09501463174819946,0.6583753228187561,7.0,2.1296064853668213,0.0
600.0,True,False,nan,6.610316276550293,0.03486352413892746,0.6119888424873352,4.0,1.2867096662521362,0.0
600.0,True,False,nan,32.021339416503906,0.6707155704498291,0.5687738656997681,11.0,2.5104665756225586,0.0
600.0,True,False,nan,9.281142234802246,0.05802200362086296,0.7079492211341858,5.0,1.703792929649353,0.0
600.0,True,False,nan,41.21625900268555,0.4054746627807617,0.6681616902351379,5.0,2.9403584003448486,0.0
600.0,True,False,nan,6.686800479888916,0.02692924439907074,0.6721616983413696,10.0,1.258812665939331,0.0
600.0,True,False,nan,42.05459976196289,0.3592870533466339,0.6129619479179382,7.0,2.7925684452056885,0.0
600.0,True,False,nan,39.27873992919922,0.2460295557975769,0.646454930305481,7.0,2.769756317138672,0.0
600.0,True,False,nan,43.2944221496582,0.35185885429382324,0.6427745819091797,7.0,3.0531821250915527,0.0
600.0,True,False,nan,40.75046920776367,0.4859009385108948,0.5838731527328491,8.0,2.8535242080688477,0.0
600.0,True,False,nan,40.40876007080078,0.20448243618011475,0.6000264883041382,5.0,2.73831844329834,0.0
600.0,True,False,nan,42.06508255004883,0.3447892665863037,0.7364765405654907,7.0,3.138118028640747,0.0
600.0,True,False,nan,38.221317291259766,0.32291412353515625,0.6657422780990601,5.0,2.9041528701782227,0.0
600.0,True,False,nan,24.38947868347168,0.13488343358039856,0.6296085715293884,3.0,2.370119571685791,0.0
600.0,True,False,nan,3.4353010654449463,0.0073415799997746944,0.6496742367744446,6.0,0.7468079924583435,0.0
600.0,True,False,nan,40.01372146606445,0.27523234486579895,0.635085940361023,4.0,2.7974278926849365,0.0
600.0,True,False,nan,38.336204528808594,0.301875501871109,0.751443088054657,3.0,2.8369767665863037,0.0
600.0,True,False,nan,20.39748764038086,0.11483430862426758,0.6081838607788086,8.0,2.26082181930542,0.0
600.0,True,False,nan,39.740631103515625,0.19471430778503418,0.6520199775695801,5.0,2.747772693634033,0.0
600.0,True,False,nan,39.7362060546875,0.21226994693279266,0.6404039263725281,7.0,2.8208723068237305,0.0
600.0,True,False,nan,14.33752155303955,0.09050548821687698,0.658011794090271,5.0,2.101606845855713,0.0
600.0,True,False,nan,2.1515867710113525,0.0,0.6658371090888977,3.0,0.5349977016448975,0.0
600.0,True,False,nan,48.302799224853516,0.315813273191452,0.6159312725067139,12.0,2.7446508407592773,90.0
600.0,True,False,nan,45.318016052246094,0.333202600479126,0.7027528285980225,4.0,2.9928622245788574,90.0
600.0,True,False,nan,49.81418228149414,0.3893040120601654,0.7224722504615784,3.0,3.285161018371582,90.0
600.0,True,False,nan,48.151268005371094,0.4038565754890442,0.6440053582191467,7.0,3.138673782348633,90.0
600.0,True,False,nan,48.3660774230957,0.39420169591903687,0.6440816521644592,3.0,3.2450356483459473,90.0
600.0,True,False,nan,47.7381477355957,0.34738263487815857,0.7205906510353088,2.0,3.0326590538024902,90.0
600.0,True,False,nan,47.607662200927734,0.35837849974632263,0.6854223012924194,2.0,2.931116819381714,90.0
600.0,True,False,nan,46.96841049194336,0.39176613092422485,0.6126207113265991,4.0,3.232088565826416,90.0
600.0,True,False,nan,47.95402908325195,0.36264634132385254,0.6426137685775757,11.0,2.7843527793884277,90.0
600.0,True,False,nan,49.57838821411133,0.37037476897239685,0.5590254068374634,8.0,2.8177475929260254,90.0
600.0,True,False,nan,45.10459899902344,0.3935662508010864,0.5838729739189148,8.0,3.1296579837799072,90.0
600.0,True,False,nan,45.2890739440918,0.38378041982650757,0.6058973073959351,11.0,2.675938844680786,90.0
600.0,True,False,nan,46.10675048828125,0.3481307625770569,0.6586205363273621,3.0,2.826279878616333,90.0
600.0,True,False,nan,47.585636138916016,0.37535321712493896,0.5917048454284668,13.0,2.649232864379883,90.0
600.0,True,False,nan,46.96785354614258,0.3589910566806793,0.6423051357269287,12.0,2.6615588665008545,90.0
600.0,True,False,nan,49.84328079223633,0.38240259885787964,0.6193461418151855,9.0,3.0818238258361816,90.0
600.0,True,False,nan,45.207149505615234,0.3614874482154846,0.6807410717010498,3.0,3.281074047088623,90.0
600.0,True,False,nan,47.197696685791016,0.4043577313423157,0.5831819772720337,3.0,2.9021153450012207,90.0
600.0,True,False,nan,46.4442138671875,0.40299728512763977,0.5875537991523743,12.0,2.533022880554199,90.0
600.0,True,False,nan,48.772945404052734,0.4240362346172333,0.5839594006538391,6.0,3.1730659008026123,90.0
600.0,True,False,nan,46.64955139160156,0.4377867877483368,0.5943229794502258,9.0,3.1114261150360107,90.0
600.0,True,False,nan,45.990882873535156,0.4221065938472748,0.6571353077888489,5.0,2.9781503677368164,90.0
600.0,True,False,nan,46.733734130859375,0.4449988901615143,0.6518726348876953,6.0,2.9423723220825195,90.0
600.0,True,False,nan,45.998043060302734,0.3912665843963623,0.5864105820655823,7.0,2.9937691688537598,90.0
600.0,True,False,nan,46.6194953918457,0.44309553503990173,0.6341505646705627,3.0,3.105088233947754,90.0
600.0,True,False,nan,46.27805709838867,0.4093359708786011,0.6100577712059021,6.0,3.1368393898010254,90.0
600.0,True,False,nan,45.940338134765625,0.428915798664093,0.568772554397583,11.0,2.7319257259368896,90.0
600.0,True,False,nan,46.472694396972656,0.445068359375,0.6721723079681396,10.0,3.3975281715393066,90.0
600.0,True,False,nan,45.197818756103516,0.4260841906070709,0.6427751779556274,5.0,3.2269985675811768,90.0
600.0,True,False,nan,46.645843505859375,0.4216982424259186,0.6045010089874268,10.0,2.716081380844116,90.0
600.0,True,False,nan,45.07834243774414,0.44844645261764526,0.607994794845581,8.0,3.049992084503174,90.0
600.0,True,False,nan,47.11973571777344,0.3943939208984375,0.6640416979789734,2.0,2.7513530254364014,90.0
600.0,True,False,nan,48.236534118652344,0.46112358570098877,0.6432562470436096,3.0,2.9948508739471436,90.0
600.0,True,False,nan,47.432884216308594,0.4862612187862396,0.6534368395805359,5.0,3.0327260494232178,90.0
600.0,True,False,nan,47.532405853271484,0.48009708523750305,0.6373870968818665,7.0,3.0006961822509766,90.0
600.0,True,False,nan,47.175785064697266,0.44503164291381836,0.6025018095970154,4.0,2.7153191566467285,90.0
600.0,True,False,nan,47.881412506103516,0.45826175808906555,0.5794403553009033,12.0,2.722482442855835,90.0
600.0,True,False,nan,45.0427360534668,0.4547204077243805,0.6119893193244934,4.0,2.820788860321045,90.0
600.0,True,False,nan,46.391502380371094,0.4496289789676666,0.612962007522583,5.0,2.9010839462280273,90.0
600.0,True,False,nan,45.94207763671875,0.4722825288772583,0.6657431721687317,5.0,3.2046921253204346,90.0
600.0,True,False,nan,45.55595016479492,0.4886745512485504,0.6496812701225281,6.0,3.210000991821289,90.0
600.0,True,False,nan,45.88835525512695,0.47227632999420166,0.6295871734619141,4.0,2.7814104557037354,90.0
600.0,True,False,nan,46.9814338684082,0.4834994077682495,0.6681607961654663,5.0,3.0848145484924316,90.0
600.0,True,False,nan,46.5659065246582,0.47636356949806213,0.7364717721939087,5.0,3.2909536361694336,90.0
600.0,True,False,nan,47.909786224365234,0.5785852670669556,0.6192852854728699,6.0,2.836472272872925,90.0
600.0,True,False,nan,47.605194091796875,0.6367511749267578,0.5906657576560974,10.0,2.7997348308563232,90.0
600.0,True,False,nan,47.41498565673828,0.6373070478439331,0.5944496393203735,8.0,2.862050771713257,90.0
600.0,True,False,nan,49.579864501953125,0.6355128884315491,0.6451610326766968,8.0,2.940631628036499,90.0
600.0,True,False,nan,46.17063522338867,0.6219820380210876,0.6000226736068726,5.0,2.7979342937469482,90.0
600.0,True,False,nan,46.97032165527344,0.6198691725730896,0.6296090483665466,3.0,2.91267991065979,90.0
600.0,True,False,nan,45.01216125488281,0.6291915774345398,0.6340349316596985,6.0,2.874955654144287,90.0
600.0,True,False,nan,46.25864028930664,0.6386125087738037,0.6580202579498291,5.0,3.15794038772583,90.0
600.0,True,False,nan,45.33796691894531,0.5568975210189819,0.665831983089447,3.0,2.641348361968994,90.0
600.0,True,False,nan,47.93241500854492,0.6580784916877747,0.6350755095481873,8.0,2.8664681911468506,90.0
600.0,True,False,nan,47.0661735534668,0.6443992257118225,0.6055578589439392,8.0,2.8478951454162598,90.0
600.0,True,False,nan,49.55646514892578,0.665603518486023,0.6292022466659546,7.0,3.0110509395599365,90.0
600.0,True,False,nan,52.954803466796875,0.6752303242683411,0.6583719849586487,7.0,3.158724308013916,90.0
600.0,True,False,nan,45.837581634521484,0.6370425820350647,0.7079492211341858,5.0,3.084106683731079,90.0
600.0,True,False,nan,50.265499114990234,0.6358402967453003,0.6350890398025513,4.0,2.8132119178771973,90.0
600.0,True,False,nan,52.72203826904297,0.5926693677902222,0.7514509558677673,4.0,2.977389097213745,90.0
600.0,True,False,nan,49.62916946411133,0.638055682182312,0.6520277261734009,5.0,2.955164670944214,90.0
600.0,True,False,nan,49.03744888305664,0.6697754263877869,0.6404483318328857,7.0,3.114637613296509,90.0
600.0,True,False,nan,50.88408660888672,0.6533313989639282,0.6718641519546509,7.0,2.8007845878601074,90.0
600.0,True,False,nan,46.20549011230469,0.6305773854255676,0.6464396715164185,7.0,2.7015345096588135,90.0
600.0,True,False,nan,48.30290603637695,0.3158146142959595,0.6159279346466064,12.0,2.7446532249450684,90.0
600.0,True,False,nan,48.15123748779297,0.40388473868370056,0.6439016461372375,7.0,3.138643264770508,90.0
600.0,True,False,nan,47.954246520996094,0.3626466989517212,0.6426114439964294,11.0,2.784355401992798,90.0
600.0,True,False,nan,45.31790542602539,0.33321261405944824,0.7027086019515991,4.0,2.992863655090332,90.0
600.0,True,False,nan,49.57826232910156,0.3703743815422058,0.5590260028839111,8.0,2.817748785018921,90.0
600.0,True,False,nan,49.81422805786133,0.3893052041530609,0.7224715948104858,3.0,3.2851600646972656,90.0
600.0,True,False,nan,48.36604690551758,0.3942016065120697,0.6440808773040771,3.0,3.245035171508789,90.0
600.0,True,False,nan,47.738182067871094,0.347382515668869,0.7205954790115356,2.0,3.0326547622680664,90.0
600.0,True,False,nan,47.60745620727539,0.3583803176879883,0.6854169368743896,2.0,2.9311165809631348,90.0
600.0,True,False,nan,47.119144439697266,0.3920861780643463,0.6134104132652283,5.0,3.236013889312744,90.0
600.0,True,False,nan,45.28900909423828,0.3837798833847046,0.6058952808380127,11.0,2.6759440898895264,90.0
600.0,True,False,nan,47.59086990356445,0.37535202503204346,0.5917137265205383,13.0,2.6498336791992188,90.0
600.0,True,False,nan,46.80582046508789,0.3587135970592499,0.6421724557876587,12.0,2.656843662261963,90.0
600.0,True,False,nan,49.84349822998047,0.382404088973999,0.6193482279777527,9.0,3.081815242767334,90.0
600.0,True,False,nan,45.99070358276367,0.4221045970916748,0.6571417450904846,5.0,2.978147268295288,90.0
600.0,True,False,nan,46.61936950683594,0.4430943429470062,0.6341520547866821,3.0,3.105093479156494,90.0
600.0,True,False,nan,45.104408264160156,0.39356565475463867,0.5838714838027954,8.0,3.12966251373291,90.0
600.0,True,False,nan,46.10688018798828,0.3481297492980957,0.6586260199546814,3.0,2.8262763023376465,90.0
600.0,True,False,nan,46.64609146118164,0.4216981530189514,0.6045011878013611,10.0,2.71608567237854,90.0
600.0,True,False,nan,45.20686340332031,0.3614850342273712,0.680744469165802,3.0,3.281071901321411,90.0
600.0,True,False,nan,46.44427490234375,0.4029988646507263,0.5875515937805176,12.0,2.5330233573913574,90.0
600.0,True,False,nan,48.774166107177734,0.42403051257133484,0.5839548707008362,6.0,3.173184633255005,90.0
600.0,True,False,nan,46.64799118041992,0.4377594590187073,0.5944443345069885,9.0,3.111219644546509,90.0
600.0,True,False,nan,46.73268508911133,0.4450075030326843,0.6518374085426331,6.0,2.9423367977142334,90.0
600.0,True,False,nan,47.53223419189453,0.4800969958305359,0.6373869776725769,7.0,3.0006942749023438,90.0
600.0,True,False,nan,45.9406623840332,0.42891737818717957,0.5687700510025024,11.0,2.7319247722625732,90.0
600.0,True,False,nan,46.472991943359375,0.4450681209564209,0.6721746325492859,10.0,3.397538900375366,90.0
600.0,True,False,nan,45.19778823852539,0.4260827302932739,0.6427772641181946,5.0,3.2270071506500244,90.0
600.0,True,False,nan,45.046260833740234,0.44830143451690674,0.6079891920089722,8.0,3.0485613346099854,90.0
600.0,True,False,nan,47.11991882324219,0.39439278841018677,0.6640432476997375,2.0,2.751356840133667,90.0
600.0,True,False,nan,47.18619155883789,0.40435394644737244,0.5831849575042725,3.0,2.9025793075561523,90.0
600.0,True,False,nan,48.236759185791016,0.46112731099128723,0.6432552337646484,3.0,2.9948384761810303,90.0
600.0,True,False,nan,47.34741973876953,0.48615017533302307,0.6551836133003235,5.0,3.0433712005615234,90.0
600.0,True,False,nan,45.99750900268555,0.3912774324417114,0.5863808989524841,7.0,2.9936416149139404,90.0
600.0,True,False,nan,47.384464263916016,0.4485935866832733,0.5862517356872559,11.0,2.7389729022979736,90.0
600.0,True,False,nan,46.27811813354492,0.4093395173549652,0.6100514531135559,6.0,3.1368229389190674,90.0
600.0,True,False,nan,45.942359924316406,0.4722834527492523,0.6657447814941406,5.0,3.204684257507324,90.0
600.0,True,False,nan,45.55586624145508,0.4886742830276489,0.6496824026107788,6.0,3.2099952697753906,90.0
600.0,True,False,nan,47.175960540771484,0.44503217935562134,0.6024993062019348,4.0,2.715313196182251,90.0
600.0,True,False,nan,45.888389587402344,0.47227632999420166,0.6295872330665588,4.0,2.781406879425049,90.0
600.0,True,False,nan,45.042598724365234,0.4547235071659088,0.6119812726974487,4.0,2.8207828998565674,90.0
600.0,True,False,nan,46.98009490966797,0.4834763705730438,0.6681840419769287,5.0,3.0848464965820312,90.0
600.0,True,False,nan,46.39168930053711,0.44963252544403076,0.6129574179649353,5.0,2.901078939437866,90.0
600.0,True,False,nan,46.5659065246582,0.4763619005680084,0.7364742159843445,5.0,3.290957450866699,90.0
600.0,True,False,nan,47.9090461730957,0.5785862803459167,0.6192810535430908,6.0,2.8364691734313965,90.0
600.0,True,False,nan,49.5797233581543,0.6355119347572327,0.6451647281646729,8.0,2.9406330585479736,90.0
600.0,True,False,nan,46.96969985961914,0.6198641657829285,0.6296154260635376,3.0,2.9126803874969482,90.0
600.0,True,False,nan,46.2586669921875,0.6386162042617798,0.6580120325088501,5.0,3.157942295074463,90.0
600.0,True,False,nan,47.60512924194336,0.636746883392334,0.5906673073768616,10.0,2.799741268157959,90.0
600.0,True,False,nan,47.41482162475586,0.6373087763786316,0.5944463610649109,8.0,2.8620307445526123,90.0
600.0,True,False,nan,46.17076873779297,0.6219825744628906,0.6000252366065979,5.0,2.7979350090026855,90.0
600.0,True,False,nan,45.014198303222656,0.6291927695274353,0.634041965007782,6.0,2.8750298023223877,90.0
600.0,True,False,nan,45.33831787109375,0.5568951964378357,0.6658383011817932,3.0,2.6413443088531494,90.0
600.0,True,False,nan,49.556358337402344,0.6656041145324707,0.6292030811309814,7.0,3.0110459327697754,90.0
600.0,True,False,nan,52.955116271972656,0.6752341389656067,0.6583693027496338,7.0,3.1587181091308594,90.0
600.0,True,False,nan,50.2657585144043,0.6358436346054077,0.6350849270820618,4.0,2.8132104873657227,90.0
600.0,True,False,nan,52.72246551513672,0.5926733016967773,0.7514485716819763,4.0,2.9773929119110107,90.0
600.0,True,False,nan,49.62929153442383,0.6380515694618225,0.65203458070755,5.0,2.955164670944214,90.0
600.0,True,False,nan,47.9330940246582,0.6580796837806702,0.6350760459899902,8.0,2.8664662837982178,90.0
600.0,True,False,nan,47.06705093383789,0.6443912386894226,0.6055606007575989,8.0,2.847891330718994,90.0
600.0,True,False,nan,49.036766052246094,0.6697903275489807,0.6404047608375549,7.0,3.1146395206451416,90.0
600.0,True,False,nan,45.837310791015625,0.637044370174408,0.7079552412033081,5.0,3.0841190814971924,90.0
600.0,True,False,nan,50.88394546508789,0.6533260345458984,0.6718708276748657,7.0,2.8007805347442627,90.0
600.0,True,False,nan,46.205318450927734,0.6305795907974243,0.6464338898658752,7.0,2.70154070854187,90.0
600.0,True,False,nan,48.22169876098633,0.4595358073711395,0.6159326434135437,12.0,3.4236092567443848,180.0
600.0,True,False,nan,45.18109893798828,0.4601612687110901,0.7027099132537842,4.0,3.2732179164886475,180.0
600.0,True,False,nan,47.952632904052734,0.5288608074188232,0.6440020799636841,7.0,3.401146411895752,180.0
600.0,True,False,nan,47.34762954711914,0.4862503409385681,0.642609179019928,11.0,3.2603116035461426,180.0
600.0,True,False,nan,46.758243560791016,0.48470160365104675,0.6421760320663452,12.0,3.0947885513305664,180.0
600.0,True,False,nan,45.077911376953125,0.5233030915260315,0.6213986277580261,8.0,3.5017266273498535,180.0
600.0,True,False,nan,45.84546661376953,0.5192530155181885,0.7205976843833923,2.0,3.4225597381591797,180.0
600.0,True,False,nan,46.32588577270508,0.5257038474082947,0.6854214668273926,2.0,3.3040106296539307,180.0
600.0,True,False,nan,47.35935592651367,0.5494275093078613,0.6058995127677917,11.0,3.072401523590088,180.0
600.0,True,False,nan,49.727882385253906,0.5619996190071106,0.5917097330093384,13.0,3.1723263263702393,180.0
600.0,True,False,nan,45.26429748535156,0.6191285848617554,0.7225208282470703,3.0,3.590665102005005,180.0
600.0,True,False,nan,47.62734603881836,0.57379150390625,0.5875547528266907,12.0,3.074244260787964,180.0
600.0,True,False,nan,47.38945007324219,0.5846034288406372,0.651833713054657,6.0,3.199652671813965,180.0
600.0,True,False,nan,49.06504440307617,0.5998871326446533,0.6045000553131104,10.0,3.1958487033843994,180.0
600.0,True,False,nan,48.24586868286133,0.6421138048171997,0.6571372151374817,5.0,3.3755719661712646,180.0
600.0,True,False,nan,48.497802734375,0.6383615732192993,0.6373860836029053,7.0,3.2436461448669434,180.0
600.0,True,False,nan,49.88142395019531,0.6711297631263733,0.644076943397522,3.0,3.5350427627563477,180.0
600.0,True,False,nan,48.68220520019531,0.5927369594573975,0.6640354990959167,2.0,3.2147912979125977,180.0
600.0,True,False,nan,48.67861557006836,0.7230233550071716,0.619282066822052,6.0,3.194913148880005,180.0
600.0,True,False,nan,47.88788604736328,0.7886213064193726,0.5794413089752197,12.0,2.983137845993042,180.0
600.0,True,False,nan,46.13578414916992,0.7926942110061646,0.612612247467041,4.0,3.5580077171325684,180.0
600.0,True,False,nan,45.509971618652344,0.8021204471588135,0.5590479373931885,8.0,3.2925617694854736,180.0
600.0,True,False,nan,45.68979263305664,0.7332589030265808,0.658619225025177,3.0,3.3842222690582275,180.0
600.0,True,False,nan,49.931785583496094,0.8194982409477234,0.5687745213508606,11.0,2.9952430725097656,180.0
600.0,True,False,nan,47.83430480957031,0.8183444738388062,0.6807278990745544,3.0,3.5526866912841797,180.0
600.0,True,False,nan,48.35663986206055,0.9728705286979675,0.6341559886932373,3.0,3.313664197921753,180.0
600.0,True,False,nan,47.39482498168945,0.937430739402771,0.645164430141449,8.0,3.104644298553467,180.0
600.0,True,False,nan,47.58205795288086,0.9761542677879333,0.6534387469291687,5.0,3.124087333679199,180.0
600.0,True,False,nan,46.06422424316406,1.2814140319824219,0.6081850528717041,8.0,3.260981798171997,180.0
600.0,True,False,nan,45.74776840209961,1.4251117706298828,0.6432532668113708,3.0,3.413573741912842,180.0
600.0,True,False,nan,47.78805923461914,1.5318217277526855,0.5943233370780945,9.0,3.311969757080078,180.0
600.0,True,False,nan,47.50502395629883,1.596079707145691,0.5906705260276794,10.0,2.9219272136688232,180.0
600.0,True,False,nan,46.73463821411133,1.5066776275634766,0.6119788289070129,4.0,3.1113524436950684,180.0
600.0,True,False,nan,47.05390930175781,1.511692762374878,0.6721680164337158,10.0,3.267237424850464,180.0
600.0,True,False,nan,46.430908203125,1.6996344327926636,0.5839561223983765,6.0,3.4843802452087402,180.0
600.0,True,False,nan,45.91396713256836,1.583337664604187,0.583871066570282,8.0,3.4185891151428223,180.0
600.0,True,False,nan,46.679222106933594,1.5694584846496582,0.6340394616127014,6.0,3.0537421703338623,180.0
600.0,True,False,nan,47.26511764526367,1.7401821613311768,0.594448447227478,8.0,3.2154340744018555,180.0
600.0,True,False,nan,45.1578369140625,1.7943487167358398,0.5831849575042725,3.0,3.4020450115203857,180.0
600.0,True,False,nan,46.31208038330078,1.7116302251815796,0.6350722312927246,8.0,3.0781807899475098,180.0
600.0,True,False,nan,46.82084655761719,1.6460297107696533,0.7514489889144897,4.0,3.078721284866333,180.0
600.0,True,False,nan,45.59580993652344,2.091017484664917,0.6100596785545349,6.0,3.433262825012207,180.0
600.0,True,False,nan,51.751102447509766,2.1133553981781006,0.6055594086647034,8.0,3.3208680152893066,180.0
600.0,True,False,nan,45.9164924621582,1.9623733758926392,0.6024991869926453,4.0,3.1581740379333496,180.0
600.0,True,False,nan,49.83924102783203,2.1093571186065674,0.6292108297348022,7.0,3.2928671836853027,180.0
600.0,True,False,nan,46.97182846069336,2.1457626819610596,0.6129686832427979,5.0,3.4163646697998047,180.0
600.0,True,False,nan,53.12278366088867,2.2502236366271973,0.6496797204017639,6.0,3.4760255813598633,180.0
600.0,True,False,nan,45.487762451171875,2.764796257019043,0.6427743434906006,5.0,3.410130739212036,180.0
600.0,True,False,nan,47.24251174926758,2.6031558513641357,0.6000247001647949,5.0,3.261807680130005,180.0
600.0,True,False,nan,45.85554504394531,2.7683701515197754,0.6657359600067139,5.0,3.4124937057495117,180.0
600.0,True,False,nan,47.06014633178711,3.0220227241516113,0.629589319229126,4.0,3.276846170425415,180.0
600.0,True,False,nan,46.8443489074707,2.699697971343994,0.6583739519119263,7.0,3.3788766860961914,180.0
600.0,True,False,nan,50.51419448852539,2.7643868923187256,0.6681712865829468,5.0,3.438554525375366,180.0
600.0,True,False,nan,47.42155838012695,3.7387821674346924,0.5864002108573914,7.0,3.4315567016601562,180.0
600.0,True,False,nan,48.467899322509766,3.6070051193237305,0.65802401304245,5.0,3.3916871547698975,180.0
600.0,True,False,nan,51.27130126953125,3.4735829830169678,0.6718698143959045,7.0,3.0209598541259766,180.0
600.0,True,False,nan,46.19839096069336,4.217899322509766,0.6520352959632874,5.0,3.338606119155884,180.0
600.0,True,False,nan,49.3570671081543,5.302030563354492,0.7364709973335266,5.0,3.307023525238037,180.0
600.0,True,False,nan,48.976192474365234,4.986098289489746,0.6296108365058899,3.0,3.310770034790039,180.0
600.0,False,True,2.259999990463257,21.085918426513672,3.7825779914855957,0.707959771156311,5.0,3.237720012664795,180.0
600.0,False,False,nan,18.17052459716797,3.6929879188537598,0.646451473236084,7.0,3.004438638687134,180.0
600.0,False,False,nan,19.56694221496582,3.975203514099121,0.6350869536399841,4.0,3.1193418502807617,180.0
600.0,False,True,2.2799999713897705,29.25232696533203,3.700446605682373,0.6404045820236206,7.0,3.3499574661254883,180.0
600.0,False,False,nan,20.033445358276367,3.9556729793548584,0.665840744972229,3.0,3.024646520614624,180.0
600.0,True,False,nan,48.22175598144531,0.45953720808029175,0.6159297823905945,12.0,3.4236044883728027,180.0
600.0,True,False,nan,45.18085479736328,0.4601498246192932,0.7027503848075867,4.0,3.2732179164886475,180.0
600.0,True,False,nan,47.95231246948242,0.5288611650466919,0.644001841545105,7.0,3.4011542797088623,180.0
600.0,True,False,nan,47.347511291503906,0.4862508475780487,0.642608106136322,11.0,3.260316848754883,180.0
600.0,True,False,nan,46.75816345214844,0.48470109701156616,0.6421786546707153,12.0,3.0947892665863037,180.0
600.0,True,False,nan,49.73158645629883,0.5619910955429077,0.5917045474052429,13.0,3.1722466945648193,180.0
600.0,True,False,nan,45.84531021118164,0.5192520022392273,0.7205974459648132,2.0,3.422565221786499,180.0
600.0,True,False,nan,46.325927734375,0.5257047414779663,0.6854237914085388,2.0,3.3040103912353516,180.0
600.0,True,False,nan,47.6270866394043,0.5737895369529724,0.5875546932220459,12.0,3.074248790740967,180.0
600.0,True,False,nan,47.38938903808594,0.5845927000045776,0.6518676280975342,6.0,3.199655294418335,180.0
600.0,True,False,nan,49.06496047973633,0.599886417388916,0.6045019626617432,10.0,3.195852279663086,180.0
600.0,True,False,nan,47.44942092895508,0.5775204300880432,0.6193374395370483,9.0,3.5019142627716064,180.0
600.0,True,False,nan,47.35964584350586,0.5494298934936523,0.605892539024353,11.0,3.072404146194458,180.0
600.0,True,False,nan,48.245582580566406,0.6421118974685669,0.6571356058120728,5.0,3.375570774078369,180.0
600.0,True,False,nan,48.68226623535156,0.5927344560623169,0.6640428304672241,2.0,3.2147905826568604,180.0
600.0,True,False,nan,45.2630615234375,0.6191372275352478,0.7224735021591187,3.0,3.59071946144104,180.0
600.0,True,False,nan,48.4961051940918,0.6383514404296875,0.6373901963233948,7.0,3.2436764240264893,180.0
600.0,True,False,nan,49.906837463378906,0.6712061762809753,0.6440685391426086,3.0,3.535005569458008,180.0
600.0,True,False,nan,50.88837432861328,0.8140407800674438,0.5804395079612732,9.0,2.962878465652466,180.0
600.0,True,False,nan,45.510276794433594,0.8021290898323059,0.5590271949768066,8.0,3.2925610542297363,180.0
600.0,True,False,nan,49.931644439697266,0.8194902539253235,0.5687739849090576,11.0,2.995237112045288,180.0
600.0,True,False,nan,48.678680419921875,0.7230243682861328,0.6192755699157715,6.0,3.1949126720428467,180.0
600.0,True,False,nan,0.4937681555747986,0.0,0.583184540271759,6.0,0.0,180.0
600.0,True,False,nan,15.077827453613281,0.16837386786937714,0.5906670689582825,10.0,2.5552444458007812,180.0
600.0,True,False,nan,1.7357343435287476,0.0,0.5839545726776123,6.0,0.3604782521724701,180.0
600.0,True,False,nan,11.347967147827148,0.08524799346923828,0.6350752115249634,8.0,2.2106943130493164,180.0
600.0,True,False,nan,24.04913330078125,0.274251252412796,0.6432515978813171,3.0,2.7910122871398926,180.0
600.0,True,False,nan,9.916927337646484,0.06113111972808838,0.5943222045898438,9.0,1.7539420127868652,180.0
600.0,True,False,nan,5.3814287185668945,0.013647782616317272,0.5944480299949646,10.0,0.9941120743751526,180.0
600.0,True,False,nan,27.675203323364258,0.70188307762146,0.653444766998291,5.0,3.124083995819092,180.0
600.0,True,False,nan,0.39067068696022034,0.0,0.605556309223175,10.0,0.0,180.0
600.0,True,False,nan,32.877296447753906,0.7645992040634155,0.6341512203216553,3.0,3.3136637210845947,180.0
600.0,True,False,nan,39.93830871582031,0.591368556022644,0.6116340160369873,5.0,3.5576751232147217,180.0
600.0,True,False,nan,13.600168228149414,0.12110482156276703,0.6119916439056396,4.0,2.534695625305176,180.0
600.0,True,False,nan,10.174692153930664,0.05701783671975136,0.6721720695495605,10.0,1.8506680727005005,180.0
600.0,True,False,nan,29.229713439941406,0.744479775428772,0.645165205001831,8.0,3.1046335697174072,180.0
600.0,True,False,nan,4.660813808441162,0.0058064148761332035,0.5838677287101746,8.0,0.8117589354515076,180.0
600.0,True,False,nan,32.522552490234375,0.6024710536003113,0.6586323380470276,5.0,3.384228229522705,180.0
600.0,True,False,nan,0.7873334288597107,0.0,0.7514541745185852,3.0,0.0,180.0
600.0,True,False,nan,13.925765991210938,0.12120192497968674,0.6081821918487549,8.0,2.5124030113220215,180.0
600.0,True,False,nan,10.94884204864502,0.08469709753990173,0.6340410709381104,6.0,2.190800905227661,180.0
600.0,True,False,nan,37.40592575073242,0.33463484048843384,0.6807382702827454,3.0,2.923605442047119,180.0
600.0,True,False,nan,46.550315856933594,0.31409916281700134,0.5875563025474548,12.0,2.411566972732544,270.0
600.0,True,False,nan,49.53083801269531,0.31803950667381287,0.615932822227478,12.0,2.654959201812744,270.0
600.0,True,False,nan,47.39909362792969,0.34221214056015015,0.6426131725311279,11.0,2.798400640487671,270.0
600.0,True,False,nan,46.91901397705078,0.3185529112815857,0.5917102694511414,13.0,2.568167209625244,270.0
600.0,True,False,nan,50.61280059814453,0.331766277551651,0.6421720385551453,12.0,2.6522529125213623,270.0
600.0,True,False,nan,46.69551467895508,0.3807070851325989,0.6854259967803955,2.0,2.743809223175049,270.0
600.0,True,False,nan,50.4306526184082,0.3959369361400604,0.7027094960212708,4.0,2.946913003921509,270.0
600.0,True,False,nan,47.832881927490234,0.3409408926963806,0.6058945655822754,11.0,2.570992946624756,270.0
600.0,True,False,nan,45.27456283569336,0.4391920864582062,0.6440109014511108,7.0,2.8562357425689697,270.0
600.0,True,False,nan,49.50151443481445,0.41955363750457764,0.7205954790115356,2.0,2.736086368560791,270.0
600.0,True,False,nan,48.1248893737793,0.35196200013160706,0.559027373790741,8.0,2.4309427738189697,270.0
600.0,True,False,nan,51.328346252441406,0.396207332611084,0.6045014262199402,10.0,2.6267805099487305,270.0
600.0,True,False,nan,46.053260803222656,0.4033324718475342,0.6640443205833435,2.0,2.5641794204711914,270.0
600.0,True,False,nan,46.96965789794922,0.4775030314922333,0.6518717408180237,6.0,2.762861967086792,270.0
600.0,True,False,nan,46.52412414550781,0.4134483337402344,0.5862514972686768,11.0,2.4356226921081543,270.0
600.0,True,False,nan,47.852108001708984,0.40902823209762573,0.568385660648346,8.0,2.404945135116577,270.0
600.0,True,False,nan,47.64630126953125,0.4353797733783722,0.6586241722106934,3.0,2.5764830112457275,270.0
600.0,True,False,nan,46.64973449707031,0.47544363141059875,0.619341254234314,9.0,2.7705085277557373,270.0
600.0,True,False,nan,47.22004699707031,0.5221059918403625,0.72247314453125,3.0,3.053123712539673,270.0
600.0,True,False,nan,46.71100616455078,0.48241427540779114,0.5831835269927979,3.0,2.6905605792999268,270.0
600.0,True,False,nan,48.20045852661133,0.5080045461654663,0.6571420431137085,5.0,2.69596529006958,270.0
600.0,True,False,nan,45.26319885253906,0.5441817045211792,0.6440799832344055,3.0,2.984543800354004,270.0
600.0,True,False,nan,45.96332550048828,0.5415101647377014,0.6116325855255127,5.0,2.9441018104553223,270.0
600.0,True,False,nan,46.44175720214844,0.5248528718948364,0.58641517162323,7.0,2.684542179107666,270.0
600.0,True,False,nan,45.5164680480957,0.6043367981910706,0.6807308197021484,3.0,3.101177930831909,270.0
600.0,True,False,nan,46.357391357421875,0.604202151298523,0.6373873949050903,7.0,2.66232967376709,270.0
600.0,True,False,nan,45.58126449584961,0.5190649032592773,0.6024990677833557,4.0,2.5027034282684326,270.0
600.0,True,False,nan,46.08609390258789,0.6173978447914124,0.6100212335586548,6.0,2.889906406402588,270.0
600.0,True,False,nan,46.28404235839844,0.6547958850860596,0.5839593410491943,6.0,2.85673189163208,270.0
600.0,True,False,nan,49.756656646728516,0.8368150591850281,0.6551849246025085,5.0,2.867326498031616,270.0
600.0,True,False,nan,47.17318344116211,0.7183383703231812,0.6129615306854248,5.0,2.690866708755493,270.0
600.0,True,False,nan,47.31261444091797,0.6830681562423706,0.6658375263214111,3.0,2.52433180809021,270.0
600.0,True,False,nan,46.962310791015625,0.9213079214096069,0.658374011516571,7.0,2.9720606803894043,270.0
600.0,True,False,nan,47.99970245361328,0.8091119527816772,0.6192800998687744,6.0,2.562279224395752,270.0
600.0,True,False,nan,47.70740509033203,0.8943321108818054,0.6432557106018066,3.0,2.731295347213745,270.0
600.0,True,False,nan,45.40852737426758,1.0842974185943604,0.649679958820343,6.0,3.1182360649108887,270.0
600.0,True,False,nan,47.11473846435547,0.8714478015899658,0.6295862793922424,4.0,2.6551594734191895,270.0
600.0,True,False,nan,48.22637939453125,1.023199439048767,0.6681872606277466,5.0,2.9665942192077637,270.0
600.0,True,False,nan,45.10631561279297,1.0864415168762207,0.6427132487297058,5.0,3.0996572971343994,270.0
600.0,True,False,nan,47.618377685546875,0.97767174243927,0.5838702321052551,8.0,2.9954233169555664,270.0
600.0,True,False,nan,49.74047088623047,1.1173611879348755,0.7364731431007385,5.0,3.154174327850342,270.0
600.0,True,False,nan,46.512569427490234,1.1093130111694336,0.6657411456108093,5.0,3.130911350250244,270.0
600.0,True,False,nan,45.850337982177734,0.9662408232688904,0.7514590620994568,4.0,2.7704250812530518,270.0
600.0,True,False,nan,46.812843322753906,1.080217957496643,0.6580037474632263,5.0,3.064279556274414,270.0
600.0,True,False,nan,51.43317794799805,0.978873610496521,0.5943244695663452,9.0,2.873520612716675,270.0
600.0,True,False,nan,45.60493087768555,0.9045170545578003,0.6055497527122498,8.0,2.665428400039673,270.0
600.0,True,False,nan,46.50497817993164,1.0134905576705933,0.6718698740005493,7.0,2.7410340309143066,270.0
600.0,True,False,nan,47.22023010253906,1.0428247451782227,0.6292049884796143,7.0,2.9104769229888916,270.0
600.0,True,False,nan,46.95321273803711,0.9430922269821167,0.6464601159095764,7.0,2.569568395614624,270.0
600.0,True,False,nan,47.391239166259766,0.9241412878036499,0.6000282168388367,5.0,2.681854724884033,270.0
600.0,True,False,nan,49.62519454956055,0.9898579716682434,0.6296168565750122,3.0,2.797651529312134,270.0
600.0,True,False,nan,54.19089126586914,0.9738739728927612,0.6350846886634827,4.0,2.730713367462158,270.0
600.0,True,False,nan,48.709632873535156,0.9826999306678772,0.6079990863800049,8.0,2.842116117477417,270.0
600.0,True,False,nan,54.281471252441406,0.9942753314971924,0.6520227789878845,5.0,2.8156168460845947,270.0
600.0,True,False,nan,46.99272155761719,1.0973951816558838,0.640419065952301,7.0,2.972588539123535,270.0
600.0,True,False,nan,48.92456817626953,0.9616118669509888,0.5944481492042542,8.0,2.705719470977783,270.0
600.0,True,False,nan,47.82283401489258,1.093077301979065,0.6341519355773926,3.0,2.847752094268799,270.0
600.0,True,False,nan,46.23403549194336,0.9106879830360413,0.6119818091392517,4.0,2.6619913578033447,270.0
600.0,True,False,nan,46.324100494384766,1.10372793674469,0.7079489827156067,5.0,2.912257671356201,270.0
600.0,True,False,nan,51.91952896118164,1.0283960103988647,0.6340384483337402,6.0,2.754307270050049,270.0
600.0,True,False,nan,54.36669158935547,0.9639220833778381,0.590664267539978,10.0,2.661656141281128,270.0
600.0,True,False,nan,45.98777770996094,1.4175300598144531,0.6721678376197815,10.0,3.3408193588256836,270.0
600.0,True,False,nan,47.47780227661133,1.1119691133499146,0.6451648473739624,8.0,2.717184543609619,270.0
600.0,True,False,nan,46.833587646484375,1.228697657585144,0.635063886642456,8.0,2.782055139541626,270.0
600.0,True,False,nan,49.530704498291016,0.31804022192955017,0.6159294843673706,12.0,2.6549618244171143,270.0
600.0,True,False,nan,50.61274719238281,0.33176472783088684,0.6421771049499512,12.0,2.652251958847046,270.0
600.0,True,False,nan,47.39911651611328,0.3422143757343292,0.6426106095314026,11.0,2.798405170440674,270.0
600.0,True,False,nan,46.91917037963867,0.31855228543281555,0.5917109251022339,13.0,2.5681684017181396,270.0
600.0,True,False,nan,46.55013656616211,0.314098596572876,0.587550938129425,12.0,2.4115664958953857,270.0
600.0,True,False,nan,46.69534683227539,0.38071176409721375,0.6854166984558105,2.0,2.743812322616577,270.0
600.0,True,False,nan,50.43098068237305,0.39593732357025146,0.7027103304862976,4.0,2.946911573410034,270.0
600.0,True,False,nan,47.83309555053711,0.3409397006034851,0.6058963537216187,11.0,2.5709948539733887,270.0
600.0,True,False,nan,51.32833480834961,0.396208256483078,0.6045008301734924,10.0,2.6267879009246826,270.0
600.0,True,False,nan,49.50161361694336,0.41955503821372986,0.7205877900123596,2.0,2.7360894680023193,270.0
600.0,True,False,nan,48.1254768371582,0.3519606590270996,0.5590243339538574,8.0,2.430936336517334,270.0
600.0,True,False,nan,46.053077697753906,0.40333276987075806,0.6640452742576599,2.0,2.5641791820526123,270.0
600.0,True,False,nan,46.96967315673828,0.4775070250034332,0.6518665552139282,6.0,2.762864828109741,270.0
600.0,True,False,nan,45.27462387084961,0.43919411301612854,0.6440043449401855,7.0,2.8562352657318115,270.0
600.0,True,False,nan,47.64646911621094,0.4353795349597931,0.6586211323738098,3.0,2.5764787197113037,270.0
600.0,True,False,nan,47.212650299072266,0.5220673680305481,0.7224991321563721,3.0,3.053065299987793,270.0
600.0,True,False,nan,47.85175704956055,0.40903034806251526,0.5683819055557251,8.0,2.404951333999634,270.0
600.0,True,False,nan,45.26328659057617,0.5441818237304688,0.6440787315368652,3.0,2.9845478534698486,270.0
600.0,True,False,nan,46.649940490722656,0.4754413068294525,0.6193488836288452,9.0,2.770498514175415,270.0
600.0,True,False,nan,48.200531005859375,0.5080088973045349,0.657139003276825,5.0,2.69596266746521,270.0
600.0,True,False,nan,49.10048294067383,0.4121239483356476,0.5794400572776794,12.0,2.51733660697937,270.0
600.0,True,False,nan,46.26074981689453,0.5503227114677429,0.6126146912574768,4.0,2.955399751663208,270.0
600.0,True,False,nan,46.71107864379883,0.4824153780937195,0.5831771492958069,3.0,2.690559148788452,270.0
600.0,True,False,nan,27.50400161743164,0.4738917946815491,0.5906612277030945,11.0,2.6616501808166504,270.0
600.0,True,False,nan,40.15903854370117,0.573188841342926,0.583957314491272,6.0,2.8567402362823486,270.0
600.0,True,False,nan,9.315424919128418,0.1183120608329773,0.6350748538970947,8.0,2.4074904918670654,270.0
600.0,True,False,nan,38.91707992553711,0.5567319393157959,0.6432547569274902,3.0,2.731302261352539,270.0
600.0,True,False,nan,34.00518798828125,0.542841911315918,0.5943207740783691,9.0,2.873525381088257,270.0
600.0,True,False,nan,31.171545028686523,0.5219664573669434,0.5944477319717407,8.0,2.7057199478149414,270.0
600.0,True,False,nan,41.82001876831055,0.8404898643493652,0.6534351110458374,5.0,2.867223024368286,270.0
600.0,True,False,nan,34.39120864868164,0.49569496512413025,0.6055628061294556,8.0,2.6654138565063477,270.0
600.0,True,False,nan,42.58829116821289,0.5563491582870483,0.6377825140953064,7.0,2.6623284816741943,270.0
600.0,True,False,nan,40.44760513305664,0.48594245314598083,0.5864201188087463,7.0,2.6846117973327637,270.0
600.0,True,False,nan,36.94607162475586,0.4546496868133545,0.6024969220161438,4.0,2.5027072429656982,270.0
600.0,True,False,nan,32.56995391845703,0.5058650374412537,0.629584550857544,4.0,2.655153274536133,270.0
600.0,True,False,nan,18.49271011352539,0.3391580581665039,0.6718655228614807,7.0,2.7410380840301514,270.0
600.0,True,False,nan,19.416805267333984,0.3449985682964325,0.6292054653167725,7.0,2.9104743003845215,270.0
600.0,True,False,nan,28.792686462402344,0.39559435844421387,0.6341515183448792,3.0,2.8477396965026855,270.0
600.0,True,False,nan,28.141061782836914,0.5306699275970459,0.658374011516571,8.0,2.9720475673675537,270.0
600.0,True,False,nan,41.357688903808594,0.5757265090942383,0.6100354790687561,6.0,2.8898839950561523,270.0
600.0,True,False,nan,29.22675132751465,0.4737822115421295,0.6119859218597412,8.0,2.6619813442230225,270.0
600.0,True,False,nan,16.265380859375,0.3055640161037445,0.7079527974128723,4.0,2.8430418968200684,270.0
600.0,True,False,nan,31.39442253112793,0.5260442495346069,0.6681872606277466,9.0,2.9666049480438232,270.0
600.0,True,False,nan,21.547216415405273,0.3419264554977417,0.6721705794334412,10.0,3.3408451080322266,270.0
600.0,True,False,nan,35.29446792602539,0.500804603099823,0.6128843426704407,5.0,2.6908559799194336,270.0
600.0,True,False,nan,31.233715057373047,0.5145955681800842,0.6464491486549377,7.0,2.569575071334839,270.0
600.0,True,False,nan,23.44258689880371,0.32597920298576355,0.6451663374900818,8.0,2.7171850204467773,270.0
600.0,True,False,nan,29.501188278198242,0.4554065763950348,0.6427819728851318,7.0,3.0995168685913086,270.0
600.0,True,False,nan,35.5169677734375,0.4888734817504883,0.5838713049888611,8.0,2.9954357147216797,270.0
600.0,True,False,nan,44.52626037597656,0.6046983599662781,0.6192716956138611,6.0,2.5622761249542236,270.0
600.0,True,False,nan,32.454917907714844,0.5187392234802246,0.6000199913978577,5.0,2.6818532943725586,270.0
600.0,True,False,nan,26.09097671508789,0.421993613243103,0.7364659905433655,5.0,3.154174327850342,270.0
600.0,True,False,nan,25.93345069885254,0.42431339621543884,0.6657406091690063,5.0,3.1309144496917725,270.0
600.0,True,False,nan,32.85673522949219,0.5885483622550964,0.6296064257621765,3.0,2.797653913497925,270.0
600.0,True,False,nan,26.058303833007812,0.4640456438064575,0.6496826410293579,10.0,3.1182377338409424,270.0
600.0,True,False,nan,30.89626121520996,0.5816070437431335,0.635094165802002,4.0,2.73071551322937,270.0
600.0,True,False,nan,26.360136032104492,0.4275675117969513,0.7514469027519226,3.0,2.7704246044158936,270.0
600.0,True,False,nan,31.110586166381836,0.45039018988609314,0.6081806421279907,8.0,2.842073440551758,270.0
600.0,True,False,nan,33.55036163330078,0.5940483212471008,0.6520262956619263,5.0,2.815607786178589,270.0
600.0,True,False,nan,23.31654930114746,0.3851010501384735,0.6404032111167908,9.0,2.973067283630371,270.0
600.0,True,False,nan,13.747611045837402,0.24909350275993347,0.6340377926826477,6.0,2.4421169757843018,270.0
600.0,True,False,nan,17.03412628173828,0.3095611333847046,0.6580072045326233,8.0,2.9135854244232178,270.0
600.0,True,False,nan,33.63846969604492,0.483852356672287,0.6658344864845276,3.0,2.5243337154388428,270.0
600.0,True,False,nan,42.566612243652344,0.6022123098373413,0.6807384490966797,3.0,3.1011807918548584,270.0
650.0,True,False,nan,49.8728141784668,0.1546112298965454,0.5831827521324158,3.0,2.8865761756896973,0.0
650.0,True,False,nan,47.02326965332031,0.186068594455719,0.5875501036643982,12.0,2.9858555793762207,0.0
650.0,True,False,nan,46.347999572753906,0.15934054553508759,0.6432592272758484,3.0,2.8657805919647217,0.0
650.0,True,False,nan,51.1136474609375,0.14037208259105682,0.615932822227478,12.0,2.925022602081299,0.0
650.0,True,False,nan,45.69314193725586,0.16690626740455627,0.6055659055709839,8.0,2.864315986633301,0.0
650.0,True,False,nan,48.44243621826172,0.1580948829650879,0.5863866209983826,7.0,2.8663229942321777,0.0
650.0,True,False,nan,45.5356330871582,0.16840042173862457,0.6295867562294006,4.0,2.8773086071014404,0.0
650.0,True,False,nan,47.568511962890625,0.1319333165884018,0.7205944061279297,2.0,2.826289415359497,0.0
650.0,True,False,nan,48.17267608642578,0.14429837465286255,0.6854234933853149,2.0,2.8577888011932373,0.0
650.0,True,False,nan,47.03030014038086,0.14262916147708893,0.6100258231163025,6.0,2.844691753387451,0.0
650.0,True,False,nan,48.31136703491211,0.14882642030715942,0.6426130533218384,11.0,2.9486546516418457,0.0
650.0,True,False,nan,45.472206115722656,0.1600404530763626,0.6128987669944763,5.0,2.8332300186157227,0.0
650.0,True,False,nan,45.12186050415039,0.15875458717346191,0.5590261220932007,8.0,2.8056933879852295,0.0
650.0,True,False,nan,48.90736389160156,0.1500382423400879,0.6586278676986694,3.0,2.8682169914245605,0.0
650.0,True,False,nan,48.05596160888672,0.1644398719072342,0.5917144417762756,13.0,3.01029372215271,0.0
650.0,True,False,nan,48.33393478393555,0.1575709730386734,0.6421718597412109,12.0,3.0063095092773438,0.0
650.0,True,False,nan,47.19422149658203,0.165839284658432,0.6045023202896118,10.0,2.931339979171753,0.0
650.0,True,False,nan,48.466705322265625,0.15911884605884552,0.664038896560669,2.0,2.905005693435669,0.0
650.0,True,False,nan,45.76696014404297,0.17911574244499207,0.6658360958099365,3.0,2.910615921020508,0.0
650.0,True,False,nan,45.64535903930664,0.13040339946746826,0.6807353496551514,3.0,2.7940080165863037,0.0
650.0,True,False,nan,49.095664978027344,0.1649467945098877,0.5839494466781616,6.0,2.8658084869384766,0.0
650.0,True,False,nan,47.77806091308594,0.17287719249725342,0.6571400165557861,5.0,2.9617650508880615,0.0
650.0,True,False,nan,46.95283889770508,0.1966516524553299,0.6024966239929199,4.0,2.8998045921325684,0.0
650.0,True,False,nan,48.37077331542969,0.15598233044147491,0.612610399723053,4.0,2.8781044483184814,0.0
650.0,True,False,nan,48.630836486816406,0.17065978050231934,0.6681864261627197,5.0,2.9720587730407715,0.0
650.0,True,False,nan,47.94180679321289,0.1605379283428192,0.7027479410171509,4.0,2.989680528640747,0.0
650.0,True,False,nan,47.26456069946289,0.20361986756324768,0.646430253982544,7.0,3.021993637084961,0.0
650.0,True,False,nan,49.46002960205078,0.16119013726711273,0.6427873373031616,5.0,2.966214895248413,0.0
650.0,True,False,nan,48.165191650390625,0.16597004234790802,0.5838693976402283,8.0,2.884084939956665,0.0
650.0,True,False,nan,47.30873107910156,0.1918591856956482,0.6000229716300964,5.0,2.9814376831054688,0.0
650.0,True,False,nan,48.56614303588867,0.1487221121788025,0.7364728450775146,5.0,2.951624631881714,0.0
650.0,True,False,nan,46.52056884765625,0.16656623780727386,0.6656886339187622,5.0,2.9593758583068848,0.0
650.0,True,False,nan,48.135719299316406,0.1932976096868515,0.6296037435531616,3.0,2.9940059185028076,0.0
650.0,True,False,nan,47.282325744628906,0.1983499526977539,0.635100781917572,4.0,3.0153768062591553,0.0
650.0,True,False,nan,45.838584899902344,0.18387696146965027,0.7514439225196838,4.0,2.9904401302337646,0.0
650.0,True,False,nan,47.77325439453125,0.158919095993042,0.6193432211875916,9.0,2.8712339401245117,0.0
650.0,True,False,nan,47.01506423950195,0.1817382574081421,0.6520299315452576,5.0,2.9865057468414307,0.0
650.0,True,False,nan,47.14558029174805,0.17464092373847961,0.6404094099998474,7.0,2.9866561889648438,0.0
650.0,True,False,nan,49.371559143066406,0.3810688257217407,0.6058948040008545,11.0,2.869269371032715,0.0
650.0,True,False,nan,48.16334915161133,0.4421837031841278,0.6518686413764954,6.0,2.7287747859954834,0.0
650.0,True,False,nan,50.00621795654297,0.4275011122226715,0.6439025402069092,7.0,2.878530740737915,0.0
650.0,True,False,nan,45.90126419067383,0.4491261839866638,0.7224703431129456,3.0,3.105186939239502,0.0
650.0,True,False,nan,45.56136703491211,0.5430623292922974,0.5943229794502258,9.0,3.0099613666534424,0.0
650.0,True,False,nan,47.3514518737793,0.5313065648078918,0.6440735459327698,3.0,3.013030767440796,0.0
650.0,True,False,nan,50.85007858276367,0.7613363265991211,0.5862509608268738,11.0,2.738312005996704,0.0
650.0,True,False,nan,45.64455795288086,0.744897186756134,0.637783408164978,7.0,2.722565174102783,0.0
650.0,True,False,nan,47.90654754638672,0.8086895942687988,0.5683638453483582,8.0,2.724198579788208,0.0
650.0,True,False,nan,49.697845458984375,0.8447978496551514,0.6341559886932373,3.0,2.8332595825195312,0.0
650.0,True,False,nan,50.76483917236328,0.8894003629684448,0.6721678376197815,10.0,3.084637403488159,0.0
650.0,True,False,nan,51.91935729980469,0.7484635710716248,0.6192772388458252,6.0,2.8458337783813477,0.0
650.0,True,False,nan,46.426734924316406,0.8600485324859619,0.6081804633140564,8.0,2.866414785385132,0.0
650.0,True,False,nan,46.81898498535156,0.8634679317474365,0.6534378528594971,5.0,2.767456531524658,0.0
650.0,True,False,nan,47.046714782714844,0.8848943710327148,0.6451631188392639,8.0,2.683018922805786,0.0
650.0,True,False,nan,48.438594818115234,0.9561615586280823,0.6119838953018188,4.0,2.8165345191955566,0.0
650.0,True,False,nan,49.47296905517578,1.1850463151931763,0.5944439172744751,8.0,2.910362958908081,0.0
650.0,True,False,nan,45.74933624267578,1.1507023572921753,0.6496788263320923,6.0,3.0349643230438232,0.0
650.0,True,False,nan,51.20380401611328,1.099229097366333,0.6580103039741516,5.0,3.0254547595977783,0.0
650.0,True,False,nan,57.53739929199219,1.184262990951538,0.6292068362236023,7.0,2.9407310485839844,0.0
650.0,True,False,nan,58.964012145996094,1.2248833179473877,0.6583753228187561,7.0,2.9367728233337402,0.0
650.0,True,False,nan,47.11913299560547,1.2966798543930054,0.7079511880874634,5.0,3.099156379699707,0.0
650.0,True,False,nan,55.555423736572266,1.3908292055130005,0.6718671321868896,7.0,3.050328254699707,0.0
650.0,True,False,nan,48.85988235473633,1.5750097036361694,0.5906665921211243,10.0,2.7426726818084717,0.0
650.0,True,False,nan,45.19136047363281,1.774410605430603,0.6340348124504089,6.0,2.728858470916748,0.0
650.0,True,False,nan,52.506919860839844,1.9949531555175781,0.6350725293159485,8.0,2.704270362854004,0.0
650.0,True,False,nan,51.11350631713867,0.1403718888759613,0.6159325242042542,12.0,2.9250051975250244,0.0
650.0,True,False,nan,48.31165313720703,0.14882700145244598,0.6426146030426025,11.0,2.9486546516418457,0.0
650.0,True,False,nan,48.05585861206055,0.1644412726163864,0.5917103290557861,13.0,3.0102922916412354,0.0
650.0,True,False,nan,48.33381652832031,0.15757185220718384,0.6421771049499512,12.0,3.0063071250915527,0.0
650.0,True,False,nan,47.56833267211914,0.1319344937801361,0.7205906510353088,2.0,2.826292037963867,0.0
650.0,True,False,nan,48.1727409362793,0.14429813623428345,0.6854263544082642,2.0,2.8577868938446045,0.0
650.0,True,False,nan,47.94155502319336,0.16053833067417145,0.7027506232261658,4.0,2.9896795749664307,0.0
650.0,True,False,nan,45.121891021728516,0.15875127911567688,0.5590344071388245,8.0,2.8056952953338623,0.0
650.0,True,False,nan,47.02320098876953,0.18606820702552795,0.5875568985939026,12.0,2.9858553409576416,0.0
650.0,True,False,nan,49.8729362487793,0.15461112558841705,0.5831852555274963,3.0,2.886577844619751,0.0
650.0,True,False,nan,47.19404983520508,0.1658397763967514,0.6045011281967163,10.0,2.931337833404541,0.0
650.0,True,False,nan,45.64543533325195,0.13040165603160858,0.6807477474212646,3.0,2.794008731842041,0.0
650.0,True,False,nan,48.44202423095703,0.1580936461687088,0.5864088535308838,7.0,2.8662490844726562,0.0
650.0,True,False,nan,47.81053161621094,0.15577183663845062,0.6116307973861694,5.0,2.8693878650665283,0.0
650.0,True,False,nan,47.7733268737793,0.15891864895820618,0.6193473935127258,9.0,2.871241569519043,0.0
650.0,True,False,nan,49.0955810546875,0.1649468094110489,0.5839502215385437,6.0,2.865814685821533,0.0
650.0,True,False,nan,47.77788543701172,0.17287863790988922,0.6571333408355713,5.0,2.961766004562378,0.0
650.0,True,False,nan,47.0305061340332,0.14262908697128296,0.6100220084190369,6.0,2.8446927070617676,0.0
650.0,True,False,nan,48.16510772705078,0.16596966981887817,0.5838697552680969,8.0,2.8840830326080322,0.0
650.0,True,False,nan,48.90736389160156,0.15003947913646698,0.6586238741874695,3.0,2.8682165145874023,0.0
650.0,True,False,nan,48.4667854309082,0.15911881625652313,0.6640390753746033,2.0,2.9050121307373047,0.0
650.0,True,False,nan,45.47209167480469,0.1600315123796463,0.6129623651504517,5.0,2.833232879638672,0.0
650.0,True,False,nan,49.37146759033203,0.38105857372283936,0.6059289574623108,11.0,2.8692774772644043,0.0
650.0,True,False,nan,46.34794998168945,0.15934166312217712,0.6432504057884216,3.0,2.865785598754883,0.0
650.0,True,False,nan,45.69319534301758,0.1669042706489563,0.6055675745010376,8.0,2.8643300533294678,0.0
650.0,True,False,nan,50.004817962646484,0.4275054931640625,0.643902063369751,7.0,2.8785240650177,0.0
650.0,True,False,nan,45.53581237792969,0.1684010922908783,0.6295830607414246,4.0,2.877307891845703,0.0
650.0,True,False,nan,49.45970153808594,0.1611921191215515,0.6427803039550781,5.0,2.9662179946899414,0.0
650.0,True,False,nan,48.56608200073242,0.14872191846370697,0.7364722490310669,5.0,2.951613187789917,0.0
650.0,True,False,nan,48.16223907470703,0.4421958029270172,0.6518365740776062,6.0,2.728766679763794,0.0
650.0,True,False,nan,46.952510833740234,0.19665274024009705,0.6024976968765259,4.0,2.899803876876831,0.0
650.0,True,False,nan,48.630882263183594,0.17066024243831635,0.6681804060935974,5.0,2.9720561504364014,0.0
650.0,True,False,nan,47.014869689941406,0.18173792958259583,0.6520339250564575,5.0,2.9864988327026367,0.0
650.0,True,False,nan,47.14243698120117,0.17463521659374237,0.6404029726982117,7.0,2.98679518699646,0.0
650.0,True,False,nan,47.308349609375,0.19186173379421234,0.6000251173973083,5.0,2.9814212322235107,0.0
650.0,True,False,nan,46.512481689453125,0.16653676331043243,0.6657407283782959,5.0,2.9595937728881836,0.0
650.0,True,False,nan,48.13654327392578,0.1932968944311142,0.6296136379241943,3.0,2.994016647338867,0.0
650.0,True,False,nan,45.901309967041016,0.4491233229637146,0.7224810719490051,3.0,3.105179786682129,0.0
650.0,True,False,nan,45.838958740234375,0.1838630735874176,0.7515301704406738,3.0,2.990434169769287,0.0
650.0,True,False,nan,45.767051696777344,0.17911513149738312,0.6658382415771484,3.0,2.9106080532073975,0.0
650.0,True,False,nan,45.56172561645508,0.543066143989563,0.5943213701248169,9.0,3.0099401473999023,0.0
650.0,True,False,nan,47.351654052734375,0.5313063859939575,0.6440805792808533,3.0,3.0130345821380615,0.0
650.0,True,False,nan,47.264530181884766,0.20361477136611938,0.6464606523513794,7.0,3.021979331970215,0.0
650.0,True,False,nan,47.28213119506836,0.1983499825000763,0.6350890398025513,4.0,3.0153839588165283,0.0
650.0,True,False,nan,53.36765670776367,0.7830320000648499,0.579440176486969,12.0,2.7188494205474854,0.0
650.0,True,False,nan,47.9575080871582,0.8087766766548157,0.5683828592300415,8.0,2.7251784801483154,0.0
650.0,True,False,nan,11.952232360839844,0.07612328976392746,0.5906633138656616,10.0,2.004251718521118,0.0
650.0,True,False,nan,0.3549819886684418,0.0,0.6350741386413574,8.0,0.0,0.0
650.0,True,False,nan,43.71208953857422,0.38713130354881287,0.594446063041687,10.0,2.9103598594665527,0.0
650.0,True,False,nan,27.203306198120117,0.15975220501422882,0.6534464955329895,5.0,2.564069986343384,0.0
650.0,True,False,nan,40.979248046875,0.7510831356048584,0.6373864412307739,7.0,2.7225582599639893,0.0
650.0,True,False,nan,44.38243865966797,0.304597407579422,0.6718723177909851,7.0,3.0047731399536133,0.0
650.0,True,False,nan,42.50112533569336,0.3892804980278015,0.6292071342468262,9.0,2.9407365322113037,0.0
650.0,True,False,nan,37.651145935058594,0.8104910254478455,0.6341550350189209,3.0,2.8332576751708984,0.0
650.0,True,False,nan,41.135772705078125,0.2078002691268921,0.6583728790283203,7.0,2.883939743041992,0.0
650.0,True,False,nan,42.34286117553711,0.34479716420173645,0.6119861602783203,4.0,2.8165383338928223,0.0
650.0,True,False,nan,44.980323791503906,0.2752161920070648,0.7079514265060425,5.0,3.0763657093048096,0.0
650.0,True,False,nan,42.85355758666992,0.7955927848815918,0.6721735596656799,10.0,3.0846240520477295,0.0
650.0,True,False,nan,21.83707046508789,0.13884606957435608,0.6451653838157654,8.0,2.4653468132019043,0.0
650.0,True,False,nan,44.467185974121094,0.7009761333465576,0.6192789077758789,6.0,2.845845937728882,0.0
650.0,True,False,nan,41.11914825439453,0.38521522283554077,0.6496849656105042,10.0,3.034944534301758,0.0
650.0,True,False,nan,40.041866302490234,0.7175031900405884,0.6079975962638855,8.0,2.8644018173217773,0.0
650.0,True,False,nan,4.7734785079956055,0.017760317772626877,0.6340366005897522,8.0,0.9972097873687744,0.0
650.0,True,False,nan,44.12301254272461,0.42861610651016235,0.6580092906951904,5.0,3.0254569053649902,0.0
650.0,True,False,nan,47.80365753173828,0.30211248993873596,0.6159306764602661,12.0,2.841031074523926,90.0
650.0,True,False,nan,45.01360321044922,0.3399197459220886,0.644005298614502,7.0,3.160423517227173,90.0
650.0,True,False,nan,45.256736755371094,0.3192404508590698,0.7027156352996826,4.0,3.0670113563537598,90.0
650.0,True,False,nan,45.26218795776367,0.3212534785270691,0.619350016117096,9.0,3.1447155475616455,90.0
650.0,True,False,nan,50.256683349609375,0.37266239523887634,0.722490668296814,3.0,3.4107439517974854,90.0
650.0,True,False,nan,45.382408142089844,0.34670501947402954,0.5831839442253113,3.0,2.9616119861602783,90.0
650.0,True,False,nan,47.55849075317383,0.36208978295326233,0.5839490294456482,6.0,3.197495937347412,90.0
650.0,True,False,nan,45.14340591430664,0.3749132752418518,0.5943188071250916,9.0,3.1995368003845215,90.0
650.0,True,False,nan,45.2781867980957,0.3358595669269562,0.5864176154136658,7.0,2.9712066650390625,90.0
650.0,True,False,nan,50.16084671020508,0.37867283821105957,0.6440680623054504,3.0,3.3482961654663086,90.0
650.0,True,False,nan,45.76750564575195,0.38425418734550476,0.6341544985771179,3.0,3.2308781147003174,90.0
650.0,True,False,nan,48.88964080810547,0.3340770900249481,0.7205905914306641,2.0,3.1618223190307617,90.0
650.0,True,False,nan,48.5960693359375,0.34545180201530457,0.685425341129303,2.0,3.066877603530884,90.0
650.0,True,False,nan,47.79834747314453,0.37489086389541626,0.6126143932342529,4.0,3.3562817573547363,90.0
650.0,True,False,nan,45.42460632324219,0.38501715660095215,0.568385899066925,8.0,2.8769733905792236,90.0
650.0,True,False,nan,49.35501480102539,0.35118022561073303,0.6426135897636414,11.0,2.9169280529022217,90.0
650.0,True,False,nan,50.06838607788086,0.35676664113998413,0.5590389966964722,8.0,2.9135565757751465,90.0
650.0,True,False,nan,47.202964782714844,0.3784186840057373,0.5838711857795715,8.0,3.2205557823181152,90.0
650.0,True,False,nan,47.00308609008789,0.37462010979652405,0.6058940291404724,11.0,2.820183753967285,90.0
650.0,True,False,nan,48.0352783203125,0.33698490262031555,0.6586191654205322,3.0,2.928683280944824,90.0
650.0,True,False,nan,48.12519836425781,0.36393633484840393,0.5917111039161682,13.0,2.7949581146240234,90.0
650.0,True,False,nan,48.52360916137695,0.34916433691978455,0.6421734690666199,12.0,2.787487268447876,90.0
650.0,True,False,nan,45.304874420166016,0.3718457818031311,0.6045013070106506,10.0,2.8666586875915527,90.0
650.0,True,False,nan,45.8223876953125,0.3440593183040619,0.6640382409095764,2.0,2.8890702724456787,90.0
650.0,True,False,nan,46.87936782836914,0.34777000546455383,0.6807452440261841,3.0,3.3746964931488037,90.0
650.0,True,False,nan,49.046424865722656,0.4024263918399811,0.5875565409660339,12.0,2.689379930496216,90.0
650.0,True,False,nan,48.33235549926758,0.4131399989128113,0.6432520151138306,3.0,3.134937047958374,90.0
650.0,True,False,nan,48.550479888916016,0.4130704700946808,0.6571387648582458,5.0,3.1373953819274902,90.0
650.0,True,False,nan,45.391578674316406,0.42278826236724854,0.5944491028785706,8.0,3.0196456909179688,90.0
650.0,True,False,nan,48.127620697021484,0.4355005621910095,0.6518677473068237,6.0,3.1658642292022705,90.0
650.0,True,False,nan,46.92483139038086,0.44155508279800415,0.6534363031387329,5.0,3.185316801071167,90.0
650.0,True,False,nan,45.17369079589844,0.3918204605579376,0.6055631637573242,8.0,3.006673812866211,90.0
650.0,True,False,nan,47.65372848510742,0.4398372173309326,0.6373848915100098,7.0,3.143552303314209,90.0
650.0,True,False,nan,47.74103927612305,0.4032247066497803,0.602496325969696,4.0,2.8440096378326416,90.0
650.0,True,False,nan,46.57342529296875,0.4037736654281616,0.6295858025550842,4.0,2.9170713424682617,90.0
650.0,True,False,nan,47.97866439819336,0.4155751168727875,0.586251437664032,11.0,2.9026546478271484,90.0
650.0,True,False,nan,49.55018615722656,0.3982202708721161,0.6100266575813293,6.0,3.271782398223877,90.0
650.0,True,False,nan,46.388954162597656,0.4104127287864685,0.6119900941848755,4.0,2.9637627601623535,90.0
650.0,True,False,nan,46.564666748046875,0.39920759201049805,0.6681878566741943,5.0,3.2308223247528076,90.0
650.0,True,False,nan,48.68620300292969,0.4305863380432129,0.672171950340271,10.0,3.5825212001800537,90.0
650.0,True,False,nan,48.141414642333984,0.3997400104999542,0.6129528284072876,5.0,3.0426182746887207,90.0
650.0,True,False,nan,49.11445999145508,0.41384339332580566,0.6427792906761169,5.0,3.3774940967559814,90.0
650.0,True,False,nan,45.20486831665039,0.431499183177948,0.6496810913085938,6.0,3.394649028778076,90.0
650.0,True,False,nan,49.03398513793945,0.4377758204936981,0.6081830263137817,8.0,3.178528070449829,90.0
650.0,True,False,nan,47.14692306518555,0.467079758644104,0.5906675457954407,10.0,2.9529666900634766,90.0
650.0,True,False,nan,45.80194091796875,0.47398096323013306,0.6292080879211426,7.0,3.184251546859741,90.0
650.0,True,False,nan,45.727840423583984,0.4785165786743164,0.6583740711212158,7.0,3.3275039196014404,90.0
650.0,True,False,nan,48.27103805541992,0.47964242100715637,0.6451641917228699,8.0,3.1089491844177246,90.0
650.0,True,False,nan,48.9864501953125,0.47072911262512207,0.6192777156829834,6.0,3.0094070434570312,90.0
650.0,True,False,nan,47.089962005615234,0.4623757302761078,0.600028932094574,5.0,2.9579997062683105,90.0
650.0,True,False,nan,48.00324630737305,0.43197527527809143,0.7364730834960938,5.0,3.4655346870422363,90.0
650.0,True,False,nan,48.80771255493164,0.4653245806694031,0.6657406687736511,5.0,3.3935508728027344,90.0
650.0,True,False,nan,46.89165496826172,0.4646570682525635,0.6296177506446838,3.0,3.0555977821350098,90.0
650.0,True,False,nan,46.95233154296875,0.4489988088607788,0.6520199775695801,5.0,3.1194889545440674,90.0
650.0,True,False,nan,46.643592834472656,0.46401071548461914,0.6404224634170532,7.0,3.2964394092559814,90.0
650.0,True,False,nan,45.931549072265625,0.47007274627685547,0.6340396404266357,6.0,3.0310468673706055,90.0
650.0,True,False,nan,46.96105194091797,0.4734369218349457,0.6580116152763367,5.0,3.3224270343780518,90.0
650.0,True,False,nan,45.42852020263672,0.42357608675956726,0.665840208530426,3.0,2.7912797927856445,90.0
650.0,True,False,nan,45.65281677246094,0.5045385360717773,0.6350705623626709,8.0,3.0356781482696533,90.0
650.0,True,False,nan,45.58914566040039,0.49306046962738037,0.7079533934593201,5.0,3.2800240516662598,90.0
650.0,True,False,nan,48.41684341430664,0.4911172389984131,0.6350888609886169,4.0,2.9685890674591064,90.0
650.0,True,False,nan,48.29696273803711,0.46735596656799316,0.751453161239624,4.0,3.1639206409454346,90.0
650.0,True,False,nan,45.4686164855957,0.4900858998298645,0.646441638469696,7.0,2.8730428218841553,90.0
650.0,True,False,nan,48.09819030761719,0.6442708969116211,0.67186439037323,7.0,2.9814133644104004,90.0
650.0,True,False,nan,47.803688049316406,0.30211156606674194,0.6159328818321228,12.0,2.8410322666168213,90.0
650.0,True,False,nan,45.013614654541016,0.3399195969104767,0.6440044641494751,7.0,3.160423517227173,90.0
650.0,True,False,nan,45.262088775634766,0.32125425338745117,0.6193430423736572,9.0,3.144712448120117,90.0
650.0,True,False,nan,50.25651550292969,0.3726537227630615,0.7225258350372314,3.0,3.410755157470703,90.0
650.0,True,False,nan,50.161293029785156,0.3786765933036804,0.6440667510032654,3.0,3.3482840061187744,90.0
650.0,True,False,nan,48.889652252197266,0.33407673239707947,0.7205895185470581,2.0,3.1618220806121826,90.0
650.0,True,False,nan,45.25693130493164,0.3192349970340729,0.7027449607849121,4.0,3.0670065879821777,90.0
650.0,True,False,nan,50.068328857421875,0.35677191615104675,0.5590223670005798,8.0,2.9135589599609375,90.0
650.0,True,False,nan,47.55842208862305,0.36208784580230713,0.5839558839797974,6.0,3.1975133419036865,90.0
650.0,True,False,nan,47.79841232299805,0.37489229440689087,0.6126124858856201,4.0,3.356295585632324,90.0
650.0,True,False,nan,48.035274505615234,0.33698487281799316,0.6586194038391113,3.0,2.928696393966675,90.0
650.0,True,False,nan,46.879493713378906,0.34777089953422546,0.6807425022125244,3.0,3.374695301055908,90.0
650.0,True,False,nan,45.38236618041992,0.34670543670654297,0.5831827521324158,3.0,2.961613893508911,90.0
650.0,True,False,nan,45.27961730957031,0.33586135506629944,0.586411714553833,7.0,2.971339464187622,90.0
650.0,True,False,nan,48.59596633911133,0.3454490005970001,0.6854295134544373,2.0,3.066878318786621,90.0
650.0,True,False,nan,49.355255126953125,0.3511805534362793,0.642615556716919,11.0,2.916929244995117,90.0
650.0,True,False,nan,47.0029411315918,0.37461793422698975,0.6058966517448425,11.0,2.8201904296875,90.0
650.0,True,False,nan,48.120243072509766,0.36393505334854126,0.591707170009613,13.0,2.794865608215332,90.0
650.0,True,False,nan,48.52363586425781,0.3491635322570801,0.6421775817871094,12.0,2.787487506866455,90.0
650.0,True,False,nan,49.04647445678711,0.40242692828178406,0.5875540375709534,12.0,2.6893808841705322,90.0
650.0,True,False,nan,45.7674446105957,0.38425374031066895,0.6341549158096313,3.0,3.23087739944458,90.0
650.0,True,False,nan,47.202945709228516,0.3784184157848358,0.5838730931282043,8.0,3.2205567359924316,90.0
650.0,True,False,nan,45.30533981323242,0.37184637784957886,0.6045012474060059,10.0,2.8666622638702393,90.0
650.0,True,False,nan,45.82232666015625,0.3440591096878052,0.6640413403511047,2.0,2.889071226119995,90.0
650.0,True,False,nan,48.33207321166992,0.41313427686691284,0.6432592272758484,3.0,3.134953022003174,90.0
650.0,True,False,nan,45.14328384399414,0.37491050362586975,0.5943217277526855,9.0,3.1995413303375244,90.0
650.0,True,False,nan,48.5505485534668,0.41307154297828674,0.657135546207428,5.0,3.1373963356018066,90.0
650.0,True,False,nan,48.12723922729492,0.43550771474838257,0.6518287658691406,6.0,3.1658713817596436,90.0
650.0,True,False,nan,47.65331268310547,0.4398346543312073,0.6373844742774963,7.0,3.1435775756835938,90.0
650.0,True,False,nan,47.741146087646484,0.40322691202163696,0.6024889349937439,4.0,2.844010353088379,90.0
650.0,True,False,nan,49.12528991699219,0.42299526929855347,0.5687741637229919,11.0,2.8811328411102295,90.0
650.0,True,False,nan,46.92927932739258,0.4416014552116394,0.655181884765625,5.0,3.1941518783569336,90.0
650.0,True,False,nan,46.57346725463867,0.4037737250328064,0.6295855641365051,4.0,2.9170703887939453,90.0
650.0,True,False,nan,47.90278244018555,0.4229152202606201,0.5794389247894287,12.0,2.8862862586975098,90.0
650.0,True,False,nan,49.54875564575195,0.39820560812950134,0.6100522875785828,6.0,3.2717578411102295,90.0
650.0,True,False,nan,46.56450271606445,0.3992083966732025,0.6681889295578003,5.0,3.2308332920074463,90.0
650.0,True,False,nan,48.685489654541016,0.43058648705482483,0.672160267829895,10.0,3.5825388431549072,90.0
650.0,True,False,nan,48.14139175415039,0.3997379541397095,0.6129619479179382,5.0,3.0426220893859863,90.0
650.0,True,False,nan,49.11408233642578,0.4138384461402893,0.6427810788154602,5.0,3.3774924278259277,90.0
650.0,True,False,nan,45.20510482788086,0.4315008223056793,0.6496774554252625,6.0,3.3946492671966553,90.0
650.0,True,False,nan,49.03395462036133,0.437776654958725,0.6081820130348206,8.0,3.17852520942688,90.0
650.0,True,False,nan,45.39155578613281,0.4227895736694336,0.5944483280181885,8.0,3.0196452140808105,90.0
650.0,True,False,nan,45.17354202270508,0.39182329177856445,0.605552613735199,8.0,3.006662607192993,90.0
650.0,True,False,nan,45.80206298828125,0.47398003935813904,0.6292141079902649,7.0,3.1842567920684814,90.0
650.0,True,False,nan,45.727783203125,0.47851622104644775,0.6583747863769531,7.0,3.3275039196014404,90.0
650.0,True,False,nan,46.38898849487305,0.41041603684425354,0.6119794249534607,4.0,2.9637610912323,90.0
650.0,True,False,nan,48.27033996582031,0.47964343428611755,0.645164966583252,8.0,3.1089577674865723,90.0
650.0,True,False,nan,48.98627471923828,0.47073036432266235,0.6192728877067566,6.0,3.0094003677368164,90.0
650.0,True,False,nan,48.807762145996094,0.46532416343688965,0.6657434105873108,5.0,3.393547534942627,90.0
650.0,True,False,nan,46.89161682128906,0.4646611213684082,0.6296054720878601,3.0,3.0555903911590576,90.0
650.0,True,False,nan,45.929527282714844,0.47007566690444946,0.6340352892875671,6.0,3.0310006141662598,90.0
650.0,True,False,nan,46.96112823486328,0.4734342396259308,0.6580207347869873,5.0,3.322429895401001,90.0
650.0,True,False,nan,47.14673614501953,0.46707627177238464,0.5906681418418884,10.0,2.9529662132263184,90.0
650.0,True,False,nan,47.08997344970703,0.4623785614967346,0.6000271439552307,5.0,2.957993745803833,90.0
650.0,True,False,nan,48.003440856933594,0.4319767355918884,0.7364742755889893,5.0,3.465528964996338,90.0
650.0,True,False,nan,48.29723358154297,0.46735939383506775,0.751448392868042,4.0,3.163918972015381,90.0
650.0,True,False,nan,46.9523811340332,0.4489966928958893,0.6520285606384277,5.0,3.1194911003112793,90.0
650.0,True,False,nan,46.64363479614258,0.46400541067123413,0.6404405832290649,7.0,3.2964372634887695,90.0
650.0,True,False,nan,45.42866134643555,0.4235785901546478,0.6658325791358948,3.0,2.7912793159484863,90.0
650.0,True,False,nan,45.65220642089844,0.504542350769043,0.6350694894790649,8.0,3.0356836318969727,90.0
650.0,True,False,nan,45.5891227722168,0.49305978417396545,0.7079581618309021,5.0,3.2800228595733643,90.0
650.0,True,False,nan,48.416656494140625,0.4911198914051056,0.635083794593811,4.0,2.9685781002044678,90.0
650.0,True,False,nan,45.469425201416016,0.4900825321674347,0.6464531421661377,7.0,2.873060464859009,90.0
650.0,True,False,nan,48.09836196899414,0.6442684531211853,0.6718682050704956,7.0,2.981412887573242,90.0
650.0,True,False,nan,46.66692352294922,0.3257349133491516,0.6721717715263367,10.0,2.892007350921631,180.0
650.0,True,False,nan,45.00432205200195,0.4556202292442322,0.7224876880645752,3.0,3.7343926429748535,180.0
650.0,True,False,nan,49.51184844970703,0.44781434535980225,0.6159318685531616,12.0,3.617743730545044,180.0
650.0,True,False,nan,47.53177261352539,0.4704730808734894,0.644004762172699,7.0,3.5688586235046387,180.0
650.0,True,False,nan,45.4398307800293,0.4605841636657715,0.6440784335136414,3.0,3.6978890895843506,180.0
650.0,True,False,nan,46.715545654296875,0.45440688729286194,0.7027179598808289,4.0,3.45678973197937,180.0
650.0,True,False,nan,45.73868942260742,0.3885185420513153,0.5838706493377686,8.0,3.2119905948638916,180.0
650.0,True,False,nan,46.453670501708984,0.46257415413856506,0.6213983297348022,8.0,3.6656951904296875,180.0
650.0,True,False,nan,45.998260498046875,0.47000887989997864,0.7205948829650879,2.0,3.556246280670166,180.0
650.0,True,False,nan,46.275997161865234,0.47977203130722046,0.6854135394096375,2.0,3.4702847003936768,180.0
650.0,True,False,nan,45.55422592163086,0.4362027645111084,0.6100471615791321,6.0,3.5823612213134766,180.0
650.0,True,False,nan,49.14407730102539,0.4803483486175537,0.6426154375076294,11.0,3.411198139190674,180.0
650.0,True,False,nan,48.063472747802734,0.5003855228424072,0.6059002876281738,11.0,3.1506733894348145,180.0
650.0,True,False,nan,48.11034393310547,0.507962703704834,0.5917136669158936,13.0,3.304828405380249,180.0
650.0,True,False,nan,49.439483642578125,0.4814378619194031,0.6421756148338318,12.0,3.271620273590088,180.0
650.0,True,False,nan,46.18204116821289,0.5348384380340576,0.5875582695007324,12.0,3.2056665420532227,180.0
650.0,True,False,nan,45.514854431152344,0.5539782047271729,0.6571410298347473,5.0,3.475541830062866,180.0
650.0,True,False,nan,46.79011917114258,0.547524631023407,0.6518679261207581,6.0,3.3073885440826416,180.0
650.0,True,False,nan,45.193294525146484,0.5592511296272278,0.6373867988586426,7.0,3.3606464862823486,180.0
650.0,True,False,nan,47.6147346496582,0.5381774306297302,0.5590262413024902,8.0,3.4747426509857178,180.0
650.0,True,False,nan,46.904109954833984,0.5545797944068909,0.6044983267784119,10.0,3.281787157058716,180.0
650.0,True,False,nan,46.35087585449219,0.5591596364974976,0.6640459299087524,2.0,3.3215010166168213,180.0
650.0,True,False,nan,45.24677658081055,0.6397456526756287,0.5687719583511353,11.0,3.182655096054077,180.0
650.0,True,False,nan,46.162841796875,0.6486364603042603,0.6192886829376221,6.0,3.3545360565185547,180.0
650.0,True,False,nan,45.249755859375,0.6817723512649536,0.5862514972686768,11.0,3.1506435871124268,180.0
650.0,True,False,nan,48.68811798095703,0.6679398417472839,0.6586246490478516,3.0,3.559725522994995,180.0
650.0,True,False,nan,48.20138931274414,0.7727588415145874,0.6126210689544678,4.0,3.7754905223846436,180.0
650.0,True,False,nan,46.36071014404297,0.7336938381195068,0.6451636552810669,8.0,3.2674665451049805,180.0
650.0,True,False,nan,46.9039192199707,0.7508055567741394,0.6808730363845825,3.0,3.8922433853149414,180.0
650.0,True,False,nan,45.79279708862305,0.7937561869621277,0.6341534852981567,3.0,3.457232713699341,180.0
650.0,True,False,nan,48.604679107666016,0.8559839725494385,0.5831830501556396,3.0,3.7286837100982666,180.0
650.0,True,False,nan,45.624961853027344,0.83482426404953,0.6432545185089111,3.0,3.6027028560638428,180.0
650.0,True,False,nan,46.00605392456055,0.9446814656257629,0.5839550495147705,6.0,3.7706897258758545,180.0
650.0,True,False,nan,45.477848052978516,0.9208319187164307,0.5864120125770569,7.0,3.802410364151001,180.0
650.0,True,False,nan,48.716331481933594,0.8920384645462036,0.6427850127220154,5.0,3.6456072330474854,180.0
650.0,True,False,nan,45.47001266479492,0.8703932166099548,0.665743350982666,5.0,3.6270346641540527,180.0
650.0,True,False,nan,45.89422607421875,0.9251847863197327,0.6534363031387329,5.0,3.2739157676696777,180.0
650.0,True,False,nan,48.240806579589844,0.894517183303833,0.7364698052406311,5.0,3.547623634338379,180.0
650.0,True,False,nan,48.0836067199707,1.0896639823913574,0.6081839799880981,8.0,3.4039652347564697,180.0
650.0,True,False,nan,46.05158233642578,1.1641590595245361,0.5943155288696289,9.0,3.47883677482605,180.0
650.0,True,False,nan,47.053001403808594,1.2718069553375244,0.6295839548110962,4.0,3.493313789367676,180.0
650.0,True,False,nan,47.5472526550293,1.3221044540405273,0.5906643867492676,10.0,3.1530563831329346,180.0
650.0,True,False,nan,45.79285430908203,1.350196123123169,0.7514472007751465,4.0,3.3203001022338867,180.0
650.0,True,False,nan,46.70747375488281,1.4623568058013916,0.665833055973053,3.0,3.276844024658203,180.0
650.0,True,False,nan,47.26528549194336,1.4454478025436401,0.6119806170463562,4.0,3.319061279296875,180.0
650.0,True,False,nan,46.142173767089844,1.485326886177063,0.634039580821991,6.0,3.268965482711792,180.0
650.0,True,False,nan,48.04072189331055,1.5244756937026978,0.6024998426437378,4.0,3.3603250980377197,180.0
650.0,True,False,nan,46.94358444213867,1.6781083345413208,0.6350736021995544,8.0,3.3081181049346924,180.0
650.0,True,False,nan,45.07682800292969,1.6969603300094604,0.6681845784187317,5.0,3.636967182159424,180.0
650.0,True,False,nan,46.7301139831543,1.7836695909500122,0.7079522013664246,5.0,3.4742841720581055,180.0
650.0,True,False,nan,47.34114074707031,1.821126937866211,0.6296027302742004,3.0,3.5095160007476807,180.0
650.0,True,False,nan,47.15529251098633,1.8156769275665283,0.6496840715408325,6.0,3.6481668949127197,180.0
650.0,True,False,nan,46.97772216796875,1.806269645690918,0.6350909471511841,4.0,3.3667092323303223,180.0
650.0,True,False,nan,48.3021354675293,1.9401116371154785,0.5944473743438721,8.0,3.444201946258545,180.0
650.0,True,False,nan,46.49111557006836,1.8847020864486694,0.612960934638977,5.0,3.61677885055542,180.0
650.0,True,False,nan,48.073307037353516,2.0408403873443604,0.6520240306854248,5.0,3.5358340740203857,180.0
650.0,True,False,nan,46.09688186645508,2.0562243461608887,0.6580049991607666,5.0,3.574897050857544,180.0
650.0,True,False,nan,46.450279235839844,2.215163230895996,0.6055476665496826,8.0,3.551119327545166,180.0
650.0,True,False,nan,47.55868148803711,2.324256658554077,0.6292068958282471,7.0,3.4912607669830322,180.0
650.0,True,False,nan,47.56507873535156,2.475749969482422,0.6404208540916443,7.0,3.5356404781341553,180.0
650.0,True,False,nan,46.00566482543945,2.405653238296509,0.658375084400177,7.0,3.5557539463043213,180.0
650.0,True,False,nan,47.41826248168945,2.541498899459839,0.600023627281189,5.0,3.4896578788757324,180.0
650.0,True,False,nan,47.817962646484375,2.728348731994629,0.6464434266090393,7.0,3.2650625705718994,180.0
650.0,True,False,nan,47.4727897644043,3.527083396911621,0.6718668341636658,7.0,3.275906562805176,180.0
650.0,True,False,nan,49.51179122924805,0.4478147029876709,0.6159332990646362,12.0,3.617739200592041,180.0
650.0,True,False,nan,47.53190231323242,0.4704737961292267,0.6439983248710632,7.0,3.5688588619232178,180.0
650.0,True,False,nan,46.715328216552734,0.4544084072113037,0.7027099132537842,4.0,3.456794500350952,180.0
650.0,True,False,nan,46.32394027709961,0.4636499881744385,0.6193456053733826,9.0,3.6657934188842773,180.0
650.0,True,False,nan,45.00324630737305,0.4556207060813904,0.7224668860435486,3.0,3.7344655990600586,180.0
650.0,True,False,nan,45.43968963623047,0.46058332920074463,0.6440809369087219,3.0,3.6978931427001953,180.0
650.0,True,False,nan,49.14419174194336,0.4803485870361328,0.6426133513450623,11.0,3.4111924171447754,180.0
650.0,True,False,nan,48.11028289794922,0.5079632997512817,0.5917104482650757,13.0,3.304828405380249,180.0
650.0,True,False,nan,49.43946838378906,0.481436550617218,0.6421838998794556,12.0,3.2716240882873535,180.0
650.0,True,False,nan,45.998497009277344,0.47000840306282043,0.7205958366394043,2.0,3.556244373321533,180.0
650.0,True,False,nan,46.275875091552734,0.47977080941200256,0.6854193210601807,2.0,3.4702847003936768,180.0
650.0,True,False,nan,48.063663482666016,0.5003860592842102,0.6058965921401978,11.0,3.1506762504577637,180.0
650.0,True,False,nan,46.18202209472656,0.5348390936851501,0.5875543355941772,12.0,3.2056682109832764,180.0
650.0,True,False,nan,46.78992462158203,0.5475250482559204,0.6518683433532715,6.0,3.3073904514312744,180.0
650.0,True,False,nan,46.90437698364258,0.5545779466629028,0.6045010089874268,10.0,3.2817881107330322,180.0
650.0,True,False,nan,45.514892578125,0.5539757609367371,0.6571447253227234,5.0,3.475539445877075,180.0
650.0,True,False,nan,45.19314956665039,0.5591422915458679,0.6377838253974915,7.0,3.3606457710266113,180.0
650.0,True,False,nan,46.35099792480469,0.5591621398925781,0.6640383005142212,2.0,3.3215065002441406,180.0
650.0,True,False,nan,46.16214370727539,0.6486380100250244,0.619275689125061,6.0,3.3545477390289307,180.0
650.0,True,False,nan,47.61464309692383,0.5381735563278198,0.5590448975563049,8.0,3.4747486114501953,180.0
650.0,True,False,nan,48.6885986328125,0.667939305305481,0.6586247086524963,3.0,3.5597243309020996,180.0
650.0,True,False,nan,46.40975570678711,0.6407073736190796,0.568382740020752,8.0,3.176762580871582,180.0
650.0,True,False,nan,46.57045364379883,0.6930968761444092,0.5796305537223816,9.0,3.129903793334961,180.0
650.0,True,False,nan,46.904022216796875,0.750851035118103,0.6807411909103394,3.0,3.8922464847564697,180.0
650.0,True,False,nan,45.81154251098633,0.5895441174507141,0.6116341948509216,5.0,3.7453341484069824,180.0
650.0,True,False,nan,46.6672248840332,0.32573437690734863,0.6721643209457397,10.0,2.892007350921631,180.0
650.0,True,False,nan,46.36088943481445,0.7336946129798889,0.6451640129089355,8.0,3.267465114593506,180.0
650.0,True,False,nan,45.73886489868164,0.3885182738304138,0.5838719606399536,8.0,3.2119975090026855,180.0
650.0,True,False,nan,45.554195404052734,0.4361991286277771,0.6100592017173767,6.0,3.58236026763916,180.0
650.0,True,False,nan,45.79283905029297,0.7937557101249695,0.634152889251709,3.0,3.457242965698242,180.0
650.0,True,False,nan,45.625770568847656,0.8348241448402405,0.6432557106018066,3.0,3.602712631225586,180.0
650.0,True,False,nan,40.42965316772461,0.3784935772418976,0.5831795930862427,3.0,3.1386380195617676,180.0
650.0,True,False,nan,22.850400924682617,0.6181999444961548,0.590669572353363,10.0,3.1530439853668213,180.0
650.0,True,False,nan,42.03255844116211,0.7055789232254028,0.5839596390724182,9.0,3.770686388015747,180.0
650.0,True,False,nan,9.229011535644531,0.051421962678432465,0.6350761651992798,8.0,1.7783790826797485,180.0
650.0,True,False,nan,40.06193161010742,0.6139373183250427,0.5943215489387512,9.0,3.478825330734253,180.0
650.0,True,False,nan,11.251304626464844,0.08670452982187271,0.5944502353668213,10.0,2.1539154052734375,180.0
650.0,True,False,nan,38.22093200683594,0.8745347857475281,0.6547363996505737,5.0,3.2805209159851074,180.0
650.0,True,False,nan,0.39067068696022034,0.0,0.605559229850769,8.0,0.0,180.0
650.0,True,False,nan,42.37212371826172,0.47354432940483093,0.5864080786705017,7.0,3.581507444381714,180.0
650.0,True,False,nan,19.622358322143555,0.22831639647483826,0.6024960279464722,4.0,2.842381000518799,180.0
650.0,True,False,nan,26.872722625732422,0.7385030388832092,0.6295856237411499,4.0,3.493312358856201,180.0
650.0,True,False,nan,19.3621826171875,0.2229282259941101,0.6119930744171143,4.0,2.847778558731079,180.0
650.0,True,False,nan,2.843724012374878,0.0,0.7080349922180176,5.0,0.51442950963974,180.0
650.0,True,False,nan,21.301034927368164,0.214868426322937,0.6681825518608093,5.0,2.9407923221588135,180.0
650.0,True,False,nan,43.3890266418457,0.3801189959049225,0.6427768468856812,5.0,3.00886869430542,180.0
650.0,True,False,nan,22.371910095214844,0.2039104402065277,0.7364729046821594,5.0,2.9509012699127197,180.0
650.0,True,False,nan,22.669519424438477,0.22137349843978882,0.6657453179359436,5.0,2.9546730518341064,180.0
650.0,True,False,nan,14.701576232910156,0.14221462607383728,0.6296122074127197,3.0,2.8755276203155518,180.0
650.0,True,False,nan,5.660085678100586,0.011030444875359535,0.6496838331222534,6.0,1.0164949893951416,180.0
650.0,True,False,nan,2.7050840854644775,0.0,0.6350945830345154,4.0,0.5386144518852234,180.0
650.0,True,False,nan,22.07088851928711,0.5261737704277039,0.7514523267745972,3.0,3.32029390335083,180.0
650.0,True,False,nan,34.46366882324219,0.7458435297012329,0.6081833243370056,8.0,3.4039714336395264,180.0
650.0,True,False,nan,5.5048441886901855,0.011193937622010708,0.6520374417304993,5.0,0.9949507117271423,180.0
650.0,True,False,nan,15.09634017944336,0.15260344743728638,0.6340380907058716,6.0,2.953824043273926,180.0
650.0,True,False,nan,21.119192123413086,0.4438285827636719,0.6658328175544739,5.0,3.1461377143859863,180.0
650.0,True,False,nan,47.077171325683594,0.3304012417793274,0.5875501036643982,12.0,2.520495891571045,270.0
650.0,True,False,nan,48.823448181152344,0.32345902919769287,0.6159302592277527,12.0,2.7251482009887695,270.0
650.0,True,False,nan,48.495304107666016,0.3440208435058594,0.6426147222518921,11.0,2.875649929046631,270.0
650.0,True,False,nan,47.20217514038086,0.32839125394821167,0.5917114615440369,13.0,2.6817820072174072,270.0
650.0,True,False,nan,49.67299270629883,0.3350933790206909,0.6421740651130676,12.0,2.770101308822632,270.0
650.0,True,False,nan,48.97748947143555,0.3956860303878784,0.7205924391746521,2.0,3.13822340965271,270.0
650.0,True,False,nan,50.79037857055664,0.39372992515563965,0.6854343414306641,2.0,3.0954577922821045,270.0
650.0,True,False,nan,51.07773971557617,0.39820998907089233,0.7027137875556946,4.0,3.176192045211792,270.0
650.0,True,False,nan,45.649200439453125,0.3411737084388733,0.5590255856513977,8.0,2.5212223529815674,270.0
650.0,True,False,nan,50.42692947387695,0.3533681631088257,0.6058942675590515,11.0,2.7609972953796387,270.0
650.0,True,False,nan,47.18330001831055,0.3781374990940094,0.6045012474060059,10.0,2.8972387313842773,270.0
650.0,True,False,nan,45.4866943359375,0.44161343574523926,0.6571445465087891,5.0,3.0110647678375244,270.0
650.0,True,False,nan,46.763790130615234,0.44837701320648193,0.6518614888191223,6.0,3.070309638977051,270.0
650.0,True,False,nan,50.10481262207031,0.4448475241661072,0.6440016031265259,7.0,3.202622413635254,270.0
650.0,True,False,nan,45.60048294067383,0.3969916105270386,0.5794417858123779,12.0,2.775845527648926,270.0
650.0,True,False,nan,45.46403121948242,0.4627208411693573,0.6126118302345276,4.0,3.0838961601257324,270.0
650.0,True,False,nan,46.39301300048828,0.38985276222229004,0.5683820247650146,8.0,2.6972765922546387,270.0
650.0,True,False,nan,45.295127868652344,0.4128558039665222,0.658623218536377,3.0,2.7467586994171143,270.0
650.0,True,False,nan,48.03582000732422,0.4445142149925232,0.619342029094696,9.0,3.0069692134857178,270.0
650.0,True,False,nan,50.20634078979492,0.41324156522750854,0.664035975933075,2.0,2.8715322017669678,270.0
650.0,True,False,nan,49.76984786987305,0.48015302419662476,0.7224695086479187,3.0,3.2125000953674316,270.0
650.0,True,False,nan,49.884559631347656,0.45709261298179626,0.5831810235977173,3.0,2.78285813331604,270.0
650.0,True,False,nan,46.36726379394531,0.46082809567451477,0.5864099264144897,7.0,2.8063130378723145,270.0
650.0,True,False,nan,47.77940368652344,0.49977368116378784,0.6440781354904175,3.0,3.105931043624878,270.0
650.0,True,False,nan,46.53764343261719,0.5096284747123718,0.6808825731277466,3.0,3.1639275550842285,270.0
650.0,True,False,nan,45.78940200805664,0.5338830947875977,0.5839561820030212,6.0,3.062068462371826,270.0
650.0,True,False,nan,46.623722076416016,0.5321395993232727,0.6432612538337708,3.0,2.910285711288452,270.0
650.0,True,False,nan,46.619178771972656,0.5288638472557068,0.6373854875564575,7.0,2.9378507137298584,270.0
650.0,True,False,nan,47.05312728881836,0.5355467200279236,0.6100236773490906,6.0,3.0969643592834473,270.0
650.0,True,False,nan,46.576805114746094,0.5336146950721741,0.5838747620582581,8.0,3.0900046825408936,270.0
650.0,True,False,nan,48.603416442871094,0.49840301275253296,0.6192766427993774,6.0,2.8559205532073975,270.0
650.0,True,False,nan,48.1988410949707,0.49638262391090393,0.6024938821792603,4.0,2.6037089824676514,270.0
650.0,True,False,nan,46.7806282043457,0.597407877445221,0.634151816368103,3.0,3.0410099029541016,270.0
650.0,True,False,nan,47.34162139892578,0.5457829236984253,0.6129583120346069,5.0,2.845116376876831,270.0
650.0,True,False,nan,45.085784912109375,0.5632048845291138,0.6081823110580444,8.0,2.9488229751586914,270.0
650.0,True,False,nan,45.25963592529297,0.6216980814933777,0.5943219661712646,9.0,3.106917381286621,270.0
650.0,True,False,nan,46.67184829711914,0.5791543126106262,0.6055468916893005,8.0,2.8014636039733887,270.0
650.0,True,False,nan,47.87913513183594,0.5784735083580017,0.6295874118804932,4.0,2.7665088176727295,270.0
650.0,True,False,nan,45.15491485595703,0.665851354598999,0.6681670546531677,5.0,3.1347851753234863,270.0
650.0,True,False,nan,45.95159912109375,0.6822265982627869,0.6427765488624573,5.0,3.307938575744629,270.0
650.0,True,False,nan,48.28798294067383,0.5545292496681213,0.665831446647644,3.0,2.6179585456848145,270.0
650.0,True,False,nan,46.33151626586914,0.6130760908126831,0.6119927167892456,4.0,2.7826294898986816,270.0
650.0,True,False,nan,45.47187805175781,0.7386425137519836,0.6721674203872681,10.0,3.4303672313690186,270.0
650.0,True,False,nan,45.631614685058594,0.6343661546707153,0.6000258922576904,5.0,2.877654790878296,270.0
650.0,True,False,nan,47.084205627441406,0.7485523819923401,0.7364634871482849,5.0,3.3069212436676025,270.0
650.0,True,False,nan,45.849754333496094,0.7319724559783936,0.6657401919364929,5.0,3.199232578277588,270.0
650.0,True,False,nan,45.36320877075195,0.6776759028434753,0.6296088099479675,3.0,2.9483063220977783,270.0
650.0,True,False,nan,45.43011474609375,0.6852548122406006,0.7514498829841614,4.0,2.9156181812286377,270.0
650.0,True,False,nan,45.228939056396484,0.7332392334938049,0.6404427886009216,7.0,3.1175930500030518,270.0
650.0,True,False,nan,48.374996185302734,0.8052228093147278,0.6534413695335388,5.0,3.0116302967071533,270.0
650.0,True,False,nan,45.14929962158203,0.7245017290115356,0.646454393863678,7.0,2.7780635356903076,270.0
650.0,True,False,nan,46.861175537109375,0.773215651512146,0.5944475531578064,8.0,2.9138333797454834,270.0
650.0,True,False,nan,45.7186279296875,0.8923389911651611,0.6583739519119263,7.0,3.1502254009246826,270.0
650.0,True,False,nan,46.926025390625,0.9159674644470215,0.64967942237854,6.0,3.2592339515686035,270.0
650.0,True,False,nan,46.18954849243164,0.8495916724205017,0.6350918412208557,4.0,2.825165271759033,270.0
650.0,True,False,nan,46.26716995239258,0.9772621989250183,0.6451667547225952,8.0,2.9200265407562256,270.0
650.0,True,False,nan,45.7318000793457,0.9753103256225586,0.6520271897315979,5.0,3.047091007232666,270.0
650.0,True,False,nan,45.23044204711914,1.0198907852172852,0.6718692779541016,7.0,2.8909308910369873,270.0
650.0,True,False,nan,46.2048454284668,1.0858463048934937,0.7080261707305908,5.0,3.0672760009765625,270.0
650.0,True,False,nan,45.4185676574707,1.1075780391693115,0.6580042839050293,5.0,3.1365373134613037,270.0
650.0,True,False,nan,49.090179443359375,1.0759716033935547,0.6350732445716858,8.0,2.9650449752807617,270.0
650.0,True,False,nan,49.61628341674805,1.1239866018295288,0.6292053461074829,7.0,3.0815727710723877,270.0
650.0,True,False,nan,49.2461051940918,1.040266990661621,0.6340385675430298,6.0,2.9241347312927246,270.0
650.0,True,False,nan,46.546356201171875,0.9620237350463867,0.5906710624694824,10.0,2.8045804500579834,270.0
650.0,True,False,nan,47.07707595825195,0.33040061593055725,0.5875550508499146,12.0,2.520495891571045,270.0
650.0,True,False,nan,48.82335662841797,0.32345911860466003,0.6159307360649109,12.0,2.7251532077789307,270.0
650.0,True,False,nan,48.495304107666016,0.3440217673778534,0.6426114439964294,11.0,2.8756518363952637,270.0
650.0,True,False,nan,47.20224380493164,0.32839110493659973,0.5917119383811951,13.0,2.6817798614501953,270.0
650.0,True,False,nan,49.67293930053711,0.3350943624973297,0.6421683430671692,12.0,2.7701008319854736,270.0
650.0,True,False,nan,50.79014205932617,0.39373159408569336,0.6854287981987,2.0,3.0954623222351074,270.0
650.0,True,False,nan,50.426937103271484,0.3533676564693451,0.60589998960495,11.0,2.761003255844116,270.0
650.0,True,False,nan,48.9775390625,0.3956875205039978,0.7205913066864014,2.0,3.138227701187134,270.0
650.0,True,False,nan,51.07727813720703,0.39819809794425964,0.7027475237846375,4.0,3.1761791706085205,270.0
650.0,True,False,nan,45.64914321899414,0.3411750793457031,0.5590221285820007,8.0,2.521223306655884,270.0
650.0,True,False,nan,47.1841926574707,0.3781387209892273,0.6045014262199402,10.0,2.897237539291382,270.0
650.0,True,False,nan,50.20573425292969,0.4132416546344757,0.6640338897705078,2.0,2.8715243339538574,270.0
650.0,True,False,nan,46.76387405395508,0.4483858644962311,0.6518359184265137,6.0,3.070303201675415,270.0
650.0,True,False,nan,50.10483932495117,0.4448469281196594,0.6440039873123169,7.0,3.202625274658203,270.0
650.0,True,False,nan,46.362430572509766,0.38852885365486145,0.5687735080718994,11.0,2.652118444442749,270.0
650.0,True,False,nan,45.29527282714844,0.4128550887107849,0.6586232781410217,3.0,2.746750831604004,270.0
650.0,True,False,nan,48.0356330871582,0.4445157051086426,0.6193414926528931,9.0,3.006963014602661,270.0
650.0,True,False,nan,45.600406646728516,0.3969891667366028,0.5794413089752197,12.0,2.7758541107177734,270.0
650.0,True,False,nan,49.8845329284668,0.45709189772605896,0.5831852555274963,3.0,2.7828540802001953,270.0
650.0,True,False,nan,46.36717987060547,0.4608297049999237,0.5863896012306213,7.0,2.806319236755371,270.0
650.0,True,False,nan,45.389373779296875,0.46088171005249023,0.6116371750831604,5.0,3.074094295501709,270.0
650.0,True,False,nan,45.486576080322266,0.44161471724510193,0.6571365594863892,5.0,3.0110628604888916,270.0
650.0,True,False,nan,47.779483795166016,0.49977678060531616,0.6440814137458801,3.0,3.1059389114379883,270.0
650.0,True,False,nan,49.76975631713867,0.48014122247695923,0.7224920392036438,3.0,3.212549924850464,270.0
650.0,True,False,nan,46.618919372558594,0.5288581848144531,0.6373844742774963,7.0,2.9378459453582764,270.0
650.0,True,False,nan,46.537513732910156,0.5096704959869385,0.6807379126548767,3.0,3.1639318466186523,270.0
650.0,True,False,nan,46.62348556518555,0.5321388840675354,0.6432533860206604,3.0,2.9102869033813477,270.0
650.0,True,False,nan,48.60282516479492,0.49840185046195984,0.6192712187767029,6.0,2.8558995723724365,270.0
650.0,True,False,nan,48.199222564697266,0.49637946486473083,0.6025001406669617,4.0,2.6036882400512695,270.0
650.0,True,False,nan,46.57685852050781,0.5336167812347412,0.5838721990585327,8.0,3.0900075435638428,270.0
650.0,True,False,nan,46.77988052368164,0.597407877445221,0.6341536045074463,3.0,3.04099440574646,270.0
650.0,True,False,nan,47.05409240722656,0.5355436205863953,0.6100465059280396,6.0,3.096978187561035,270.0
650.0,True,False,nan,45.78877639770508,0.533893346786499,0.5839560627937317,9.0,3.061997652053833,270.0
650.0,True,False,nan,45.08570861816406,0.5632057785987854,0.6081835031509399,8.0,2.9488377571105957,270.0
650.0,True,False,nan,47.87856674194336,0.5784708261489868,0.6295860409736633,4.0,2.7664997577667236,270.0
650.0,True,False,nan,45.156063079833984,0.6658602356910706,0.6681897640228271,5.0,3.1347522735595703,270.0
650.0,True,False,nan,47.34140396118164,0.5457834601402283,0.6129588484764099,7.0,2.8451225757598877,270.0
650.0,True,False,nan,45.95143127441406,0.6822242736816406,0.6427841186523438,5.0,3.3079166412353516,270.0
650.0,True,False,nan,34.83562088012695,0.5518755316734314,0.5906699299812317,10.0,2.804563045501709,270.0
650.0,True,False,nan,25.863584518432617,0.4906710982322693,0.6350700855255127,8.0,2.965043067932129,270.0
650.0,True,False,nan,42.75568389892578,0.6201577186584473,0.5944415926933289,9.0,3.106938362121582,270.0
650.0,True,False,nan,39.57063293457031,0.6091371774673462,0.5944501757621765,10.0,2.913837432861328,270.0
650.0,True,False,nan,39.41042709350586,0.6489264369010925,0.6551843881607056,7.0,3.017219305038452,270.0
650.0,True,False,nan,43.669410705566406,0.5784503221511841,0.6055554747581482,10.0,2.8014514446258545,270.0
650.0,True,False,nan,34.59109878540039,0.6479747295379639,0.6718689203262329,8.0,2.8909289836883545,270.0
650.0,True,False,nan,31.838056564331055,0.5851535797119141,0.6292003393173218,9.0,3.081577777862549,270.0
650.0,True,False,nan,36.45902633666992,0.6796859502792358,0.6583725810050964,8.0,3.150221109390259,270.0
650.0,True,False,nan,41.30010986328125,0.5801817774772644,0.6119841933250427,8.0,2.7826473712921143,270.0
650.0,True,False,nan,33.18763732910156,0.5730376243591309,0.7079488635063171,4.0,3.067237377166748,270.0
650.0,True,False,nan,38.33298110961914,0.6235171556472778,0.6721736788749695,10.0,3.430370569229126,270.0
650.0,True,False,nan,41.3338737487793,0.64119553565979,0.6464424133300781,7.0,2.778066635131836,270.0
650.0,True,False,nan,36.02372741699219,0.5263664722442627,0.6451642513275146,8.0,2.920018196105957,270.0
650.0,True,False,nan,40.96578598022461,0.5996798276901245,0.6000215411186218,8.0,2.8776586055755615,270.0
650.0,True,False,nan,42.10727310180664,0.6936707496643066,0.7364697456359863,7.0,3.3069286346435547,270.0
650.0,True,False,nan,38.947654724121094,0.6253189444541931,0.6657428741455078,5.0,3.199228048324585,270.0
650.0,True,False,nan,43.12480926513672,0.6775859594345093,0.6296064257621765,3.0,2.948312282562256,270.0
650.0,True,False,nan,39.64326858520508,0.7545266151428223,0.6496816873550415,6.0,3.2592339515686035,270.0
650.0,True,False,nan,41.86149978637695,0.6686276793479919,0.6350905895233154,4.0,2.8251664638519287,270.0
650.0,True,False,nan,43.850746154785156,0.6830289363861084,0.7514541745185852,4.0,2.9156177043914795,270.0
650.0,True,False,nan,39.11844253540039,0.6415203213691711,0.652020275592804,7.0,3.04709529876709,270.0
650.0,True,False,nan,38.7332878112793,0.6321642398834229,0.6403993964195251,7.0,3.117605209350586,270.0
650.0,True,False,nan,33.570098876953125,0.6440425515174866,0.6340405344963074,8.0,2.9241466522216797,270.0
650.0,True,False,nan,35.22191619873047,0.5738933682441711,0.6580072641372681,8.0,3.136535167694092,270.0
650.0,True,False,nan,44.78828811645508,0.556141197681427,0.6658390164375305,5.0,2.6179540157318115,270.0
700.0,True,False,nan,45.879493713378906,0.14351436495780945,0.5831822156906128,3.0,2.969566583633423,0.0
700.0,True,False,nan,48.04965591430664,0.17077705264091492,0.5875519514083862,12.0,3.151003837585449,0.0
700.0,True,False,nan,47.23479461669922,0.12939400970935822,0.615935206413269,12.0,2.986771583557129,0.0
700.0,True,False,nan,45.168270111083984,0.14669905602931976,0.5864107012748718,7.0,2.976151704788208,0.0
700.0,True,False,nan,45.722774505615234,0.13314932584762573,0.6426105499267578,11.0,2.984999895095825,0.0
700.0,True,False,nan,45.17506790161133,0.13858117163181305,0.6586243510246277,3.0,2.940059185028076,0.0
700.0,True,False,nan,47.25641632080078,0.15112823247909546,0.5917129516601562,13.0,3.123131513595581,0.0
700.0,True,False,nan,46.65639114379883,0.1425759196281433,0.6421799659729004,12.0,3.0664730072021484,0.0
700.0,True,False,nan,46.71428680419922,0.15210625529289246,0.6045015454292297,10.0,3.0291223526000977,0.0
700.0,True,False,nan,49.8742561340332,0.15588277578353882,0.5839597582817078,6.0,2.9775938987731934,0.0
700.0,True,False,nan,52.06746292114258,0.1696414351463318,0.6432579159736633,3.0,3.0701491832733154,0.0
700.0,True,False,nan,46.00396728515625,0.15601089596748352,0.5943208336830139,9.0,2.9460411071777344,0.0
700.0,True,False,nan,50.985191345214844,0.15852589905261993,0.6571387648582458,5.0,3.0334484577178955,0.0
700.0,True,False,nan,48.637420654296875,0.17860037088394165,0.5944521427154541,8.0,3.0492289066314697,0.0
700.0,True,False,nan,52.117637634277344,0.17643038928508759,0.6055535674095154,8.0,3.0994153022766113,0.0
700.0,True,False,nan,51.52695083618164,0.18532486259937286,0.6025040149688721,4.0,3.0486068725585938,0.0
700.0,True,False,nan,51.402957916259766,0.17953401803970337,0.6295875906944275,4.0,3.0918312072753906,0.0
700.0,True,False,nan,48.9639892578125,0.19313454627990723,0.6718640923500061,7.0,3.11932373046875,0.0
700.0,True,False,nan,46.492488861083984,0.17387570440769196,0.6292009949684143,7.0,3.016197443008423,0.0
700.0,True,False,nan,53.62499237060547,0.14159290492534637,0.720598578453064,2.0,3.0304205417633057,0.0
700.0,True,False,nan,45.63098907470703,0.168397456407547,0.6583739519119263,7.0,2.9869368076324463,0.0
700.0,True,False,nan,54.7150993347168,0.15527963638305664,0.6854168176651001,2.0,3.056842803955078,0.0
700.0,True,False,nan,48.86686706542969,0.14520250260829926,0.6126152276992798,4.0,2.9441397190093994,0.0
700.0,True,False,nan,52.87552261352539,0.15254093706607819,0.6100520491600037,6.0,3.0595762729644775,0.0
700.0,True,False,nan,45.63869094848633,0.1872251182794571,0.6119892597198486,4.0,2.99267840385437,0.0
700.0,True,False,nan,47.939266204833984,0.17104899883270264,0.7079510688781738,5.0,3.0762760639190674,0.0
700.0,True,False,nan,49.85905838012695,0.15968173742294312,0.6681867241859436,5.0,3.0461626052856445,0.0
700.0,True,False,nan,49.738887786865234,0.14776527881622314,0.7027456164360046,4.0,3.0539560317993164,0.0
700.0,True,False,nan,51.67401885986328,0.16920851171016693,0.6129494905471802,5.0,3.034487724304199,0.0
700.0,True,False,nan,51.63043212890625,0.1905270665884018,0.6464476585388184,7.0,3.1613152027130127,0.0
700.0,True,False,nan,51.75304412841797,0.16644154489040375,0.5590252876281738,8.0,3.0249130725860596,0.0
700.0,True,False,nan,50.26634979248047,0.1495768278837204,0.642781674861908,5.0,3.0230531692504883,0.0
700.0,True,False,nan,49.35367202758789,0.15632364153862,0.5838752388954163,8.0,2.986330032348633,0.0
700.0,True,False,nan,47.37226486206055,0.182415172457695,0.6192728877067566,6.0,3.016432046890259,0.0
700.0,True,False,nan,51.44672393798828,0.180836483836174,0.6000249981880188,5.0,3.11099910736084,0.0
700.0,True,False,nan,47.8796272277832,0.14061366021633148,0.7364695072174072,5.0,3.0111753940582275,0.0
700.0,True,False,nan,46.965309143066406,0.15467974543571472,0.6657444834709167,5.0,3.0082178115844727,0.0
700.0,True,False,nan,50.7628173828125,0.18191254138946533,0.629611611366272,3.0,3.0911216735839844,0.0
700.0,True,False,nan,49.64710998535156,0.18661032617092133,0.635094404220581,4.0,3.117297649383545,0.0
700.0,True,False,nan,47.73833084106445,0.1707616001367569,0.7514508962631226,4.0,3.045907735824585,0.0
700.0,True,False,nan,49.09294509887695,0.14676539599895477,0.6193348169326782,9.0,2.9506216049194336,0.0
700.0,True,False,nan,49.90217971801758,0.1690300554037094,0.6520372629165649,5.0,3.0839943885803223,0.0
700.0,True,False,nan,49.09029006958008,0.16113418340682983,0.6404038071632385,7.0,3.052452325820923,0.0
700.0,True,False,nan,54.050270080566406,0.17168493568897247,0.6640388369560242,2.0,3.121037483215332,0.0
700.0,True,False,nan,46.257511138916016,0.16659289598464966,0.6580317616462708,5.0,2.9937000274658203,0.0
700.0,True,False,nan,51.26945495605469,0.1897851824760437,0.6584112644195557,3.0,3.103020429611206,0.0
700.0,True,False,nan,51.71957778930664,0.13952745497226715,0.6807460188865662,3.0,2.996403694152832,0.0
700.0,True,False,nan,47.736820220947266,0.140414759516716,0.7225036025047302,3.0,3.023740291595459,0.0
700.0,True,False,nan,45.294921875,0.2043330818414688,0.5906673669815063,10.0,2.9914472103118896,0.0
700.0,True,False,nan,45.934085845947266,0.17535260319709778,0.6440082788467407,7.0,3.057600259780884,0.0
700.0,True,False,nan,48.72587966918945,0.16081994771957397,0.6440677046775818,3.0,3.007150650024414,0.0
700.0,True,False,nan,48.24484634399414,0.1850658655166626,0.6496761441230774,6.0,3.1093151569366455,0.0
700.0,True,False,nan,46.54405975341797,0.18123690783977509,0.6079978346824646,8.0,3.0006251335144043,0.0
700.0,True,False,nan,46.422725677490234,0.3674561679363251,0.6058952212333679,11.0,3.0686862468719482,0.0
700.0,True,False,nan,52.08083724975586,0.420279324054718,0.651864230632782,6.0,2.964341640472412,0.0
700.0,True,False,nan,47.20558166503906,0.4744299352169037,0.6373903751373291,7.0,2.9412243366241455,0.0
700.0,True,False,nan,45.962501525878906,0.5395680069923401,0.5687716603279114,11.0,2.955329656600952,0.0
700.0,True,False,nan,45.65085983276367,0.7562882900238037,0.5794386267662048,12.0,2.954610586166382,0.0
700.0,True,False,nan,45.05138397216797,0.8368424773216248,0.6721645593643188,10.0,3.3397068977355957,0.0
700.0,True,False,nan,49.03634262084961,0.8602888584136963,0.6341524124145508,3.0,3.057823896408081,0.0
700.0,True,False,nan,51.06459045410156,0.8928805589675903,0.6534391641616821,5.0,2.9748482704162598,0.0
700.0,True,False,nan,46.96807861328125,0.8895984292030334,0.6451671719551086,8.0,2.895872116088867,0.0
700.0,True,False,nan,50.132022857666016,0.9844610095024109,0.6340343356132507,6.0,2.9558987617492676,0.0
700.0,True,False,nan,46.272430419921875,1.3685623407363892,0.6350744366645813,8.0,2.932973861694336,0.0
700.0,True,False,nan,48.04962158203125,0.17077741026878357,0.5875556468963623,12.0,3.151000499725342,0.0
700.0,True,False,nan,47.234703063964844,0.12939463555812836,0.6159295439720154,12.0,2.9867711067199707,0.0
700.0,True,False,nan,45.722900390625,0.1331489086151123,0.6426159143447876,11.0,2.9849979877471924,0.0
700.0,True,False,nan,47.25634765625,0.15112876892089844,0.5917125940322876,13.0,3.123135566711426,0.0
700.0,True,False,nan,46.65633773803711,0.14257632195949554,0.6421757340431213,12.0,3.066472291946411,0.0
700.0,True,False,nan,49.739017486572266,0.14776501059532166,0.7027496099472046,4.0,3.0539543628692627,0.0
700.0,True,False,nan,46.714454650878906,0.1521071344614029,0.6045011281967163,10.0,3.0291144847869873,0.0
700.0,True,False,nan,45.879417419433594,0.14351417124271393,0.5831847786903381,3.0,2.9695684909820557,0.0
700.0,True,False,nan,53.62495803833008,0.14159344136714935,0.7205946445465088,2.0,3.030421495437622,0.0
700.0,True,False,nan,54.715362548828125,0.1552792489528656,0.6854231953620911,2.0,3.056839942932129,0.0
700.0,True,False,nan,45.17500686645508,0.13858094811439514,0.6586230993270874,3.0,2.9400601387023926,0.0
700.0,True,False,nan,45.16966247558594,0.14669269323349,0.5864198207855225,7.0,2.9762074947357178,0.0
700.0,True,False,nan,54.0501823425293,0.1716843992471695,0.6640395522117615,2.0,3.1210389137268066,0.0
700.0,True,False,nan,51.71958541870117,0.13952931761741638,0.6807303428649902,3.0,2.996403217315674,0.0
700.0,True,False,nan,51.752967834472656,0.16644197702407837,0.5590245723724365,8.0,3.024914503097534,0.0
700.0,True,False,nan,49.0928955078125,0.1467648446559906,0.6193447113037109,9.0,2.950611114501953,0.0
700.0,True,False,nan,50.985107421875,0.15852607786655426,0.6571391820907593,5.0,3.0334506034851074,0.0
700.0,True,False,nan,45.9344367980957,0.1753518134355545,0.6440010070800781,7.0,3.0576019287109375,0.0
700.0,True,False,nan,48.36766815185547,0.14495548605918884,0.6116342544555664,5.0,2.9372010231018066,0.0
700.0,True,False,nan,49.353675842285156,0.15632468461990356,0.5838696360588074,8.0,2.9863336086273193,0.0
700.0,True,False,nan,47.37295150756836,0.18241694569587708,0.619276762008667,6.0,3.016446590423584,0.0
700.0,True,False,nan,49.8738899230957,0.15588247776031494,0.5839611887931824,6.0,2.977607011795044,0.0
700.0,True,False,nan,46.004127502441406,0.1560106724500656,0.5943159461021423,9.0,2.9461216926574707,0.0
700.0,True,False,nan,52.876243591308594,0.15254579484462738,0.6100181341171265,6.0,3.059627056121826,0.0
700.0,True,False,nan,50.26650619506836,0.14957614243030548,0.6427836418151855,5.0,3.0230486392974854,0.0
700.0,True,False,nan,47.736610412597656,0.1404091715812683,0.7225344777107239,3.0,3.0237510204315186,0.0
700.0,True,False,nan,52.06721115112305,0.16964028775691986,0.6432584524154663,3.0,3.070158004760742,0.0
700.0,True,False,nan,51.52688980102539,0.18532654643058777,0.6024999022483826,4.0,3.048607349395752,0.0
700.0,True,False,nan,48.708133697509766,0.16092896461486816,0.6440799832344055,3.0,3.006701946258545,0.0
700.0,True,False,nan,51.673912048339844,0.16920804977416992,0.6129561066627502,5.0,3.034480333328247,0.0
700.0,True,False,nan,45.63841247558594,0.18722547590732574,0.6120017766952515,4.0,2.9926719665527344,0.0
700.0,True,False,nan,49.85934066772461,0.15967996418476105,0.6681870222091675,5.0,3.046175479888916,0.0
700.0,True,False,nan,46.54660415649414,0.18122510612010956,0.6081828474998474,8.0,3.000556468963623,0.0
700.0,True,False,nan,46.42235565185547,0.3674565553665161,0.6059020161628723,11.0,3.0686874389648438,0.0
700.0,True,False,nan,52.117942810058594,0.1764296442270279,0.6055591702461243,8.0,3.099416494369507,0.0
700.0,True,False,nan,47.87944412231445,0.140614315867424,0.7364662289619446,5.0,3.0111680030822754,0.0
700.0,True,False,nan,51.4029426574707,0.17953386902809143,0.6295856237411499,4.0,3.0918376445770264,0.0
700.0,True,False,nan,51.44670867919922,0.18083658814430237,0.6000247597694397,5.0,3.110992670059204,0.0
700.0,True,False,nan,46.9653434753418,0.15467935800552368,0.665743887424469,5.0,3.0082156658172607,0.0
700.0,True,False,nan,50.76278305053711,0.18191377818584442,0.6296050548553467,3.0,3.0911219120025635,0.0
700.0,True,False,nan,49.902069091796875,0.16903267800807953,0.6520212292671204,5.0,3.0839874744415283,0.0
700.0,True,False,nan,49.09208297729492,0.16113941371440887,0.6404178738594055,7.0,3.052274703979492,0.0
700.0,True,False,nan,48.637451171875,0.17860132455825806,0.5944491624832153,8.0,3.0492217540740967,0.0
700.0,True,False,nan,52.081119537353516,0.4202755093574524,0.6518698930740356,6.0,2.964338779449463,0.0
700.0,True,False,nan,46.49260711669922,0.1738715022802353,0.6292128562927246,7.0,3.0161921977996826,0.0
700.0,True,False,nan,45.63059616088867,0.1683962345123291,0.6583737134933472,7.0,2.986908197402954,0.0
700.0,True,False,nan,49.64731216430664,0.1866122931241989,0.6350898146629333,4.0,3.1172983646392822,0.0
700.0,True,False,nan,47.738258361816406,0.17076145112514496,0.7514548301696777,4.0,3.045902729034424,0.0
700.0,True,False,nan,46.25749588012695,0.1665971577167511,0.6580004692077637,5.0,2.9937033653259277,0.0
700.0,True,False,nan,45.77027893066406,0.16572797298431396,0.6658303737640381,5.0,3.0285980701446533,0.0
700.0,True,False,nan,45.294132232666016,0.20434090495109558,0.590665876865387,10.0,2.9914162158966064,0.0
700.0,True,False,nan,47.20792770385742,0.4744328558444977,0.6373872756958008,7.0,2.9412424564361572,0.0
700.0,True,False,nan,47.939517974853516,0.17104694247245789,0.7079513072967529,4.0,3.076287269592285,0.0
700.0,True,False,nan,51.63057327270508,0.19052687287330627,0.6464497447013855,9.0,3.161311626434326,0.0
700.0,True,False,nan,48.244930267333984,0.1850641369819641,0.6496810913085938,6.0,3.1093127727508545,0.0
700.0,True,False,nan,48.96395492553711,0.1931343525648117,0.6718640923500061,7.0,3.1193320751190186,0.0
700.0,True,False,nan,47.291378021240234,0.543663740158081,0.5683643221855164,8.0,2.954281806945801,0.0
700.0,True,False,nan,45.6507453918457,0.7562886476516724,0.5794389843940735,12.0,2.9546115398406982,0.0
700.0,True,False,nan,45.052066802978516,0.8368334770202637,0.6721733212471008,10.0,3.3396918773651123,0.0
700.0,True,False,nan,28.747657775878906,0.1670636534690857,0.6350700259208679,8.0,2.773099422454834,0.0
700.0,True,False,nan,38.051822662353516,0.81125408411026,0.6534388065338135,5.0,2.974842071533203,0.0
700.0,True,False,nan,44.221282958984375,0.8629663586616516,0.6341546773910522,3.0,3.0578269958496094,0.0
700.0,True,False,nan,35.24435043334961,0.22875449061393738,0.6451677680015564,8.0,2.8438124656677246,0.0
700.0,True,False,nan,41.80220031738281,0.463043212890625,0.6340358853340149,6.0,2.9558959007263184,0.0
700.0,True,False,nan,45.632442474365234,0.2837648391723633,0.6159282326698303,12.0,2.9576480388641357,90.0
700.0,True,False,nan,49.91567611694336,0.3531716465950012,0.7224734425544739,3.0,3.476527452468872,90.0
700.0,True,False,nan,45.22309112548828,0.3295831084251404,0.5831829309463501,3.0,3.0329818725585938,90.0
700.0,True,False,nan,47.964752197265625,0.34332942962646484,0.5839571356773376,6.0,3.2486732006073,90.0
700.0,True,False,nan,45.75233840942383,0.35602712631225586,0.5943149328231812,9.0,3.252979278564453,90.0
700.0,True,False,nan,45.16770553588867,0.36820894479751587,0.6518639326095581,6.0,3.1553916931152344,90.0
700.0,True,False,nan,48.465423583984375,0.3680347800254822,0.643471896648407,7.0,3.3673174381256104,90.0
700.0,True,False,nan,45.76707458496094,0.32023873925209045,0.5864028334617615,7.0,3.028125286102295,90.0
700.0,True,False,nan,51.02301788330078,0.3608452379703522,0.6440795660018921,3.0,3.3967413902282715,90.0
700.0,True,False,nan,46.061031341552734,0.3649570345878601,0.6341538429260254,3.0,3.3053624629974365,90.0
700.0,True,False,nan,48.12612533569336,0.31626462936401367,0.7205951809883118,2.0,3.2557668685913086,90.0
700.0,True,False,nan,48.567909240722656,0.32821041345596313,0.6854312419891357,2.0,3.147590160369873,90.0
700.0,True,False,nan,49.202213287353516,0.3560140132904053,0.6126143932342529,4.0,3.3849079608917236,90.0
700.0,True,False,nan,45.10341262817383,0.3310563862323761,0.6100301146507263,6.0,3.2382748126983643,90.0
700.0,True,False,nan,47.755069732666016,0.33341747522354126,0.6426133513450623,11.0,3.0395519733428955,90.0
700.0,True,False,nan,49.40653610229492,0.34579744935035706,0.7027414441108704,4.0,3.217787742614746,90.0
700.0,True,False,nan,48.927127838134766,0.33837875723838806,0.5590263605117798,8.0,2.982475519180298,90.0
700.0,True,False,nan,48.1382942199707,0.3591997027397156,0.5838676691055298,8.0,3.2730276584625244,90.0
700.0,True,False,nan,46.45903396606445,0.3584200143814087,0.6058993339538574,11.0,2.9210357666015625,90.0
700.0,True,False,nan,47.81321716308594,0.31991809606552124,0.6586253643035889,3.0,3.0076022148132324,90.0
700.0,True,False,nan,47.45448684692383,0.3475176692008972,0.5917046666145325,13.0,2.8906450271606445,90.0
700.0,True,False,nan,47.8575553894043,0.33417028188705444,0.642180860042572,12.0,2.911790132522583,90.0
700.0,True,False,nan,50.56645584106445,0.34864071011543274,0.6213913559913635,8.0,3.278531312942505,90.0
700.0,True,False,nan,45.580604553222656,0.3691258430480957,0.608182966709137,8.0,3.229686737060547,90.0
700.0,True,False,nan,46.01272201538086,0.32830244302749634,0.6640418767929077,2.0,2.9672610759735107,90.0
700.0,True,False,nan,47.54654312133789,0.32908400893211365,0.6807443499565125,3.0,3.409153699874878,90.0
700.0,True,False,nan,49.471824645996094,0.3910522162914276,0.5875555276870728,12.0,2.824266195297241,90.0
700.0,True,False,nan,46.4872932434082,0.4079269468784332,0.5906776189804077,10.0,3.060317277908325,90.0
700.0,True,False,nan,50.29486083984375,0.3956621587276459,0.6432576775550842,3.0,3.2383904457092285,90.0
700.0,True,False,nan,49.76759719848633,0.3961839973926544,0.657139003276825,5.0,3.264971971511841,90.0
700.0,True,False,nan,47.15134811401367,0.40652263164520264,0.5944468975067139,8.0,3.10935115814209,90.0
700.0,True,False,nan,48.8654670715332,0.42347684502601624,0.6546425819396973,5.0,3.321235179901123,90.0
700.0,True,False,nan,47.375370025634766,0.3778018653392792,0.6055557131767273,8.0,3.069281816482544,90.0
700.0,True,False,nan,49.550533294677734,0.4226505756378174,0.637778103351593,7.0,3.2705249786376953,90.0
700.0,True,False,nan,48.75050735473633,0.3883320391178131,0.6024978756904602,4.0,2.9358625411987305,90.0
700.0,True,False,nan,47.9677619934082,0.3880154490470886,0.6295809745788574,4.0,3.029357433319092,90.0
700.0,True,False,nan,49.107460021972656,0.4090357720851898,0.5795011520385742,12.0,3.0224978923797607,90.0
700.0,True,False,nan,45.40220260620117,0.4104536771774292,0.6583734154701233,7.0,3.424272298812866,90.0
700.0,True,False,nan,48.42918014526367,0.3956209421157837,0.6119894981384277,4.0,3.055004119873047,90.0
700.0,True,False,nan,49.764503479003906,0.4085555672645569,0.568773627281189,11.0,3.0142650604248047,90.0
700.0,True,False,nan,48.94327926635742,0.3835005462169647,0.6681627631187439,5.0,3.3206655979156494,90.0
700.0,True,False,nan,50.46554183959961,0.4104894995689392,0.6721673011779785,10.0,3.6600823402404785,90.0
700.0,True,False,nan,49.907630920410156,0.3840242028236389,0.6128969192504883,5.0,3.110065221786499,90.0
700.0,True,False,nan,45.855201721191406,0.4195806384086609,0.6451635956764221,8.0,3.261000633239746,90.0
700.0,True,False,nan,50.45431900024414,0.3943919539451599,0.6427786350250244,5.0,3.4650766849517822,90.0
700.0,True,False,nan,46.02527618408203,0.4147447347640991,0.6192812323570251,6.0,3.1565661430358887,90.0
700.0,True,False,nan,45.178646087646484,0.4016237258911133,0.6000256538391113,5.0,3.0726139545440674,90.0
700.0,True,False,nan,46.703983306884766,0.3656054139137268,0.7364746332168579,5.0,3.520585060119629,90.0
700.0,True,False,nan,46.74714279174805,0.39553630352020264,0.6657394170761108,5.0,3.4887564182281494,90.0
700.0,True,False,nan,45.52655792236328,0.40298569202423096,0.6296145915985107,3.0,3.1961710453033447,90.0
700.0,True,False,nan,47.79248046875,0.413128137588501,0.6496790051460266,6.0,3.4737703800201416,90.0
700.0,True,False,nan,49.98457336425781,0.40058571100234985,0.604499876499176,10.0,3.0041143894195557,90.0
700.0,True,False,nan,45.896732330322266,0.38704779744148254,0.6520383954048157,5.0,3.221421003341675,90.0
700.0,True,False,nan,45.968753814697266,0.4591757655143738,0.6350719928741455,8.0,3.199653387069702,90.0
700.0,True,False,nan,49.33466339111328,0.4597935676574707,0.6292049884796143,7.0,3.309907913208008,90.0
700.0,True,False,nan,45.559486389160156,0.43487977981567383,0.7079547643661499,5.0,3.432126045227051,90.0
700.0,True,False,nan,45.09002685546875,0.4165775775909424,0.6464401483535767,7.0,3.0284857749938965,90.0
700.0,True,False,nan,48.44467544555664,0.44395455718040466,0.6350934505462646,4.0,3.1013925075531006,90.0
700.0,True,False,nan,47.363014221191406,0.4160643219947815,0.7514463663101196,4.0,3.3033697605133057,90.0
700.0,True,False,nan,49.597251892089844,0.44844943284988403,0.640399694442749,7.0,3.447725772857666,90.0
700.0,True,False,nan,48.90819549560547,0.460191935300827,0.6340366005897522,6.0,3.189204692840576,90.0
700.0,True,False,nan,49.545528411865234,0.45768579840660095,0.6580156087875366,5.0,3.4572224617004395,90.0
700.0,True,False,nan,48.234527587890625,0.41526278853416443,0.6658339500427246,3.0,2.9290988445281982,90.0
700.0,True,False,nan,47.08659362792969,0.48171406984329224,0.6718602776527405,7.0,3.138231039047241,90.0
700.0,True,False,nan,45.632476806640625,0.2837640643119812,0.615933358669281,12.0,2.957651376724243,90.0
700.0,True,False,nan,49.915557861328125,0.353170782327652,0.7224706411361694,3.0,3.4765303134918213,90.0
700.0,True,False,nan,47.964778900146484,0.3433290719985962,0.5839543342590332,6.0,3.2486751079559326,90.0
700.0,True,False,nan,49.60175704956055,0.3691277503967285,0.6440009474754333,7.0,3.3373770713806152,90.0
700.0,True,False,nan,51.022945404052734,0.360843688249588,0.6440820097923279,3.0,3.3967418670654297,90.0
700.0,True,False,nan,48.12603759765625,0.31626468896865845,0.7205909490585327,2.0,3.255763053894043,90.0
700.0,True,False,nan,48.56795120239258,0.3282114863395691,0.6854265332221985,2.0,3.147592544555664,90.0
700.0,True,False,nan,49.202205657958984,0.3560120165348053,0.6126174330711365,4.0,3.384908437728882,90.0
700.0,True,False,nan,47.75498580932617,0.3334178328514099,0.6426103115081787,11.0,3.03954815864563,90.0
700.0,True,False,nan,49.40642166137695,0.3457949459552765,0.7027499675750732,4.0,3.217787265777588,90.0
700.0,True,False,nan,48.92737579345703,0.33837324380874634,0.5590329766273499,8.0,2.9824795722961426,90.0
700.0,True,False,nan,48.13823318481445,0.3591988980770111,0.5838705897331238,8.0,3.2730302810668945,90.0
700.0,True,False,nan,47.81306076049805,0.3199204206466675,0.6586204767227173,3.0,3.0075974464416504,90.0
700.0,True,False,nan,47.45441818237305,0.3475170433521271,0.5917048454284668,13.0,2.89064621925354,90.0
700.0,True,False,nan,47.85759735107422,0.33417144417762756,0.6421743631362915,12.0,2.911787748336792,90.0
700.0,True,False,nan,50.68901062011719,0.3490277826786041,0.6193385124206543,9.0,3.281862258911133,90.0
700.0,True,False,nan,47.546566009521484,0.3290866017341614,0.6807329058647156,3.0,3.4091601371765137,90.0
700.0,True,False,nan,45.22311019897461,0.3295818865299225,0.5831870436668396,3.0,3.0329811573028564,90.0
700.0,True,False,nan,45.752044677734375,0.356003075838089,0.5944435000419617,9.0,3.252946615219116,90.0
700.0,True,False,nan,45.76557540893555,0.3202386200428009,0.5864056348800659,7.0,3.0280377864837646,90.0
700.0,True,False,nan,46.0610466003418,0.3649577498435974,0.6341525912284851,3.0,3.3053641319274902,90.0
700.0,True,False,nan,45.102195739746094,0.3310491740703583,0.6100485920906067,6.0,3.2382426261901855,90.0
700.0,True,False,nan,46.459049224853516,0.3584212362766266,0.6058970093727112,11.0,2.9210355281829834,90.0
700.0,True,False,nan,45.58058166503906,0.3691270351409912,0.608180820941925,8.0,3.229684352874756,90.0
700.0,True,False,nan,46.01289367675781,0.328303724527359,0.6640392541885376,2.0,2.967268705368042,90.0
700.0,True,False,nan,49.47181701660156,0.3910509943962097,0.5875606536865234,12.0,2.824263334274292,90.0
700.0,True,False,nan,50.29493713378906,0.39566296339035034,0.6432576775550842,3.0,3.2383880615234375,90.0
700.0,True,False,nan,49.76777648925781,0.3961845636367798,0.657137393951416,5.0,3.2649686336517334,90.0
700.0,True,False,nan,50.46495056152344,0.4104900062084198,0.6721675395965576,10.0,3.6600797176361084,90.0
700.0,True,False,nan,49.90761184692383,0.3840239644050598,0.6128944158554077,5.0,3.1100594997406006,90.0
700.0,True,False,nan,50.4546012878418,0.39439231157302856,0.6427792310714722,5.0,3.4650588035583496,90.0
700.0,True,False,nan,48.75044250488281,0.38833048939704895,0.602496862411499,4.0,2.9358673095703125,90.0
700.0,True,False,nan,48.942440032958984,0.3834853172302246,0.6681785583496094,5.0,3.3206896781921387,90.0
700.0,True,False,nan,46.70400619506836,0.36560526490211487,0.7364765405654907,5.0,3.52058744430542,90.0
700.0,True,False,nan,49.76448059082031,0.4085572063922882,0.5687692165374756,11.0,3.014275074005127,90.0
700.0,True,False,nan,47.151329040527344,0.40652328729629517,0.5944448709487915,8.0,3.1093523502349854,90.0
700.0,True,False,nan,45.167728424072266,0.3682083189487457,0.651867687702179,6.0,3.1553940773010254,90.0
700.0,True,False,nan,47.37541961669922,0.3778020739555359,0.6055558919906616,8.0,3.0692825317382812,90.0
700.0,True,False,nan,49.55037307739258,0.42273634672164917,0.6373805403709412,7.0,3.270543098449707,90.0
700.0,True,False,nan,47.9676628112793,0.3880157172679901,0.6295738816261292,4.0,3.0293586254119873,90.0
700.0,True,False,nan,48.883853912353516,0.4086574614048004,0.5794397592544556,12.0,3.026130199432373,90.0
700.0,True,False,nan,48.42903137207031,0.39562568068504333,0.6119732856750488,4.0,3.054992914199829,90.0
700.0,True,False,nan,46.025211334228516,0.414745956659317,0.619275689125061,6.0,3.156571626663208,90.0
700.0,True,False,nan,49.984397888183594,0.40058475732803345,0.6045023202896118,10.0,3.0041115283966064,90.0
700.0,True,False,nan,46.48710250854492,0.407928466796875,0.5906673669815063,10.0,3.060291051864624,90.0
700.0,True,False,nan,48.93601608276367,0.4233531057834625,0.6534376740455627,5.0,3.3125698566436768,90.0
700.0,True,False,nan,45.40205001831055,0.41045403480529785,0.6583717465400696,7.0,3.4242753982543945,90.0
700.0,True,False,nan,45.85493469238281,0.41957974433898926,0.6451642513275146,8.0,3.260998249053955,90.0
700.0,True,False,nan,45.17864990234375,0.40162545442581177,0.6000235676765442,5.0,3.072613000869751,90.0
700.0,True,False,nan,46.7469596862793,0.39553481340408325,0.665741503238678,5.0,3.488755226135254,90.0
700.0,True,False,nan,45.52657699584961,0.40298590064048767,0.6296151876449585,3.0,3.1961703300476074,90.0
700.0,True,False,nan,47.792396545410156,0.4131275713443756,0.6496803760528564,6.0,3.4737722873687744,90.0
700.0,True,False,nan,45.89671325683594,0.3870490491390228,0.652030885219574,5.0,3.2214221954345703,90.0
700.0,True,False,nan,49.334720611572266,0.4597918689250946,0.6292068958282471,7.0,3.3099117279052734,90.0
700.0,True,False,nan,48.44454574584961,0.44395652413368225,0.6350904107093811,4.0,3.1013834476470947,90.0
700.0,True,False,nan,47.36311721801758,0.4160635471343994,0.7514551281929016,4.0,3.303368091583252,90.0
700.0,True,False,nan,48.91045379638672,0.46018821001052856,0.6340397000312805,6.0,3.189237356185913,90.0
700.0,True,False,nan,48.2344856262207,0.4152614176273346,0.6658354997634888,3.0,2.9290952682495117,90.0
700.0,True,False,nan,45.969093322753906,0.4591764509677887,0.6350719332695007,8.0,3.1996545791625977,90.0
700.0,True,False,nan,45.55953598022461,0.43488433957099915,0.7079475522041321,5.0,3.432114601135254,90.0
700.0,True,False,nan,45.089576721191406,0.4165724813938141,0.6464367508888245,7.0,3.0284805297851562,90.0
700.0,True,False,nan,49.59732437133789,0.4484497904777527,0.6404052972793579,7.0,3.447732448577881,90.0
700.0,True,False,nan,49.54545593261719,0.4576859176158905,0.6580113768577576,5.0,3.4572277069091797,90.0
700.0,True,False,nan,47.08673858642578,0.48171135783195496,0.6718646883964539,7.0,3.1382341384887695,90.0
700.0,True,False,nan,47.968589782714844,0.31445246934890747,0.6721689105033875,10.0,3.085545778274536,180.0
700.0,True,False,nan,47.92060089111328,0.4429037570953369,0.7225286960601807,3.0,3.8833019733428955,180.0
700.0,True,False,nan,45.8224983215332,0.37441641092300415,0.5944420099258423,9.0,3.156405448913574,180.0
700.0,True,False,nan,47.38026809692383,0.4253994822502136,0.6159239411354065,12.0,3.7872369289398193,180.0
700.0,True,False,nan,48.62813186645508,0.4552287757396698,0.6440036296844482,7.0,3.7435808181762695,180.0
700.0,True,False,nan,47.31305694580078,0.4449647068977356,0.6440826654434204,3.0,3.829714059829712,180.0
700.0,True,False,nan,46.07594299316406,0.3613843619823456,0.6100322604179382,6.0,3.426068067550659,180.0
700.0,True,False,nan,46.024349212646484,0.43892186880111694,0.7027102112770081,4.0,3.6185455322265625,180.0
700.0,True,False,nan,49.186588287353516,0.3692287802696228,0.6427168250083923,5.0,3.2313854694366455,180.0
700.0,True,False,nan,49.640655517578125,0.37318870425224304,0.5838736891746521,8.0,3.295116901397705,180.0
700.0,True,False,nan,46.498382568359375,0.3512905240058899,0.7364730834960938,5.0,3.1630964279174805,180.0
700.0,True,False,nan,45.595054626464844,0.4386948347091675,0.6058971285820007,11.0,3.340059995651245,180.0
700.0,True,False,nan,45.448238372802734,0.3744778633117676,0.6657425165176392,5.0,3.1848251819610596,180.0
700.0,True,False,nan,47.28240203857422,0.4436562657356262,0.6193426847457886,9.0,3.8208765983581543,180.0
700.0,True,False,nan,48.04899978637695,0.3676348924636841,0.6807460784912109,3.0,3.5159921646118164,180.0
700.0,True,False,nan,47.166324615478516,0.41900402307510376,0.5831860899925232,3.0,3.6456387042999268,180.0
700.0,True,False,nan,49.554298400878906,0.4209677278995514,0.5839525461196899,6.0,3.5395281314849854,180.0
700.0,True,False,nan,46.116233825683594,0.4911435842514038,0.6571423411369324,5.0,3.627732992172241,180.0
700.0,True,False,nan,45.76750946044922,0.49859321117401123,0.63738614320755,7.0,3.496269941329956,180.0
700.0,True,False,nan,48.545223236083984,0.39664536714553833,0.586416482925415,7.0,3.5852630138397217,180.0
700.0,True,False,nan,46.357879638671875,0.4879186153411865,0.5795018076896667,12.0,3.3633997440338135,180.0
700.0,True,False,nan,47.1771354675293,0.4584328234195709,0.7205904126167297,2.0,3.7019805908203125,180.0
700.0,True,False,nan,47.25352096557617,0.4689416289329529,0.6854299306869507,2.0,3.6494247913360596,180.0
700.0,True,False,nan,45.82561111450195,0.48078230023384094,0.6126105189323425,4.0,3.895731210708618,180.0
700.0,True,False,nan,45.14710235595703,0.48162245750427246,0.5683842897415161,8.0,3.3747165203094482,180.0
700.0,True,False,nan,49.049072265625,0.46802425384521484,0.6426109075546265,11.0,3.561054229736328,180.0
700.0,True,False,nan,47.81332778930664,0.4704815447330475,0.5590223670005798,8.0,3.6757376194000244,180.0
700.0,True,False,nan,49.38005065917969,0.49358612298965454,0.5917115211486816,13.0,3.4670448303222656,180.0
700.0,True,False,nan,49.74502182006836,0.46926814317703247,0.6421775221824646,12.0,3.4422104358673096,180.0
700.0,True,False,nan,45.49382781982422,0.49382108449935913,0.604501485824585,10.0,3.455747365951538,180.0
700.0,True,False,nan,48.7400016784668,0.526975691318512,0.5875539183616638,12.0,3.2805802822113037,180.0
700.0,True,False,nan,49.924171447753906,0.5399999022483826,0.6518338918685913,6.0,3.399193048477173,180.0
700.0,True,False,nan,46.409114837646484,0.5405872464179993,0.6341508626937866,3.0,3.611025094985962,180.0
700.0,True,False,nan,45.208309173583984,0.5060758590698242,0.6640365719795227,2.0,3.4638025760650635,180.0
700.0,True,False,nan,46.245269775390625,0.5950964093208313,0.6451667547225952,8.0,3.417113780975342,180.0
700.0,True,False,nan,46.593841552734375,0.5995893478393555,0.6192777752876282,6.0,3.451939344406128,180.0
700.0,True,False,nan,46.84501266479492,0.5651879906654358,0.6586260795593262,3.0,3.6524665355682373,180.0
700.0,True,False,nan,47.03350830078125,0.6997900009155273,0.6534382700920105,5.0,3.437755823135376,180.0
700.0,True,False,nan,45.50929641723633,0.7415487170219421,0.643257200717926,3.0,3.751917839050293,180.0
700.0,True,False,nan,45.829463958740234,0.8368783593177795,0.6024975180625916,4.0,3.546145439147949,180.0
700.0,True,False,nan,49.02763366699219,0.8546739220619202,0.6081827282905579,8.0,3.5598175525665283,180.0
700.0,True,False,nan,45.44407272338867,0.8739857077598572,0.6583698391914368,7.0,3.7252678871154785,180.0
700.0,True,False,nan,49.03684997558594,0.8846589922904968,0.6681655049324036,5.0,3.8193271160125732,180.0
700.0,True,False,nan,48.59754180908203,0.910187304019928,0.6128984689712524,5.0,3.8278820514678955,180.0
700.0,True,False,nan,48.81998825073242,0.8347392678260803,0.7514579892158508,4.0,3.497988700866699,180.0
700.0,True,False,nan,48.50920867919922,0.8799649477005005,0.640402615070343,7.0,3.7327792644500732,180.0
700.0,True,False,nan,48.74774932861328,0.8800230026245117,0.658018946647644,5.0,3.7494702339172363,180.0
700.0,True,False,nan,47.223880767822266,0.9530156254768372,0.6496860980987549,6.0,3.8197572231292725,180.0
700.0,True,False,nan,46.34510803222656,0.9378454089164734,0.6520359516143799,5.0,3.7264914512634277,180.0
700.0,True,False,nan,46.024234771728516,0.9089686274528503,0.6658393740653992,3.0,3.4670052528381348,180.0
700.0,True,False,nan,45.23731994628906,1.0272765159606934,0.6295866966247559,4.0,3.6752841472625732,180.0
700.0,True,False,nan,45.88867950439453,0.9712122678756714,0.7079464197158813,5.0,3.64853835105896,180.0
700.0,True,False,nan,46.089935302734375,1.0119574069976807,0.6296053528785706,3.0,3.693906784057617,180.0
700.0,True,False,nan,46.53461837768555,1.0824381113052368,0.6340439915657043,6.0,3.4515907764434814,180.0
700.0,True,False,nan,45.21940994262695,1.1908458471298218,0.6350794434547424,4.0,3.5685620307922363,180.0
700.0,True,False,nan,46.41488265991211,1.1712579727172852,0.611994206905365,4.0,3.488360643386841,180.0
700.0,True,False,nan,45.49598693847656,1.2802989482879639,0.5906716585159302,10.0,3.3521013259887695,180.0
700.0,True,False,nan,48.259552001953125,1.5483583211898804,0.6350781321525574,8.0,3.4972915649414062,180.0
700.0,True,False,nan,47.472015380859375,1.630222201347351,0.6464481353759766,7.0,3.472085475921631,180.0
700.0,True,False,nan,48.32113265991211,1.6677567958831787,0.6292129158973694,7.0,3.673092842102051,180.0
700.0,True,False,nan,46.53662872314453,1.8034758567810059,0.5944476127624512,8.0,3.630249261856079,180.0
700.0,True,False,nan,45.3153190612793,1.7682032585144043,0.6000248193740845,5.0,3.690450668334961,180.0
700.0,True,False,nan,45.405391693115234,1.8033654689788818,0.6718709468841553,7.0,3.497521162033081,180.0
700.0,True,False,nan,46.824424743652344,1.9688652753829956,0.605558454990387,8.0,3.756693124771118,180.0
700.0,True,False,nan,47.920040130615234,0.44291144609451294,0.7224753499031067,3.0,3.8833611011505127,180.0
700.0,True,False,nan,47.38031768798828,0.4253983199596405,0.6159314513206482,12.0,3.7872374057769775,180.0
700.0,True,False,nan,47.987098693847656,0.4570012390613556,0.6434754133224487,7.0,3.7336676120758057,180.0
700.0,True,False,nan,47.31996536254883,0.44499996304512024,0.6440669298171997,3.0,3.8295719623565674,180.0
700.0,True,False,nan,47.40851974487305,0.44268494844436646,0.6213900446891785,8.0,3.820402145385742,180.0
700.0,True,False,nan,46.02420425415039,0.4389159083366394,0.7027411460876465,4.0,3.6185481548309326,180.0
700.0,True,False,nan,45.594791412353516,0.4386940598487854,0.6058985590934753,11.0,3.340057611465454,180.0
700.0,True,False,nan,49.04936218261719,0.46802428364753723,0.6426075100898743,11.0,3.561048746109009,180.0
700.0,True,False,nan,49.37998580932617,0.49358654022216797,0.5917104482650757,13.0,3.4670467376708984,180.0
700.0,True,False,nan,49.7448616027832,0.46926799416542053,0.6421768069267273,12.0,3.4422121047973633,180.0
700.0,True,False,nan,46.11636734008789,0.49114376306533813,0.6571397185325623,5.0,3.627722978591919,180.0
700.0,True,False,nan,45.767547607421875,0.4985920190811157,0.6373882293701172,7.0,3.4962713718414307,180.0
700.0,True,False,nan,47.17698287963867,0.45843207836151123,0.7205936312675476,2.0,3.70198130607605,180.0
700.0,True,False,nan,47.25355911254883,0.46894416213035583,0.685422956943512,2.0,3.6494266986846924,180.0
700.0,True,False,nan,47.813175201416016,0.4704805612564087,0.5590290427207947,8.0,3.675732135772705,180.0
700.0,True,False,nan,45.493778228759766,0.49382129311561584,0.6045029759407043,10.0,3.4557502269744873,180.0
700.0,True,False,nan,48.73994064331055,0.526974618434906,0.5875566005706787,12.0,3.280578136444092,180.0
700.0,True,False,nan,49.924102783203125,0.5399919152259827,0.6518673896789551,6.0,3.39919376373291,180.0
700.0,True,False,nan,46.42090606689453,0.4879131615161896,0.5794410109519958,12.0,3.3596842288970947,180.0
700.0,True,False,nan,45.825660705566406,0.48078352212905884,0.6126120090484619,4.0,3.8957252502441406,180.0
700.0,True,False,nan,45.146873474121094,0.48162224888801575,0.568384051322937,8.0,3.37471342086792,180.0
700.0,True,False,nan,45.20852279663086,0.5060741305351257,0.6640433669090271,2.0,3.4637975692749023,180.0
700.0,True,False,nan,48.048973083496094,0.3676404356956482,0.6807305812835693,3.0,3.516005039215088,180.0
700.0,True,False,nan,46.592506408691406,0.5995882153511047,0.6192806959152222,6.0,3.4519662857055664,180.0
700.0,True,False,nan,47.16649627685547,0.4190048575401306,0.5831829309463501,3.0,3.6456384658813477,180.0
700.0,True,False,nan,49.18404006958008,0.36922213435173035,0.642777681350708,5.0,3.2313060760498047,180.0
700.0,True,False,nan,46.84523010253906,0.5651899576187134,0.6586222648620605,3.0,3.652442216873169,180.0
700.0,True,False,nan,46.07594299316406,0.36138471961021423,0.6100274920463562,6.0,3.4260683059692383,180.0
700.0,True,False,nan,46.40901565551758,0.5405858755111694,0.6341536641120911,3.0,3.611025333404541,180.0
700.0,True,False,nan,46.24562454223633,0.5950966477394104,0.6451658606529236,8.0,3.417104482650757,180.0
700.0,True,False,nan,45.50907516479492,0.7415490746498108,0.6432576179504395,3.0,3.7519166469573975,180.0
700.0,True,False,nan,47.96828079223633,0.3144385814666748,0.672171413898468,10.0,3.085460662841797,180.0
700.0,True,False,nan,49.640838623046875,0.37318798899650574,0.5838720798492432,8.0,3.295119524002075,180.0
700.0,True,False,nan,49.55438995361328,0.42096564173698425,0.5839616656303406,6.0,3.539531946182251,180.0
700.0,True,False,nan,45.82255172729492,0.37444204092025757,0.5943183898925781,9.0,3.156381368637085,180.0
700.0,True,False,nan,47.033447265625,0.699791669845581,0.6534358263015747,5.0,3.4377593994140625,180.0
700.0,True,False,nan,48.54401779174805,0.3966670334339142,0.5864147543907166,7.0,3.585172414779663,180.0
700.0,True,False,nan,45.448421478271484,0.374480277299881,0.6657392978668213,8.0,3.1848244667053223,180.0
700.0,True,False,nan,46.49848937988281,0.35129067301750183,0.7364717125892639,7.0,3.1630985736846924,180.0
700.0,True,False,nan,49.02755355834961,0.8546742796897888,0.6081822514533997,8.0,3.5598113536834717,180.0
700.0,True,False,nan,48.820255279541016,0.8347493410110474,0.751447319984436,3.0,3.497976779937744,180.0
700.0,True,False,nan,26.794099807739258,0.7310284376144409,0.5906680226325989,11.0,3.3521111011505127,180.0
700.0,True,False,nan,23.24680519104004,0.3067297339439392,0.6350662708282471,8.0,3.1991171836853027,180.0
700.0,True,False,nan,15.59415054321289,0.15407511591911316,0.5944455862045288,8.0,2.9171090126037598,180.0
700.0,True,False,nan,37.15846633911133,0.7897058129310608,0.6024981737136841,4.0,3.546146869659424,180.0
700.0,True,False,nan,38.699806213378906,0.9028311967849731,0.6295815110206604,4.0,3.6752829551696777,180.0
700.0,True,False,nan,12.09345817565918,0.09801653027534485,0.6718689203262329,8.0,2.5153775215148926,180.0
700.0,True,False,nan,26.601646423339844,0.3032119870185852,0.6292038559913635,9.0,3.1095681190490723,180.0
700.0,True,False,nan,39.31949996948242,0.48758089542388916,0.6583755016326904,8.0,3.42562198638916,180.0
700.0,True,False,nan,31.194448471069336,0.5590372681617737,0.6119838953018188,4.0,3.4861817359924316,180.0
700.0,True,False,nan,29.993907928466797,0.7005795240402222,0.7079541683197021,4.0,3.6485326290130615,180.0
700.0,True,False,nan,42.78293228149414,0.666023313999176,0.6681771874427795,5.0,3.8193252086639404,180.0
700.0,True,False,nan,41.99289321899414,0.8595306277275085,0.6129607558250427,7.0,3.827897787094116,180.0
700.0,True,False,nan,23.504051208496094,0.3663179874420166,0.6464571356773376,9.0,3.0002834796905518,180.0
700.0,True,False,nan,21.942136764526367,0.2553654611110687,0.6000227928161621,5.0,3.09830379486084,180.0
700.0,True,False,nan,37.52953338623047,0.8951817750930786,0.6296177506446838,3.0,3.6939051151275635,180.0
700.0,True,False,nan,40.25440979003906,0.6236356496810913,0.649678111076355,10.0,3.819763660430908,180.0
700.0,True,False,nan,30.20212745666504,0.7815114259719849,0.6350901126861572,4.0,3.5685620307922363,180.0
700.0,True,False,nan,28.696863174438477,0.2918644845485687,0.6520350575447083,7.0,3.134754180908203,180.0
700.0,True,False,nan,35.89031982421875,0.3332206904888153,0.6404223442077637,7.0,3.144298553466797,180.0
700.0,True,False,nan,30.111316680908203,0.8275448083877563,0.6340423822402954,8.0,3.4515817165374756,180.0
700.0,True,False,nan,42.76665496826172,0.6060958504676819,0.6580153703689575,8.0,3.7494680881500244,180.0
700.0,True,False,nan,36.40663146972656,0.7929807305335999,0.6658335328102112,5.0,3.4670181274414062,180.0
700.0,True,False,nan,47.30256271362305,0.322734534740448,0.6159307360649109,12.0,2.7849979400634766,270.0
700.0,True,False,nan,47.82170104980469,0.3453476130962372,0.6426167488098145,11.0,2.8995208740234375,270.0
700.0,True,False,nan,47.8120231628418,0.3409513533115387,0.6421725749969482,12.0,2.85048508644104,270.0
700.0,True,False,nan,53.22886657714844,0.3616640269756317,0.5875556468963623,12.0,2.694159507751465,270.0
700.0,True,False,nan,46.62893295288086,0.4096909165382385,0.6440039277076721,7.0,3.2782459259033203,270.0
700.0,True,False,nan,50.05769729614258,0.39754897356033325,0.7205924987792969,2.0,3.2074015140533447,270.0
700.0,True,False,nan,52.90784454345703,0.39890000224113464,0.6854313611984253,2.0,3.165907859802246,270.0
700.0,True,False,nan,51.25585174560547,0.4024810492992401,0.7027442455291748,4.0,3.273003578186035,270.0
700.0,True,False,nan,48.89901351928711,0.35678499937057495,0.6058977246284485,11.0,2.885122776031494,270.0
700.0,True,False,nan,53.88322448730469,0.3618074357509613,0.5917147397994995,13.0,2.888976573944092,270.0
700.0,True,False,nan,48.10978698730469,0.3808674216270447,0.6045001745223999,10.0,2.96439266204834,270.0
700.0,True,False,nan,46.73891830444336,0.38132187724113464,0.6640393733978271,2.0,2.9785194396972656,270.0
700.0,True,False,nan,47.909324645996094,0.4344083368778229,0.7225315570831299,3.0,3.5076522827148438,270.0
700.0,True,False,nan,46.25400924682617,0.42489346861839294,0.583185076713562,3.0,3.015998363494873,270.0
700.0,True,False,nan,48.23670959472656,0.4459470808506012,0.6571395993232727,5.0,3.3346269130706787,270.0
700.0,True,False,nan,47.69206237792969,0.445137619972229,0.6518371105194092,6.0,3.327514410018921,270.0
700.0,True,False,nan,46.694793701171875,0.4606313705444336,0.6440799832344055,3.0,3.35089111328125,270.0
700.0,True,False,nan,50.850608825683594,0.4039074778556824,0.5794381499290466,12.0,3.0715935230255127,270.0
700.0,True,False,nan,48.45623779296875,0.4637792408466339,0.6126121878623962,4.0,3.3986997604370117,270.0
700.0,True,False,nan,50.03288269042969,0.3972257375717163,0.5687726736068726,11.0,2.9645957946777344,270.0
700.0,True,False,nan,51.55494689941406,0.3727521598339081,0.5590257048606873,8.0,2.7746827602386475,270.0
700.0,True,False,nan,46.74675369262695,0.419050395488739,0.658621609210968,3.0,3.027028799057007,270.0
700.0,True,False,nan,49.90789794921875,0.4527067542076111,0.6193451881408691,9.0,3.330240488052368,270.0
700.0,True,False,nan,48.00570297241211,0.46633392572402954,0.6807304620742798,3.0,3.390395402908325,270.0
700.0,True,False,nan,47.12237548828125,0.49398207664489746,0.5839558243751526,6.0,3.220745325088501,270.0
700.0,True,False,nan,47.83950424194336,0.5012749433517456,0.6432533264160156,3.0,3.2296719551086426,270.0
700.0,True,False,nan,47.129974365234375,0.48661544919013977,0.6373882293701172,7.0,3.286802053451538,270.0
700.0,True,False,nan,47.603981018066406,0.4623091518878937,0.5864130854606628,7.0,2.978410243988037,270.0
700.0,True,False,nan,45.03278350830078,0.43744128942489624,0.6024962067604065,4.0,2.766697406768799,270.0
700.0,True,False,nan,47.5449104309082,0.4983193874359131,0.6100424528121948,6.0,3.2325310707092285,270.0
700.0,True,False,nan,48.33357620239258,0.4916172921657562,0.5838707089424133,8.0,3.175469160079956,270.0
700.0,True,False,nan,48.885353088378906,0.47620052099227905,0.619276762008667,6.0,3.187156915664673,270.0
700.0,True,False,nan,45.231834411621094,0.4788537621498108,0.6081840991973877,8.0,3.2000694274902344,270.0
700.0,True,False,nan,47.46124267578125,0.5271637439727783,0.5943253636360168,9.0,3.228046178817749,270.0
700.0,True,False,nan,46.656219482421875,0.511059582233429,0.6055640578269958,8.0,2.9834330081939697,270.0
700.0,True,False,nan,45.473533630371094,0.5137704610824585,0.6295883059501648,4.0,2.9803125858306885,270.0
700.0,True,False,nan,47.526771545410156,0.5491999983787537,0.6341502070426941,3.0,3.3183186054229736,270.0
700.0,True,False,nan,46.89999771118164,0.5635528564453125,0.6681866645812988,5.0,3.2487130165100098,270.0
700.0,True,False,nan,48.53704071044922,0.503630518913269,0.6129620671272278,5.0,2.978825569152832,270.0
700.0,True,False,nan,47.66230392456055,0.5748279690742493,0.6427728533744812,5.0,3.37211275100708,270.0
700.0,True,False,nan,45.497074127197266,0.5712816119194031,0.6657372117042542,5.0,3.332219362258911,270.0
700.0,True,False,nan,45.13230895996094,0.546074628829956,0.7514452338218689,4.0,3.2030441761016846,270.0
700.0,True,False,nan,45.20122146606445,0.5733551979064941,0.6404114365577698,7.0,3.267040491104126,270.0
700.0,True,False,nan,46.037872314453125,0.49799075722694397,0.665834367275238,3.0,2.8430798053741455,270.0
700.0,True,False,nan,45.637596130371094,0.5465631484985352,0.6119884848594666,4.0,2.9080276489257812,270.0
700.0,True,False,nan,46.10463333129883,0.6144829392433167,0.672170877456665,10.0,3.5728018283843994,270.0
700.0,True,False,nan,46.717899322509766,0.5754708647727966,0.6451640129089355,8.0,3.229022979736328,270.0
700.0,True,False,nan,48.88008117675781,0.5566701292991638,0.6000208854675293,5.0,3.0167901515960693,270.0
700.0,True,False,nan,47.541072845458984,0.6368537545204163,0.7364670634269714,5.0,3.4390757083892822,270.0
700.0,True,False,nan,47.410865783691406,0.5881894826889038,0.6296120285987854,3.0,3.133850574493408,270.0
700.0,True,False,nan,46.55929946899414,0.588322103023529,0.6520344614982605,5.0,3.1294398307800293,270.0
700.0,True,False,nan,46.202781677246094,0.6197824478149414,0.6580184102058411,5.0,3.2747418880462646,270.0
700.0,True,False,nan,48.39612579345703,0.6105071306228638,0.5944461226463318,8.0,3.1068220138549805,270.0
700.0,True,False,nan,47.77982711791992,0.6478953957557678,0.6546345353126526,5.0,3.2758097648620605,270.0
700.0,True,False,nan,45.59660339355469,0.6759887337684631,0.6583734154701233,7.0,3.344273567199707,270.0
700.0,True,False,nan,46.808555603027344,0.6709801554679871,0.7079524397850037,5.0,3.2300539016723633,270.0
700.0,True,False,nan,46.91038131713867,0.6085233688354492,0.6464464068412781,7.0,2.945558786392212,270.0
700.0,True,False,nan,45.790802001953125,0.6987702250480652,0.6496764421463013,6.0,3.4257771968841553,270.0
700.0,True,False,nan,47.723487854003906,0.6269928216934204,0.6350840926170349,4.0,3.061793804168701,270.0
700.0,True,False,nan,46.72630310058594,0.6320312023162842,0.5906736254692078,10.0,2.985607385635376,270.0
700.0,True,False,nan,45.93842315673828,0.7168575525283813,0.6292057037353516,7.0,3.166619300842285,270.0
700.0,True,False,nan,45.63273239135742,0.7386256456375122,0.6718602180480957,7.0,2.998671770095825,270.0
700.0,True,False,nan,45.356929779052734,0.9938844442367554,0.6340355277061462,6.0,3.053417921066284,270.0
700.0,True,False,nan,45.917701721191406,1.0882765054702759,0.6350745558738708,8.0,3.1132006645202637,270.0
700.0,True,False,nan,47.30244445800781,0.32273465394973755,0.615932285785675,12.0,2.7850029468536377,270.0
700.0,True,False,nan,47.82147216796875,0.3453476130962372,0.6426127552986145,11.0,2.8995211124420166,270.0
700.0,True,False,nan,47.81205368041992,0.3409513831138611,0.6421737670898438,12.0,2.85048508644104,270.0
700.0,True,False,nan,53.88315963745117,0.3618077039718628,0.5917102098464966,13.0,2.8889763355255127,270.0
700.0,True,False,nan,53.228755950927734,0.3616640865802765,0.5875543355941772,12.0,2.6941604614257812,270.0
700.0,True,False,nan,50.05763244628906,0.39754992723464966,0.7205880880355835,2.0,3.2074027061462402,270.0
700.0,True,False,nan,52.90766525268555,0.39889904856681824,0.6854293942451477,2.0,3.1659069061279297,270.0
700.0,True,False,nan,51.25595474243164,0.40248945355415344,0.7027130126953125,4.0,3.2730019092559814,270.0
700.0,True,False,nan,48.898841857910156,0.35677701234817505,0.6059315204620361,11.0,2.8851265907287598,270.0
700.0,True,False,nan,48.10947036743164,0.3808678686618805,0.6044991612434387,10.0,2.964393138885498,270.0
700.0,True,False,nan,46.628780364990234,0.40969109535217285,0.6440072655677795,7.0,3.2782530784606934,270.0
700.0,True,False,nan,46.73861312866211,0.381320595741272,0.6640362739562988,2.0,2.978524684906006,270.0
700.0,True,False,nan,48.70243835449219,0.40376603603363037,0.5862531661987305,11.0,3.037065029144287,270.0
700.0,True,False,nan,47.12244415283203,0.39308711886405945,0.5683625936508179,8.0,2.9760549068450928,270.0
700.0,True,False,nan,51.55500793457031,0.37275007367134094,0.5590318441390991,8.0,2.7746832370758057,270.0
700.0,True,False,nan,46.25403594970703,0.424893856048584,0.5831856727600098,3.0,3.015995502471924,270.0
700.0,True,False,nan,48.23670959472656,0.44594606757164,0.6571383476257324,5.0,3.334622383117676,270.0
700.0,True,False,nan,46.7468376159668,0.41904789209365845,0.6586253643035889,3.0,3.0270309448242188,270.0
700.0,True,False,nan,49.90792465209961,0.45270898938179016,0.6193432807922363,9.0,3.3302416801452637,270.0
700.0,True,False,nan,47.90921401977539,0.4344107210636139,0.7225232124328613,3.0,3.5076444149017334,270.0
700.0,True,False,nan,48.4563102722168,0.46378093957901,0.6126130223274231,4.0,3.3986928462982178,270.0
700.0,True,False,nan,48.00578308105469,0.4662964940071106,0.6808861494064331,3.0,3.390390157699585,270.0
700.0,True,False,nan,46.69478225708008,0.46063223481178284,0.6440780162811279,3.0,3.35089111328125,270.0
700.0,True,False,nan,47.83961486816406,0.5012732744216919,0.6432590484619141,3.0,3.229678153991699,270.0
700.0,True,False,nan,47.60388946533203,0.46231362223625183,0.5864078998565674,7.0,2.9784204959869385,270.0
700.0,True,False,nan,48.885528564453125,0.47620171308517456,0.6192815899848938,6.0,3.187169313430786,270.0
700.0,True,False,nan,47.121986389160156,0.493979275226593,0.5839532613754272,6.0,3.2207467555999756,270.0
700.0,True,False,nan,47.13013458251953,0.4866178631782532,0.6373860836029053,7.0,3.2868001461029053,270.0
700.0,True,False,nan,45.03260803222656,0.4374421536922455,0.6024988889694214,4.0,2.7666962146759033,270.0
700.0,True,False,nan,47.544212341308594,0.49832046031951904,0.6100305318832397,6.0,3.2325539588928223,270.0
700.0,True,False,nan,48.33351516723633,0.4916192889213562,0.5838665962219238,8.0,3.175469160079956,270.0
700.0,True,False,nan,47.69191360473633,0.44513824582099915,0.6518329381942749,6.0,3.3275132179260254,270.0
700.0,True,False,nan,45.473533630371094,0.5137708187103271,0.6295852065086365,4.0,2.980318784713745,270.0
700.0,True,False,nan,48.53649139404297,0.5036424994468689,0.6128984689712524,5.0,2.9788339138031006,270.0
700.0,True,False,nan,46.037784576416016,0.4979892671108246,0.6658292412757874,3.0,2.8430678844451904,270.0
700.0,True,False,nan,47.46097183227539,0.5271629095077515,0.5943235158920288,9.0,3.228038787841797,270.0
700.0,True,False,nan,46.65604782104492,0.511060893535614,0.6055651903152466,8.0,2.9834346771240234,270.0
700.0,True,False,nan,46.10498809814453,0.614486575126648,0.6721742749214172,10.0,3.5728094577789307,270.0
700.0,True,False,nan,48.880489349365234,0.5566658973693848,0.6000254154205322,5.0,3.016793966293335,270.0
700.0,True,False,nan,47.52678298950195,0.549199104309082,0.6341491937637329,3.0,3.318316698074341,270.0
700.0,True,False,nan,45.79071044921875,0.6987642049789429,0.6496831774711609,6.0,3.4257688522338867,270.0
700.0,True,False,nan,46.90045928955078,0.563553512096405,0.6681777238845825,5.0,3.2487423419952393,270.0
700.0,True,False,nan,47.66267776489258,0.5748275518417358,0.642779529094696,5.0,3.372097969055176,270.0
700.0,True,False,nan,45.49723815917969,0.5712903141975403,0.6657398343086243,5.0,3.332240581512451,270.0
700.0,True,False,nan,45.132362365722656,0.54606693983078,0.7514621019363403,4.0,3.2030410766601562,270.0
700.0,True,False,nan,45.20237350463867,0.478790819644928,0.6079947352409363,8.0,3.1999170780181885,270.0
700.0,True,False,nan,46.71785354614258,0.5754704475402832,0.6451622247695923,8.0,3.2290191650390625,270.0
700.0,True,False,nan,47.54104995727539,0.6368526220321655,0.736469030380249,5.0,3.439072370529175,270.0
700.0,True,False,nan,45.20097732543945,0.5733544826507568,0.640419602394104,7.0,3.2670371532440186,270.0
700.0,True,False,nan,45.84973907470703,0.5950192213058472,0.653441846370697,5.0,3.279071569442749,270.0
700.0,True,False,nan,47.41078186035156,0.5881888270378113,0.6296156048774719,3.0,3.133850336074829,270.0
700.0,True,False,nan,46.20282745361328,0.619780421257019,0.6580268144607544,5.0,3.2747435569763184,270.0
700.0,True,False,nan,47.71875,0.6269816160202026,0.6349343061447144,4.0,3.061755895614624,270.0
700.0,True,False,nan,46.55905532836914,0.588325023651123,0.6520177721977234,7.0,3.129438638687134,270.0
700.0,True,False,nan,45.59688949584961,0.6759893298149109,0.658375084400177,8.0,3.3442728519439697,270.0
700.0,True,False,nan,46.80841827392578,0.6709780693054199,0.7079493999481201,4.0,3.230046510696411,270.0
700.0,True,False,nan,48.39574432373047,0.6105096936225891,0.5944499373435974,8.0,3.106800079345703,270.0
700.0,True,False,nan,45.637630462646484,0.5465636849403381,0.6119797825813293,8.0,2.908031463623047,270.0
700.0,True,False,nan,46.9116096496582,0.6085253953933716,0.6464519500732422,7.0,2.945622444152832,270.0
700.0,True,False,nan,45.63273620605469,0.7386232614517212,0.6718714833259583,8.0,2.998671531677246,270.0
700.0,True,False,nan,44.11275863647461,0.6320410966873169,0.5906727313995361,11.0,2.9856138229370117,270.0
700.0,True,False,nan,38.15235137939453,0.7125529646873474,0.6350721716880798,8.0,3.113199234008789,270.0
700.0,True,False,nan,43.6294059753418,0.7155722975730896,0.6292057037353516,9.0,3.1666078567504883,270.0
700.0,True,False,nan,42.945892333984375,0.7284879088401794,0.6340433955192566,6.0,3.0534098148345947,270.0
