push_n,fell,recovered,recovery_time_s,max_tilt_deg,velocity_loss,pre_push_vel_err,feet_in_contact_at_push,peak_dv,direction_deg
0.0,False,True,0.0,3.4857683181762695,0.0,1.7974884510040283,16.0,0.321447491645813,0.0
0.0,False,True,0.0,3.4153525829315186,0.0,0.7991599440574646,3.0,0.2309957891702652,0.0
0.0,False,True,0.0,3.405823230743408,0.0,0.7516375780105591,10.0,0.1991230696439743,0.0
0.0,False,True,0.0,3.373826265335083,0.0,0.7264615893363953,10.0,0.21826669573783875,0.0
0.0,False,True,0.0,2.423497200012207,0.0,0.6367768049240112,10.0,0.19885744154453278,0.0
0.0,False,True,0.0,1.9375503063201904,0.0,0.927346408367157,10.0,0.21242068707942963,0.0
0.0,False,True,0.0,2.7578279972076416,0.0,1.043596625328064,2.0,0.2085253894329071,0.0
0.0,False,True,0.0,2.7629339694976807,0.0,0.7666433453559875,9.0,0.22660094499588013,0.0
0.0,False,True,0.0,2.176997661590576,0.0,1.0169068574905396,3.0,0.2205251008272171,0.0
0.0,False,True,0.0,2.196063280105591,0.0,0.5997664332389832,7.0,0.24225236475467682,0.0
0.0,False,True,0.0,2.485931158065796,0.0,1.2410826683044434,7.0,0.2177238017320633,0.0
0.0,False,True,0.0,3.383561134338379,0.0,0.7586113810539246,5.0,0.18051093816757202,0.0
0.0,False,True,0.0,2.796034097671509,0.0,1.2917190790176392,11.0,0.2274569869041443,0.0
0.0,False,True,0.0,3.238879680633545,0.0,0.9216001033782959,9.0,0.2514842450618744,0.0
0.0,False,True,0.0,2.3516852855682373,0.0,1.1764906644821167,8.0,0.23615320026874542,0.0
0.0,False,True,0.0,2.925161838531494,0.0,1.4037846326828003,13.0,0.24271580576896667,0.0
0.0,False,True,0.0,3.995422124862671,0.0,1.1705323457717896,9.0,0.2959480881690979,0.0
0.0,False,True,0.0,4.128581523895264,0.0,0.8569748401641846,7.0,0.2196469008922577,0.0
0.0,False,True,0.0,2.9390487670898438,0.0,1.3959131240844727,12.0,0.24765782058238983,0.0
0.0,False,True,0.0,2.061845064163208,0.0,0.7166187763214111,3.0,0.19346965849399567,0.0
0.0,False,True,0.0,2.565824508666992,0.0,0.9423384070396423,3.0,0.19323420524597168,0.0
0.0,False,True,0.0,2.937849760055542,0.0,0.655803918838501,10.0,0.18859261274337769,0.0
0.0,False,True,0.0,1.883151650428772,0.0,0.8998146057128906,9.0,0.20667104423046112,0.0
0.0,False,True,0.0,2.747018337249756,0.0,1.2057445049285889,10.0,0.2330782264471054,0.0
0.0,False,True,0.0,2.667044162750244,0.0,1.2002992630004883,2.0,0.24088791012763977,0.0
0.0,False,True,0.0,2.867715358734131,0.0,1.4172685146331787,6.0,0.25231605768203735,0.0
0.0,False,True,0.0,2.7042155265808105,0.0,0.9413745403289795,2.0,0.22785654664039612,0.0
0.0,False,True,0.0,1.8372820615768433,0.0,1.1154381036758423,9.0,0.24900762736797333,0.0
0.0,False,True,0.0,2.2386083602905273,0.0,0.6882169246673584,4.0,0.2151584029197693,0.0
0.0,False,True,0.0,2.859717845916748,0.0,0.6795491576194763,8.0,0.23139390349388123,0.0
0.0,False,True,0.0,3.6027181148529053,0.0,0.7892532348632812,17.0,0.19447365403175354,0.0
0.0,False,True,0.0,3.2841989994049072,0.0,1.3875889778137207,4.0,0.23839662969112396,0.0
0.0,False,True,0.0,1.773654580116272,0.0,1.0115294456481934,4.0,0.19257155060768127,0.0
0.0,False,True,0.0,3.0692451000213623,0.0,1.5423882007598877,13.0,0.25781604647636414,0.0
0.0,False,True,0.0,2.0231335163116455,0.0,0.8881535530090332,6.0,0.21249151229858398,0.0
0.0,False,True,0.0,2.7118775844573975,0.0,1.3595008850097656,4.0,0.23720213770866394,0.0
0.0,False,True,0.0,2.8886630535125732,0.0,0.6838891506195068,7.0,0.24104133248329163,0.0
0.0,False,True,0.0,3.1490838527679443,0.0,1.0289710760116577,5.0,0.23952394723892212,0.0
0.0,False,True,0.0,2.8520407676696777,0.0,1.1748695373535156,10.0,0.2521514594554901,0.0
0.0,False,True,0.0,5.108371734619141,0.0,1.0761300325393677,14.0,0.22527828812599182,0.0
0.0,False,True,0.0,2.201404094696045,0.0,1.232388973236084,5.0,0.21448355913162231,0.0
0.0,False,True,0.0,1.549018383026123,0.0,0.6698828935623169,8.0,0.20610378682613373,0.0
0.0,False,True,0.0,1.7721091508865356,0.0,0.8095703125,8.0,0.1760239154100418,0.0
0.0,False,True,0.0,2.092280149459839,0.0,0.6123020648956299,4.0,0.2509823143482208,0.0
0.0,False,True,0.0,2.498183488845825,0.0,1.435600996017456,6.0,0.24063360691070557,0.0
0.0,False,True,0.0,3.6174163818359375,0.0,0.6522142291069031,8.0,0.18521706759929657,0.0
0.0,False,True,0.0,2.9452364444732666,0.0,0.8438368439674377,2.0,0.20608112215995789,0.0
0.0,False,True,0.0,3.65901780128479,0.0,0.7934494018554688,10.0,0.17904746532440186,0.0
0.0,False,True,0.0,3.0563981533050537,0.0,1.4394551515579224,5.0,0.2360370010137558,0.0
0.0,False,True,0.0,2.275376796722412,0.0,0.7469997406005859,3.0,0.19769039750099182,0.0
0.0,False,True,0.0,2.4410400390625,0.0,0.8395671844482422,10.0,0.23151305317878723,0.0
0.0,False,True,0.0,2.4746460914611816,0.0,1.4169467687606812,10.0,0.2636057436466217,0.0
0.0,False,True,0.0,2.2575876712799072,0.0,0.8899767994880676,3.0,0.2014983892440796,0.0
0.0,False,True,0.0,3.105262279510498,0.0,1.3278982639312744,3.0,0.23928913474082947,0.0
0.0,False,True,0.0,1.837921142578125,0.0,0.6341946125030518,6.0,0.2067033350467682,0.0
0.0,False,True,0.0,1.8970264196395874,0.0,0.9169028997421265,8.0,0.2053314596414566,0.0
0.0,False,True,0.0,1.874819278717041,0.0,1.0175477266311646,10.0,0.22510434687137604,0.0
0.0,False,True,0.0,1.6069341897964478,0.0,0.7440736293792725,4.0,0.18980546295642853,0.0
0.0,False,True,0.0,2.222463369369507,0.0,1.0631911754608154,5.0,0.20884259045124054,0.0
0.0,False,True,0.0,2.1371662616729736,0.0,0.8955898880958557,2.0,0.20651578903198242,0.0
0.0,False,True,0.0,1.6558761596679688,0.0,0.8102967143058777,10.0,0.21738602221012115,0.0
0.0,False,True,0.0,2.5548157691955566,0.0,1.2754971981048584,5.0,0.25148582458496094,0.0
0.0,False,True,0.0,2.3410918712615967,0.0,0.7468747496604919,3.0,0.23339597880840302,0.0
0.0,False,True,0.0,2.3094427585601807,0.0,1.2320085763931274,4.0,0.23457956314086914,0.0
0.0,False,True,0.0,3.4858245849609375,0.0,1.7974940538406372,16.0,0.321444034576416,90.0
0.0,False,True,0.0,3.416498899459839,0.0,0.799147367477417,3.0,0.23099033534526825,90.0
0.0,False,True,0.0,3.405823230743408,0.0,0.7516310214996338,10.0,0.1991262286901474,90.0
0.0,False,True,0.0,3.373826265335083,0.0,0.7264641523361206,10.0,0.21826887130737305,90.0
0.0,False,True,0.0,2.4234163761138916,0.0,0.6367796063423157,10.0,0.19886784255504608,90.0
0.0,False,True,0.0,1.939871907234192,0.0,0.9273420572280884,10.0,0.2124248594045639,90.0
0.0,False,True,0.0,2.7578279972076416,0.0,1.043587327003479,2.0,0.20852549374103546,90.0
0.0,False,True,0.0,2.7629339694976807,0.0,0.76666659116745,9.0,0.2266191691160202,90.0
0.0,False,True,0.0,2.1793336868286133,0.0,1.01720130443573,3.0,0.22182230651378632,90.0
0.0,False,True,0.0,2.196063280105591,0.0,0.599764883518219,7.0,0.24225112795829773,90.0
0.0,False,True,0.0,2.485931158065796,0.0,1.2410953044891357,7.0,0.21772077679634094,90.0
0.0,False,True,0.0,3.383561134338379,0.0,0.7586082220077515,5.0,0.180514395236969,90.0
0.0,False,True,0.0,2.796034097671509,0.0,1.2917087078094482,11.0,0.22745923697948456,90.0
0.0,False,True,0.0,3.238819122314453,0.0,0.9215981364250183,9.0,0.2514938712120056,90.0
0.0,False,True,0.0,2.35160231590271,0.0,1.1764675378799438,8.0,0.2361358106136322,90.0
0.0,False,True,0.0,2.9250950813293457,0.0,1.4037803411483765,13.0,0.24271371960639954,90.0
0.0,False,True,0.0,3.9955689907073975,0.0,1.1705125570297241,9.0,0.29605382680892944,90.0
0.0,False,True,0.0,4.128629207611084,0.0,0.8569740056991577,7.0,0.21964044868946075,90.0
0.0,False,True,0.0,2.9390487670898438,0.0,1.3959095478057861,12.0,0.24766209721565247,90.0
0.0,False,True,0.0,2.061845064163208,0.0,0.7166185975074768,3.0,0.19347134232521057,90.0
0.0,False,True,0.0,2.5657482147216797,0.0,0.9423648715019226,3.0,0.19323566555976868,90.0
0.0,False,True,0.0,2.937849760055542,0.0,0.6558026075363159,10.0,0.18859316408634186,90.0
0.0,False,True,0.0,1.883151650428772,0.0,0.8998166918754578,9.0,0.2066696435213089,90.0
0.0,False,True,0.0,2.747018337249756,0.0,1.2057371139526367,10.0,0.23307259380817413,90.0
0.0,False,True,0.0,2.666970729827881,0.0,1.2003093957901,2.0,0.24088731408119202,90.0
0.0,False,True,0.0,2.867715358734131,0.0,1.4172595739364624,6.0,0.2523181140422821,90.0
0.0,False,True,0.0,2.7042880058288574,0.0,0.9413967132568359,2.0,0.22785240411758423,90.0
0.0,False,True,0.0,1.8373887538909912,0.0,1.1154502630233765,9.0,0.24901330471038818,90.0
0.0,False,True,0.0,2.2386958599090576,0.0,0.6882084012031555,4.0,0.21515990793704987,90.0
0.0,False,True,0.0,2.85978627204895,0.0,0.6795486211776733,8.0,0.23139531910419464,90.0
0.0,False,True,0.0,3.6027724742889404,0.0,0.7892513275146484,17.0,0.19447502493858337,90.0
0.0,False,True,0.0,3.284437656402588,0.0,1.387586236000061,4.0,0.23839275538921356,90.0
0.0,False,True,0.0,1.773654580116272,0.0,1.0115352869033813,4.0,0.1925668865442276,90.0
0.0,False,True,0.0,3.0693087577819824,0.0,1.5423797369003296,13.0,0.25781798362731934,90.0
0.0,False,True,0.0,2.0231335163116455,0.0,0.8881582617759705,6.0,0.21249036490917206,90.0
0.0,False,True,0.0,2.7118775844573975,0.0,1.3594996929168701,4.0,0.23720625042915344,90.0
0.0,False,True,0.0,2.8886630535125732,0.0,0.683887779712677,7.0,0.2410443127155304,90.0
0.0,False,True,0.0,3.149021863937378,0.0,1.028972864151001,5.0,0.23953068256378174,90.0
0.0,False,True,0.0,2.8522469997406006,0.0,1.1748597621917725,10.0,0.2521630525588989,90.0
0.0,False,True,0.0,5.108333587646484,0.0,1.0761237144470215,14.0,0.2252732366323471,90.0
0.0,False,True,0.0,2.201404094696045,0.0,1.2324018478393555,5.0,0.2144782841205597,90.0
0.0,False,True,0.0,1.549018383026123,0.0,0.6698615550994873,8.0,0.20609894394874573,90.0
0.0,False,True,0.0,2.0628888607025146,0.0,0.8153369426727295,6.0,0.21388959884643555,90.0
0.0,False,True,0.0,2.092186689376831,0.0,0.6123008131980896,4.0,0.2509840726852417,90.0
0.0,False,True,0.0,2.498183488845825,0.0,1.435602068901062,6.0,0.24063123762607574,90.0
0.0,False,True,0.0,3.6174163818359375,0.0,0.6521733999252319,8.0,0.18522419035434723,90.0
0.0,False,True,0.0,2.945302963256836,0.0,0.843833327293396,2.0,0.20607666671276093,90.0
0.0,False,True,0.0,3.65901780128479,0.0,0.7934554815292358,10.0,0.17903991043567657,90.0
0.0,False,True,0.0,3.0563981533050537,0.0,1.4394574165344238,5.0,0.2360391914844513,90.0
0.0,False,True,0.0,2.2752907276153564,0.0,0.7470065951347351,3.0,0.19768936932086945,90.0
0.0,False,True,0.0,2.4410400390625,0.0,0.8395696878433228,10.0,0.23151011765003204,90.0
0.0,False,True,0.0,2.4746460914611816,0.0,1.4169490337371826,10.0,0.26360368728637695,90.0
0.0,False,True,0.0,2.2575008869171143,0.0,0.8899813294410706,3.0,0.2014939934015274,90.0
0.0,False,True,0.0,3.105262279510498,0.0,1.3278918266296387,3.0,0.23929069936275482,90.0
0.0,False,True,0.0,1.8380275964736938,0.0,0.6341985464096069,6.0,0.2067120224237442,90.0
0.0,False,True,0.0,1.8963041305541992,0.0,0.917300283908844,8.0,0.2058691680431366,90.0
0.0,False,True,0.0,1.8749237060546875,0.0,1.0175442695617676,10.0,0.2251138687133789,90.0
0.0,False,True,0.0,1.6069341897964478,0.0,0.7440598011016846,4.0,0.18980857729911804,90.0
0.0,False,True,0.0,2.222463369369507,0.0,1.0631853342056274,5.0,0.20889219641685486,90.0
0.0,False,True,0.0,2.1449360847473145,0.0,0.8955844640731812,2.0,0.20651929080486298,90.0
0.0,False,True,0.0,1.6558761596679688,0.0,0.8103048801422119,10.0,0.2173793613910675,90.0
0.0,False,True,0.0,2.5548927783966064,0.0,1.2754911184310913,5.0,0.25149571895599365,90.0
0.0,False,True,0.0,2.3410918712615967,0.0,0.7468207478523254,3.0,0.23340333998203278,90.0
0.0,False,True,0.0,2.3093581199645996,0.0,1.232011079788208,4.0,0.23458118736743927,90.0
0.0,False,True,0.0,3.4858245849609375,0.0,1.797492504119873,16.0,0.3214547038078308,180.0
0.0,False,True,0.0,3.41678524017334,0.0,0.7991231679916382,3.0,0.2314785271883011,180.0
0.0,False,True,0.0,3.4058806896209717,0.0,0.751640260219574,10.0,0.1991186887025833,180.0
0.0,False,True,0.0,3.373826265335083,0.0,0.726460874080658,10.0,0.2182699739933014,180.0
0.0,False,True,0.0,2.4226086139678955,0.0,0.636765718460083,10.0,0.19879454374313354,180.0
0.0,False,True,0.0,1.9399728775024414,0.0,0.9273537397384644,10.0,0.21230970323085785,180.0
0.0,False,True,0.0,2.7578279972076416,0.0,1.0435943603515625,2.0,0.20852594077587128,180.0
0.0,False,True,0.0,2.7628629207611084,0.0,0.7666721940040588,9.0,0.22660449147224426,180.0
0.0,False,True,0.0,2.177626848220825,0.0,1.0169345140457153,3.0,0.22051872313022614,180.0
0.0,False,True,0.0,2.195974349975586,0.0,0.5997627377510071,7.0,0.2422427088022232,180.0
0.0,False,True,0.0,2.485931158065796,0.0,1.2410837411880493,7.0,0.2177261859178543,180.0
0.0,False,True,0.0,3.383561134338379,0.0,0.7586051225662231,5.0,0.1805134266614914,180.0
0.0,False,True,0.0,2.7961738109588623,0.0,1.2917193174362183,11.0,0.22744929790496826,180.0
0.0,False,True,0.0,3.2390005588531494,0.0,0.9214823842048645,9.0,0.25146791338920593,180.0
0.0,False,True,0.0,2.35160231590271,0.0,1.176477074623108,8.0,0.23614929616451263,180.0
0.0,False,True,0.0,2.9099984169006348,0.0,1.4057966470718384,13.0,0.2684379518032074,180.0
0.0,False,True,0.0,3.9955689907073975,0.0,1.1705164909362793,9.0,0.2960466742515564,180.0
0.0,False,True,0.0,4.128629207611084,0.0,0.8569690585136414,7.0,0.2196386307477951,180.0
0.0,False,True,0.0,2.9390487670898438,0.0,1.3959373235702515,12.0,0.24766124784946442,180.0
0.0,False,True,0.0,2.061845064163208,0.0,0.716604471206665,3.0,0.19346529245376587,180.0
0.0,False,True,0.0,2.565824508666992,0.0,0.942340075969696,3.0,0.19323192536830902,180.0
0.0,False,True,0.0,2.937849760055542,0.0,0.6558001637458801,10.0,0.1885867416858673,180.0
0.0,False,True,0.0,1.8832556009292603,0.0,0.899821400642395,9.0,0.20666103065013885,180.0
0.0,False,True,0.0,2.747018337249756,0.0,1.2057392597198486,10.0,0.23307520151138306,180.0
0.0,False,True,0.0,2.666970729827881,0.0,1.2002991437911987,2.0,0.24088682234287262,180.0
0.0,False,True,0.0,2.867715358734131,0.0,1.4172658920288086,6.0,0.2523176372051239,180.0
0.0,False,True,0.0,2.7042155265808105,0.0,0.941379725933075,2.0,0.2278575748205185,180.0
0.0,False,True,0.0,1.8372820615768433,0.0,1.1154464483261108,9.0,0.24900300800800323,180.0
0.0,False,True,0.0,2.2386083602905273,0.0,0.6882066130638123,4.0,0.2152082324028015,180.0
0.0,False,True,0.0,2.859717845916748,0.0,0.6795526742935181,8.0,0.2313951700925827,180.0
0.0,False,True,0.0,3.6027181148529053,0.0,0.7892557382583618,17.0,0.19447599351406097,180.0
0.0,False,True,0.0,3.284437656402588,0.0,1.3875889778137207,4.0,0.23843424022197723,180.0
0.0,False,True,0.0,1.773654580116272,0.0,1.011529564857483,4.0,0.19256800413131714,180.0
0.0,False,True,0.0,3.0693087577819824,0.0,1.5423753261566162,13.0,0.2578047513961792,180.0
0.0,False,True,0.0,2.0231335163116455,0.0,0.8881596326828003,6.0,0.21249210834503174,180.0
0.0,False,True,0.0,2.7118775844573975,0.0,1.3594950437545776,4.0,0.23720037937164307,180.0
0.0,False,True,0.0,2.8886630535125732,0.0,0.6838926672935486,7.0,0.2410355508327484,180.0
0.0,False,True,0.0,3.1493325233459473,0.0,1.0289559364318848,5.0,0.23945648968219757,180.0
0.0,False,True,0.0,2.8520407676696777,0.0,1.174864411354065,10.0,0.25215944647789,180.0
0.0,False,True,0.0,5.108371734619141,0.0,1.0761253833770752,14.0,0.2252817451953888,180.0
0.0,False,True,0.0,2.201404094696045,0.0,1.23239004611969,5.0,0.21448160707950592,180.0
0.0,False,True,0.0,1.5488920211791992,0.0,0.6698757410049438,8.0,0.20610782504081726,180.0
0.0,False,True,0.0,2.0178062915802,0.0,0.8088014125823975,9.0,0.21051187813282013,180.0
0.0,False,True,0.0,2.092186689376831,0.0,0.6123051643371582,4.0,0.2509779632091522,180.0
0.0,False,True,0.0,2.498183488845825,0.0,1.435606837272644,6.0,0.2406245321035385,180.0
0.0,False,True,0.0,3.6174705028533936,0.0,0.6521767973899841,8.0,0.18522551655769348,180.0
0.0,False,True,0.0,2.9452364444732666,0.0,0.8438374400138855,2.0,0.206084206700325,180.0
0.0,False,True,0.0,3.6589643955230713,0.0,0.793443500995636,10.0,0.17905214428901672,180.0
0.0,False,True,0.0,3.0563981533050537,0.0,1.4394612312316895,5.0,0.23603589832782745,180.0
0.0,False,True,0.0,2.275376796722412,0.0,0.7469964027404785,3.0,0.1976899653673172,180.0
0.0,False,True,0.0,2.4410400390625,0.0,0.8395637273788452,10.0,0.23151518404483795,180.0
0.0,False,True,0.0,2.4746460914611816,0.0,1.4169435501098633,10.0,0.2635839581489563,180.0
0.0,False,True,0.0,2.2574143409729004,0.0,0.8899887204170227,3.0,0.20149412751197815,180.0
0.0,False,True,0.0,3.105262279510498,0.0,1.3278894424438477,3.0,0.23929435014724731,180.0
0.0,False,True,0.0,1.837921142578125,0.0,0.6341996192932129,6.0,0.20670950412750244,180.0
0.0,False,True,0.0,1.8970264196395874,0.0,0.9169169068336487,8.0,0.20533490180969238,180.0
0.0,False,True,0.0,1.874819278717041,0.0,1.0175365209579468,10.0,0.2251017838716507,180.0
0.0,False,True,0.0,1.6069341897964478,0.0,0.7440534234046936,4.0,0.1898079365491867,180.0
0.0,False,True,0.0,2.222463369369507,0.0,1.0631932020187378,5.0,0.20889462530612946,180.0
0.0,False,True,0.0,2.1371662616729736,0.0,0.895592451095581,2.0,0.2065192610025406,180.0
0.0,False,True,0.0,1.6558761596679688,0.0,0.8103016018867493,10.0,0.21738433837890625,180.0
0.0,False,True,0.0,2.5548927783966064,0.0,1.2754855155944824,5.0,0.2514934241771698,180.0
0.0,False,True,0.0,2.3410918712615967,0.0,0.7468231320381165,3.0,0.23340244591236115,180.0
0.0,False,True,0.0,2.3093581199645996,0.0,1.2320010662078857,4.0,0.2345798909664154,180.0
0.0,False,True,0.0,3.4858245849609375,0.0,1.7974952459335327,16.0,0.32144251465797424,270.0
0.0,False,True,0.0,3.41678524017334,0.0,0.7991153597831726,3.0,0.23148147761821747,270.0
0.0,False,True,0.0,3.4058806896209717,0.0,0.7516319155693054,10.0,0.19912341237068176,270.0
0.0,False,True,0.0,3.373767852783203,0.0,0.7264660000801086,10.0,0.21825465559959412,270.0
0.0,False,True,0.0,2.4226086139678955,0.0,0.6367655396461487,10.0,0.19874927401542664,270.0
0.0,False,True,0.0,1.9370450973510742,0.0,0.9273379445075989,10.0,0.21241942048072815,270.0
0.0,False,True,0.0,2.7578279972076416,0.0,1.0435789823532104,2.0,0.20852933824062347,270.0
0.0,False,True,0.0,2.7629339694976807,0.0,0.7666704058647156,9.0,0.22660766541957855,270.0
0.0,False,True,0.0,2.1790642738342285,0.0,1.0172221660614014,3.0,0.22174963355064392,270.0
0.0,False,True,0.0,2.196063280105591,0.0,0.5997653603553772,7.0,0.2422497272491455,270.0
0.0,False,True,0.0,2.4860098361968994,0.0,1.241076946258545,7.0,0.21771807968616486,270.0
0.0,False,True,0.0,3.3836190700531006,0.0,0.7586129903793335,5.0,0.18051977455615997,270.0
0.0,False,True,0.0,2.7961738109588623,0.0,1.2917078733444214,11.0,0.22746342420578003,270.0
0.0,False,True,0.0,3.2389400005340576,0.0,0.9214715361595154,9.0,0.25147584080696106,270.0
0.0,False,True,0.0,2.35160231590271,0.0,1.1764752864837646,8.0,0.2361544519662857,270.0
0.0,False,True,0.0,2.9291744232177734,0.0,1.4034545421600342,13.0,0.2598758339881897,270.0
0.0,False,True,0.0,3.995471239089966,0.0,1.1705589294433594,9.0,0.2959546744823456,270.0
0.0,False,True,0.0,4.128629207611084,0.0,0.8569703102111816,7.0,0.21964111924171448,270.0
0.0,False,True,0.0,2.9390487670898438,0.0,1.3959218263626099,12.0,0.2476416975259781,270.0
0.0,False,True,0.0,2.0617499351501465,0.0,0.7164322733879089,3.0,0.19346678256988525,270.0
0.0,False,True,0.0,2.5657482147216797,0.0,0.9423635601997375,3.0,0.19322609901428223,270.0
0.0,False,True,0.0,2.937849760055542,0.0,0.6557965278625488,10.0,0.18859535455703735,270.0
0.0,False,True,0.0,1.8832556009292603,0.0,0.8998094201087952,9.0,0.20665231347084045,270.0
0.0,False,True,0.0,2.747018337249756,0.0,1.2057427167892456,10.0,0.2330746352672577,270.0
0.0,False,True,0.0,2.666970729827881,0.0,1.2002968788146973,2.0,0.24088943004608154,270.0
0.0,False,True,0.0,2.867715358734131,0.0,1.4172580242156982,6.0,0.2523142397403717,270.0
0.0,False,True,0.0,2.7042155265808105,0.0,0.9413836598396301,2.0,0.22785614430904388,270.0
0.0,False,True,0.0,1.8373887538909912,0.0,1.1154344081878662,9.0,0.24901078641414642,270.0
0.0,False,True,0.0,2.2386083602905273,0.0,0.6882163882255554,4.0,0.21521712839603424,270.0
0.0,False,True,0.0,2.859717845916748,0.0,0.6795487999916077,8.0,0.23140062391757965,270.0
0.0,False,True,0.0,3.6027181148529053,0.0,0.7892545461654663,17.0,0.1944746971130371,270.0
0.0,False,True,0.0,3.284497022628784,0.0,1.3875916004180908,4.0,0.23842297494411469,270.0
0.0,False,True,0.0,1.773654580116272,0.0,1.0115412473678589,4.0,0.19256794452667236,270.0
0.0,False,True,0.0,3.0693087577819824,0.0,1.542367696762085,13.0,0.25781139731407166,270.0
0.0,False,True,0.0,2.0231335163116455,0.0,0.8881587386131287,6.0,0.21248945593833923,270.0
0.0,False,True,0.0,2.7118775844573975,0.0,1.3594987392425537,4.0,0.23720397055149078,270.0
0.0,False,True,0.0,2.8886630535125732,0.0,0.6838826537132263,7.0,0.24104712903499603,270.0
0.0,False,True,0.0,3.149021863937378,0.0,1.0289705991744995,5.0,0.23953019082546234,270.0
0.0,False,True,0.0,2.8522469997406006,0.0,1.174866795539856,10.0,0.2521700859069824,270.0
0.0,False,True,0.0,5.108410358428955,0.0,1.0761423110961914,14.0,0.22526197135448456,270.0
0.0,False,True,0.0,2.201404094696045,0.0,1.2324105501174927,5.0,0.2144748419523239,270.0
0.0,False,True,0.0,1.549018383026123,0.0,0.6698645949363708,8.0,0.20610323548316956,270.0
0.0,False,True,0.0,2.0610857009887695,0.0,0.8152934908866882,5.0,0.21206702291965485,270.0
0.0,False,True,0.0,2.092186689376831,0.0,0.6123031973838806,4.0,0.2509777843952179,270.0
0.0,False,True,0.0,2.4984185695648193,0.0,1.435606837272644,6.0,0.2406225949525833,270.0
0.0,False,True,0.0,3.6174705028533936,0.0,0.6521797776222229,8.0,0.18522676825523376,270.0
0.0,False,True,0.0,2.945302963256836,0.0,0.843848466873169,2.0,0.2060757279396057,270.0
0.0,False,True,0.0,3.65901780128479,0.0,0.7934525012969971,10.0,0.1790475696325302,270.0
0.0,False,True,0.0,3.056462049484253,0.0,1.4394621849060059,5.0,0.23604699969291687,270.0
0.0,False,True,0.0,2.275376796722412,0.0,0.7469900250434875,3.0,0.1976901888847351,270.0
0.0,False,True,0.0,2.4410400390625,0.0,0.83955979347229,10.0,0.23151563107967377,270.0
0.0,False,True,0.0,2.474567174911499,0.0,1.4169471263885498,10.0,0.26357129216194153,270.0
0.0,False,True,0.0,2.2575008869171143,0.0,0.8899862170219421,3.0,0.20149439573287964,270.0
0.0,False,True,0.0,3.105262279510498,0.0,1.3278989791870117,3.0,0.23928554356098175,270.0
0.0,False,True,0.0,1.837921142578125,0.0,0.634204626083374,6.0,0.20670773088932037,270.0
0.0,False,True,0.0,1.8970264196395874,0.0,0.9169069528579712,8.0,0.20533537864685059,270.0
0.0,False,True,0.0,1.8749237060546875,0.0,1.0175362825393677,10.0,0.22509513795375824,270.0
0.0,False,True,0.0,1.6069341897964478,0.0,0.7440813183784485,4.0,0.18980060517787933,270.0
0.0,False,True,0.0,2.2223751544952393,0.0,1.0631909370422363,5.0,0.20889444649219513,270.0
0.0,False,True,0.0,2.1371662616729736,0.0,0.8955965638160706,2.0,0.20651501417160034,270.0
0.0,False,True,0.0,1.6558761596679688,0.0,0.8103296756744385,10.0,0.21738766133785248,270.0
0.0,False,True,0.0,2.5548157691955566,0.0,1.2754898071289062,5.0,0.2514912486076355,270.0
0.0,False,True,0.0,2.3410918712615967,0.0,0.7468262314796448,3.0,0.2333977222442627,270.0
0.0,False,True,0.0,2.3093581199645996,0.0,1.2320219278335571,4.0,0.23458373546600342,270.0
50.0,False,True,0.0,4.0377421379089355,0.0,1.7974655628204346,16.0,0.3885238468647003,0.0
50.0,False,True,0.0,4.503848075866699,0.0,0.7991546392440796,3.0,0.3589216470718384,0.0
50.0,False,True,0.0,3.9299936294555664,0.0,0.7516338229179382,10.0,0.28351691365242004,0.0
50.0,False,True,0.0,3.3962671756744385,0.0,0.7264626026153564,10.0,0.29809096455574036,0.0
50.0,False,True,0.0,3.319124937057495,0.0,0.6367801427841187,10.0,0.3134843707084656,0.0
50.0,False,True,0.0,2.5091285705566406,0.0,0.9273515343666077,10.0,0.32986733317375183,0.0
50.0,False,True,0.0,3.3918254375457764,0.0,1.0435963869094849,2.0,0.28301653265953064,0.0
50.0,False,True,0.0,3.0226495265960693,0.0,0.7666530013084412,9.0,0.35646355152130127,0.0
50.0,False,True,0.0,2.577697515487671,0.0,1.0172393321990967,3.0,0.3239852488040924,0.0
50.0,False,True,0.0,2.544990301132202,0.0,0.5997730493545532,7.0,0.3134441375732422,0.0
50.0,False,True,0.0,3.1113088130950928,0.0,1.241089105606079,7.0,0.29963555932044983,0.0
50.0,False,True,0.0,4.700446605682373,0.0,0.758608877658844,5.0,0.32787594199180603,0.0
50.0,False,True,0.0,3.7592666149139404,0.0,1.2917076349258423,11.0,0.3604583144187927,0.0
50.0,False,True,0.0,4.273563861846924,0.0,0.9216073751449585,9.0,0.3356337547302246,0.0
50.0,False,True,0.0,2.8475074768066406,0.0,1.1764776706695557,8.0,0.35231679677963257,0.0
50.0,False,True,0.0,3.503528594970703,0.0,1.405816912651062,13.0,0.3427247703075409,0.0
50.0,False,True,0.0,5.399895668029785,0.0,1.1705540418624878,9.0,0.3579162061214447,0.0
50.0,False,True,0.0,4.1013593673706055,0.0,0.8569703102111816,7.0,0.34092262387275696,0.0
50.0,False,True,0.0,3.7057576179504395,0.0,1.395932912826538,12.0,0.3892611563205719,0.0
50.0,False,True,0.0,2.951411485671997,0.0,0.7166190147399902,3.0,0.2659101188182831,0.0
50.0,False,True,0.0,2.975982666015625,0.0,0.9423496723175049,3.0,0.25131168961524963,0.0
50.0,False,True,0.0,3.0256919860839844,0.0,0.6558012962341309,10.0,0.3055126667022705,0.0
50.0,False,True,0.0,2.115166187286377,0.0,0.8998104333877563,9.0,0.31979358196258545,0.0
50.0,False,True,0.0,3.4401988983154297,0.0,1.2057477235794067,10.0,0.37480035424232483,0.0
50.0,False,True,0.0,3.319478750228882,0.0,1.20029878616333,2.0,0.3072425127029419,0.0
50.0,False,True,0.0,3.354621648788452,0.0,1.4172636270523071,6.0,0.35148367285728455,0.0
50.0,False,True,0.0,2.655644178390503,0.0,0.9413876533508301,2.0,0.27855250239372253,0.0
50.0,False,True,0.0,2.4365458488464355,0.0,1.1154011487960815,9.0,0.37890657782554626,0.0
50.0,False,True,0.0,3.5190303325653076,0.0,0.6882136464118958,4.0,0.30979642271995544,0.0
50.0,False,True,0.0,2.925764322280884,0.0,0.6795586943626404,8.0,0.30547240376472473,0.0
50.0,False,True,0.0,3.8797452449798584,0.0,0.7892507314682007,17.0,0.37022772431373596,0.0
50.0,False,True,0.0,3.9905176162719727,0.0,1.3875839710235596,4.0,0.2823706865310669,0.0
50.0,False,True,0.0,2.219731569290161,0.0,1.011532187461853,4.0,0.27113205194473267,0.0
50.0,False,True,0.0,3.455983877182007,0.0,1.5423773527145386,13.0,0.4023480713367462,0.0
50.0,False,True,0.0,2.6979832649230957,0.0,0.8881670236587524,6.0,0.3157007098197937,0.0
50.0,False,True,0.0,3.22306489944458,0.0,1.3595032691955566,4.0,0.3270752727985382,0.0
50.0,False,True,0.0,3.5858309268951416,0.0,0.6838864684104919,7.0,0.31498757004737854,0.0
50.0,False,True,0.0,3.688969850540161,0.0,1.0289877653121948,5.0,0.33906394243240356,0.0
50.0,False,True,0.0,3.451448917388916,0.0,1.1748743057250977,10.0,0.37350931763648987,0.0
50.0,False,True,0.0,5.549414157867432,0.0,1.0761297941207886,14.0,0.4668525755405426,0.0
50.0,False,True,0.0,2.7920405864715576,0.0,1.2323966026306152,5.0,0.31633201241493225,0.0
50.0,False,True,0.0,2.4210729598999023,0.0,0.6698656678199768,8.0,0.3311972916126251,0.0
50.0,False,True,0.0,1.8433436155319214,0.0,0.8095706701278687,8.0,0.28698182106018066,0.0
50.0,False,True,0.0,2.69057297706604,0.0,0.6123028993606567,4.0,0.32062891125679016,0.0
50.0,False,True,0.0,3.2246437072753906,0.0,1.43560791015625,6.0,0.29532769322395325,0.0
50.0,False,True,0.0,3.715888500213623,0.0,0.6521797776222229,8.0,0.32375869154930115,0.0
50.0,False,True,0.0,4.232533931732178,0.0,0.8438431620597839,2.0,0.3330657184123993,0.0
50.0,False,True,0.0,4.278235912322998,0.0,0.793455958366394,10.0,0.3284846246242523,0.0
50.0,False,True,0.0,3.5822255611419678,0.0,1.4394629001617432,5.0,0.3287447392940521,0.0
50.0,False,True,0.0,2.6080451011657715,0.0,0.7469961047172546,3.0,0.28421950340270996,0.0
50.0,False,True,0.0,3.366971731185913,0.0,0.8395666480064392,10.0,0.31162264943122864,0.0
50.0,False,True,0.0,3.2234294414520264,0.0,1.4169453382492065,10.0,0.37519294023513794,0.0
50.0,False,True,0.0,2.737596035003662,0.0,0.8899773359298706,3.0,0.2555724084377289,0.0
50.0,False,True,0.0,3.7563488483428955,0.0,1.327890157699585,3.0,0.26298001408576965,0.0
50.0,False,True,0.0,2.4132184982299805,0.0,0.6342025995254517,6.0,0.30201101303100586,0.0
50.0,False,True,0.0,2.379321336746216,0.0,0.9193210005760193,8.0,0.33686426281929016,0.0
50.0,False,True,0.0,2.5751144886016846,0.0,1.0175420045852661,10.0,0.3698785603046417,0.0
50.0,False,True,0.0,2.3806371688842773,0.0,0.7440750598907471,4.0,0.275498628616333,0.0
50.0,False,True,0.0,2.76427960395813,0.0,1.0631846189498901,5.0,0.2919362485408783,0.0
50.0,False,True,0.0,2.3235528469085693,0.0,0.895599901676178,2.0,0.270455926656723,0.0
50.0,False,True,0.0,1.9688127040863037,0.0,0.8102962970733643,10.0,0.3334912955760956,0.0
50.0,False,True,0.0,3.131066083908081,0.0,1.2754931449890137,5.0,0.35768118500709534,0.0
50.0,False,True,0.0,2.8587591648101807,0.0,0.7468225955963135,3.0,0.30237463116645813,0.0
50.0,False,True,0.0,2.9145021438598633,0.0,1.232010841369629,4.0,0.3383215069770813,0.0
50.0,False,True,0.0,3.5860495567321777,0.0,1.797488808631897,16.0,0.21199551224708557,90.0
50.0,False,True,0.0,3.868574380874634,0.0,0.7991247773170471,3.0,0.1910550892353058,90.0
50.0,False,True,0.0,3.6166043281555176,0.0,0.7516316175460815,10.0,0.24068483710289001,90.0
50.0,False,True,0.0,3.723574161529541,0.0,0.726462721824646,10.0,0.21344484388828278,90.0
50.0,False,True,0.0,3.5203099250793457,0.0,0.6367743015289307,10.0,0.16862620413303375,90.0
50.0,False,True,0.0,2.7957537174224854,0.0,0.9273582696914673,10.0,0.14644476771354675,90.0
50.0,False,True,0.0,3.6959166526794434,0.0,1.0435830354690552,2.0,0.13684618473052979,90.0
50.0,False,True,0.0,3.547071695327759,0.0,0.7666715979576111,9.0,0.17333346605300903,90.0
50.0,False,True,0.0,2.876303195953369,0.0,1.016994595527649,3.0,0.11672977358102798,90.0
50.0,False,True,0.0,2.6081202030181885,0.0,0.5997657179832458,7.0,0.20259977877140045,90.0
50.0,False,True,0.0,3.0768258571624756,0.0,1.2410905361175537,7.0,0.1408381462097168,90.0
50.0,False,True,0.0,3.925157308578491,0.0,0.7585933804512024,5.0,0.20691420137882233,90.0
50.0,False,True,0.0,3.294792890548706,0.0,1.2917062044143677,11.0,0.16952766478061676,90.0
50.0,False,True,0.0,3.7442359924316406,0.0,0.9216070771217346,9.0,0.2693512439727783,90.0
50.0,False,True,0.0,2.669611692428589,0.0,1.17647123336792,8.0,0.1701415479183197,90.0
50.0,False,True,0.0,3.2279810905456543,0.0,1.4034490585327148,13.0,0.21799243986606598,90.0
50.0,False,True,0.0,4.328888416290283,0.0,1.1705400943756104,9.0,0.3008211851119995,90.0
50.0,False,True,0.0,3.835021495819092,0.0,0.8569608926773071,7.0,0.23478509485721588,90.0
50.0,False,True,0.0,3.336656332015991,0.0,1.3959136009216309,12.0,0.19763629138469696,90.0
50.0,False,True,0.0,2.7578279972076416,0.0,0.7166147828102112,3.0,0.1583300083875656,90.0
50.0,False,True,0.0,3.331312417984009,0.0,0.942354142665863,3.0,0.13652409613132477,90.0
50.0,False,True,0.0,3.479865789413452,0.0,0.6557896137237549,10.0,0.1901453733444214,90.0
50.0,False,True,0.0,2.4046058654785156,0.0,0.8998066782951355,9.0,0.15658733248710632,90.0
50.0,False,True,0.0,3.3618505001068115,0.0,1.2057414054870605,10.0,0.16837088763713837,90.0
50.0,False,True,0.0,3.6478705406188965,0.0,1.200287938117981,2.0,0.1225152537226677,90.0
50.0,False,True,0.0,3.3351306915283203,0.0,1.4172548055648804,6.0,0.15950730443000793,90.0
50.0,False,True,0.0,3.196410655975342,0.0,0.9413973093032837,2.0,0.10858019441366196,90.0
50.0,False,True,0.0,2.4978702068328857,0.0,1.1154276132583618,9.0,0.1742900162935257,90.0
50.0,False,True,0.0,2.4389545917510986,0.0,0.6882138252258301,4.0,0.17763268947601318,90.0
50.0,False,True,0.0,3.2124783992767334,0.0,0.6795552968978882,8.0,0.1878110021352768,90.0
50.0,False,True,0.0,4.009220123291016,0.0,0.789259672164917,17.0,0.21517914533615112,90.0
50.0,False,True,0.0,4.091894149780273,0.0,1.387589931488037,4.0,0.10758081078529358,90.0
50.0,False,True,0.0,2.5791401863098145,0.0,1.011531949043274,4.0,0.10983479022979736,90.0
50.0,False,True,0.0,3.735020160675049,0.0,1.5423800945281982,13.0,0.17623573541641235,90.0
50.0,False,True,0.0,2.4637069702148438,0.0,0.88816237449646,6.0,0.14914801716804504,90.0
50.0,False,True,0.0,3.220938205718994,0.0,1.3595002889633179,4.0,0.14442364871501923,90.0
50.0,False,True,0.0,3.06573486328125,0.0,0.6838828921318054,7.0,0.20302541553974152,90.0
50.0,False,True,0.0,3.4709646701812744,0.0,1.0289803743362427,5.0,0.25257840752601624,90.0
50.0,False,True,0.0,3.4148366451263428,0.0,1.1748628616333008,10.0,0.16440582275390625,90.0
50.0,False,True,0.0,5.226897716522217,0.0,1.0793557167053223,14.0,0.300178587436676,90.0
50.0,False,True,0.0,2.9691998958587646,0.0,1.2323918342590332,5.0,0.0952363833785057,90.0
50.0,False,True,0.0,2.7398831844329834,0.0,0.6698768138885498,8.0,0.16620782017707825,90.0
50.0,False,True,0.0,2.321445941925049,0.0,0.8088063597679138,9.0,0.14832083880901337,90.0
50.0,False,True,0.0,2.453197717666626,0.0,0.6123003959655762,4.0,0.19067516922950745,90.0
50.0,False,True,0.0,3.359112501144409,0.0,1.4356017112731934,6.0,0.07755526155233383,90.0
50.0,False,True,0.0,3.877119779586792,0.0,0.6521762013435364,8.0,0.21470554172992706,90.0
50.0,False,True,0.0,3.521477699279785,0.0,0.8438453078269958,2.0,0.1839156150817871,90.0
50.0,False,True,0.0,3.7839279174804688,0.0,0.7934523224830627,10.0,0.21985365450382233,90.0
50.0,False,True,0.0,3.5337438583374023,0.0,1.4394673109054565,5.0,0.11735633760690689,90.0
50.0,False,True,0.0,3.0085625648498535,0.0,0.7470049858093262,3.0,0.12244079262018204,90.0
50.0,False,True,0.0,3.1097352504730225,0.0,0.8395507335662842,10.0,0.20451048016548157,90.0
50.0,False,True,0.0,2.858142852783203,0.0,1.4169436693191528,10.0,0.17431645095348358,90.0
50.0,False,True,0.0,3.1605019569396973,0.0,0.8899839520454407,3.0,0.12601888179779053,90.0
50.0,False,True,0.0,4.152042865753174,0.0,1.3278957605361938,3.0,0.12418507039546967,90.0
50.0,False,True,0.0,2.4551916122436523,0.0,0.6342103481292725,6.0,0.1706317961215973,90.0
50.0,False,True,0.0,2.802257776260376,0.0,0.9169009327888489,8.0,0.16154903173446655,90.0
50.0,False,True,0.0,2.8376598358154297,0.0,1.0175405740737915,10.0,0.16072086989879608,90.0
50.0,False,True,0.0,2.2028262615203857,0.0,0.744086742401123,4.0,0.14064648747444153,90.0
50.0,False,True,0.0,2.966759204864502,0.0,1.0631906986236572,5.0,0.09613727033138275,90.0
50.0,False,True,0.0,3.3622584342956543,0.0,0.8955857753753662,2.0,0.13394108414649963,90.0
50.0,False,True,0.0,2.8437929153442383,0.0,0.8102999329566956,10.0,0.15493008494377136,90.0
50.0,False,True,0.0,3.2950899600982666,0.0,1.275486946105957,5.0,0.11735738068819046,90.0
50.0,False,True,0.0,3.0685434341430664,0.0,0.7468830943107605,3.0,0.16575726866722107,90.0
50.0,False,True,0.0,3.2680044174194336,0.0,1.2320071458816528,4.0,0.08998142927885056,90.0
50.0,False,True,0.0,5.10963773727417,0.0,1.7974892854690552,16.0,0.3733323812484741,180.0
50.0,False,True,0.0,3.4944634437561035,0.0,0.799152672290802,3.0,0.3898058235645294,180.0
50.0,False,True,0.0,3.570673704147339,0.0,0.7516327500343323,10.0,0.33681514859199524,180.0
50.0,False,True,0.0,3.6799886226654053,0.0,0.726467490196228,10.0,0.3584291338920593,180.0
50.0,False,True,0.0,2.661975383758545,0.0,0.6367686986923218,10.0,0.35384199023246765,180.0
50.0,False,True,0.0,2.8249385356903076,0.0,0.9273319244384766,10.0,0.2848043441772461,180.0
50.0,False,True,0.0,2.9946060180664062,0.0,1.0435916185379028,2.0,0.3046574592590332,180.0
50.0,False,True,0.0,3.15498423576355,0.0,0.7666606903076172,9.0,0.3491511642932892,180.0
50.0,False,True,0.0,2.6289010047912598,0.0,1.0171760320663452,3.0,0.30779555439949036,180.0
50.0,False,True,0.0,2.5548927783966064,0.0,0.5997678637504578,7.0,0.3689510226249695,180.0
50.0,False,True,0.0,3.3038716316223145,0.0,1.2410897016525269,7.0,0.3044877350330353,180.0
50.0,False,True,0.0,3.7980287075042725,0.0,0.7586071491241455,5.0,0.34963458776474,180.0
50.0,False,True,0.0,3.96679425239563,0.0,1.2917160987854004,11.0,0.26444798707962036,180.0
50.0,False,True,0.0,3.7784385681152344,0.0,0.9216049313545227,9.0,0.40469151735305786,180.0
50.0,False,True,0.0,3.3774220943450928,0.0,1.176485538482666,8.0,0.2819923162460327,180.0
50.0,False,True,0.0,4.324181079864502,0.0,1.4034768342971802,13.0,0.3496726453304291,180.0
50.0,False,True,0.0,4.691143989562988,0.0,1.1705528497695923,9.0,0.43453213572502136,180.0
50.0,False,True,0.0,4.065823554992676,0.0,0.856956958770752,7.0,0.38216260075569153,180.0
50.0,False,True,0.0,4.471418380737305,0.0,1.3959417343139648,12.0,0.2893142104148865,180.0
50.0,False,True,0.0,2.521268606185913,0.0,0.7166222929954529,3.0,0.3221537470817566,180.0
50.0,False,True,0.0,2.936649799346924,0.0,0.9423230886459351,3.0,0.3096249997615814,180.0
50.0,False,True,0.0,3.054347515106201,0.0,0.6558025479316711,10.0,0.33167338371276855,180.0
50.0,False,True,0.0,2.285418748855591,0.0,0.8998092412948608,9.0,0.2913050353527069,180.0
50.0,False,True,0.0,3.9912045001983643,0.0,1.205742597579956,10.0,0.27172306180000305,180.0
50.0,False,True,0.0,3.837777853012085,0.0,1.2002991437911987,2.0,0.3339296877384186,180.0
50.0,False,True,0.0,3.6640443801879883,0.0,1.417274832725525,6.0,0.33122876286506653,180.0
50.0,False,True,0.0,3.1656389236450195,0.0,0.9413915276527405,2.0,0.3201209306716919,180.0
50.0,False,True,0.0,3.2201480865478516,0.0,1.1153968572616577,9.0,0.3171788156032562,180.0
50.0,False,True,0.0,2.7356648445129395,0.0,0.6882190704345703,4.0,0.3708203434944153,180.0
50.0,False,True,0.0,3.1648969650268555,0.0,0.6795564293861389,8.0,0.3605695962905884,180.0
50.0,False,True,0.0,3.8510212898254395,0.0,0.7892523407936096,17.0,0.3034692704677582,180.0
50.0,False,True,0.0,3.876513719558716,0.0,1.3875850439071655,4.0,0.2834240198135376,180.0
50.0,False,True,0.0,2.179603338241577,0.0,1.0115439891815186,4.0,0.30262354016304016,180.0
50.0,False,True,0.0,4.683747291564941,0.0,1.5423814058303833,13.0,0.29689350724220276,180.0
50.0,False,True,0.0,2.505850315093994,0.0,0.8881580233573914,6.0,0.32491204142570496,180.0
50.0,False,True,0.0,3.571441411972046,0.0,1.3595067262649536,4.0,0.30111217498779297,180.0
50.0,False,True,0.0,3.3010261058807373,0.0,0.6838876605033875,7.0,0.392682820558548,180.0
50.0,False,True,0.0,3.525034189224243,0.0,1.0289971828460693,5.0,0.3625752031803131,180.0
50.0,False,True,0.0,3.991891622543335,0.0,1.174855351448059,10.0,0.27440693974494934,180.0
50.0,False,True,0.0,5.422962665557861,0.0,1.0761278867721558,14.0,0.31558483839035034,180.0
50.0,False,True,0.0,3.12054443359375,0.0,1.2323931455612183,5.0,0.2979591190814972,180.0
50.0,False,True,0.0,2.023714065551758,0.0,0.6698694825172424,8.0,0.3442089557647705,180.0
50.0,False,True,0.0,2.187222480773926,0.0,0.8095720410346985,8.0,0.32342177629470825,180.0
50.0,False,True,0.0,2.5440673828125,0.0,0.6123032569885254,4.0,0.36406904458999634,180.0
50.0,False,True,0.0,3.7221014499664307,0.0,1.4356048107147217,6.0,0.3075188100337982,180.0
50.0,False,True,0.0,3.969064474105835,0.0,0.6522083282470703,8.0,0.32468244433403015,180.0
50.0,False,True,0.0,3.0301527976989746,0.0,0.8438383340835571,2.0,0.35287153720855713,180.0
50.0,False,True,0.0,4.030460357666016,0.0,0.7934474349021912,10.0,0.3415803611278534,180.0
50.0,False,True,0.0,4.159112453460693,0.0,1.4394563436508179,5.0,0.31104743480682373,180.0
50.0,False,True,0.0,2.5374419689178467,0.0,0.7469909191131592,3.0,0.2981182038784027,180.0
50.0,False,True,0.0,2.747445821762085,0.0,0.8395681977272034,10.0,0.3680110275745392,180.0
50.0,False,True,0.0,3.838134765625,0.0,1.416954517364502,10.0,0.3418448567390442,180.0
50.0,False,True,0.0,2.566740036010742,0.0,0.8899741172790527,3.0,0.32250431180000305,180.0
50.0,False,True,0.0,3.452129602432251,0.0,1.3279037475585938,3.0,0.29472437500953674,180.0
50.0,False,True,0.0,2.5688743591308594,0.0,0.634208619594574,6.0,0.32650572061538696,180.0
50.0,False,True,0.0,2.9135618209838867,0.0,0.9169012308120728,8.0,0.2995308041572571,180.0
50.0,False,True,0.0,3.0272443294525146,0.0,1.0175366401672363,10.0,0.28117966651916504,180.0
50.0,False,True,0.0,2.2046914100646973,0.0,0.7440696954727173,4.0,0.3190558850765228,180.0
50.0,False,True,0.0,2.8638219833374023,0.0,1.0631828308105469,5.0,0.3203189969062805,180.0
50.0,False,True,0.0,3.016231060028076,0.0,0.8956002593040466,2.0,0.3187107443809509,180.0
50.0,False,True,0.0,2.363308906555176,0.0,0.8103024363517761,10.0,0.2897796928882599,180.0
50.0,False,True,0.0,3.287476062774658,0.0,1.2754970788955688,5.0,0.3033977746963501,180.0
50.0,False,True,0.0,2.6015074253082275,0.0,0.746874213218689,3.0,0.33989232778549194,180.0
50.0,False,True,0.0,3.5151894092559814,0.0,1.2320095300674438,4.0,0.31366947293281555,180.0
50.0,False,True,0.0,3.814594030380249,0.0,1.7974963188171387,16.0,0.49789220094680786,270.0
50.0,False,True,0.0,4.205051898956299,0.0,0.7991501688957214,3.0,0.4700011909008026,270.0
50.0,False,True,0.0,3.931089401245117,0.0,0.7516279816627502,10.0,0.3769999146461487,270.0
50.0,False,True,0.0,3.4477598667144775,0.0,0.7264742851257324,10.0,0.4414977729320526,270.0
50.0,False,True,0.0,2.590876579284668,0.0,0.636776864528656,10.0,0.4320206046104431,270.0
50.0,False,True,0.0,2.3541812896728516,0.0,0.9273499846458435,10.0,0.4477028548717499,270.0
50.0,False,True,0.0,3.2262825965881348,0.0,1.043594479560852,2.0,0.4606668949127197,270.0
50.0,False,True,0.0,3.002244472503662,0.0,0.7666624188423157,9.0,0.4660073220729828,270.0
50.0,False,True,0.0,2.728572130203247,0.0,1.0169864892959595,3.0,0.4694788157939911,270.0
50.0,False,True,0.0,2.6074442863464355,0.0,0.5997631549835205,7.0,0.462650328874588,270.0
50.0,False,True,0.0,3.007261037826538,0.0,1.2410955429077148,7.0,0.45738455653190613,270.0
50.0,False,True,0.0,4.167156219482422,0.0,0.7585973143577576,5.0,0.4009994864463806,270.0
50.0,False,True,0.0,3.0814034938812256,0.0,1.2917152643203735,11.0,0.44564229249954224,270.0
50.0,False,True,0.0,3.6337802410125732,0.0,0.921596884727478,9.0,0.4707667827606201,270.0
50.0,False,True,0.0,2.848400831222534,0.0,1.176468849182129,8.0,0.46870094537734985,270.0
50.0,False,True,0.0,3.3865108489990234,0.0,1.4058032035827637,13.0,0.46337515115737915,270.0
50.0,False,True,0.0,4.371883392333984,0.0,1.1705514192581177,9.0,0.4783201515674591,270.0
50.0,False,True,0.0,3.6208789348602295,0.0,0.8569745421409607,7.0,0.44574251770973206,270.0
50.0,False,True,0.0,3.0918049812316895,0.0,1.3959192037582397,12.0,0.4721119701862335,270.0
50.0,False,True,0.0,3.1401190757751465,0.0,0.7166211009025574,3.0,0.4311537742614746,270.0
50.0,False,True,0.0,3.3041679859161377,0.0,0.9423459768295288,3.0,0.44381529092788696,270.0
50.0,False,True,0.0,3.012334108352661,0.0,0.6557949185371399,10.0,0.42506322264671326,270.0
50.0,False,True,0.0,2.6951522827148438,0.0,0.8998221755027771,9.0,0.440737247467041,270.0
50.0,False,True,0.0,2.9367167949676514,0.0,1.205743670463562,10.0,0.4659929871559143,270.0
50.0,False,True,0.0,3.35917067527771,0.0,1.2002992630004883,2.0,0.4811047613620758,270.0
50.0,False,True,0.0,3.7219438552856445,0.0,1.417270302772522,6.0,0.49043262004852295,270.0
50.0,False,True,0.0,3.3511180877685547,0.0,0.9413838982582092,2.0,0.45951345562934875,270.0
50.0,False,True,0.0,3.038217782974243,0.0,1.1154531240463257,9.0,0.49473223090171814,270.0
50.0,False,True,0.0,3.229193687438965,0.0,0.6882055401802063,4.0,0.46354517340660095,270.0
50.0,False,True,0.0,2.9571762084960938,0.0,0.6795632243156433,8.0,0.4480085074901581,270.0
50.0,False,True,0.0,3.7643682956695557,0.0,0.7892456650733948,17.0,0.39157700538635254,270.0
50.0,False,True,0.0,3.764836549758911,0.0,1.3875809907913208,4.0,0.46883425116539,270.0
50.0,False,True,0.0,2.45176100730896,0.0,1.0115340948104858,4.0,0.4512198269367218,270.0
50.0,False,True,0.0,3.1647729873657227,0.0,1.5423855781555176,13.0,0.4743809103965759,270.0
50.0,False,True,0.0,2.8787524700164795,0.0,0.8881608843803406,6.0,0.46415969729423523,270.0
50.0,False,True,0.0,3.7127256393432617,0.0,1.3595008850097656,4.0,0.46690115332603455,270.0
50.0,False,True,0.0,2.912755250930786,0.0,0.6838875412940979,7.0,0.4619695246219635,270.0
50.0,False,True,0.0,3.9353713989257812,0.0,1.0289818048477173,5.0,0.4921640455722809,270.0
50.0,False,True,0.0,3.017333745956421,0.0,1.1748507022857666,10.0,0.4756712317466736,270.0
50.0,False,True,0.0,5.103191375732422,0.0,1.076129674911499,14.0,0.3710658550262451,270.0
50.0,False,True,0.0,3.1681737899780273,0.0,1.232391119003296,5.0,0.47943970561027527,270.0
50.0,False,True,0.0,2.511857271194458,0.0,0.6698608994483948,8.0,0.44812268018722534,270.0
50.0,False,True,0.0,2.8029561042785645,0.0,0.8153358697891235,6.0,0.43410152196884155,270.0
50.0,False,True,0.0,2.9809775352478027,0.0,0.6122982501983643,4.0,0.4726860225200653,270.0
50.0,False,True,0.0,3.444748878479004,0.0,1.4356017112731934,6.0,0.4987204670906067,270.0
50.0,False,True,0.0,3.6369576454162598,0.0,0.6522105932235718,8.0,0.3929234743118286,270.0
50.0,False,True,0.0,3.8801488876342773,0.0,0.8438401818275452,2.0,0.4581732451915741,270.0
50.0,False,True,0.0,4.069434642791748,0.0,0.7934441566467285,10.0,0.3646271824836731,270.0
50.0,False,True,0.0,3.8871071338653564,0.0,1.4394580125808716,5.0,0.4889139235019684,270.0
50.0,False,True,0.0,2.8364179134368896,0.0,0.7470141649246216,3.0,0.43934154510498047,270.0
50.0,False,True,0.0,3.6448633670806885,0.0,0.8395546078681946,10.0,0.4358367323875427,270.0
50.0,False,True,0.0,3.4771640300750732,0.0,1.4169524908065796,10.0,0.499422550201416,270.0
50.0,False,True,0.0,2.9518754482269287,0.0,0.8899767994880676,3.0,0.4493490755558014,270.0
50.0,False,True,0.0,3.4197065830230713,0.0,1.3278989791870117,3.0,0.454056054353714,270.0
50.0,False,True,0.0,2.6153149604797363,0.0,0.6342106461524963,6.0,0.43924480676651,270.0
50.0,False,True,0.0,2.5665111541748047,0.0,0.9193304181098938,8.0,0.46156060695648193,270.0
50.0,False,True,0.0,2.4479262828826904,0.0,1.0175447463989258,10.0,0.45789870619773865,270.0
50.0,False,True,0.0,2.6418988704681396,0.0,0.7440515160560608,4.0,0.44318220019340515,270.0
50.0,False,True,0.0,3.0083024501800537,0.0,1.0631804466247559,5.0,0.4650348424911499,270.0
50.0,False,True,0.0,2.91456937789917,0.0,0.8955914974212646,2.0,0.4283488392829895,270.0
50.0,False,True,0.0,2.288841724395752,0.0,0.8102995157241821,10.0,0.4527527093887329,270.0
50.0,False,True,0.0,3.3548550605773926,0.0,1.2754920721054077,5.0,0.5077372193336487,270.0
50.0,False,True,0.0,3.5582046508789062,0.0,0.746815025806427,3.0,0.4534297287464142,270.0
50.0,False,True,0.0,3.1281886100769043,0.0,1.2320125102996826,4.0,0.5004942417144775,270.0
100.0,False,True,0.0,4.975159645080566,0.0,1.7974990606307983,16.0,0.580561101436615,0.0
100.0,False,True,0.0,5.889492988586426,0.0024395452346652746,0.7991529107093811,3.0,0.6226673722267151,0.0
100.0,False,True,0.0,4.699237823486328,0.0,0.7516297101974487,10.0,0.49204251170158386,0.0
100.0,False,True,0.0,4.055889129638672,0.0,0.7264595031738281,10.0,0.4757688641548157,0.0
100.0,False,True,0.0,4.992652893066406,0.005681830458343029,0.6367791295051575,10.0,0.5490358471870422,0.0
100.0,False,True,0.0,3.239544630050659,0.0,0.9273355603218079,10.0,0.5058500170707703,0.0
100.0,False,True,0.0,3.5877959728240967,0.0,1.0435889959335327,2.0,0.48984843492507935,0.0
100.0,False,True,0.0,4.5493268966674805,0.0,0.7666729092597961,9.0,0.5688143372535706,0.0
100.0,False,True,0.0,2.690500020980835,0.0,1.0169264078140259,3.0,0.4996567368507385,0.0
100.0,False,True,0.0,3.4982717037200928,0.0014654373517259955,0.5997655391693115,7.0,0.4944433569908142,0.0
100.0,False,True,0.0,3.4522998332977295,0.0,1.2410813570022583,7.0,0.47747835516929626,0.0
100.0,False,True,0.0,6.09885835647583,0.0009454893879592419,0.7585933208465576,5.0,0.5844894647598267,0.0
100.0,False,True,0.0,4.360849380493164,0.0,1.2916998863220215,11.0,0.542560875415802,0.0
100.0,False,True,0.0,5.454095363616943,0.00038170217885635793,0.9214577674865723,9.0,0.5392481684684753,0.0
100.0,False,True,0.0,3.494295597076416,0.0,1.17638099193573,8.0,0.531925618648529,0.0
100.0,False,True,0.0,3.9910576343536377,0.0,1.4034656286239624,13.0,0.5368991494178772,0.0
100.0,False,True,0.0,6.889684200286865,0.0,1.1705416440963745,9.0,0.5970956683158875,0.0
100.0,False,True,0.0,5.001121997833252,0.0,0.8569663763046265,7.0,0.5297483801841736,0.0
100.0,False,True,0.0,4.556983947753906,0.0,1.3959294557571411,12.0,0.5988315939903259,0.0
100.0,False,True,0.0,3.8196215629577637,0.0,0.7166135907173157,3.0,0.46620744466781616,0.0
100.0,False,True,0.0,3.458192825317383,0.0,0.9423419833183289,3.0,0.4377618134021759,0.0
100.0,False,True,0.0,3.997382402420044,0.0,0.6558054089546204,10.0,0.5149086713790894,0.0
100.0,False,True,0.0,2.6663835048675537,0.0,0.8998172283172607,9.0,0.5107848644256592,0.0
100.0,False,True,0.0,4.247730731964111,0.0,1.2057476043701172,10.0,0.5699789524078369,0.0
100.0,False,True,0.0,3.7129366397857666,0.0,1.2003071308135986,2.0,0.5313639044761658,0.0
100.0,False,True,0.0,3.9026424884796143,0.0,1.4172743558883667,6.0,0.5264378786087036,0.0
100.0,False,True,0.0,3.825512170791626,0.0,0.9413825273513794,2.0,0.5133495330810547,0.0
100.0,False,True,0.0,3.266446113586426,0.0,1.1154375076293945,9.0,0.5902910232543945,0.0
100.0,False,True,0.0,5.157954692840576,0.000926651933696121,0.6882116198539734,4.0,0.5480708479881287,0.0
100.0,False,True,0.0,3.7393693923950195,3.336667987241526e-06,0.6795561909675598,8.0,0.4783208668231964,0.0
100.0,False,True,0.0,4.8795366287231445,0.0,0.7892491221427917,17.0,0.6032167673110962,0.0
100.0,False,True,0.0,4.608107089996338,0.0,1.387587308883667,4.0,0.4572565257549286,0.0
100.0,False,True,0.0,2.9240243434906006,0.0,1.0115433931350708,4.0,0.4792312681674957,0.0
100.0,False,True,0.0,4.3227763175964355,0.0,1.5423732995986938,13.0,0.6383893489837646,0.0
100.0,False,True,0.0,3.932932138442993,0.0,0.8881599307060242,6.0,0.531487226486206,0.0
100.0,False,True,0.0,3.3463823795318604,0.0,1.3594918251037598,4.0,0.5088740587234497,0.0
100.0,False,True,0.0,4.969367504119873,0.005921378266066313,0.6838817596435547,7.0,0.5212982296943665,0.0
100.0,False,True,0.0,4.507717132568359,0.0,1.0289931297302246,5.0,0.5460190176963806,0.0
100.0,False,True,0.0,4.371749401092529,0.0,1.1748569011688232,10.0,0.5397338271141052,0.0
100.0,False,True,0.0,6.845129013061523,0.0,1.0761221647262573,14.0,0.7239546775817871,0.0
100.0,False,True,0.0,3.1509482860565186,0.0,1.2323946952819824,5.0,0.531108558177948,0.0
100.0,False,True,0.0,3.988652467727661,0.0,0.6698641180992126,8.0,0.549131453037262,0.0
100.0,False,True,0.0,2.4851436614990234,0.0,0.809570848941803,8.0,0.4757775366306305,0.0
100.0,False,True,0.0,3.7715396881103516,0.001960980938747525,0.6123032569885254,4.0,0.5063925981521606,0.0
100.0,False,True,0.0,3.759162425994873,0.0,1.4356046915054321,6.0,0.4870983064174652,0.0
100.0,False,True,0.0,4.6259684562683105,0.0007122206734493375,0.6521764993667603,8.0,0.5472694039344788,0.0
100.0,False,True,0.0,5.186366558074951,0.0,0.8615948557853699,2.0,0.5852510929107666,0.0
100.0,False,True,0.0,5.216953754425049,0.0001005387312034145,0.7934614419937134,10.0,0.5506714582443237,0.0
100.0,False,True,0.0,4.224845886230469,0.0,1.4394166469573975,5.0,0.5219350457191467,0.0
100.0,False,True,0.0,2.806655168533325,0.0,0.7469899654388428,3.0,0.4759921729564667,0.0
100.0,False,True,0.0,4.180951118469238,0.0,0.8395628333091736,10.0,0.5190504193305969,0.0
100.0,False,True,0.0,3.965510129928589,0.0,1.4169522523880005,10.0,0.5682660937309265,0.0
100.0,False,True,0.0,3.0921847820281982,0.0,0.8899723887443542,3.0,0.4471099078655243,0.0
100.0,False,True,0.0,4.261631488800049,0.0,1.32790207862854,3.0,0.438711941242218,0.0
100.0,False,True,0.0,3.380840539932251,0.0,0.6342154145240784,6.0,0.4954921305179596,0.0
100.0,False,True,0.0,3.308431386947632,0.0,0.9168936014175415,8.0,0.5594900250434875,0.0
100.0,False,True,0.0,3.640563488006592,0.0,1.0175399780273438,10.0,0.5709405541419983,0.0
100.0,False,True,0.0,3.4751362800598145,0.0,0.7440719604492188,4.0,0.4816494584083557,0.0
100.0,False,True,0.0,3.1516315937042236,0.0,1.0632058382034302,5.0,0.4982311427593231,0.0
100.0,False,True,0.0,3.472148895263672,0.0,0.9055474996566772,2.0,0.48472678661346436,0.0
100.0,False,True,0.0,2.8150815963745117,0.0,0.81029212474823,10.0,0.5069865584373474,0.0
100.0,False,True,0.0,3.6385724544525146,0.0,1.2754876613616943,5.0,0.5454581379890442,0.0
100.0,False,True,0.0,3.3787553310394287,0.0,0.7468196749687195,3.0,0.49104517698287964,0.0
100.0,False,True,0.0,3.4646413326263428,0.0,1.2320133447647095,4.0,0.5500607490539551,0.0
100.0,False,True,0.0,7.34307336807251,0.0,1.7974849939346313,16.0,0.4363415837287903,90.0
100.0,False,True,0.0,4.020439147949219,0.0,0.7991239428520203,3.0,0.330087274312973,90.0
100.0,False,True,0.0,4.301793098449707,0.0,0.7516202330589294,10.0,0.40988534688949585,90.0
100.0,False,True,0.0,5.388306617736816,0.0013087462866678834,0.7264600992202759,10.0,0.35905057191848755,90.0
100.0,False,True,0.0,5.8840651512146,0.01399037055671215,0.6367789506912231,10.0,0.4100012481212616,90.0
100.0,False,True,0.0,4.782907962799072,0.0,0.9273536801338196,10.0,0.3821364939212799,90.0
100.0,False,True,0.0,4.0715508460998535,0.0,1.0435876846313477,2.0,0.3531949818134308,90.0
100.0,False,True,0.0,5.582125186920166,0.004304383881390095,0.7666671872138977,9.0,0.38348719477653503,90.0
100.0,False,True,0.0,3.487060070037842,0.0,1.0171873569488525,3.0,0.36764147877693176,90.0
100.0,False,True,0.0,4.292403697967529,0.00294035067781806,0.5997708439826965,7.0,0.35847610235214233,90.0
100.0,False,True,0.0,5.909727096557617,0.0,1.2410850524902344,7.0,0.4241981506347656,90.0
100.0,False,True,0.0,4.548939228057861,0.0,0.7585910558700562,5.0,0.3514774739742279,90.0
100.0,False,True,0.0,5.7135396003723145,0.0,1.2917141914367676,11.0,0.41039177775382996,90.0
100.0,False,True,0.0,5.148182392120361,0.0,0.9214640855789185,9.0,0.38485538959503174,90.0
100.0,False,True,0.0,4.752048969268799,0.0,1.1764819622039795,8.0,0.4099492132663727,90.0
100.0,False,True,0.0,5.961279392242432,0.0,1.4034724235534668,13.0,0.46412718296051025,90.0
100.0,False,True,0.0,5.627756118774414,0.0,1.1705446243286133,9.0,0.3797532916069031,90.0
100.0,False,True,0.0,4.47881555557251,0.0,0.8569698333740234,7.0,0.3659110367298126,90.0
100.0,False,True,0.0,6.670238971710205,0.0,1.395932912826538,12.0,0.4294290244579315,90.0
100.0,False,True,0.0,3.4736709594726562,0.0,0.7166129946708679,3.0,0.3430217206478119,90.0
100.0,False,True,0.0,3.886401653289795,0.0,0.9423362016677856,3.0,0.34172600507736206,90.0
100.0,False,True,0.0,5.464003086090088,0.0010724520543590188,0.6557939052581787,10.0,0.36197471618652344,90.0
100.0,False,True,0.0,4.197780132293701,0.0,0.8998252749443054,9.0,0.3920738399028778,90.0
100.0,False,True,0.0,5.980419158935547,0.0,1.2057430744171143,10.0,0.4122479259967804,90.0
100.0,False,True,0.0,4.177858352661133,0.0,1.2002991437911987,2.0,0.33238229155540466,90.0
100.0,False,True,0.0,4.059170722961426,0.0,1.417273998260498,6.0,0.38206246495246887,90.0
100.0,False,True,0.0,3.6356120109558105,0.0,0.941386342048645,2.0,0.3619658648967743,90.0
100.0,False,True,0.0,4.755634307861328,0.0,1.1154407262802124,9.0,0.39464154839515686,90.0
100.0,False,True,0.0,4.315928936004639,0.0,0.6882057785987854,4.0,0.38214266300201416,90.0
100.0,False,True,0.0,5.142965793609619,0.003176102414727211,0.679553747177124,8.0,0.3642038404941559,90.0
100.0,False,True,0.0,5.6470160484313965,0.0,0.7892531752586365,17.0,0.3853815495967865,90.0
100.0,False,True,0.0,4.5528130531311035,0.0,1.3875863552093506,4.0,0.3155137300491333,90.0
100.0,False,True,0.0,3.862292766571045,0.0,1.011540412902832,4.0,0.3693505823612213,90.0
100.0,False,True,0.0,5.7954206466674805,0.0,1.542374849319458,13.0,0.40853697061538696,90.0
100.0,False,True,0.0,3.261047601699829,0.0,0.8881540894508362,6.0,0.3303932547569275,90.0
100.0,False,True,0.0,4.41743278503418,0.0,1.3594986200332642,4.0,0.354064017534256,90.0
100.0,False,True,0.0,4.690977096557617,9.548663911118638e-06,0.683887779712677,7.0,0.34541869163513184,90.0
100.0,False,True,0.0,3.85539174079895,0.0,1.028990626335144,5.0,0.403915673494339,90.0
100.0,False,True,0.0,4.8811421394348145,0.0,1.1748502254486084,10.0,0.3791772425174713,90.0
100.0,False,True,0.0,6.635809898376465,0.0,1.0761317014694214,14.0,0.48423653841018677,90.0
100.0,False,True,0.0,3.7286715507507324,0.0,1.2323899269104004,5.0,0.3707771897315979,90.0
100.0,False,True,0.0,5.054701328277588,0.003590837586671114,0.6698608994483948,8.0,0.40851473808288574,90.0
100.0,False,True,0.0,3.8539180755615234,0.0,0.8095661997795105,8.0,0.3941214978694916,90.0
100.0,False,True,0.0,3.5111207962036133,0.0,0.6123029589653015,4.0,0.34356188774108887,90.0
100.0,False,True,0.0,3.855442523956299,0.0,1.4356034994125366,6.0,0.3361663520336151,90.0
100.0,False,True,0.0,5.013759136199951,0.0002999854041263461,0.6522043347358704,8.0,0.3887452781200409,90.0
100.0,False,True,0.0,4.4638776779174805,0.0,0.8438392877578735,2.0,0.33253249526023865,90.0
100.0,False,True,0.0,4.636204242706299,0.0,0.7934466004371643,10.0,0.38052812218666077,90.0
100.0,False,True,0.0,4.334224224090576,0.0,1.4394586086273193,5.0,0.3647628128528595,90.0
100.0,False,True,0.0,3.4708518981933594,0.0,0.7469877004623413,3.0,0.3568098545074463,90.0
100.0,False,True,0.0,3.6076064109802246,0.0,0.839566707611084,10.0,0.34627148509025574,90.0
100.0,False,True,0.0,4.355591297149658,0.0,1.4169433116912842,10.0,0.4023507237434387,90.0
100.0,False,True,0.0,3.6272544860839844,0.0,0.8899906873703003,3.0,0.3288476765155792,90.0
100.0,False,True,0.0,4.404155254364014,0.0,1.3279074430465698,3.0,0.31913691759109497,90.0
100.0,False,True,0.0,3.3063595294952393,0.0,0.634200394153595,6.0,0.3371679484844208,90.0
100.0,False,True,0.0,5.111669540405273,0.0,0.9203069806098938,8.0,0.4059520959854126,90.0
100.0,False,True,0.0,5.079100131988525,0.0,1.0175371170043945,10.0,0.3891148865222931,90.0
100.0,False,True,0.0,3.43176531791687,0.0,0.7440637946128845,4.0,0.3518766760826111,90.0
100.0,False,True,0.0,3.290809392929077,0.0,1.063180923461914,5.0,0.343612402677536,90.0
100.0,False,True,0.0,3.7627551555633545,0.0,0.895588219165802,2.0,0.3241426348686218,90.0
100.0,False,True,0.0,4.8964104652404785,5.30552861164324e-05,0.8103123307228088,10.0,0.3842049241065979,90.0
100.0,False,True,0.0,4.197686672210693,0.0,1.2754895687103271,5.0,0.36557769775390625,90.0
100.0,False,True,0.0,4.23313570022583,0.0,0.7468234300613403,3.0,0.3468511402606964,90.0
100.0,False,True,0.0,4.0925164222717285,0.0,1.2320148944854736,4.0,0.3603244721889496,90.0
100.0,False,True,0.0,7.699775695800781,0.0,1.7974869012832642,16.0,0.5389658212661743,180.0
100.0,False,True,0.0,4.120034694671631,0.0,0.7991241216659546,3.0,0.5820155739784241,180.0
100.0,False,True,0.0,3.9910576343536377,0.0,0.7516329288482666,10.0,0.535679280757904,180.0
100.0,False,True,0.0,3.9406917095184326,0.0,0.7264697551727295,10.0,0.5396244525909424,180.0
100.0,False,True,0.0,3.140867233276367,0.0,0.6367749571800232,10.0,0.5536263585090637,180.0
100.0,False,True,0.0,3.983444929122925,0.0,0.9273498058319092,10.0,0.4962690770626068,180.0
100.0,False,True,0.0,4.018197536468506,0.0,1.0435895919799805,2.0,0.4838927388191223,180.0
100.0,False,True,0.0,3.3774220943450928,0.0,0.7666584253311157,9.0,0.5248183012008667,180.0
100.0,False,True,0.0,4.132469654083252,0.0,1.017201542854309,3.0,0.48563429713249207,180.0
100.0,False,True,0.0,2.8694896697998047,0.0,0.5997654795646667,7.0,0.554679274559021,180.0
100.0,False,True,0.0,4.590005397796631,0.0,1.2410963773727417,7.0,0.5220543742179871,180.0
100.0,False,True,0.0,4.619357585906982,0.0,0.7586124539375305,5.0,0.5552505850791931,180.0
100.0,False,True,0.0,5.463895320892334,0.0,1.2917159795761108,11.0,0.4609464108943939,180.0
100.0,False,True,0.0,4.28253698348999,0.0,0.9214649796485901,9.0,0.5869714617729187,180.0
100.0,False,True,0.0,4.91780948638916,0.0,1.176476240158081,8.0,0.48843058943748474,180.0
100.0,False,True,0.0,6.257834434509277,0.0,1.403771162033081,13.0,0.502519428730011,180.0
100.0,False,True,0.0,5.186291694641113,0.0,1.1705297231674194,9.0,0.6452204585075378,180.0
100.0,False,True,0.0,4.2706298828125,0.0,0.8569618463516235,7.0,0.5695621371269226,180.0
100.0,False,True,0.0,6.738513469696045,0.0,1.3959357738494873,12.0,0.4774729609489441,180.0
100.0,False,True,0.0,3.519308567047119,0.0,0.7166134715080261,3.0,0.4944531321525574,180.0
100.0,False,True,0.0,3.0587668418884277,0.0,0.9423542618751526,3.0,0.47917690873146057,180.0
100.0,False,True,0.0,3.2615880966186523,0.0,0.6557973623275757,10.0,0.5157672166824341,180.0
100.0,False,True,0.0,3.5893783569335938,0.0,0.8998069167137146,9.0,0.4883226156234741,180.0
100.0,False,True,0.0,5.721183776855469,0.0,1.205747127532959,10.0,0.44128307700157166,180.0
100.0,False,True,0.0,5.519598960876465,0.0,1.2002975940704346,2.0,0.48371413350105286,180.0
100.0,False,True,0.0,5.427694797515869,0.0,1.4172743558883667,6.0,0.5202668905258179,180.0
100.0,False,True,0.0,4.046511173248291,0.0,0.9413984417915344,2.0,0.4864887297153473,180.0
100.0,False,True,0.0,5.401020526885986,0.0,1.1154379844665527,9.0,0.5083337426185608,180.0
100.0,False,True,0.0,3.3125710487365723,0.0,0.6881897449493408,4.0,0.5796838998794556,180.0
100.0,False,True,0.0,3.408696413040161,0.0,0.6795551776885986,8.0,0.5452795624732971,180.0
100.0,False,True,0.0,4.309980392456055,0.0,0.7892513871192932,17.0,0.4880618453025818,180.0
100.0,False,True,0.0,4.969643592834473,0.0,1.387587070465088,4.0,0.4888119101524353,180.0
100.0,False,True,0.0,3.7979259490966797,0.0,1.011541724205017,4.0,0.49500757455825806,180.0
100.0,False,True,0.0,7.140837669372559,0.0,1.5423705577850342,13.0,0.49813997745513916,180.0
100.0,False,True,0.0,3.6515185832977295,0.0,0.8881645202636719,6.0,0.47687527537345886,180.0
100.0,False,True,0.0,5.481441020965576,0.0,1.3595037460327148,4.0,0.5011966824531555,180.0
100.0,False,True,0.0,3.545802116394043,0.0,0.6838845014572144,7.0,0.5691334009170532,180.0
100.0,False,True,0.0,3.887308359146118,0.0,1.0289945602416992,5.0,0.5446807742118835,180.0
100.0,False,True,0.0,5.374177932739258,0.0,1.1748498678207397,10.0,0.4785330593585968,180.0
100.0,False,True,0.0,6.223496913909912,0.0,1.0761232376098633,14.0,0.49334341287612915,180.0
100.0,False,True,0.0,5.100157260894775,0.0,1.23239004611969,5.0,0.4888085722923279,180.0
100.0,False,True,0.0,3.7326605319976807,0.0,0.6698657870292664,8.0,0.5422896146774292,180.0
100.0,False,True,0.0,3.3624913692474365,0.0,0.8095616102218628,8.0,0.5428168177604675,180.0
100.0,False,True,0.0,3.0768258571624756,0.0,0.6123029589653015,4.0,0.5383974313735962,180.0
100.0,False,True,0.0,5.459230899810791,0.0,1.4356036186218262,6.0,0.5084699392318726,180.0
100.0,False,True,0.0,4.254134654998779,0.0,0.6521743535995483,8.0,0.5216231346130371,180.0
100.0,False,True,0.0,3.954829454421997,0.0,0.8438406586647034,2.0,0.559475839138031,180.0
100.0,False,True,0.0,4.742475509643555,0.0,0.7934649586677551,10.0,0.5234887003898621,180.0
100.0,False,True,0.0,5.849720001220703,0.0,1.4394630193710327,5.0,0.5066678524017334,180.0
100.0,False,True,0.0,3.0309925079345703,0.0,0.747002363204956,3.0,0.4964554011821747,180.0
100.0,False,True,0.0,3.785738229751587,0.0,0.8395817279815674,10.0,0.5187402963638306,180.0
100.0,False,True,0.0,5.807043552398682,0.0,1.4169509410858154,10.0,0.5201984643936157,180.0
100.0,False,True,0.0,2.6737143993377686,0.0,0.8899825215339661,3.0,0.47965508699417114,180.0
100.0,False,True,0.0,4.4690961837768555,0.0,1.3279063701629639,3.0,0.4754910171031952,180.0
100.0,False,True,0.0,3.0577428340911865,0.0,0.6342092752456665,6.0,0.5135292410850525,180.0
100.0,False,True,0.0,4.8068084716796875,0.0,0.9168947339057922,8.0,0.4866139888763428,180.0
100.0,False,True,0.0,4.674829959869385,0.0,1.017530918121338,10.0,0.45378607511520386,180.0
100.0,False,True,0.0,2.773681640625,0.0,0.7440599799156189,4.0,0.4962240159511566,180.0
100.0,False,True,0.0,3.975473165512085,0.0,1.0632083415985107,5.0,0.4805228114128113,180.0
100.0,False,True,0.0,3.0083675384521484,0.0,0.8955922722816467,2.0,0.4634043276309967,180.0
100.0,False,True,0.0,3.4570038318634033,0.0,0.8103092312812805,10.0,0.49828198552131653,180.0
100.0,False,True,0.0,4.8871588706970215,0.0,1.2754919528961182,5.0,0.4966352581977844,180.0
100.0,False,True,0.0,3.1288769245147705,0.0,0.7468240261077881,3.0,0.5068243741989136,180.0
100.0,False,True,0.0,5.659635066986084,0.0,1.2320126295089722,4.0,0.48564374446868896,180.0
100.0,False,True,0.0,4.974608898162842,0.0,1.797481656074524,16.0,0.7703510522842407,270.0
100.0,False,True,0.0,5.710623264312744,0.0009913122048601508,0.799119770526886,3.0,0.7216314673423767,270.0
100.0,False,True,0.0,4.986370086669922,0.0,0.7516257762908936,10.0,0.5745447278022766,270.0
100.0,False,True,0.0,3.5736336708068848,0.0,0.726471483707428,10.0,0.6758632659912109,270.0
100.0,False,True,0.0,3.7524375915527344,0.0,0.6367769837379456,10.0,0.6963828206062317,270.0
100.0,False,True,0.0,2.9250950813293457,0.0,0.9273350238800049,10.0,0.6752879023551941,270.0
100.0,False,True,0.0,4.232533931732178,0.0,1.0435672998428345,2.0,0.7034750580787659,270.0
100.0,False,True,0.0,3.401106119155884,0.0,0.7666463255882263,9.0,0.7178888320922852,270.0
100.0,False,True,0.0,3.945310592651367,0.0,1.0169386863708496,3.0,0.7163883447647095,270.0
100.0,False,True,0.0,4.108468055725098,2.757310767265153e-06,0.599772572517395,7.0,0.7063840627670288,270.0
100.0,False,True,0.0,3.576645851135254,0.0,1.241081714630127,7.0,0.7204183340072632,270.0
100.0,False,True,0.0,5.353902816772461,0.0004650997871067375,0.7586047649383545,5.0,0.6324934959411621,270.0
100.0,False,True,0.0,3.3678436279296875,0.0,1.291721224784851,11.0,0.6708028316497803,270.0
100.0,False,True,0.0,4.617364406585693,0.0,0.9216038584709167,9.0,0.7219591736793518,270.0
100.0,False,True,0.0,3.555947780609131,0.0,1.1764734983444214,8.0,0.7023207545280457,270.0
100.0,False,True,0.0,4.460102558135986,0.0,1.4037846326828003,13.0,0.729099690914154,270.0
100.0,False,True,0.0,5.367464065551758,0.0,1.1705083847045898,9.0,0.7216525077819824,270.0
100.0,False,True,0.0,4.362016677856445,0.0,0.8569691181182861,7.0,0.667314350605011,270.0
100.0,False,True,0.0,4.396677494049072,0.0,1.395908236503601,12.0,0.7177099585533142,270.0
100.0,False,True,0.0,4.640089511871338,0.0011393892345950007,0.71661376953125,3.0,0.6942918300628662,270.0
100.0,False,True,0.0,4.850988388061523,0.0,0.942341148853302,3.0,0.6816027760505676,270.0
100.0,False,True,0.0,3.6127586364746094,0.0,0.6557948589324951,10.0,0.6541404128074646,270.0
100.0,False,True,0.0,3.4606831073760986,0.0,0.8998047113418579,9.0,0.6896200776100159,270.0
100.0,False,True,0.0,3.336832284927368,0.0,1.2057422399520874,10.0,0.692645251750946,270.0
100.0,False,True,0.0,5.603990077972412,0.0,1.2003039121627808,2.0,0.7282545566558838,270.0
100.0,False,True,0.0,4.601300239562988,0.0,1.4172759056091309,6.0,0.734374463558197,270.0
100.0,False,True,0.0,5.143232822418213,0.0,0.9413855075836182,2.0,0.6790155172348022,270.0
100.0,False,True,0.0,4.160195350646973,0.0,1.1153957843780518,9.0,0.7473275661468506,270.0
100.0,False,True,0.0,5.417214393615723,0.010372314602136612,0.6882032155990601,4.0,0.7328891158103943,270.0
100.0,False,True,0.0,3.3621418476104736,0.0,0.6795536279678345,8.0,0.6715057492256165,270.0
100.0,False,True,0.0,4.405755519866943,0.0,0.7892504930496216,17.0,0.6021733283996582,270.0
100.0,False,True,0.0,4.832740306854248,0.0,1.387588381767273,4.0,0.707317590713501,270.0
100.0,False,True,0.0,3.9064037799835205,0.0,1.0115339756011963,4.0,0.7031612992286682,270.0
100.0,False,True,0.0,4.5656585693359375,0.0,1.5423855781555176,13.0,0.7447263598442078,270.0
100.0,False,True,0.0,5.054817199707031,0.0,0.8881523013114929,6.0,0.6445281505584717,270.0
100.0,False,True,0.0,5.070143222808838,0.0,1.3595026731491089,4.0,0.7641821503639221,270.0
100.0,False,True,0.0,4.310207843780518,0.0,0.6838946342468262,7.0,0.7119359374046326,270.0
100.0,False,True,0.0,5.153090000152588,0.0,1.0289714336395264,5.0,0.7281342148780823,270.0
100.0,False,True,0.0,3.3447439670562744,0.0,1.1748496294021606,10.0,0.6880837082862854,270.0
100.0,False,True,0.0,5.230869770050049,0.0,1.0761266946792603,14.0,0.5486760139465332,270.0
100.0,False,True,0.0,4.513015270233154,0.0,1.2323890924453735,5.0,0.7321582436561584,270.0
100.0,False,True,0.0,3.7544198036193848,0.0,0.6698713898658752,8.0,0.709810197353363,270.0
100.0,False,True,0.0,3.459834575653076,0.0,0.8088130354881287,9.0,0.6558411121368408,270.0
100.0,False,True,0.0,4.565186977386475,0.001702102366834879,0.6123036742210388,4.0,0.7228125333786011,270.0
100.0,False,True,0.0,5.248371124267578,0.0,1.4356024265289307,6.0,0.7420453429222107,270.0
100.0,False,True,0.0,4.268244743347168,0.0,0.652179479598999,8.0,0.6075577139854431,270.0
100.0,False,True,0.0,5.405771255493164,0.00011675000132527202,0.8438374400138855,2.0,0.7006303668022156,270.0
100.0,False,True,0.0,5.1325554847717285,0.0,0.7934455871582031,10.0,0.5694617033004761,270.0
100.0,False,True,0.0,5.005155563354492,0.0,1.439449667930603,5.0,0.7396939396858215,270.0
100.0,False,True,0.0,4.0883989334106445,0.0,0.7470021843910217,3.0,0.6826604604721069,270.0
100.0,False,True,0.0,5.054507255554199,0.0,0.8395588397979736,10.0,0.6221806406974792,270.0
100.0,False,True,0.0,4.715135097503662,0.0,1.4169518947601318,10.0,0.7440478205680847,270.0
100.0,False,True,0.0,4.475140571594238,0.0,0.889984130859375,3.0,0.7072458267211914,270.0
100.0,False,True,0.0,4.634175777435303,0.0,1.3278995752334595,3.0,0.6842660903930664,270.0
100.0,False,True,0.0,4.3675360679626465,0.0,0.6342055797576904,6.0,0.642031729221344,270.0
100.0,False,True,0.0,3.5769741535186768,0.0,0.9168931841850281,8.0,0.7073487639427185,270.0
100.0,False,True,0.0,3.20637845993042,0.0,1.017551064491272,10.0,0.6947262287139893,270.0
100.0,False,True,0.0,4.360489845275879,9.399652481079102e-05,0.7440595030784607,4.0,0.7033715844154358,270.0
100.0,False,True,0.0,4.753614902496338,0.0,1.0631859302520752,5.0,0.7326281070709229,270.0
100.0,False,True,0.0,5.0229339599609375,0.0,0.8955852389335632,2.0,0.6569801568984985,270.0
100.0,False,True,0.0,2.8247997760772705,0.0,0.8103054761886597,10.0,0.676947832107544,270.0
100.0,False,True,0.0,4.348209857940674,0.0,1.2754883766174316,5.0,0.7365208864212036,270.0
100.0,False,True,0.0,5.0406107902526855,0.0,0.7468226552009583,3.0,0.6873230934143066,270.0
100.0,False,True,0.0,4.722192764282227,0.0,1.2320176362991333,4.0,0.7513138651847839,270.0
150.0,False,True,0.0,6.398009300231934,0.0,1.7974926233291626,16.0,0.8025296330451965,0.0
150.0,False,True,0.0,7.350044250488281,0.05124384164810181,0.7991238236427307,3.0,0.8567854762077332,0.0
150.0,False,True,0.0,5.641217231750488,0.010041790083050728,0.7516365051269531,10.0,0.7156282067298889,0.0
150.0,False,True,0.0,5.043952941894531,0.015213718637824059,0.7264823913574219,10.0,0.6773596405982971,0.0
150.0,False,True,0.5799999833106995,6.662001609802246,0.06845961511135101,0.6367588639259338,10.0,0.7936455607414246,0.0
150.0,False,True,0.0,4.663208961486816,0.0,0.9273463487625122,10.0,0.6960901021957397,0.0
150.0,False,True,0.0,4.32440710067749,0.0,1.043591856956482,2.0,0.7184925079345703,0.0
150.0,False,True,0.0,6.016367435455322,0.020187027752399445,0.7666272521018982,9.0,0.7895310521125793,0.0
150.0,False,True,0.0,4.012540340423584,0.0,1.0169490575790405,3.0,0.7203693389892578,0.0
150.0,False,True,0.0,4.590773582458496,0.03762657195329666,0.5997649431228638,7.0,0.6989366412162781,0.0
150.0,False,True,0.0,4.737805366516113,0.0,1.2410863637924194,7.0,0.6692206263542175,0.0
150.0,False,True,0.0,7.559227466583252,0.03270291909575462,0.7586058974266052,5.0,0.8415277004241943,0.0
150.0,False,True,0.0,5.559646129608154,0.0,1.29170823097229,11.0,0.7300550937652588,0.0
150.0,False,True,0.0,6.731145858764648,0.017316054552793503,0.9214741587638855,9.0,0.7741444110870361,0.0
150.0,False,True,0.0,4.8686842918396,0.0,1.1764740943908691,8.0,0.7309954762458801,0.0
150.0,False,True,0.0,5.190181255340576,0.0,1.4037749767303467,13.0,0.7570065259933472,0.0
150.0,False,True,0.0,8.370553970336914,0.01463580783456564,1.170512318611145,9.0,0.849498987197876,0.0
150.0,False,True,0.0,6.056506156921387,0.01351100392639637,0.8569692969322205,7.0,0.7489793300628662,0.0
150.0,False,True,0.0,5.309100151062012,0.0,1.3959132432937622,12.0,0.8193547129631042,0.0
150.0,False,True,0.0,4.799670696258545,0.005925954319536686,0.71661376953125,3.0,0.7069473266601562,0.0
150.0,False,True,0.0,3.9888980388641357,0.0,0.942333996295929,3.0,0.6589518189430237,0.0
150.0,False,True,0.0,4.923144340515137,0.011753080412745476,0.6557891964912415,10.0,0.7465717792510986,0.0
150.0,False,True,0.0,4.073330402374268,0.0,0.8998170495033264,9.0,0.7199626564979553,0.0
150.0,False,True,0.0,5.1986308097839355,0.0,1.2057372331619263,10.0,0.7764132618904114,0.0
150.0,False,True,0.0,5.155979156494141,0.0,1.2003095149993896,2.0,0.771899402141571,0.0
150.0,False,True,0.0,5.001317501068115,0.0,1.4172652959823608,6.0,0.7268335223197937,0.0
150.0,False,True,0.0,5.100656986236572,0.0,0.9413864016532898,2.0,0.7746900916099548,0.0
150.0,False,True,0.0,4.483273983001709,0.0,1.1154478788375854,9.0,0.8245667219161987,0.0
150.0,False,True,0.0,6.8077778816223145,0.04245617985725403,0.6881924271583557,4.0,0.8050339818000793,0.0
150.0,False,True,0.0,4.798283100128174,0.02289460226893425,0.6795532703399658,8.0,0.6791660785675049,0.0
150.0,False,True,0.0,5.7233076095581055,0.013659917749464512,0.7892541289329529,17.0,0.8334701061248779,0.0
150.0,False,True,0.0,5.074006080627441,0.0,1.3875908851623535,4.0,0.675279438495636,0.0
150.0,False,True,0.0,4.2033281326293945,0.0,1.0115386247634888,4.0,0.7148684859275818,0.0
150.0,False,True,0.0,5.808325290679932,0.0,1.5423762798309326,13.0,0.882853627204895,0.0
150.0,False,True,0.0,5.143232822418213,0.0,0.8881579637527466,6.0,0.7837072014808655,0.0
150.0,False,True,0.0,4.348660469055176,0.0,1.359498143196106,4.0,0.709924578666687,0.0
150.0,False,True,0.0,6.208673000335693,0.06800714880228043,0.683886706829071,7.0,0.7582964301109314,0.0
150.0,False,True,0.0,5.527369022369385,0.00433722510933876,1.0289885997772217,5.0,0.7764253616333008,0.0
150.0,False,True,0.0,5.405082702636719,0.0,1.1749001741409302,10.0,0.7149274349212646,0.0
150.0,False,True,0.0,8.139961242675781,0.015836235135793686,1.0761241912841797,14.0,0.9590927362442017,0.0
150.0,False,True,0.0,4.355051040649414,0.0,1.232395887374878,5.0,0.7754311561584473,0.0
150.0,False,True,0.0,5.739380359649658,0.02878941409289837,0.6698633432388306,8.0,0.7911209464073181,0.0
150.0,False,True,0.0,3.9173667430877686,0.0,0.8152839541435242,5.0,0.6981979608535767,0.0
150.0,False,True,0.0,4.717419147491455,0.04499843344092369,0.612301230430603,4.0,0.7274128198623657,0.0
150.0,False,True,0.0,4.488033771514893,0.0,1.4356025457382202,6.0,0.7276773452758789,0.0
150.0,False,True,0.0,5.535482406616211,0.023629534989595413,0.6521813273429871,8.0,0.7812361121177673,0.0
150.0,False,True,0.0,6.88888692855835,0.013643006794154644,0.8438495397567749,2.0,0.8220321536064148,0.0
150.0,False,True,0.0,6.303504943847656,0.019128834828734398,0.7934521436691284,10.0,0.78559809923172,0.0
150.0,False,True,0.0,4.789865493774414,0.0,1.4394596815109253,5.0,0.7501966953277588,0.0
150.0,False,True,0.0,3.855290174484253,0.0,0.747005820274353,3.0,0.6991333961486816,0.0
150.0,False,True,0.0,5.186707019805908,0.0,0.8395563364028931,10.0,0.7590116858482361,0.0
150.0,False,True,0.0,5.352219104766846,0.0,1.4169458150863647,10.0,0.7847608327865601,0.0
150.0,False,True,0.0,4.1239776611328125,0.0,0.8899799585342407,3.0,0.6774302124977112,0.0
150.0,False,True,0.0,4.811045169830322,0.0,1.3279049396514893,3.0,0.6437585949897766,0.0
150.0,False,True,0.0,4.293407917022705,0.007164580747485161,0.634204089641571,6.0,0.7170347571372986,0.0
150.0,False,True,0.0,4.854499816894531,0.0,0.916888952255249,8.0,0.796103835105896,0.0
150.0,False,True,0.0,4.375331878662109,0.0,1.017540693283081,10.0,0.7776442170143127,0.0
150.0,False,True,0.0,4.582531452178955,0.0013941061915829778,0.7440393567085266,4.0,0.7143826484680176,0.0
150.0,False,True,0.0,4.013467311859131,0.0,1.0631853342056274,5.0,0.7338207960128784,0.0
150.0,False,True,0.0,4.645575046539307,0.0,0.8955991268157959,2.0,0.7373266816139221,0.0
150.0,False,True,0.0,4.3361663818359375,0.0,0.8103348016738892,10.0,0.690847635269165,0.0
150.0,False,True,0.0,4.587444305419922,0.0,1.2754863500595093,5.0,0.7576284408569336,0.0
150.0,False,True,0.0,4.204353332519531,0.005422435700893402,0.7468211650848389,3.0,0.7061992883682251,0.0
150.0,False,True,0.0,4.841690540313721,0.0,1.2320199012756348,4.0,0.7995448112487793,0.0
150.0,True,False,nan,46.20624542236328,0.027821023017168045,1.2410783767700195,7.0,0.7586293816566467,90.0
150.0,False,True,0.4599999785423279,18.969633102416992,0.0,1.7974833250045776,16.0,0.7643193602561951,90.0
150.0,False,True,0.0,5.6663498878479,0.0011476993095129728,0.7991539835929871,3.0,0.553350567817688,90.0
150.0,False,True,0.0,5.513381481170654,0.0,0.7516345977783203,10.0,0.5935124158859253,90.0
150.0,False,True,0.0,7.56706428527832,0.05292768031358719,0.726472795009613,10.0,0.5916550755500793,90.0
150.0,False,True,0.5799999833106995,8.5335693359375,0.1255103498697281,0.6367724537849426,10.0,0.6737720370292664,90.0
150.0,False,True,0.0,11.266417503356934,0.030996091663837433,0.9273372888565063,10.0,0.7114322185516357,90.0
150.0,False,True,0.0,5.409685134887695,0.0,1.0435781478881836,2.0,0.6454652547836304,90.0
150.0,False,True,0.0,8.124388694763184,0.09016373008489609,0.7666347622871399,9.0,0.6471624970436096,90.0
150.0,False,True,0.0,6.901033878326416,0.0,1.0172268152236938,3.0,0.6985664963722229,90.0
150.0,False,True,0.0,6.564560890197754,0.0848001092672348,0.5997642278671265,7.0,0.6045799851417542,90.0
150.0,False,True,0.0,6.836699485778809,0.0,0.7585920691490173,5.0,0.563798725605011,90.0
150.0,False,True,0.0,13.662827491760254,3.691434903885238e-05,1.2917197942733765,11.0,0.746134877204895,90.0
150.0,False,True,0.0,7.152312278747559,0.0005714428261853755,0.9214727878570557,9.0,0.5427191853523254,90.0
150.0,False,True,0.0,10.695549964904785,0.0,1.1764726638793945,8.0,0.7556405663490295,90.0
150.0,False,True,0.0,11.60914421081543,0.0,1.4034698009490967,13.0,0.7931770086288452,90.0
150.0,False,True,0.0,7.678999900817871,0.0,1.1705242395401,9.0,0.5130930542945862,90.0
150.0,False,True,0.0,6.4861578941345215,0.0014916204381734133,0.8569720983505249,7.0,0.5296890139579773,90.0
150.0,False,True,0.4399999976158142,16.051177978515625,0.0008422875544056296,1.3959394693374634,12.0,0.7682434916496277,90.0
150.0,False,True,0.0,5.371734142303467,0.0,0.7166128754615784,3.0,0.5785825848579407,90.0
150.0,False,True,0.0,4.150533676147461,0.0,0.9423514008522034,3.0,0.597893476486206,90.0
150.0,False,True,0.0,7.486790657043457,0.049982715398073196,0.6558003425598145,10.0,0.5831837058067322,90.0
150.0,False,True,0.0,6.4042582511901855,0.010184040293097496,0.8998070359230042,9.0,0.6701980829238892,90.0
150.0,False,True,0.0,13.879059791564941,0.002021124353632331,1.205743670463562,10.0,0.7363917231559753,90.0
150.0,False,True,0.0,6.283411026000977,0.0,1.2003048658370972,2.0,0.6311751008033752,90.0
150.0,False,True,0.0,12.997480392456055,0.0,1.4172612428665161,6.0,0.7523582577705383,90.0
150.0,False,True,0.0,5.3966288566589355,0.0,0.9413912892341614,2.0,0.6368893980979919,90.0
150.0,False,True,0.0,7.31922721862793,0.007713279686868191,1.115431785583496,9.0,0.6892853379249573,90.0
150.0,False,True,0.0,6.739502906799316,0.023810774087905884,0.6882070302963257,4.0,0.6478457450866699,90.0
150.0,False,True,0.0,7.388889312744141,0.07284566015005112,0.6795559525489807,8.0,0.6100541353225708,90.0
150.0,False,True,0.0,7.8722028732299805,0.013344917446374893,0.7892552018165588,17.0,0.612462043762207,90.0
150.0,False,True,0.0,5.63169002532959,0.0,1.3875879049301147,4.0,0.6001230478286743,90.0
150.0,False,True,0.0,6.248898506164551,0.0,1.0115338563919067,4.0,0.6667433381080627,90.0
150.0,False,True,0.5,18.93675422668457,0.020123809576034546,1.542375087738037,13.0,0.728665292263031,90.0
150.0,False,True,0.0,5.021763324737549,0.0,0.8881620168685913,6.0,0.6177782416343689,90.0
150.0,False,True,0.0,20.7802791595459,0.026516130194067955,1.359503984451294,4.0,0.7406765818595886,90.0
150.0,False,True,0.0,6.923422813415527,0.03608918935060501,0.6838908195495605,7.0,0.5866491198539734,90.0
150.0,False,True,0.0,5.054429531097412,0.0,1.0289733409881592,5.0,0.5821385383605957,90.0
150.0,False,True,0.0,11.33640193939209,0.0,1.174859642982483,10.0,0.7177801728248596,90.0
150.0,False,True,0.0,9.303010940551758,0.0003868103085551411,1.0761327743530273,14.0,0.7159872055053711,90.0
150.0,False,True,0.0,7.967600345611572,0.0,1.232404351234436,5.0,0.6875486373901367,90.0
150.0,False,True,0.5799999833106995,7.623133182525635,0.09893791377544403,0.669873058795929,8.0,0.6760931015014648,90.0
150.0,False,True,0.0,5.636003494262695,0.017690859735012054,0.8088207244873047,9.0,0.6583123803138733,90.0
150.0,False,True,0.0,5.568064212799072,0.03388040140271187,0.6123015880584717,4.0,0.5751248002052307,90.0
150.0,False,True,0.0,5.311055660247803,0.0,1.4355952739715576,6.0,0.6303407549858093,90.0
150.0,False,True,0.0,7.008126735687256,0.024861937388777733,0.6521778106689453,8.0,0.5703234076499939,90.0
150.0,False,True,0.0,5.502138137817383,0.0,0.8438407778739929,2.0,0.5754788517951965,90.0
150.0,False,True,0.0,6.17790412902832,0.0006408941699191928,0.7934686541557312,10.0,0.5579098463058472,90.0
150.0,False,True,0.0,10.690728187561035,0.0,1.4394596815109253,5.0,0.7068954110145569,90.0
150.0,False,True,0.0,5.53498649597168,0.005362561903893948,0.7469959855079651,3.0,0.6355347633361816,90.0
150.0,False,True,0.0,5.009263515472412,0.0,0.839570164680481,10.0,0.5428138375282288,90.0
150.0,False,True,0.0,14.347268104553223,0.0010397768346592784,1.4169453382492065,10.0,0.7662290930747986,90.0
150.0,False,True,0.0,4.635993003845215,0.0,0.8899867534637451,3.0,0.5799229741096497,90.0
150.0,False,True,0.0,6.137789249420166,0.0,1.3279048204421997,3.0,0.6130834817886353,90.0
150.0,False,True,0.0,5.237645626068115,0.01124329213052988,0.6341971158981323,6.0,0.5862479209899902,90.0
150.0,False,True,0.0,7.490958213806152,0.030646827071905136,0.9172956347465515,8.0,0.6913512945175171,90.0
150.0,False,True,0.0,7.4846673011779785,0.025256413966417313,1.0175431966781616,10.0,0.670127809047699,90.0
150.0,False,True,0.0,5.566198825836182,0.0010125971166417003,0.7440686821937561,4.0,0.6214441657066345,90.0
150.0,False,True,0.0,5.13667631149292,0.0,1.0631940364837646,5.0,0.6229798793792725,90.0
150.0,False,True,0.0,5.292871952056885,0.0,0.8956099152565002,2.0,0.6019992828369141,90.0
150.0,False,True,0.0,7.093179702758789,0.045821383595466614,0.8102924227714539,10.0,0.6590967178344727,90.0
150.0,False,True,0.0,9.403894424438477,0.0,1.2754853963851929,5.0,0.7300241589546204,90.0
150.0,False,True,0.0,4.989355564117432,0.0,0.7468253970146179,3.0,0.5384938716888428,90.0
150.0,False,True,0.0,7.333661079406738,0.0,1.2320125102996826,4.0,0.6758614182472229,90.0
150.0,False,True,0.0,10.456583023071289,0.00310049531981349,1.7974860668182373,16.0,0.8104854822158813,180.0
150.0,False,True,0.0,5.393141269683838,0.0,0.7991281151771545,3.0,0.8072742223739624,180.0
150.0,False,True,0.0,5.101040840148926,0.0,0.7516274452209473,10.0,0.7443962693214417,180.0
150.0,False,True,0.0,4.527315139770508,0.0,0.7264594435691833,10.0,0.7401823401451111,180.0
150.0,False,True,0.0,6.048441410064697,0.0461309440433979,0.6367633938789368,10.0,0.783772885799408,180.0
150.0,False,True,0.0,5.426755905151367,0.0,0.9273493885993958,10.0,0.7148981094360352,180.0
150.0,False,True,0.0,5.937952518463135,0.0,1.043583631515503,2.0,0.7048697471618652,180.0
150.0,False,True,0.0,5.615414619445801,0.000567343202419579,0.7666642665863037,9.0,0.7325915694236755,180.0
150.0,False,True,0.0,6.166469097137451,0.0,1.0169274806976318,3.0,0.6974931359291077,180.0
150.0,False,True,0.0,3.9855093955993652,0.0,0.5997685790061951,7.0,0.7563885450363159,180.0
150.0,False,True,0.0,6.282068729400635,0.0,1.2410818338394165,7.0,0.7451241612434387,180.0
150.0,False,True,0.0,5.859663486480713,0.0,0.7585999965667725,5.0,0.7781198024749756,180.0
150.0,False,True,0.0,7.427718162536621,0.0,1.2917011976242065,11.0,0.6675203442573547,180.0
150.0,False,True,0.0,5.219019412994385,0.0,0.9214783310890198,9.0,0.7772694230079651,180.0
150.0,False,True,0.0,6.849483013153076,0.0,1.176474928855896,8.0,0.7014885544776917,180.0
150.0,False,True,0.0,8.707322120666504,0.0,1.4037847518920898,13.0,0.7396122217178345,180.0
150.0,False,True,0.0,5.913772106170654,0.0,1.1705408096313477,9.0,0.8548845052719116,180.0
150.0,False,True,0.0,4.939472675323486,0.0,0.8569689393043518,7.0,0.7641147375106812,180.0
150.0,False,True,0.0,9.377815246582031,0.0,1.3959197998046875,12.0,0.7317416071891785,180.0
150.0,False,True,0.0,4.5615386962890625,0.0,0.7166228294372559,3.0,0.6970626711845398,180.0
150.0,False,True,0.0,3.527810573577881,0.0,0.9423348307609558,3.0,0.6970789432525635,180.0
150.0,False,True,0.0,4.275808811187744,0.0,0.6686856150627136,11.0,0.6895012259483337,180.0
150.0,False,True,0.0,5.428524971008301,0.0,0.8998057842254639,9.0,0.6999115943908691,180.0
150.0,False,True,0.0,7.987900257110596,0.0,1.2056857347488403,10.0,0.6570717096328735,180.0
150.0,False,True,0.0,7.813539505004883,0.0,1.2002992630004883,2.0,0.7028583884239197,180.0
150.0,False,True,0.0,7.435612201690674,0.0,1.417290210723877,6.0,0.7296546697616577,180.0
150.0,False,True,0.0,5.733195781707764,0.0,0.9413915276527405,2.0,0.6783397197723389,180.0
150.0,False,True,0.0,8.054567337036133,0.005168760195374489,1.1154547929763794,9.0,0.7474172711372375,180.0
150.0,False,True,0.0,5.1340436935424805,0.02257722243666649,0.6882047057151794,4.0,0.7963052988052368,180.0
150.0,False,True,0.0,3.8470020294189453,0.0,0.6795570850372314,8.0,0.7454934120178223,180.0
150.0,False,True,0.0,4.61057186126709,0.0,0.7918006181716919,17.0,0.680016040802002,180.0
150.0,False,True,0.0,6.42797327041626,0.0,1.3875828981399536,4.0,0.7076358795166016,180.0
150.0,False,True,0.0,5.832303524017334,0.0,1.0115387439727783,4.0,0.7163375616073608,180.0
150.0,False,True,0.0,9.966242790222168,0.04565919190645218,1.5423763990402222,13.0,0.7465302348136902,180.0
150.0,False,True,0.0,5.233154296875,0.0,0.8881607055664062,6.0,0.6624006032943726,180.0
150.0,False,True,0.0,7.630825519561768,0.0,1.3594986200332642,4.0,0.731198251247406,180.0
150.0,False,True,0.0,4.496971607208252,0.0,0.6838842630386353,7.0,0.7657155394554138,180.0
150.0,False,True,0.0,4.4719438552856445,0.0,1.0289844274520874,5.0,0.7316616177558899,180.0
150.0,False,True,0.0,7.26168966293335,0.0,1.1748557090759277,10.0,0.6909425258636475,180.0
150.0,False,True,0.0,6.601171970367432,0.0,1.0759210586547852,14.0,0.6744148135185242,180.0
150.0,False,True,0.0,7.430702209472656,0.0,1.2324086427688599,5.0,0.7253212928771973,180.0
150.0,False,True,0.0,5.998779773712158,0.05421338602900505,0.669869601726532,8.0,0.7733554244041443,180.0
150.0,False,True,0.0,4.783890724182129,6.549357931362465e-05,0.8088312745094299,9.0,0.7339231967926025,180.0
150.0,False,True,0.0,4.091319561004639,0.0,0.6123009920120239,4.0,0.7380837798118591,180.0
150.0,False,True,0.0,7.531164646148682,0.0034222076646983624,1.4356051683425903,6.0,0.7694247961044312,180.0
150.0,False,True,0.0,5.337186813354492,0.0,0.6521778106689453,8.0,0.7236450910568237,180.0
150.0,False,True,0.0,4.4267778396606445,0.0,0.8438453078269958,2.0,0.7681487798690796,180.0
150.0,False,True,0.0,5.4542388916015625,0.0,0.793447732925415,10.0,0.7139781713485718,180.0
150.0,False,True,0.0,7.959811210632324,0.0,1.4394580125808716,5.0,0.7351398468017578,180.0
150.0,False,True,0.0,4.726297378540039,0.0,0.7469899654388428,3.0,0.7144307494163513,180.0
150.0,False,True,0.0,4.304478645324707,0.0,0.8395647406578064,10.0,0.7057105898857117,180.0
150.0,False,True,0.0,8.114789962768555,0.0,1.4169431924819946,10.0,0.7312650680541992,180.0
150.0,False,True,0.0,3.785893678665161,0.0,0.889984130859375,3.0,0.6949129104614258,180.0
150.0,False,True,0.0,5.700798511505127,0.0,1.32790207862854,3.0,0.6959323883056641,180.0
150.0,False,True,0.0,4.106465816497803,0.005675301421433687,0.63420569896698,6.0,0.7211683392524719,180.0
150.0,False,True,0.0,7.145259857177734,0.0049111852422356606,0.9193357825279236,8.0,0.7113653421401978,180.0
150.0,False,True,0.0,6.847936153411865,0.0,1.0175360441207886,10.0,0.6471964120864868,180.0
150.0,False,True,0.0,4.441267013549805,5.3219795518089086e-05,0.7440637946128845,4.0,0.7028231024742126,180.0
150.0,False,True,0.0,5.9149651527404785,0.0,1.063194990158081,5.0,0.7005099654197693,180.0
150.0,False,True,0.0,4.50610876083374,0.0,0.8956001996994019,2.0,0.6593043208122253,180.0
150.0,False,True,0.0,4.743425369262695,0.0,0.8103193640708923,10.0,0.7156579494476318,180.0
150.0,False,True,0.0,6.973642349243164,0.0,1.2754943370819092,5.0,0.7066833972930908,180.0
150.0,False,True,0.0,4.149778366088867,0.0,0.7468244433403015,3.0,0.7077782154083252,180.0
150.0,False,True,0.0,8.15535831451416,0.010416612029075623,1.232008457183838,4.0,0.7281254529953003,180.0
150.0,True,False,nan,52.516319274902344,0.07052930444478989,1.5423970222473145,13.0,1.0015207529067993,270.0
150.0,False,True,0.0,9.626350402832031,0.0,1.7974814176559448,16.0,1.0550436973571777,270.0
150.0,False,True,0.0,7.535983562469482,0.03530571982264519,0.7991501688957214,3.0,0.932873547077179,270.0
150.0,False,True,0.0,7.057468891143799,0.0021324562840163708,0.7516334652900696,10.0,0.842688262462616,270.0
150.0,False,True,0.0,4.768304347991943,0.001284040161408484,0.7264595627784729,10.0,0.9199244379997253,270.0
150.0,False,True,0.0,5.940791130065918,0.07036816328763962,0.6367812752723694,10.0,0.9718989133834839,270.0
150.0,False,True,0.0,4.017125129699707,0.0,0.9273349046707153,10.0,0.9135053753852844,270.0
150.0,False,True,0.0,6.0586748123168945,0.003356666537001729,1.0436904430389404,3.0,0.9503456950187683,270.0
150.0,False,True,0.0,5.3118672370910645,0.0,0.7666799426078796,9.0,0.9856414198875427,270.0
150.0,False,True,0.0,5.784282684326172,0.004796578548848629,1.0169873237609863,3.0,0.9735192656517029,270.0
150.0,False,True,0.0,5.78885555267334,0.0493474155664444,0.5997709035873413,7.0,0.9648265838623047,270.0
150.0,False,True,0.0,10.108574867248535,0.0,1.2410881519317627,7.0,0.9740217924118042,270.0
150.0,False,True,0.0,7.1956562995910645,0.008036795072257519,0.7586075663566589,5.0,0.8353308439254761,270.0
150.0,False,True,0.0,5.908267498016357,0.0,1.2917187213897705,11.0,0.9462993144989014,270.0
150.0,False,True,0.0,6.173236846923828,0.008681291714310646,0.9214843511581421,9.0,0.9512650370597839,270.0
150.0,False,True,0.0,6.037022590637207,0.0,1.1764864921569824,8.0,0.9489988684654236,270.0
150.0,False,True,0.0,10.399924278259277,0.0,1.4037845134735107,13.0,1.0075939893722534,270.0
150.0,False,True,0.0,7.464243412017822,0.001595506677404046,1.170516848564148,9.0,0.9256150722503662,270.0
150.0,False,True,0.0,5.587704658508301,0.0,0.856966495513916,7.0,0.878715991973877,270.0
150.0,False,True,0.0,9.344768524169922,0.0,1.395920753479004,12.0,1.0039544105529785,270.0
150.0,False,True,0.0,6.070764064788818,0.07456198334693909,0.7166142463684082,3.0,0.9346897006034851,270.0
150.0,False,True,0.0,6.709287643432617,0.027752641588449478,0.9423595666885376,3.0,0.8974088430404663,270.0
150.0,False,True,0.0,4.338379383087158,0.00229277228936553,0.6557900309562683,10.0,0.8771754503250122,270.0
150.0,False,True,0.0,5.078753471374512,0.00021797179942950606,0.8998198509216309,9.0,0.95442134141922,270.0
150.0,False,True,0.0,5.617822170257568,0.0,1.2057451009750366,10.0,0.9583634734153748,270.0
150.0,False,True,0.0,8.921013832092285,0.013588453643023968,1.200307011604309,2.0,1.0399110317230225,270.0
150.0,False,True,0.0,12.314350128173828,0.0,1.4172685146331787,6.0,0.995826244354248,270.0
150.0,False,True,0.0,7.971935749053955,0.03836919739842415,0.9413886070251465,2.0,0.9245827794075012,270.0
150.0,False,True,0.0,10.963469505310059,0.0,1.1154468059539795,9.0,1.0233657360076904,270.0
150.0,False,True,0.0,8.59694766998291,0.17252999544143677,0.6882131695747375,4.0,0.9964091181755066,270.0
150.0,False,True,0.0,4.899970054626465,0.0036897254176437855,0.6795532703399658,8.0,0.9174491763114929,270.0
150.0,False,True,0.0,4.820930004119873,0.0,0.7892433404922485,17.0,0.8220000267028809,270.0
150.0,False,True,0.0,6.83457612991333,0.0,1.3875895738601685,4.0,0.9748860597610474,270.0
150.0,False,True,0.0,6.1430253982543945,0.009309068322181702,1.0115338563919067,4.0,0.9566695094108582,270.0
150.0,False,True,0.0,6.494345664978027,0.009864624589681625,0.8881577849388123,6.0,0.8747553825378418,270.0
150.0,False,True,0.0,8.815389633178711,0.0,1.359501600265503,4.0,0.9969960451126099,270.0
150.0,False,True,0.0,5.961147785186768,0.05224369093775749,0.6838786602020264,7.0,0.9537650942802429,270.0
150.0,False,True,0.0,6.768483638763428,0.012843815609812737,1.0289936065673828,5.0,0.9445730447769165,270.0
150.0,False,True,0.0,5.395539283752441,0.0,1.1748590469360352,10.0,0.9474555253982544,270.0
150.0,False,True,0.0,6.109071254730225,0.0,1.076116919517517,14.0,0.7524877190589905,270.0
150.0,False,True,0.0,6.855149745941162,0.0022125362884253263,1.232398509979248,5.0,0.9934641718864441,270.0
150.0,False,True,0.0,5.73599910736084,0.0505993478000164,0.6698727607727051,8.0,0.9821794629096985,270.0
150.0,False,True,0.0,4.9642791748046875,0.0,0.8153010010719299,5.0,0.916253924369812,270.0
150.0,False,True,0.0,6.1238789558410645,0.08419134467840195,0.6123030185699463,4.0,0.967018723487854,270.0
150.0,False,True,0.0,7.955814838409424,0.0005673098494298756,1.4356056451797485,6.0,1.04971444606781,270.0
150.0,False,True,0.0,4.9416937828063965,0.002747518941760063,0.6521779894828796,8.0,0.8039414286613464,270.0
150.0,False,True,0.0,7.366815090179443,0.046044763177633286,0.8615992069244385,2.0,0.8593863248825073,270.0
150.0,False,True,0.0,6.723711967468262,0.0011427998542785645,0.7934494614601135,10.0,0.83384770154953,270.0
150.0,False,True,0.0,14.031346321105957,0.0,1.4394656419754028,5.0,1.0049644708633423,270.0
150.0,False,True,0.0,5.854241847991943,0.0417221300303936,0.7469924688339233,3.0,0.9362929463386536,270.0
150.0,False,True,0.0,7.072102069854736,0.0013245046138763428,0.8395593166351318,10.0,0.8834683299064636,270.0
150.0,False,True,0.0,10.364336013793945,0.0,1.416944146156311,10.0,1.01064932346344,270.0
150.0,False,True,0.0,5.974090576171875,0.028417551890015602,0.8899708390235901,3.0,0.9478574395179749,270.0
150.0,False,True,0.0,6.274636268615723,0.0002982520963996649,1.3278961181640625,3.0,0.9778778553009033,270.0
150.0,False,True,0.0,5.663027763366699,0.06928779929876328,0.6342058777809143,6.0,0.8650325536727905,270.0
150.0,False,True,0.0,5.4686279296875,0.003165328409522772,0.9169085025787354,8.0,0.9779553413391113,270.0
150.0,False,True,0.0,4.997085094451904,0.0,1.017531156539917,10.0,0.9689007997512817,270.0
150.0,False,True,0.0,6.772741317749023,0.08246445655822754,0.7440762519836426,4.0,0.9606423377990723,270.0
150.0,False,True,0.0,6.985923767089844,0.009520409628748894,1.0631932020187378,5.0,0.9791727662086487,270.0
150.0,False,True,0.0,6.944638252258301,0.03290710970759392,0.8955944180488586,2.0,0.8799454569816589,270.0
150.0,False,True,0.0,4.180622577667236,0.0,0.810312807559967,10.0,0.9204074144363403,270.0
150.0,False,True,0.0,5.9614763259887695,0.0,1.2754921913146973,5.0,0.989964485168457,270.0
150.0,False,True,0.0,6.381039619445801,0.0328742079436779,0.7468735575675964,3.0,0.8995048403739929,270.0
150.0,False,True,0.0,14.673935890197754,0.0,1.2320138216018677,4.0,1.0303598642349243,270.0
200.0,False,True,0.0,7.677082538604736,0.0,1.797480821609497,16.0,1.027466058731079,0.0
200.0,False,True,0.5600000023841858,8.933601379394531,0.20273739099502563,0.7991247773170471,3.0,1.057731032371521,0.0
200.0,False,True,0.0,6.725724697113037,0.05026738718152046,0.7516292333602905,10.0,0.9208380579948425,0.0
200.0,False,True,0.3199999928474426,6.158738613128662,0.0846361517906189,0.7264671921730042,10.0,0.8913856148719788,0.0
200.0,False,True,0.5999999642372131,8.34807300567627,0.18555323779582977,0.636772632598877,10.0,1.0375715494155884,0.0
200.0,False,True,0.0,6.041891098022461,0.0,0.9273480176925659,10.0,0.8892601132392883,0.0
200.0,False,True,0.0,5.594540119171143,0.0,1.0435996055603027,2.0,0.9640287160873413,0.0
200.0,False,True,0.5799999833106995,7.546938896179199,0.09852169454097748,0.7666704058647156,9.0,1.0147652626037598,0.0
200.0,False,True,0.0,5.163384437561035,0.0,1.0169792175292969,3.0,0.9765900373458862,0.0
200.0,False,True,0.5999999642372131,5.818508148193359,0.13401977717876434,0.5997626185417175,7.0,0.9214568734169006,0.0
200.0,False,True,0.0,6.206082820892334,0.0,1.2410836219787598,7.0,0.8729304075241089,0.0
200.0,False,True,0.5600000023841858,9.1718111038208,0.14179570972919464,0.758608341217041,5.0,1.0879055261611938,0.0
200.0,False,True,0.0,7.262391567230225,0.0,1.2917062044143677,11.0,0.9282834529876709,0.0
200.0,False,True,0.0,8.05700397491455,0.08366362005472183,0.9216069579124451,9.0,1.0075263977050781,0.0
200.0,False,True,0.0,6.760046005249023,0.0,1.1764824390411377,8.0,0.9253513813018799,0.0
200.0,False,True,0.0,6.79226016998291,0.0,1.4037643671035767,13.0,0.97185218334198,0.0
200.0,False,True,0.0,10.508822441101074,0.14437124133110046,1.170522928237915,9.0,1.0115491151809692,0.0
200.0,False,True,0.0,7.360447406768799,0.07817870378494263,0.8569695949554443,7.0,0.9659430384635925,0.0
200.0,False,True,0.0,7.135094165802002,0.0,1.3959109783172607,12.0,1.0607383251190186,0.0
200.0,False,True,0.0,5.9995317459106445,0.05472104996442795,0.7166184186935425,3.0,0.9546308517456055,0.0
200.0,False,True,0.0,4.838493347167969,0.0007262015133164823,0.9423500299453735,3.0,0.8923973441123962,0.0
200.0,False,True,0.29999998211860657,5.953020095825195,0.08036891371011734,0.6557990908622742,10.0,0.967508852481842,0.0
200.0,False,True,0.0,5.448955059051514,0.0,0.899814248085022,9.0,0.9336625337600708,0.0
200.0,False,True,0.0,6.9894609451293945,0.0,1.2057417631149292,10.0,0.9875193238258362,0.0
200.0,False,True,0.0,6.570592403411865,0.0,1.2003110647201538,2.0,1.0499976873397827,0.0
200.0,False,True,0.0,6.843753337860107,0.0,1.417258620262146,6.0,0.9370146989822388,0.0
200.0,False,True,0.0,6.515085697174072,0.0010066521354019642,0.9414064288139343,2.0,1.034324288368225,0.0
200.0,False,True,0.0,6.180315017700195,0.0,1.1154356002807617,9.0,1.0880411863327026,0.0
200.0,False,True,0.5999999642372131,8.536308288574219,0.16156530380249023,0.6882199048995972,4.0,1.0700515508651733,0.0
200.0,False,True,0.5799999833106995,6.035885810852051,0.12532086670398712,0.67955482006073,8.0,0.9120544195175171,0.0
200.0,False,True,0.0,6.894493579864502,0.0792633518576622,0.7892549633979797,17.0,1.0818003416061401,0.0
200.0,False,True,0.0,5.758847236633301,0.0,1.3875840902328491,4.0,0.9020022749900818,0.0
200.0,False,True,0.0,5.4659037590026855,0.0,1.0115402936935425,4.0,0.9615742564201355,0.0
200.0,False,True,0.0,7.729236125946045,0.0,1.5423686504364014,13.0,1.118942379951477,0.0
200.0,False,True,0.0,6.410898685455322,0.0032616795506328344,0.8881682753562927,6.0,1.032315969467163,0.0
200.0,False,True,0.0,5.709078311920166,0.0,1.359494686126709,4.0,0.9364900588989258,0.0
200.0,False,True,0.5799999833106995,7.482439041137695,0.17701750993728638,0.683888852596283,7.0,1.0016261339187622,0.0
200.0,False,True,0.0,6.638971328735352,0.02607373334467411,1.028998851776123,5.0,1.0121850967407227,0.0
200.0,False,True,0.0,7.38883638381958,0.0,1.174857497215271,10.0,0.9265205264091492,0.0
200.0,False,True,0.0,9.755804061889648,0.0791710913181305,1.076134204864502,14.0,1.137751817703247,0.0
200.0,False,True,0.0,5.862071514129639,0.0,1.2323975563049316,5.0,1.022807002067566,0.0
200.0,False,True,0.5799999833106995,7.244973182678223,0.1238093376159668,0.6698673963546753,8.0,1.0393115282058716,0.0
200.0,False,True,0.0,5.1174540519714355,0.0,0.8153109550476074,5.0,0.9047074913978577,0.0
200.0,False,True,0.5799999833106995,5.885397434234619,0.14186376333236694,0.6123049259185791,4.0,0.962295651435852,0.0
200.0,False,True,0.0,5.9219536781311035,0.0,1.435605525970459,6.0,0.9825280904769897,0.0
200.0,False,True,0.29999998211860657,6.612599849700928,0.10223496705293655,0.6521766185760498,8.0,1.0442533493041992,0.0
200.0,False,True,0.29999998211860657,8.442851066589355,0.10081363469362259,0.843845009803772,2.0,1.069792628288269,0.0
200.0,False,True,0.2800000011920929,7.487420082092285,0.08399811387062073,0.7934613823890686,10.0,1.0214015245437622,0.0
200.0,False,True,0.0,5.890424728393555,0.0,1.4394627809524536,5.0,0.9844988584518433,0.0
200.0,False,True,0.0,5.0009260177612305,0.014757349155843258,0.7469944953918457,3.0,0.9291958808898926,0.0
200.0,False,True,0.0,6.50945520401001,0.01078090164810419,0.839559018611908,10.0,0.9871600866317749,0.0
200.0,False,True,0.0,6.92194938659668,0.0,1.4169505834579468,10.0,1.0040879249572754,0.0
200.0,False,True,0.0,4.890364646911621,0.0004884827067144215,0.8899704217910767,3.0,0.9134836196899414,0.0
200.0,False,True,0.0,5.82995080947876,0.0,1.3279057741165161,3.0,0.8855034708976746,0.0
200.0,False,True,0.29999998211860657,5.393795490264893,0.05037000775337219,0.634206235408783,6.0,0.9734021425247192,0.0
200.0,False,True,0.0,6.166532039642334,0.0,0.9193286895751953,8.0,1.0338428020477295,0.0
200.0,False,True,0.0,6.13743782043457,0.0,1.017539381980896,10.0,1.0050216913223267,0.0
200.0,False,True,0.0,5.805996894836426,0.028355496004223824,0.7440351843833923,4.0,0.9587327837944031,0.0
200.0,False,True,0.0,5.478294372558594,0.0,1.0631933212280273,5.0,0.9804173707962036,0.0
200.0,False,True,0.0,5.870992660522461,0.0028004655614495277,0.8955908417701721,2.0,0.9908249378204346,0.0
200.0,False,True,0.0,5.745490074157715,0.000745865108910948,0.8102939128875732,10.0,0.8851779699325562,0.0
200.0,False,True,0.0,5.668148040771484,0.0,1.2754926681518555,5.0,0.9936994314193726,0.0
200.0,False,True,0.0,5.327154159545898,0.059278491884469986,0.7468197345733643,3.0,0.9301275014877319,0.0
200.0,False,True,0.0,6.536060810089111,0.0,1.2320115566253662,4.0,1.0613240003585815,0.0
200.0,True,False,nan,45.739810943603516,0.06827064603567123,1.797481894493103,16.0,1.0960482358932495,90.0
200.0,True,False,nan,46.10038375854492,0.07695182412862778,1.3594970703125,4.0,1.0892643928527832,90.0
200.0,True,False,nan,46.779457092285156,0.08380965143442154,0.7516366839408875,10.0,0.7730026841163635,90.0
200.0,True,False,nan,49.070457458496094,0.15179453790187836,0.7934458255767822,10.0,0.7679168581962585,90.0
200.0,True,False,nan,49.873016357421875,0.4946299195289612,0.6522110104560852,8.0,0.8042086362838745,90.0
200.0,False,True,0.0,8.17747688293457,0.05457872524857521,0.799152672290802,3.0,0.7886539697647095,90.0
200.0,False,True,0.5600000023841858,9.901130676269531,0.16083787381649017,0.7264693379402161,10.0,0.8365615010261536,90.0
200.0,False,True,0.5799999833106995,11.497164726257324,0.27053090929985046,0.6367749571800232,10.0,0.9358099102973938,90.0
200.0,False,True,0.5600000023841858,20.73390007019043,0.1609424203634262,0.9273721575737,10.0,0.979796290397644,90.0
200.0,False,True,0.0,11.632674217224121,0.005974192172288895,1.043590784072876,2.0,0.9932310581207275,90.0
200.0,False,True,0.5799999833106995,11.242408752441406,0.2078736275434494,0.7666692137718201,9.0,0.9152554869651794,90.0
200.0,False,True,0.0,12.554350852966309,0.01903587393462658,1.0169529914855957,3.0,1.030202031135559,90.0
200.0,False,True,0.5799999833106995,9.114169120788574,0.21239082515239716,0.59977126121521,7.0,0.8573818206787109,90.0
200.0,False,True,0.5600000023841858,18.28885269165039,0.018296362832188606,1.2410938739776611,7.0,1.0774924755096436,90.0
200.0,False,True,0.0,9.579551696777344,0.04232098162174225,0.7586117386817932,5.0,0.8008937835693359,90.0
200.0,False,True,0.5600000023841858,21.027080535888672,0.044685252010822296,1.2917135953903198,11.0,1.0215747356414795,90.0
200.0,False,True,0.0,9.552610397338867,0.027870137244462967,0.9214646816253662,9.0,0.7701023817062378,90.0
200.0,False,True,0.5399999618530273,18.930662155151367,0.04185940697789192,1.1764767169952393,8.0,1.0643658638000488,90.0
200.0,False,True,0.9399999976158142,21.605018615722656,0.18397833406925201,1.4037808179855347,13.0,1.110819697380066,90.0
200.0,False,True,0.0,10.429490089416504,0.003235945710912347,1.17054283618927,9.0,0.7282037138938904,90.0
200.0,False,True,0.0,8.691765785217285,0.028985096141695976,0.8569703698158264,7.0,0.699878454208374,90.0
200.0,False,True,0.7799999713897705,25.067354202270508,0.049712225794792175,1.3959307670593262,12.0,1.0661277770996094,90.0
200.0,False,True,0.0,7.68196439743042,0.04958495497703552,0.7166087627410889,3.0,0.8356631398200989,90.0
200.0,False,True,0.0,6.70194673538208,0.0008879780652932823,0.9423174858093262,3.0,0.8810118436813354,90.0
200.0,False,True,0.5799999833106995,10.172895431518555,0.1628609150648117,0.6557891964912415,10.0,0.8190522193908691,90.0
200.0,False,True,0.5600000023841858,17.18189811706543,0.10148977488279343,0.899812638759613,9.0,0.9874289035797119,90.0
200.0,False,True,0.8399999737739563,23.749841690063477,0.06479181349277496,1.205750584602356,10.0,1.0367921590805054,90.0
200.0,False,True,0.0,9.536772727966309,0.0,1.2003048658370972,2.0,0.9886570572853088,90.0
200.0,False,True,0.5999999642372131,21.609561920166016,0.005324423313140869,1.417262077331543,6.0,1.0703572034835815,90.0
200.0,False,True,0.0,7.547900199890137,0.019833670929074287,0.9413964152336121,2.0,0.9395555853843689,90.0
200.0,False,True,0.41999998688697815,16.09600257873535,0.06538838148117065,1.1154634952545166,9.0,1.023158073425293,90.0
200.0,False,True,0.5799999833106995,9.490096092224121,0.13197658956050873,0.6881965398788452,4.0,0.9107853174209595,90.0
200.0,False,True,0.5799999833106995,9.871175765991211,0.18896602094173431,0.6795549988746643,8.0,0.8532758951187134,90.0
200.0,False,True,0.0,10.40134334564209,0.09539487957954407,0.789244532585144,17.0,0.8650935888290405,90.0
200.0,False,True,0.0,13.832798957824707,0.0014544486766681075,1.3875840902328491,4.0,0.9570364952087402,90.0
200.0,False,True,0.0,14.578169822692871,0.024431977421045303,1.0115339756011963,4.0,0.978130578994751,90.0
200.0,False,True,0.0,12.775179862976074,0.034524619579315186,1.5423709154129028,13.0,1.0013052225112915,90.0
200.0,False,True,0.0,11.767367362976074,0.004999462515115738,0.8881629109382629,6.0,0.9271489977836609,90.0
200.0,False,True,0.5799999833106995,9.502452850341797,0.14277490973472595,0.6838928461074829,7.0,0.8286282420158386,90.0
200.0,False,True,0.0,6.988254070281982,0.0,1.0289890766143799,5.0,0.7664593458175659,90.0
200.0,False,True,0.41999998688697815,18.115503311157227,0.042655009776353836,1.1748607158660889,10.0,1.0215442180633545,90.0
200.0,False,True,0.0,12.572076797485352,0.01926574669778347,1.0759165287017822,14.0,0.9256529808044434,90.0
200.0,False,True,0.47999998927116394,17.213674545288086,0.02184695191681385,1.232397198677063,5.0,1.000038504600525,90.0
200.0,False,True,0.5600000023841858,10.958512306213379,0.23031730949878693,0.6698705554008484,8.0,0.9471136331558228,90.0
200.0,False,True,0.0,9.647708892822266,0.09546784311532974,0.8088070154190063,9.0,0.9809048771858215,90.0
200.0,False,True,0.5799999833106995,7.8971476554870605,0.14965850114822388,0.6123035550117493,4.0,0.823966920375824,90.0
200.0,False,True,0.5199999809265137,18.092180252075195,0.008736485615372658,1.435605764389038,6.0,0.9621601104736328,90.0
200.0,False,True,0.0,8.471227645874023,0.006297124549746513,0.8438336253166199,2.0,0.8100903034210205,90.0
200.0,False,True,0.47999998927116394,20.097021102905273,0.0027154444251209497,1.4394688606262207,5.0,1.0296744108200073,90.0
200.0,False,True,0.0,7.889164924621582,0.09387993067502975,0.7469896674156189,3.0,0.9199653267860413,90.0
200.0,False,True,0.0,7.268845558166504,0.0,0.8395720720291138,10.0,0.7867072224617004,90.0
200.0,False,True,0.6399999856948853,24.867042541503906,0.01313159428536892,1.4169425964355469,10.0,1.0549236536026,90.0
200.0,False,True,0.0,6.870754718780518,0.0064640892669558525,0.8899714946746826,3.0,0.8876997232437134,90.0
200.0,False,True,0.0,11.95722770690918,0.0,1.3279048204421997,3.0,0.9530932307243347,90.0
200.0,False,True,0.5600000023841858,7.620454788208008,0.11243393272161484,0.6342032551765442,6.0,0.8492224812507629,90.0
200.0,False,True,0.41999998688697815,15.264759063720703,0.09605670720338821,0.9168998003005981,8.0,1.010931372642517,90.0
200.0,False,True,0.0,10.335119247436523,0.12032968550920486,1.0175412893295288,10.0,0.9656053185462952,90.0
200.0,False,True,0.0,7.968339443206787,0.07594246417284012,0.7440690398216248,4.0,0.8946359157562256,90.0
200.0,False,True,0.0,13.23656940460205,0.023822210729122162,1.063188910484314,5.0,0.9423283338546753,90.0
200.0,False,True,0.0,8.670587539672852,0.0011544609442353249,0.8955944180488586,2.0,0.9312361478805542,90.0
200.0,False,True,0.5399999618530273,10.256088256835938,0.1540239304304123,0.8102978467941284,10.0,0.935235321521759,90.0
200.0,False,True,0.4399999976158142,18.302146911621094,0.008038423024117947,1.2754883766174316,5.0,1.0664253234863281,90.0
200.0,False,True,0.0,6.295443534851074,0.017738761380314827,0.746883749961853,3.0,0.7579308152198792,90.0
200.0,False,True,0.4399999976158142,16.22698974609375,0.008324947208166122,1.2320067882537842,4.0,1.0083270072937012,90.0
200.0,False,True,0.0,13.317212104797363,0.10996613651514053,1.7974880933761597,16.0,1.1069269180297852,180.0
200.0,False,True,0.0,6.951837062835693,0.01354838814586401,0.7991271018981934,3.0,1.032947063446045,180.0
200.0,False,True,0.0,5.901031017303467,0.0,0.751633882522583,10.0,0.9600671529769897,180.0
200.0,False,True,0.0,6.196028709411621,0.0012726853601634502,0.7264602780342102,10.0,0.9499879479408264,180.0
200.0,False,True,1.0399999618530273,8.397442817687988,0.43992096185684204,0.6367778182029724,10.0,1.022752046585083,180.0
200.0,False,True,0.0,7.373816967010498,0.05601174384355545,0.9273366332054138,10.0,0.9341530799865723,180.0
200.0,False,True,0.0,8.122986793518066,0.12893646955490112,1.043596625328064,2.0,0.9492297172546387,180.0
200.0,False,True,0.0,8.352423667907715,0.16075646877288818,0.7666577696800232,9.0,0.9662535190582275,180.0
200.0,False,True,0.0,8.460463523864746,0.08245895802974701,1.0172237157821655,3.0,0.9405039548873901,180.0
200.0,False,True,0.0,5.905977725982666,0.06344791501760483,0.5997629761695862,7.0,0.9673700928688049,180.0
200.0,False,True,0.0,8.1810302734375,0.029134687036275864,1.2410905361175537,7.0,0.9712119102478027,180.0
200.0,False,True,0.0,8.550514221191406,0.04899776726961136,0.7586051225662231,5.0,0.9699794054031372,180.0
200.0,False,True,0.0,9.616317749023438,0.044485099613666534,1.291710376739502,11.0,0.9155257940292358,180.0
200.0,False,True,0.0,6.113819122314453,0.0,0.9214627146720886,9.0,0.9762253761291504,180.0
200.0,False,True,0.0,9.002349853515625,0.0660136342048645,1.176468849182129,8.0,0.9234751462936401,180.0
200.0,False,True,0.0,11.381363868713379,0.16537213325500488,1.403771996498108,13.0,1.0291807651519775,180.0
200.0,False,True,0.0,7.699163436889648,0.0,1.170536994934082,9.0,1.0868403911590576,180.0
200.0,False,True,0.0,6.3705525398254395,0.0,0.8569708466529846,7.0,0.9667365550994873,180.0
200.0,False,True,0.0,12.252307891845703,0.2139352411031723,1.3959141969680786,12.0,1.0169864892959595,180.0
200.0,False,True,0.0,5.791834831237793,0.025334728881716728,0.7166196703910828,3.0,0.9101554155349731,180.0
200.0,False,True,0.0,4.956656455993652,0.0,0.9423559308052063,3.0,0.9164811372756958,180.0
200.0,False,True,0.0,8.436800956726074,0.02861938625574112,0.6557976603507996,10.0,0.9184381365776062,180.0
200.0,False,True,0.0,7.5377278327941895,0.0793362408876419,0.8998104333877563,9.0,0.9144881963729858,180.0
200.0,False,True,0.0,10.48998737335205,0.10801916569471359,1.2057379484176636,10.0,0.9378909468650818,180.0
200.0,False,True,0.0,10.378297805786133,0.16674885153770447,1.2002986669540405,2.0,0.966707706451416,180.0
200.0,False,True,0.0,9.561721801757812,0.05632598698139191,1.417271614074707,6.0,0.9940874576568604,180.0
200.0,False,True,0.0,8.04771614074707,0.13420915603637695,0.941384494304657,2.0,0.9179096817970276,180.0
200.0,False,True,0.0,10.940694808959961,0.34410616755485535,1.115392804145813,9.0,1.0253180265426636,180.0
200.0,False,True,0.9799999594688416,7.849279880523682,0.35061466693878174,0.6882155537605286,4.0,1.0253912210464478,180.0
200.0,False,True,0.0,5.6843414306640625,0.010444529354572296,0.6795523166656494,8.0,0.9545502066612244,180.0
200.0,False,True,0.0,7.933626651763916,0.0,0.7892553806304932,17.0,0.881314218044281,180.0
200.0,False,True,0.0,8.101738929748535,0.06355733424425125,1.387587547302246,4.0,0.9728204011917114,180.0
200.0,False,True,0.0,8.12463092803955,0.13764676451683044,1.0115505456924438,4.0,0.9530705809593201,180.0
200.0,False,True,0.0,12.951086044311523,0.2358919084072113,1.542373776435852,13.0,1.0232298374176025,180.0
200.0,False,True,0.0,11.198480606079102,0.06938441842794418,0.8881560564041138,6.0,0.8974970579147339,180.0
200.0,False,True,0.0,9.949515342712402,0.11678407341241837,1.3594948053359985,4.0,1.0177197456359863,180.0
200.0,False,True,0.0,6.909356117248535,0.018828490749001503,0.6838866472244263,7.0,0.9707372784614563,180.0
200.0,False,True,0.0,5.1457085609436035,0.0,1.0289719104766846,5.0,0.9281511306762695,180.0
200.0,False,True,0.0,9.345588684082031,0.05631978437304497,1.174866795539856,10.0,0.9069948196411133,180.0
200.0,False,True,0.0,8.855854988098145,0.0,1.0761346817016602,14.0,0.8931418061256409,180.0
200.0,False,True,0.0,10.047901153564453,0.18862009048461914,1.2324005365371704,5.0,1.0026239156723022,180.0
200.0,False,True,1.0,8.729447364807129,0.4054989814758301,0.6698668599128723,8.0,1.0146713256835938,180.0
200.0,False,True,0.0,6.770685195922852,0.07654281705617905,0.8152986764907837,5.0,0.9560624957084656,180.0
200.0,False,True,0.0,5.295795917510986,0.04085524007678032,0.6123026013374329,4.0,0.9451254606246948,180.0
200.0,False,True,0.0,9.889206886291504,0.1384979486465454,1.4355974197387695,6.0,1.039720892906189,180.0
200.0,False,True,0.0,8.301843643188477,0.009006385691463947,0.6521764397621155,8.0,0.9294366836547852,180.0
200.0,False,True,0.0,6.953191757202148,0.018966564908623695,0.8438470363616943,2.0,0.9712576270103455,180.0
200.0,False,True,0.0,7.253958225250244,0.0,0.7934421300888062,10.0,0.9081190824508667,180.0
200.0,False,True,0.0,10.282696723937988,0.11983771622180939,1.4394619464874268,5.0,1.0061051845550537,180.0
200.0,False,True,0.0,6.668121814727783,0.07878415286540985,0.7470161318778992,3.0,0.9366781115531921,180.0
200.0,False,True,0.0,5.4747161865234375,0.011500072665512562,0.8395535349845886,10.0,0.9068350195884705,180.0
200.0,False,True,0.0,10.534574508666992,0.09519610553979874,1.416941523551941,10.0,1.0124374628067017,180.0
200.0,False,True,0.0,5.398044586181641,0.012991023249924183,0.8899860382080078,3.0,0.9123317003250122,180.0
200.0,False,True,0.0,7.168313503265381,0.027825752273201942,1.3278955221176147,3.0,0.9477853775024414,180.0
200.0,False,True,0.0,5.934089183807373,0.08407142758369446,0.6342008113861084,6.0,0.9329473972320557,180.0
200.0,False,True,0.0,9.889764785766602,0.2585776448249817,0.9169058799743652,8.0,0.9891918897628784,180.0
200.0,False,True,0.0,9.370708465576172,0.0946846529841423,1.0175279378890991,10.0,0.9094693064689636,180.0
200.0,False,True,0.0,6.495009422302246,0.07368120551109314,0.7440650463104248,4.0,0.9168398976325989,180.0
200.0,False,True,0.0,8.069324493408203,0.11029592901468277,1.063185691833496,5.0,0.9334195256233215,180.0
200.0,False,True,0.0,6.736971378326416,0.04320045933127403,0.9055575728416443,2.0,0.8942026495933533,180.0
200.0,False,True,0.0,6.6422200202941895,0.06406687945127487,0.8102959394454956,10.0,0.9330971240997314,180.0
200.0,False,True,0.0,9.171489715576172,0.0904264971613884,1.2754848003387451,5.0,0.9680672287940979,180.0
200.0,False,True,0.0,5.054662227630615,0.0,0.7468147873878479,3.0,0.917606770992279,180.0
200.0,False,True,0.0,10.932341575622559,0.2562989294528961,1.232010841369629,4.0,1.0052428245544434,180.0
200.0,True,False,nan,55.06724166870117,0.14657148718833923,1.4356080293655396,6.0,1.3117332458496094,270.0
200.0,True,False,nan,48.08383560180664,0.15141355991363525,1.2320140600204468,4.0,1.3103368282318115,270.0
200.0,True,False,nan,45.354591369628906,0.17438863217830658,1.4394549131393433,5.0,1.2844617366790771,270.0
200.0,True,False,nan,47.9434928894043,0.2072584331035614,1.2323907613754272,5.0,1.2896358966827393,270.0
200.0,True,False,nan,51.53346252441406,0.04466022551059723,1.3594937324523926,4.0,1.2452516555786133,270.0
200.0,False,True,0.0,14.250420570373535,0.0,1.7974765300750732,16.0,1.2838276624679565,270.0
200.0,False,True,0.0,9.885129928588867,0.1653144359588623,0.7991257309913635,3.0,1.1252684593200684,270.0
200.0,False,True,0.0,11.6672945022583,0.018643420189619064,0.751630961894989,10.0,1.1279820203781128,270.0
200.0,False,True,0.0,6.09692907333374,0.05652496963739395,0.7264654040336609,10.0,1.153335452079773,270.0
200.0,False,True,1.4800000190734863,18.186058044433594,0.3966870605945587,0.6367771029472351,10.0,1.2358003854751587,270.0
200.0,False,True,0.0,8.658936500549316,0.004946798086166382,0.9273459911346436,10.0,1.1510964632034302,270.0
200.0,False,True,0.0,10.208796501159668,0.05997452884912491,1.0435936450958252,2.0,1.244500994682312,270.0
200.0,False,True,0.0,7.237360954284668,0.09677699953317642,0.7666571736335754,9.0,1.2434881925582886,270.0
200.0,False,True,0.0,9.793259620666504,0.06894954293966293,1.0169318914413452,3.0,1.2246453762054443,270.0
200.0,False,True,0.8799999952316284,7.430490970611572,0.22962921857833862,0.5997650623321533,7.0,1.2113299369812012,270.0
200.0,False,True,0.0,11.463051795959473,0.0,1.2410833835601807,7.0,1.2304526567459106,270.0
200.0,False,True,0.2800000011920929,11.376725196838379,0.0321243479847908,0.758603572845459,5.0,1.163793921470642,270.0
200.0,False,True,0.0,11.794431686401367,0.0,1.291711449623108,11.0,1.1959481239318848,270.0
200.0,False,True,0.0,8.50676155090332,0.09345914423465729,0.9215824007987976,9.0,1.1570347547531128,270.0
200.0,False,True,0.0,9.954573631286621,0.0,1.176469087600708,8.0,1.1974307298660278,270.0
200.0,False,True,0.0,13.378911972045898,0.011231530457735062,1.4028133153915405,12.0,1.2645277976989746,270.0
200.0,False,True,0.0,10.720088958740234,0.025548815727233887,1.1705517768859863,9.0,1.080834984779358,270.0
200.0,False,True,0.0,6.753747463226318,0.01407427154481411,0.8569730520248413,7.0,1.0859146118164062,270.0
200.0,False,True,0.0,19.486919403076172,0.0,1.3958909511566162,12.0,1.2784109115600586,270.0
200.0,False,True,0.8799999952316284,7.9939680099487305,0.25207066535949707,0.7166089415550232,3.0,1.1429094076156616,270.0
200.0,False,True,0.0,11.044607162475586,0.15381057560443878,0.9423293471336365,3.0,1.154485821723938,270.0
200.0,False,True,0.0,5.39259672164917,0.06934060156345367,0.6558074951171875,10.0,1.0768519639968872,270.0
200.0,False,True,0.0,15.378881454467773,0.06122882291674614,0.8998104929924011,9.0,1.1869465112686157,270.0
200.0,False,True,0.0,8.326947212219238,0.0,1.2057507038116455,10.0,1.209855079650879,270.0
200.0,False,True,0.0,13.133710861206055,0.040689852088689804,1.2003012895584106,2.0,1.2898699045181274,270.0
200.0,False,True,0.0,18.917034149169922,0.0,1.4172717332839966,6.0,1.255843162536621,270.0
200.0,False,True,0.0,11.969304084777832,0.1391613930463791,0.9413861036300659,2.0,1.2334487438201904,270.0
200.0,False,True,0.0,16.944059371948242,0.024178043007850647,1.1154173612594604,9.0,1.287084698677063,270.0
200.0,False,True,0.8399999737739563,14.26769733428955,0.34947726130485535,0.6882136464118958,4.0,1.2278989553451538,270.0
200.0,False,True,0.0,6.441107749938965,0.11304059624671936,0.679536759853363,8.0,1.168759822845459,270.0
200.0,False,True,0.0,5.9756317138671875,0.019634580239653587,0.7892411947250366,17.0,0.9865446090698242,270.0
200.0,False,True,0.0,43.62467575073242,0.5264847874641418,1.3875906467437744,4.0,1.2061811685562134,270.0
200.0,False,True,0.0,22.230518341064453,0.41724225878715515,1.0115344524383545,4.0,1.2331347465515137,270.0
200.0,False,True,0.0,20.177330017089844,0.03731255605816841,1.542372703552246,13.0,1.2675682306289673,270.0
200.0,False,True,0.0,9.999378204345703,0.04725096374750137,0.8881686925888062,6.0,1.1343520879745483,270.0
200.0,False,True,0.85999995470047,8.560431480407715,0.2288566678762436,0.6838787794113159,7.0,1.178204894065857,270.0
200.0,False,True,0.0,10.27634334564209,0.0757889449596405,1.0289632081985474,5.0,1.093431830406189,270.0
200.0,False,True,0.0,8.592423439025879,0.0,1.174871802330017,10.0,1.1849403381347656,270.0
200.0,False,True,0.0,8.01687240600586,0.0,1.0761330127716064,14.0,0.9884100556373596,270.0
200.0,False,True,0.8199999928474426,16.070175170898438,0.21792404353618622,0.6698627471923828,8.0,1.2441455125808716,270.0
200.0,False,True,0.0,6.543496608734131,0.07315445691347122,0.8152944445610046,5.0,1.131300926208496,270.0
200.0,False,True,0.8799999952316284,8.039978981018066,0.2747568190097809,0.6123034954071045,4.0,1.194555640220642,270.0
200.0,False,True,0.0,6.378119468688965,0.016867658123373985,0.6521788239479065,8.0,0.9994195699691772,270.0
200.0,False,True,0.0,9.976576805114746,0.16353458166122437,0.8616005778312683,2.0,1.10768461227417,270.0
200.0,False,True,0.0,10.419053077697754,0.011136312037706375,0.7934464812278748,10.0,1.062191367149353,270.0
200.0,False,True,0.85999995470047,9.71265983581543,0.2250409871339798,0.7469815015792847,3.0,1.1557725667953491,270.0
200.0,False,True,0.0,10.726402282714844,0.022925561293959618,0.8395581245422363,10.0,1.1099307537078857,270.0
200.0,False,True,0.0,19.947593688964844,0.0,1.416953444480896,10.0,1.2609151601791382,270.0
200.0,False,True,0.0,9.01650333404541,0.17179229855537415,0.8899896740913391,3.0,1.1520421504974365,270.0
200.0,False,True,0.0,10.415482521057129,0.023874666541814804,1.3279037475585938,3.0,1.176636815071106,270.0
200.0,False,True,0.8799999952316284,7.190420150756836,0.22824791073799133,0.6341986656188965,6.0,1.0861380100250244,270.0
200.0,False,True,0.0,13.541894912719727,0.055455032736063004,0.9193256497383118,8.0,1.2439649105072021,270.0
200.0,False,True,0.0,10.81375789642334,0.0007901692297309637,1.0175423622131348,10.0,1.2103685140609741,270.0
200.0,False,True,0.85999995470047,10.420166969299316,0.2669370174407959,0.744041919708252,4.0,1.1674340963363647,270.0
200.0,False,True,0.0,11.93193244934082,0.08301268517971039,1.063188910484314,5.0,1.246325135231018,270.0
200.0,False,True,0.0,9.422623634338379,0.14550411701202393,0.8955865502357483,2.0,1.1270099878311157,270.0
200.0,False,True,0.0,8.101691246032715,0.02011154592037201,0.8103240132331848,10.0,1.1656392812728882,270.0
200.0,False,True,0.0,25.95199203491211,0.16125239431858063,1.275488257408142,5.0,1.2770360708236694,270.0
200.0,False,True,0.0,7.599514484405518,0.1720309853553772,0.7468245625495911,3.0,1.0921257734298706,270.0
250.0,True,False,nan,48.57501983642578,0.05709562450647354,0.8395805358886719,10.0,1.1327738761901855,0.0
250.0,False,True,0.0,9.357736587524414,0.0,1.7974933385849,16.0,1.2735319137573242,0.0
250.0,False,True,0.85999995470047,10.570621490478516,0.409189373254776,0.7991509437561035,3.0,1.2858693599700928,0.0
250.0,False,True,0.2800000011920929,9.555038452148438,0.10612804442644119,0.7516334056854248,10.0,1.1689716577529907,0.0
250.0,False,True,0.5799999833106995,7.30699348449707,0.18461476266384125,0.7264581918716431,10.0,1.1068785190582275,0.0
250.0,False,True,0.9199999570846558,10.16513729095459,0.38266393542289734,0.6367694735527039,10.0,1.284654140472412,0.0
250.0,False,True,0.0,6.704872131347656,0.0008838879875838757,0.9273485541343689,10.0,1.0917441844940186,0.0
250.0,False,True,0.0,7.05257511138916,0.0005592417437583208,1.043593406677246,2.0,1.2095774412155151,0.0
250.0,False,True,0.5799999833106995,9.151070594787598,0.2039358764886856,0.7666623592376709,9.0,1.2456333637237549,0.0
250.0,False,True,0.0,6.236525058746338,0.0005421042442321777,1.0169249773025513,3.0,1.2048790454864502,0.0
250.0,False,True,0.5799999833106995,7.178076267242432,0.26097166538238525,0.59976726770401,7.0,1.159629225730896,0.0
250.0,False,True,0.0,7.513791084289551,0.0,1.2410860061645508,7.0,1.0741204023361206,0.0
250.0,False,True,0.8799999952316284,21.91806983947754,0.5860393643379211,0.7585961818695068,5.0,1.2908291816711426,0.0
250.0,False,True,0.0,9.18508529663086,0.0,1.2917075157165527,11.0,1.1599302291870117,0.0
250.0,False,True,0.5600000023841858,9.44229507446289,0.22188717126846313,0.9214779138565063,9.0,1.234500527381897,0.0
250.0,False,True,0.0,8.062387466430664,0.0,1.1764726638793945,8.0,1.1345808506011963,0.0
250.0,False,True,0.0,8.414006233215332,0.0,1.403778076171875,13.0,1.2042673826217651,0.0
250.0,False,True,0.7999999523162842,11.76927661895752,0.271743506193161,1.170555830001831,9.0,1.245009422302246,0.0
250.0,False,True,0.5600000023841858,8.619376182556152,0.1667007952928543,0.8569687008857727,7.0,1.1451961994171143,0.0
250.0,False,True,0.0,8.70729923248291,0.0,1.3959351778030396,12.0,1.2966645956039429,0.0
250.0,False,True,0.5799999833106995,7.310778617858887,0.14978329837322235,0.7166033983230591,3.0,1.1999166011810303,0.0
250.0,False,True,0.0,6.266287803649902,0.02411569468677044,0.9423350691795349,3.0,1.1135270595550537,0.0
250.0,False,True,0.5799999833106995,7.354741096496582,0.17551466822624207,0.6686919927597046,11.0,1.2015942335128784,0.0
250.0,False,True,0.0,5.771188259124756,0.010222257114946842,0.899814248085022,9.0,1.1651432514190674,0.0
250.0,False,True,0.0,8.993417739868164,0.0,1.2057417631149292,10.0,1.2300797700881958,0.0
250.0,False,True,0.0,9.011903762817383,0.0,1.2003002166748047,2.0,1.3137506246566772,0.0
250.0,False,True,0.0,7.429250717163086,0.0,1.4172810316085815,6.0,1.152299404144287,0.0
250.0,False,True,0.0,8.238665580749512,0.03467901051044464,0.9413852691650391,2.0,1.2693270444869995,0.0
250.0,False,True,0.0,7.87977933883667,0.00022711038764100522,1.1154379844665527,9.0,1.3262747526168823,0.0
250.0,False,True,0.8999999761581421,10.387052536010742,0.35556697845458984,0.6882315874099731,4.0,1.3332618474960327,0.0
250.0,False,True,0.5999999642372131,7.389898300170898,0.22344756126403809,0.6795409917831421,8.0,1.1257522106170654,0.0
250.0,False,True,0.5799999833106995,8.22103500366211,0.17448286712169647,0.7892546653747559,17.0,1.2971627712249756,0.0
250.0,False,True,0.0,6.970660209655762,0.0,1.3875895738601685,4.0,1.1340876817703247,0.0
250.0,False,True,0.0,6.989769458770752,0.0035976336803287268,1.011541724205017,4.0,1.2163071632385254,0.0
250.0,False,True,0.0,9.090444564819336,0.0,1.5423834323883057,13.0,1.3430421352386475,0.0
250.0,False,True,0.0,8.104695320129395,0.04087892547249794,0.8881589770317078,6.0,1.281757116317749,0.0
250.0,False,True,0.0,7.745546340942383,0.0,1.3595002889633179,4.0,1.1699069738388062,0.0
250.0,False,True,0.5799999833106995,8.920175552368164,0.3377280533313751,0.683889627456665,7.0,1.2206621170043945,0.0
250.0,False,True,0.29999998211860657,7.8404221534729,0.08729090541601181,1.0289932489395142,5.0,1.2375078201293945,0.0
250.0,False,True,0.0,9.43604850769043,0.0,1.1748615503311157,10.0,1.1300548315048218,0.0
250.0,False,True,0.5399999618530273,11.47895336151123,0.22609324753284454,1.0759131908416748,14.0,1.35435950756073,0.0
250.0,False,True,0.0,7.473360061645508,0.0,1.232414722442627,5.0,1.2932170629501343,0.0
250.0,False,True,0.5799999833106995,8.927947998046875,0.2612975239753723,0.6698716878890991,8.0,1.2844550609588623,0.0
250.0,False,True,0.0,5.964435577392578,0.017044171690940857,0.808829128742218,9.0,1.1140605211257935,0.0
250.0,False,True,0.5799999833106995,7.160947799682617,0.2512997090816498,0.6123051047325134,4.0,1.1693570613861084,0.0
250.0,False,True,0.0,7.732180595397949,0.0,1.4356040954589844,6.0,1.2410955429077148,0.0
250.0,False,True,0.5799999833106995,7.905592918395996,0.20281757414340973,0.6521755456924438,8.0,1.2651199102401733,0.0
250.0,False,True,0.8799999952316284,10.12607192993164,0.26075857877731323,0.8438429236412048,2.0,1.2491785287857056,0.0
250.0,False,True,0.5600000023841858,8.81521224975586,0.18834146857261658,0.7934638261795044,10.0,1.2518372535705566,0.0
250.0,False,True,0.0,7.81343936920166,0.0,1.439408540725708,5.0,1.2343894243240356,0.0
250.0,False,True,0.29999998211860657,5.957167625427246,0.09031839668750763,0.747006893157959,3.0,1.1568019390106201,0.0
250.0,False,True,0.0,8.397699356079102,0.0,1.4169470071792603,10.0,1.2206244468688965,0.0
250.0,False,True,0.0,5.76714563369751,0.027784625068306923,0.8899776339530945,3.0,1.1549614667892456,0.0
250.0,False,True,0.0,6.693132400512695,0.0,1.3278995752334595,3.0,1.1195553541183472,0.0
250.0,False,True,0.5799999833106995,6.634568691253662,0.13965019583702087,0.6342080235481262,6.0,1.1636477708816528,0.0
250.0,False,True,0.0,7.67593240737915,0.04000416398048401,0.91730797290802,8.0,1.271868109703064,0.0
250.0,False,True,0.0,7.75658655166626,0.0035993813071399927,1.0175395011901855,10.0,1.2080014944076538,0.0
250.0,False,True,0.5799999833106995,7.180427551269531,0.13585476577281952,0.7440670728683472,4.0,1.205530047416687,0.0
250.0,False,True,0.0,6.455308437347412,0.0008192348177544773,1.0631861686706543,5.0,1.2307813167572021,0.0
250.0,False,True,0.0,7.333634853363037,0.04168595001101494,0.8955951929092407,2.0,1.2332589626312256,0.0
250.0,False,True,0.0,6.136319160461426,0.031217429786920547,0.8103036284446716,10.0,1.1111619472503662,0.0
250.0,False,True,0.0,7.012660026550293,0.0,1.2754935026168823,5.0,1.2172911167144775,0.0
250.0,False,True,0.5799999833106995,6.407564640045166,0.1471933126449585,0.7468721866607666,3.0,1.151611089706421,0.0
250.0,False,True,0.0,8.867116928100586,0.0,1.2320103645324707,4.0,1.3282352685928345,0.0
250.0,True,False,nan,45.57743835449219,0.10237503051757812,1.5423791408538818,13.0,1.339941382408142,90.0
250.0,True,False,nan,46.89311218261719,0.08504784107208252,1.7974777221679688,16.0,1.3409487009048462,90.0
250.0,True,False,nan,49.823421478271484,0.13280867040157318,0.8395586609840393,10.0,1.044265627861023,90.0
250.0,True,False,nan,45.70115661621094,0.5523902773857117,1.4037760496139526,13.0,1.4313185214996338,90.0
250.0,True,False,nan,46.6844367980957,0.6873210072517395,0.9273532629013062,10.0,1.2146230936050415,90.0
250.0,True,False,nan,47.660736083984375,0.7072013020515442,1.4169492721557617,10.0,1.317107081413269,90.0
250.0,False,True,0.5600000023841858,11.116130828857422,0.15074500441551208,0.7991559505462646,3.0,1.0134047269821167,90.0
250.0,False,True,0.0,9.731690406799316,0.054123230278491974,0.7516278028488159,10.0,0.9588003158569336,90.0
250.0,False,True,0.5600000023841858,12.483168601989746,0.2830963730812073,0.7264676690101624,10.0,1.0698199272155762,90.0
250.0,False,True,0.9199999570846558,15.508231163024902,0.5441299676895142,0.6367699503898621,10.0,1.193456768989563,90.0
250.0,False,True,0.41999998688697815,19.095605850219727,0.07322487980127335,1.0435861349105835,2.0,1.2798752784729004,90.0
250.0,False,True,0.5799999833106995,15.165473937988281,0.366803377866745,0.7666693925857544,9.0,1.1812611818313599,90.0
250.0,False,True,0.41999998688697815,19.90583038330078,0.0938565731048584,1.0169329643249512,3.0,1.3350129127502441,90.0
250.0,False,True,0.5999999642372131,11.858650207519531,0.3483635485172272,0.5997623205184937,7.0,1.103726863861084,90.0
250.0,False,True,0.7199999690055847,24.15207862854004,0.09190444648265839,1.2410825490951538,7.0,1.423343300819397,90.0
250.0,False,True,0.41999998688697815,12.655601501464844,0.10520493984222412,0.7586067914962769,5.0,1.0491694211959839,90.0
250.0,False,True,0.8799999952316284,31.60248565673828,0.13099467754364014,1.291713833808899,11.0,1.3203020095825195,90.0
250.0,False,True,0.0,12.223081588745117,0.10822415351867676,0.9216047525405884,9.0,0.9868740439414978,90.0
250.0,False,True,0.7199999690055847,25.86006736755371,0.13366517424583435,1.1764724254608154,8.0,1.3623305559158325,90.0
250.0,False,True,0.0,14.160101890563965,0.05005233734846115,1.1705574989318848,9.0,0.931050181388855,90.0
250.0,False,True,0.0,11.593656539916992,0.12315895408391953,0.856974184513092,7.0,0.9219101071357727,90.0
250.0,False,True,1.5399999618530273,41.90637969970703,0.32093679904937744,1.395930290222168,12.0,1.392999291419983,90.0
250.0,False,True,0.5600000023841858,10.195684432983398,0.1562919020652771,0.7166199684143066,3.0,1.0828392505645752,90.0
250.0,False,True,0.0,13.264565467834473,0.037068966776132584,0.9423354864120483,3.0,1.1926878690719604,90.0
250.0,False,True,0.5600000023841858,12.821660995483398,0.26626014709472656,0.655799925327301,10.0,1.0614378452301025,90.0
250.0,False,True,1.1399999856948853,28.934242248535156,0.3318128287792206,0.8998126983642578,9.0,1.2372735738754272,90.0
250.0,False,True,0.9399999976158142,33.06804656982422,0.21463178098201752,1.2057397365570068,10.0,1.3096567392349243,90.0
250.0,False,True,0.41999998688697815,18.02710723876953,0.02587454952299595,1.2003093957901,2.0,1.3156580924987793,90.0
250.0,False,True,0.9599999785423279,30.49249839782715,0.16654403507709503,1.4172841310501099,6.0,1.3381736278533936,90.0
250.0,False,True,0.3999999761581421,15.335914611816406,0.08033901453018188,0.9413800835609436,2.0,1.2727556228637695,90.0
250.0,False,True,0.8999999761581421,27.792993545532227,0.17246288061141968,1.115437626838684,9.0,1.290754795074463,90.0
250.0,False,True,0.5799999833106995,12.542908668518066,0.2632347047328949,0.6882070899009705,4.0,1.1680173873901367,90.0
250.0,False,True,0.5799999833106995,12.651642799377441,0.3129608929157257,0.6795316338539124,8.0,1.0845474004745483,90.0
250.0,False,True,0.5399999618530273,13.553252220153809,0.19079312682151794,0.7918099164962769,17.0,1.0982447862625122,90.0
250.0,False,True,0.4399999976158142,18.170129776000977,0.012129398062825203,1.3875839710235596,4.0,1.2502774000167847,90.0
250.0,False,True,0.9199999570846558,26.754131317138672,0.144785076379776,1.0115300416946411,4.0,1.2404290437698364,90.0
250.0,False,True,0.0,15.034706115722656,0.2995419204235077,0.8881557583808899,6.0,1.219751238822937,90.0
250.0,False,True,0.7999999523162842,27.46515655517578,0.07648858428001404,1.3594884872436523,4.0,1.4161701202392578,90.0
250.0,False,True,0.5799999833106995,12.331327438354492,0.2689676582813263,0.6838839650154114,7.0,1.0610034465789795,90.0
250.0,False,True,0.0,9.196524620056152,0.005772847682237625,1.0289907455444336,5.0,0.9621589779853821,90.0
250.0,False,True,0.7599999904632568,26.957962036132812,0.14357265830039978,1.1748467683792114,10.0,1.2962439060211182,90.0
250.0,False,True,0.3999999761581421,16.533897399902344,0.1344594806432724,1.0761290788650513,14.0,1.122036337852478,90.0
250.0,False,True,1.100000023841858,32.00832748413086,0.24439091980457306,1.2323956489562988,5.0,1.2783257961273193,90.0
250.0,False,True,0.5799999833106995,15.222299575805664,0.3697962760925293,0.6698638796806335,8.0,1.2181497812271118,90.0
250.0,False,True,0.5,18.85332679748535,0.19102616608142853,0.8153010606765747,5.0,1.306686282157898,90.0
250.0,False,True,0.5799999833106995,10.456621170043945,0.2702152132987976,0.6123029589653015,4.0,1.0670545101165771,90.0
250.0,False,True,0.41999998688697815,18.666955947875977,0.006751172244548798,1.4356046915054321,6.0,1.2772551774978638,90.0
250.0,False,True,0.5399999618530273,11.944792747497559,0.21190370619297028,0.652172863483429,8.0,1.034210205078125,90.0
250.0,False,True,0.0,11.055208206176758,0.08420491218566895,0.8438431620597839,2.0,1.052238941192627,90.0
250.0,False,True,0.35999998450279236,11.630727767944336,0.10112801194190979,0.7934550642967224,10.0,0.9698344469070435,90.0
250.0,False,True,1.059999942779541,31.379911422729492,0.10368573665618896,1.4394598007202148,5.0,1.2713377475738525,90.0
250.0,False,True,0.5199999809265137,16.709718704223633,0.18388307094573975,0.7470138669013977,3.0,1.241226315498352,90.0
250.0,False,True,0.0,14.335329055786133,0.06000121682882309,0.8899714946746826,3.0,1.1666595935821533,90.0
250.0,False,True,0.4599999785423279,20.744720458984375,0.0034421132877469063,1.3278913497924805,3.0,1.2400151491165161,90.0
250.0,False,True,0.5600000023841858,10.26910400390625,0.22120238840579987,0.6342046856880188,6.0,1.084753394126892,90.0
250.0,False,True,0.9799999594688416,27.15850257873535,0.23860730230808258,0.9193325638771057,8.0,1.3308448791503906,90.0
250.0,False,True,1.1200000047683716,31.526540756225586,0.5079811811447144,1.0175412893295288,10.0,1.250227451324463,90.0
250.0,False,True,0.5600000023841858,11.125479698181152,0.19403140246868134,0.7440763711929321,4.0,1.1734412908554077,90.0
250.0,False,True,0.85999995470047,25.76187515258789,0.17357389628887177,1.063198447227478,5.0,1.2083557844161987,90.0
250.0,False,True,0.0,14.625581741333008,0.04540836811065674,0.8955944180488586,2.0,1.235524296760559,90.0
250.0,False,True,1.1399999856948853,26.437088012695312,0.3690895140171051,0.8102981448173523,10.0,1.2224539518356323,90.0
250.0,False,True,0.699999988079071,26.922203063964844,0.07350581884384155,1.2754878997802734,5.0,1.3493057489395142,90.0
250.0,False,True,0.5600000023841858,8.644497871398926,0.10974793136119843,0.7468206286430359,3.0,0.9914216995239258,90.0
250.0,False,True,0.8399999737739563,28.50058364868164,0.08261846750974655,1.2320091724395752,4.0,1.2917698621749878,90.0
250.0,True,False,nan,8.950760841369629,0.0,1.797484278678894,16.0,0.9282817840576172,90.0
250.0,True,False,nan,2.6740806102752686,0.0,1.5423803329467773,13.0,0.311918705701828,90.0
250.0,True,False,nan,50.22983932495117,0.4196133017539978,0.8881587386131287,6.0,1.1838661432266235,180.0
250.0,True,False,nan,49.46981430053711,0.4006006717681885,0.7586068511009216,5.0,1.1942154169082642,180.0
250.0,False,True,0.8999999761581421,16.73414421081543,0.4781501293182373,1.7974995374679565,16.0,1.4117107391357422,180.0
250.0,False,True,0.8999999761581421,10.993021965026855,0.23465369641780853,0.7991270422935486,3.0,1.2566860914230347,180.0
250.0,False,True,0.0,7.798705101013184,0.019303740933537483,0.7516308426856995,10.0,1.1770473718643188,180.0
250.0,False,True,0.0,8.53421401977539,0.07803688198328018,0.7264759540557861,10.0,1.161197543144226,180.0
250.0,False,True,1.2999999523162842,12.3931884765625,0.8662326335906982,0.636772632598877,10.0,1.2848012447357178,180.0
250.0,False,True,0.6399999856948853,9.470521926879883,0.2846563756465912,0.927337110042572,10.0,1.156314492225647,180.0
250.0,False,True,0.8999999761581421,10.484359741210938,0.421325147151947,1.0436934232711792,3.0,1.223540186882019,180.0
250.0,False,True,1.0199999809265137,11.445700645446777,0.5626785159111023,0.7666719555854797,9.0,1.2289057970046997,180.0
250.0,False,True,0.9199999570846558,10.913203239440918,0.3937224745750427,1.0172348022460938,3.0,1.2258954048156738,180.0
250.0,False,True,0.699999988079071,8.12987232208252,0.2753972113132477,0.5997732877731323,7.0,1.1810376644134521,180.0
250.0,False,True,0.0,10.25438117980957,0.27295559644699097,1.2410922050476074,7.0,1.2363407611846924,180.0
250.0,False,True,0.0,12.029605865478516,0.2986966371536255,1.2917070388793945,11.0,1.2063193321228027,180.0
250.0,False,True,0.0,8.473638534545898,0.0,0.9216167330741882,9.0,1.1814464330673218,180.0
250.0,False,True,0.6200000047683716,11.3485746383667,0.3514668345451355,1.1764788627624512,8.0,1.2233539819717407,180.0
250.0,False,True,0.0,14.255691528320312,0.5149198174476624,1.4037665128707886,13.0,1.33806574344635,180.0
250.0,False,True,0.0,10.262206077575684,0.0,1.1705456972122192,9.0,1.3178582191467285,180.0
250.0,False,True,0.0,8.094490051269531,0.0,0.8569691181182861,7.0,1.1745051145553589,180.0
250.0,False,True,0.9399999976158142,15.307494163513184,0.5648431181907654,1.395924687385559,12.0,1.320495367050171,180.0
250.0,False,True,0.4599999785423279,6.9052958488464355,0.1906641125679016,0.7166076898574829,3.0,1.1283400058746338,180.0
250.0,False,True,0.0,6.856494903564453,0.11377221345901489,0.9423430562019348,3.0,1.135807991027832,180.0
250.0,False,True,0.5999999642372131,8.749899864196777,0.1947547346353531,0.6558107733726501,10.0,1.1193739175796509,180.0
250.0,False,True,0.6800000071525574,9.857439994812012,0.3605060577392578,0.8998132348060608,9.0,1.1635767221450806,180.0
250.0,False,True,0.9199999570846558,13.159717559814453,0.42392677068710327,1.2056814432144165,10.0,1.2327449321746826,180.0
250.0,False,True,0.0,13.316144943237305,0.39562663435935974,1.2003008127212524,2.0,1.222767949104309,180.0
250.0,False,True,0.0,11.852683067321777,0.29354843497276306,1.4172661304473877,6.0,1.2833958864212036,180.0
250.0,False,True,0.8799999952316284,10.5869722366333,0.4183182418346405,0.9413905143737793,2.0,1.1789982318878174,180.0
250.0,False,True,0.9399999976158142,14.017043113708496,0.7063114047050476,1.115430235862732,9.0,1.3192459344863892,180.0
250.0,False,True,1.0799999237060547,11.034173965454102,0.7402061223983765,0.6882178783416748,4.0,1.281207799911499,180.0
250.0,False,True,0.41999998688697815,7.903433322906494,0.15010252594947815,0.6795575022697449,8.0,1.165854573249817,180.0
250.0,False,True,0.0,10.173222541809082,0.03138046711683273,0.7892521619796753,17.0,1.0782732963562012,180.0
250.0,False,True,0.0,10.088943481445312,0.2670142948627472,1.3875869512557983,4.0,1.2464468479156494,180.0
250.0,False,True,0.8999999761581421,10.589146614074707,0.44090282917022705,1.011547327041626,4.0,1.231140375137329,180.0
250.0,False,True,0.9199999570846558,16.09848976135254,0.5098111629486084,1.5423760414123535,13.0,1.3167552947998047,180.0
250.0,False,True,0.0,12.668563842773438,0.3878123462200165,1.3595050573349,4.0,1.344470739364624,180.0
250.0,False,True,0.47999998927116394,9.315214157104492,0.19179116189479828,0.683887779712677,7.0,1.1844053268432617,180.0
250.0,False,True,0.0,5.46977424621582,0.0,1.0289874076843262,5.0,1.128382921218872,180.0
250.0,False,True,0.0,11.61109447479248,0.3045208752155304,1.1748673915863037,10.0,1.181900143623352,180.0
250.0,False,True,0.0,9.472265243530273,0.0,1.0761345624923706,14.0,1.09605872631073,180.0
250.0,False,True,0.8999999761581421,12.8450927734375,0.47754016518592834,1.2323946952819824,5.0,1.2915295362472534,180.0
250.0,False,True,1.2599999904632568,11.841704368591309,0.8162569403648376,0.6698713898658752,8.0,1.280587911605835,180.0
250.0,False,True,0.6599999666213989,8.682879447937012,0.3033367991447449,0.8088411092758179,9.0,1.1718175411224365,180.0
250.0,False,True,0.5,7.1352314949035645,0.18677331507205963,0.6123018860816956,4.0,1.1563866138458252,180.0
250.0,False,True,0.0,12.516651153564453,0.3559524118900299,1.435601830482483,6.0,1.3133633136749268,180.0
250.0,False,True,0.0,12.16816520690918,0.11382387578487396,0.6521784067153931,8.0,1.1387559175491333,180.0
250.0,False,True,0.0,10.085549354553223,0.2324623465538025,0.8438445925712585,2.0,1.1968187093734741,180.0
250.0,False,True,0.0,9.401175498962402,0.01733984984457493,0.7934528589248657,10.0,1.1072012186050415,180.0
250.0,False,True,0.0,12.769943237304688,0.35609808564186096,1.4394601583480835,5.0,1.2868895530700684,180.0
250.0,False,True,0.8999999761581421,8.798951148986816,0.36883652210235596,0.7470046877861023,3.0,1.1584762334823608,180.0
250.0,False,True,0.35999998450279236,12.580374717712402,0.16186819970607758,0.8395566344261169,10.0,1.1742076873779297,180.0
250.0,False,True,0.0,13.056370735168457,0.35283607244491577,1.4169495105743408,10.0,1.305619478225708,180.0
250.0,False,True,0.0,7.267009735107422,0.19971700012683868,0.8899772763252258,3.0,1.1295843124389648,180.0
250.0,False,True,0.0,9.01589298248291,0.23675070703029633,1.3279000520706177,3.0,1.2138973474502563,180.0
250.0,False,True,0.699999988079071,7.5509934425354,0.3081763684749603,0.6341975331306458,6.0,1.1444571018218994,180.0
250.0,False,True,0.9599999785423279,13.011032104492188,0.6673853397369385,0.9172791838645935,8.0,1.2908861637115479,180.0
250.0,False,True,0.9399999976158142,12.119723320007324,0.4246009886264801,1.0175381898880005,10.0,1.2007874250411987,180.0
250.0,False,True,0.9199999570846558,8.824922561645508,0.38405749201774597,0.7440626621246338,4.0,1.1677868366241455,180.0
250.0,False,True,0.8999999761581421,10.4464750289917,0.39772602915763855,1.0631839036941528,5.0,1.2015326023101807,180.0
250.0,False,True,0.8799999952316284,9.887974739074707,0.3373560309410095,0.8956151008605957,2.0,1.154463529586792,180.0
250.0,False,True,0.6599999666213989,8.737835884094238,0.2949942350387573,0.8102866411209106,10.0,1.1523473262786865,180.0
250.0,False,True,0.0,11.519450187683105,0.354083389043808,1.2754926681518555,5.0,1.2553197145462036,180.0
250.0,False,True,0.0,6.204345226287842,0.059107691049575806,0.7468193173408508,3.0,1.1253708600997925,180.0
250.0,False,True,0.8999999761581421,14.188302040100098,0.5775285363197327,1.2307201623916626,4.0,1.2888685464859009,180.0
250.0,True,False,nan,46.66411209106445,0.5048008561134338,0.6882168650627136,4.0,1.4716479778289795,270.0
250.0,True,False,nan,47.935176849365234,0.17014560103416443,1.0631794929504395,5.0,1.4810539484024048,270.0
250.0,True,False,nan,45.210044860839844,0.134393572807312,1.3875863552093506,4.0,1.4412301778793335,270.0
250.0,True,False,nan,45.03947067260742,0.09941644221544266,1.43559992313385,6.0,1.5380884408950806,270.0
250.0,True,False,nan,45.4237060546875,0.30424371361732483,1.2323954105377197,5.0,1.5535780191421509,270.0
250.0,True,False,nan,46.30039596557617,0.16294361650943756,1.2320072650909424,4.0,1.5719776153564453,270.0
250.0,True,False,nan,47.5243034362793,0.28983989357948303,1.011549711227417,4.0,1.4903103113174438,270.0
250.0,True,False,nan,47.68302536010742,0.6751775741577148,0.7440693378448486,4.0,1.4365425109863281,270.0
250.0,True,False,nan,49.99676513671875,0.653443455696106,0.6698703765869141,8.0,1.4796465635299683,270.0
250.0,True,False,nan,50.395240783691406,0.7121049165725708,0.636777400970459,10.0,1.4709645509719849,270.0
250.0,True,False,nan,55.02803039550781,0.12585358321666718,1.32790207862854,3.0,1.4013078212738037,270.0
250.0,True,False,nan,45.5018196105957,0.14784903824329376,1.4394621849060059,5.0,1.5170818567276,270.0
250.0,True,False,nan,49.07026290893555,0.14042513072490692,0.7586092352867126,5.0,1.2549424171447754,270.0
250.0,True,False,nan,49.0590934753418,0.2867107093334198,0.9172870516777039,8.0,1.4649078845977783,270.0
250.0,True,False,nan,46.9844970703125,0.3271217942237854,1.7974907159805298,16.0,1.579599142074585,270.0
250.0,True,False,nan,50.23051834106445,0.07714458554983139,0.7516327500343323,10.0,1.2856535911560059,270.0
250.0,True,False,nan,45.66973114013672,0.5485106706619263,1.275489330291748,5.0,1.5346009731292725,270.0
250.0,True,False,nan,51.73519515991211,0.5000425577163696,0.8998222947120667,9.0,1.413960576057434,270.0
250.0,True,False,nan,50.52007293701172,0.8536093235015869,0.7666515111923218,9.0,1.4775055646896362,270.0
250.0,True,False,nan,48.8793830871582,0.18665960431098938,1.0172463655471802,3.0,1.5211436748504639,270.0
250.0,True,False,nan,51.79726791381836,0.40520334243774414,1.0435947179794312,2.0,1.491754174232483,270.0
250.0,True,False,nan,45.206844329833984,0.4912593960762024,1.3959274291992188,12.0,1.527711272239685,270.0
250.0,True,False,nan,48.44491958618164,0.562783420085907,1.5423702001571655,13.0,1.5315848588943481,270.0
250.0,True,False,nan,45.550567626953125,0.009436771273612976,1.3594928979873657,4.0,1.4969960451126099,270.0
250.0,False,True,0.85999995470047,13.782502174377441,0.3013410270214081,0.799121081829071,3.0,1.2870324850082397,270.0
250.0,False,True,0.85999995470047,7.988588333129883,0.23149149119853973,0.7264687418937683,10.0,1.3649647235870361,270.0
250.0,False,True,0.0,23.73622703552246,0.16652269661426544,0.9273492693901062,10.0,1.3635673522949219,270.0
250.0,False,True,0.85999995470047,11.12413501739502,0.40908536314964294,0.5997663736343384,7.0,1.4198906421661377,270.0
250.0,False,True,0.0,12.391644477844238,0.003669204656034708,1.241086483001709,7.0,1.4241318702697754,270.0
250.0,False,True,0.0,17.28955841064453,0.0642756000161171,1.291717529296875,11.0,1.4425033330917358,270.0
250.0,False,True,0.0,12.675366401672363,0.2291073352098465,0.9214646816253662,9.0,1.2949786186218262,270.0
250.0,False,True,0.0,12.126617431640625,0.057978205382823944,1.176488995552063,8.0,1.4912625551223755,270.0
250.0,False,True,0.0,15.341814041137695,0.0518035888671875,1.40578293800354,13.0,1.4651027917861938,270.0
250.0,False,True,0.0,14.489946365356445,0.10045689344406128,1.1705248355865479,9.0,1.2281125783920288,270.0
250.0,False,True,0.0,7.843076229095459,0.0805007666349411,0.8569719195365906,7.0,1.2668213844299316,270.0
250.0,False,True,0.85999995470047,12.040858268737793,0.4139121472835541,0.7166212201118469,3.0,1.3124593496322632,270.0
250.0,False,True,0.8199999928474426,15.456762313842773,0.2858371436595917,0.9423476457595825,3.0,1.3872411251068115,270.0
250.0,False,True,0.8799999952316284,6.684454441070557,0.2231435775756836,0.6557996869087219,10.0,1.238958477973938,270.0
250.0,False,True,0.0,16.801334381103516,0.17270039021968842,1.2057431936264038,10.0,1.4468693733215332,270.0
250.0,False,True,1.1799999475479126,20.639806747436523,0.11029087007045746,1.2002991437911987,2.0,1.5137462615966797,270.0
250.0,False,True,0.0,21.772001266479492,0.18897856771945953,1.4172775745391846,6.0,1.512924075126648,270.0
250.0,False,True,0.7999999523162842,15.260777473449707,0.2293960303068161,0.9413825869560242,2.0,1.391966700553894,270.0
250.0,False,True,0.0,25.41435432434082,1.523283839225769,1.1153883934020996,9.0,1.5834301710128784,270.0
250.0,False,True,0.85999995470047,8.970296859741211,0.29060181975364685,0.6795228719711304,8.0,1.3851914405822754,270.0
250.0,False,True,0.0,7.137293338775635,0.11358126997947693,0.7892559170722961,17.0,1.198152780532837,270.0
250.0,False,True,0.0,14.50920581817627,0.1372346729040146,0.8881576657295227,6.0,1.321051001548767,270.0
250.0,False,True,0.8399999737739563,12.064996719360352,0.3951979875564575,0.6838853359222412,7.0,1.3381266593933105,270.0
250.0,False,True,0.0,13.240059852600098,0.1970413327217102,1.0289968252182007,5.0,1.2893085479736328,270.0
250.0,False,True,0.0,12.565705299377441,0.005013644229620695,1.1748623847961426,10.0,1.421373963356018,270.0
250.0,False,True,0.0,12.112255096435547,0.006272745318710804,1.076135516166687,14.0,1.3120813369750977,270.0
250.0,False,True,0.8199999928474426,9.740716934204102,0.21843063831329346,0.808829665184021,9.0,1.357322335243225,270.0
250.0,False,True,0.85999995470047,12.149534225463867,0.440959095954895,0.6123013496398926,4.0,1.3600037097930908,270.0
250.0,False,True,0.2800000011920929,9.42600154876709,0.04904349893331528,0.6521758437156677,8.0,1.2699847221374512,270.0
250.0,False,True,0.8399999737739563,15.326886177062988,0.3131345510482788,0.8438443541526794,2.0,1.3421084880828857,270.0
250.0,False,True,0.41999998688697815,15.964689254760742,0.035037845373153687,0.7934474945068359,10.0,1.2293061017990112,270.0
250.0,False,True,0.7999999523162842,14.259310722351074,0.35093772411346436,0.746985673904419,3.0,1.4150503873825073,270.0
250.0,False,True,0.4399999976158142,15.477919578552246,0.04880772531032562,0.8395681977272034,10.0,1.270516037940979,270.0
250.0,False,True,0.0,34.515464782714844,2.1477770805358887,1.4169560670852661,10.0,1.5236574411392212,270.0
250.0,False,True,0.8399999737739563,12.50485897064209,0.3175336718559265,0.8899872303009033,3.0,1.3732311725616455,270.0
250.0,False,True,0.85999995470047,10.03889274597168,0.28927338123321533,0.6342110633850098,6.0,1.3084251880645752,270.0
250.0,False,True,0.0,21.11290740966797,0.06540556252002716,1.0175385475158691,10.0,1.4468671083450317,270.0
250.0,False,True,0.8399999737739563,12.76566219329834,0.2560459077358246,0.895591676235199,2.0,1.34377920627594,270.0
250.0,False,True,0.0,16.983491897583008,0.1730768233537674,0.8103089928627014,10.0,1.3790746927261353,270.0
250.0,False,True,0.85999995470047,10.581579208374023,0.3258533179759979,0.7468199729919434,3.0,1.2481129169464111,270.0
250.0,True,False,nan,2.7721991539001465,0.002759511349722743,0.6881940960884094,4.0,0.7656619548797607,270.0
250.0,True,False,nan,2.469658374786377,0.0,1.3875869512557983,4.0,0.6323339343070984,270.0
250.0,True,False,nan,0.7022078633308411,0.0,1.0631791353225708,5.0,0.19668608903884888,270.0
300.0,True,False,nan,53.922096252441406,0.6961534023284912,1.1705560684204102,9.0,1.4770336151123047,0.0
300.0,True,False,nan,45.156036376953125,0.5077333450317383,0.7934433817863464,10.0,1.3630379438400269,0.0
300.0,True,False,nan,45.38315200805664,1.051038146018982,0.7991279363632202,3.0,1.5267746448516846,0.0
300.0,True,False,nan,50.0506706237793,0.1591639518737793,0.8395525217056274,10.0,1.3734219074249268,0.0
300.0,True,False,nan,51.11213684082031,0.33798524737358093,0.7516350746154785,10.0,1.2623056173324585,0.0
300.0,True,False,nan,49.070133209228516,0.5256814360618591,0.7585979700088501,5.0,1.4827817678451538,0.0
300.0,False,True,0.0,10.09726333618164,0.0,1.7974964380264282,16.0,1.46719491481781,0.0
300.0,False,True,0.5999999642372131,8.559329986572266,0.29235410690307617,0.7264693975448608,10.0,1.294914960861206,0.0
300.0,False,True,0.9199999570846558,12.216207504272461,0.6096875667572021,0.636759877204895,10.0,1.5286588668823242,0.0
300.0,False,True,0.0,8.116846084594727,0.04129776358604431,0.9273385405540466,10.0,1.3126317262649536,0.0
300.0,False,True,0.0,8.02568244934082,0.03239945322275162,1.0435882806777954,2.0,1.461732268333435,0.0
300.0,False,True,0.8999999761581421,10.956499099731445,0.3924298882484436,0.7666707038879395,9.0,1.4432486295700073,0.0
300.0,False,True,0.0,7.930904865264893,0.03190459683537483,1.0169334411621094,3.0,1.436120867729187,0.0
300.0,False,True,0.5799999833106995,8.532832145690918,0.4177285432815552,0.5997735261917114,7.0,1.3784123659133911,0.0
300.0,False,True,0.0,8.636177062988281,0.0,1.2410908937454224,7.0,1.2806835174560547,0.0
300.0,False,True,0.0,10.965856552124023,0.0,1.2917208671569824,11.0,1.3649898767471313,0.0
300.0,False,True,0.8799999952316284,10.922757148742676,0.39327776432037354,0.9215990304946899,9.0,1.4730846881866455,0.0
300.0,False,True,0.0,9.461094856262207,0.0,1.1763761043548584,8.0,1.3386400938034058,0.0
300.0,False,True,0.0,9.313209533691406,0.0,1.4058114290237427,13.0,1.4117501974105835,0.0
300.0,False,True,0.5600000023841858,9.962295532226562,0.32787132263183594,0.8569641709327698,7.0,1.3638256788253784,0.0
300.0,False,True,0.0,9.374711990356445,0.00043125866795890033,1.3959283828735352,12.0,1.5259582996368408,0.0
300.0,False,True,0.5799999833106995,8.762417793273926,0.2681068480014801,0.7166251540184021,3.0,1.4258575439453125,0.0
300.0,False,True,0.0,7.532857894897461,0.08412837237119675,0.9423530101776123,3.0,1.3253631591796875,0.0
300.0,False,True,0.5999999642372131,8.618213653564453,0.3023735582828522,0.6557921767234802,10.0,1.3758751153945923,0.0
300.0,False,True,0.0,7.026883125305176,0.08304800093173981,0.8998203873634338,9.0,1.3849058151245117,0.0
300.0,False,True,0.0,9.677008628845215,0.0028971433639526367,1.2057433128356934,10.0,1.4471737146377563,0.0
300.0,False,True,0.0,12.13204574584961,0.01873420551419258,1.2002880573272705,2.0,1.581872582435608,0.0
300.0,False,True,0.0,8.824143409729004,0.0,1.4172828197479248,6.0,1.3710346221923828,0.0
300.0,False,True,0.2800000011920929,10.832890510559082,0.12743648886680603,0.9413894414901733,2.0,1.4841575622558594,0.0
300.0,False,True,0.0,10.365437507629395,0.04301402345299721,1.1154502630233765,9.0,1.5716992616653442,0.0
300.0,False,True,0.8999999761581421,12.362678527832031,0.5862740874290466,0.6881955862045288,4.0,1.5895969867706299,0.0
300.0,False,True,0.5799999833106995,8.699468612670898,0.3337373733520508,0.679563045501709,8.0,1.3563882112503052,0.0
300.0,False,True,0.5799999833106995,9.695418357849121,0.288878470659256,0.7892540693283081,17.0,1.469634771347046,0.0
300.0,False,True,0.0,8.873871803283691,0.0,1.387588620185852,4.0,1.3690459728240967,0.0
300.0,False,True,0.0,8.483551025390625,0.056152645498514175,1.0115450620651245,4.0,1.4505457878112793,0.0
300.0,False,True,0.0,9.79601001739502,0.0,1.5423768758773804,13.0,1.5578103065490723,0.0
300.0,False,True,0.5600000023841858,9.92703628540039,0.12008488923311234,0.8881682753562927,6.0,1.4468276500701904,0.0
300.0,False,True,0.0,10.075404167175293,0.0,1.3594943284988403,4.0,1.3903124332427979,0.0
300.0,False,True,0.8799999952316284,10.436128616333008,0.5318503379821777,0.6838845610618591,7.0,1.395330786705017,0.0
300.0,False,True,0.29999998211860657,9.140392303466797,0.1962401270866394,1.0289618968963623,5.0,1.4393740892410278,0.0
300.0,False,True,0.0,10.704599380493164,0.0,1.1748652458190918,10.0,1.3360836505889893,0.0
300.0,False,True,0.7999999523162842,15.522785186767578,0.38822486996650696,1.076133370399475,14.0,1.5565193891525269,0.0
300.0,False,True,0.0,10.300951957702637,0.005252356640994549,1.2324031591415405,5.0,1.543273687362671,0.0
300.0,False,True,0.8799999952316284,10.947440147399902,0.49333956837654114,0.6698750257492065,8.0,1.518762469291687,0.0
300.0,False,True,0.0,6.519659042358398,0.08151021599769592,0.8088127374649048,9.0,1.3171637058258057,0.0
300.0,False,True,0.5799999833106995,8.512646675109863,0.40160495042800903,0.6123047471046448,4.0,1.3373591899871826,0.0
300.0,False,True,0.0,9.752498626708984,0.0,1.4356061220169067,6.0,1.4991483688354492,0.0
300.0,False,True,0.5999999642372131,17.091054916381836,0.8014346957206726,0.6521821618080139,8.0,1.3455233573913574,0.0
300.0,False,True,0.85999995470047,11.844001770019531,0.4747104346752167,0.8438387513160706,2.0,1.5009474754333496,0.0
300.0,False,True,0.0,9.189513206481934,0.0,1.439417839050293,5.0,1.4576969146728516,0.0
300.0,False,True,0.5799999833106995,7.235083103179932,0.19303889572620392,0.747017502784729,3.0,1.3804017305374146,0.0
300.0,False,True,0.0,8.854501724243164,0.0,1.4169658422470093,10.0,1.4382423162460327,0.0
300.0,False,True,0.29999998211860657,7.014561653137207,0.0902600958943367,0.8899756073951721,3.0,1.373336911201477,0.0
300.0,False,True,0.0,8.229031562805176,0.0,1.3278907537460327,3.0,1.3516849279403687,0.0
300.0,False,True,0.5799999833106995,7.959885597229004,0.2402593493461609,0.6342098116874695,6.0,1.3923213481903076,0.0
300.0,False,True,0.5600000023841858,9.714906692504883,0.13092245161533356,0.9193263053894043,8.0,1.511321783065796,0.0
300.0,False,True,0.0,7.933403968811035,0.06070176139473915,1.0175397396087646,10.0,1.470810055732727,0.0
300.0,False,True,0.5799999833106995,8.61294937133789,0.2507709264755249,0.7440796494483948,4.0,1.3912155628204346,0.0
300.0,False,True,0.0,9.498087882995605,0.03332831710577011,1.0631887912750244,5.0,1.4494000673294067,0.0
300.0,False,True,0.29999998211860657,9.194408416748047,0.13629351556301117,0.895600438117981,2.0,1.488200306892395,0.0
300.0,False,True,0.29999998211860657,7.863146781921387,0.11849828064441681,0.8103109002113342,10.0,1.330824851989746,0.0
300.0,False,True,0.0,8.054397583007812,0.0,1.2754943370819092,5.0,1.4311422109603882,0.0
300.0,False,True,0.5799999833106995,7.620996475219727,0.2628875970840454,0.746815025806427,3.0,1.3059486150741577,0.0
300.0,False,True,0.0,11.207479476928711,0.013074493035674095,1.232014536857605,4.0,1.6073845624923706,0.0
300.0,True,False,nan,10.30007266998291,0.01573079265654087,1.1705424785614014,9.0,1.0610613822937012,0.0
300.0,True,False,nan,45.363677978515625,0.2583959400653839,1.017540693283081,10.0,1.5637649297714233,90.0
300.0,True,False,nan,45.2442512512207,0.2508566081523895,1.4037634134292603,13.0,1.75143563747406,90.0
300.0,True,False,nan,45.002193450927734,0.1867847889661789,1.417274832725525,6.0,1.5824360847473145,90.0
300.0,True,False,nan,45.547508239746094,0.23356613516807556,1.3959163427352905,12.0,1.6732087135314941,90.0
300.0,True,False,nan,46.140037536621094,0.18751586973667145,1.2410972118377686,7.0,1.7159963846206665,90.0
300.0,True,False,nan,46.70285415649414,0.15847092866897583,1.4394580125808716,5.0,1.5497362613677979,90.0
300.0,True,False,nan,45.31612777709961,0.16682849824428558,1.797486424446106,16.0,1.6572537422180176,90.0
300.0,True,False,nan,45.18528366088867,0.2744377851486206,1.174851417541504,10.0,1.5767600536346436,90.0
300.0,True,False,nan,45.3017692565918,0.23435795307159424,1.2917109727859497,11.0,1.5814881324768066,90.0
300.0,True,False,nan,45.744895935058594,0.19857355952262878,1.5423808097839355,13.0,1.6676887273788452,90.0
300.0,True,False,nan,45.610435485839844,0.25891929864883423,1.4169485569000244,10.0,1.6092745065689087,90.0
300.0,True,False,nan,47.541778564453125,0.3392307162284851,0.8881500363349915,6.0,1.4781821966171265,90.0
300.0,True,False,nan,48.598846435546875,0.8164088726043701,0.8102992177009583,10.0,1.4418805837631226,90.0
300.0,True,False,nan,46.29753112792969,0.5847069025039673,0.9273510575294495,10.0,1.4593497514724731,90.0
300.0,True,False,nan,47.69156265258789,0.4286128282546997,1.0759154558181763,14.0,1.2905710935592651,90.0
300.0,True,False,nan,45.12127685546875,0.6994738578796387,0.9192967414855957,8.0,1.6222985982894897,90.0
300.0,True,False,nan,46.27273178100586,0.6661238074302673,1.4356050491333008,6.0,1.5494285821914673,90.0
300.0,True,False,nan,45.739810943603516,0.33765244483947754,0.8395522832870483,10.0,1.2641429901123047,90.0
300.0,True,False,nan,46.062984466552734,0.6047524809837341,1.1154353618621826,9.0,1.6079896688461304,90.0
300.0,True,False,nan,45.705657958984375,0.4164179563522339,1.2754912376403809,5.0,1.6006433963775635,90.0
300.0,True,False,nan,47.832305908203125,0.8102402687072754,0.899823784828186,9.0,1.5050456523895264,90.0
300.0,True,False,nan,45.425872802734375,0.72850102186203,1.2323967218399048,5.0,1.5871613025665283,90.0
300.0,True,False,nan,46.62467956542969,0.5615161657333374,1.205742597579956,10.0,1.6160204410552979,90.0
300.0,True,False,nan,50.00993347167969,0.5794755220413208,1.3595025539398193,4.0,1.729724645614624,90.0
300.0,False,True,0.5600000023841858,14.839265823364258,0.3158600628376007,0.7991518974304199,3.0,1.2274203300476074,90.0
300.0,False,True,0.7400000095367432,16.755374908447266,0.1836167275905609,0.7516345381736755,10.0,1.1438287496566772,90.0
300.0,False,True,0.5999999642372131,16.397602081298828,0.4685478210449219,0.7264731526374817,10.0,1.2871419191360474,90.0
300.0,False,True,1.1799999475479126,21.054075241088867,0.8513758182525635,0.6367658972740173,10.0,1.455008625984192,90.0
300.0,False,True,0.8399999737739563,28.824111938476562,0.17675481736660004,1.043581485748291,2.0,1.5473568439483643,90.0
300.0,False,True,1.1799999475479126,19.816768646240234,0.6679954528808594,0.7666407227516174,9.0,1.434885025024414,90.0
300.0,False,True,0.85999995470047,26.536548614501953,0.18243765830993652,1.0172065496444702,3.0,1.6040334701538086,90.0
300.0,False,True,0.8999999761581421,15.310391426086426,0.5719573497772217,0.5997606515884399,7.0,1.336413860321045,90.0
300.0,False,True,1.0799999237060547,19.99110221862793,0.3917068839073181,0.7586048245429993,5.0,1.2857192754745483,90.0
300.0,False,True,0.5600000023841858,15.153223991394043,0.2397063970565796,0.9215997457504272,9.0,1.1881736516952515,90.0
300.0,False,True,0.9599999785423279,37.262577056884766,0.24870894849300385,1.176375389099121,8.0,1.674222469329834,90.0
300.0,False,True,0.4399999976158142,18.15221405029297,0.23191094398498535,1.1705386638641357,9.0,1.114884853363037,90.0
300.0,False,True,0.5399999618530273,15.533679008483887,0.25886961817741394,0.8569684624671936,7.0,1.11863112449646,90.0
300.0,False,True,0.5799999833106995,13.236629486083984,0.28101351857185364,0.7166240215301514,3.0,1.3308665752410889,90.0
300.0,False,True,0.7999999523162842,24.97540283203125,0.14823532104492188,0.9423363208770752,3.0,1.4458715915679932,90.0
300.0,False,True,0.8799999952316284,16.503929138183594,0.43606311082839966,0.6557998061180115,10.0,1.2891827821731567,90.0
300.0,False,True,0.5999999642372131,25.470001220703125,0.09658287465572357,1.2002867460250854,2.0,1.5981215238571167,90.0
300.0,False,True,0.7799999713897705,20.591835021972656,0.17942093312740326,0.9413907527923584,2.0,1.5520216226577759,90.0
300.0,False,True,0.6200000047683716,17.34418487548828,0.4749193489551544,0.6882076859474182,4.0,1.4168199300765991,90.0
300.0,False,True,0.8999999761581421,16.84735107421875,0.5307166576385498,0.6795598864555359,8.0,1.29779851436615,90.0
300.0,False,True,0.85999995470047,17.518983840942383,0.3888346552848816,0.7892509698867798,17.0,1.2937668561935425,90.0
300.0,False,True,0.9399999976158142,29.6976318359375,0.09398825466632843,1.3875856399536133,4.0,1.5261222124099731,90.0
300.0,False,True,0.9599999785423279,33.50868606567383,0.28772178292274475,1.011544108390808,4.0,1.5149933099746704,90.0
300.0,False,True,0.8799999952316284,16.187774658203125,0.46012017130851746,0.6838892102241516,7.0,1.2768889665603638,90.0
300.0,False,True,0.0,11.649666786193848,0.06659109145402908,1.0289783477783203,5.0,1.1687798500061035,90.0
300.0,False,True,1.159999966621399,19.639739990234375,0.6131481528282166,0.6698561310768127,8.0,1.469162940979004,90.0
300.0,False,True,0.5199999809265137,17.486427307128906,0.3727611005306244,0.809573769569397,8.0,1.4868518114089966,90.0
300.0,False,True,0.6200000047683716,13.284213066101074,0.407772958278656,0.6123046278953552,4.0,1.2928279638290405,90.0
300.0,False,True,1.1799999475479126,16.12267303466797,0.44766101241111755,0.6521775126457214,8.0,1.2883590459823608,90.0
300.0,False,True,0.5399999618530273,13.903512954711914,0.1564851552248001,0.8615926504135132,2.0,1.2726210355758667,90.0
300.0,False,True,1.1399999856948853,16.86324119567871,0.32514193654060364,0.7934629917144775,10.0,1.2481623888015747,90.0
300.0,False,True,1.1200000047683716,25.47471046447754,0.41689199209213257,0.746981143951416,3.0,1.4950252771377563,90.0
300.0,False,True,0.7999999523162842,21.39911651611328,0.1594286412000656,0.8899950385093689,3.0,1.4181411266326904,90.0
300.0,False,True,0.699999988079071,27.04606056213379,0.048299044370651245,1.327896237373352,3.0,1.5438286066055298,90.0
300.0,False,True,1.100000023841858,13.751605033874512,0.4337189793586731,0.6342039108276367,6.0,1.3307965993881226,90.0
300.0,False,True,1.159999966621399,30.128238677978516,0.7328099012374878,0.744061291217804,4.0,1.4264944791793823,90.0
300.0,False,True,1.100000023841858,34.5892219543457,0.3479478657245636,1.063201665878296,5.0,1.4953442811965942,90.0
300.0,False,True,0.8399999737739563,19.090709686279297,0.14306935667991638,0.8955829739570618,2.0,1.4850049018859863,90.0
300.0,False,True,0.5399999618530273,11.169357299804688,0.2126559615135193,0.7468162775039673,3.0,1.2093346118927002,90.0
300.0,False,True,1.100000023841858,36.073692321777344,0.35243043303489685,1.232017159461975,4.0,1.5804036855697632,90.0
300.0,True,False,nan,10.962876319885254,0.0,1.7974766492843628,16.0,1.1559252738952637,90.0
300.0,True,False,nan,30.719507217407227,0.10244081914424896,1.405795693397522,13.0,1.7369332313537598,90.0
300.0,True,False,nan,4.9568939208984375,0.0,1.3959107398986816,12.0,0.7302971482276917,90.0
300.0,True,False,nan,7.862697124481201,0.0,1.4172601699829102,6.0,1.0796772241592407,90.0
300.0,True,False,nan,6.248083591461182,0.0,1.439460277557373,5.0,0.9619522094726562,90.0
300.0,True,False,nan,2.350686550140381,0.0,1.0175385475158691,10.0,0.4376380145549774,90.0
300.0,True,False,nan,46.035709381103516,0.5946082472801208,0.7586023807525635,5.0,1.487256646156311,180.0
300.0,True,False,nan,45.38253402709961,0.8379185199737549,0.8881654143333435,6.0,1.5202096700668335,180.0
300.0,True,False,nan,47.76225662231445,0.6640235185623169,0.8395547270774841,10.0,1.6569639444351196,180.0
300.0,False,True,1.5,24.222644805908203,1.4013128280639648,1.7974967956542969,16.0,1.722688913345337,180.0
300.0,False,True,0.9199999570846558,12.17078971862793,0.504156231880188,0.7991204857826233,3.0,1.4942561388015747,180.0
300.0,False,True,0.14000000059604645,9.585726737976074,0.1234406903386116,0.7516306042671204,10.0,1.3945395946502686,180.0
300.0,False,True,0.6800000071525574,10.489331245422363,0.3009743392467499,0.7264713048934937,10.0,1.3721675872802734,180.0
300.0,False,True,1.3600000143051147,15.184651374816895,1.277306079864502,0.6367729902267456,10.0,1.567739725112915,180.0
300.0,False,True,0.9399999976158142,11.708747863769531,0.5832279920578003,0.9273476600646973,10.0,1.3866695165634155,180.0
300.0,False,True,0.9199999570846558,13.039535522460938,0.7167561650276184,1.043682336807251,3.0,1.5025157928466797,180.0
300.0,False,True,1.2599999904632568,14.750022888183594,0.9574576020240784,0.7666814923286438,9.0,1.5130282640457153,180.0
300.0,False,True,0.9399999976158142,13.557652473449707,0.7109960317611694,1.016944408416748,3.0,1.5212886333465576,180.0
300.0,False,True,0.9599999785423279,10.704122543334961,0.6007689237594604,0.5997707843780518,7.0,1.411938190460205,180.0
300.0,False,True,0.8999999761581421,12.703226089477539,0.5072634220123291,1.2410868406295776,7.0,1.512452483177185,180.0
300.0,False,True,1.1999999284744263,14.68844985961914,0.7735455632209778,1.2917053699493408,11.0,1.4958961009979248,180.0
300.0,False,True,0.0,10.707155227661133,0.05837254598736763,0.9214736819267273,9.0,1.3885810375213623,180.0
300.0,False,True,0.9399999976158142,14.18381404876709,0.6672118306159973,1.1764754056930542,8.0,1.5217448472976685,180.0
300.0,False,True,1.5199999809265137,18.196712493896484,1.3397374153137207,1.4037879705429077,13.0,1.687804102897644,180.0
300.0,False,True,0.0,13.565284729003906,0.06133869290351868,1.1705341339111328,9.0,1.5500340461730957,180.0
300.0,False,True,0.0,9.527161598205566,0.04539882764220238,0.8569656610488892,7.0,1.3841884136199951,180.0
300.0,False,True,1.559999942779541,18.721954345703125,1.3116129636764526,1.3959133625030518,12.0,1.6278988122940063,180.0
300.0,False,True,0.8999999761581421,10.711841583251953,0.4894259572029114,0.7166287302970886,3.0,1.3947662115097046,180.0
300.0,False,True,0.8799999952316284,8.914095878601074,0.3832706809043884,0.9423409104347229,3.0,1.3546240329742432,180.0
300.0,False,True,0.7999999523162842,10.310725212097168,0.4861632287502289,0.6558018326759338,10.0,1.322900414466858,180.0
300.0,False,True,0.9599999785423279,12.211525917053223,0.6679403185844421,0.8998094797134399,9.0,1.4512821435928345,180.0
300.0,False,True,1.2200000286102295,16.06368637084961,0.9446911811828613,1.2057373523712158,10.0,1.5283366441726685,180.0
300.0,False,True,0.8199999928474426,16.965009689331055,0.6675957441329956,1.200305461883545,2.0,1.499708652496338,180.0
300.0,False,True,0.9199999570846558,14.248200416564941,0.6533204317092896,1.4172695875167847,6.0,1.5710539817810059,180.0
300.0,False,True,0.9199999570846558,23.51702880859375,0.7864459156990051,0.9413888454437256,2.0,1.4431735277175903,180.0
300.0,False,True,1.5199999809265137,17.26767921447754,1.2849549055099487,1.115433931350708,9.0,1.622915267944336,180.0
300.0,False,True,1.459999918937683,14.516576766967773,1.145873785018921,0.6882020831108093,4.0,1.5529448986053467,180.0
300.0,False,True,0.7400000095367432,10.819254875183105,0.4037940502166748,0.679558515548706,8.0,1.378611445426941,180.0
300.0,False,True,0.6200000047683716,9.78508472442627,0.2235601395368576,0.789254367351532,17.0,1.2774381637573242,180.0
300.0,False,True,0.0,12.357477188110352,0.5011557340621948,1.3875951766967773,4.0,1.5153191089630127,180.0
300.0,False,True,0.9399999976158142,13.270978927612305,0.7414376139640808,1.0115464925765991,4.0,1.520363211631775,180.0
300.0,False,True,1.1799999475479126,19.342613220214844,1.0285061597824097,1.542384147644043,13.0,1.6197556257247925,180.0
300.0,False,True,0.5600000023841858,17.241727828979492,0.414031445980072,1.3594988584518433,4.0,1.7385306358337402,180.0
300.0,False,True,0.9599999785423279,11.628117561340332,0.525217592716217,0.6838870048522949,7.0,1.446478009223938,180.0
300.0,False,True,0.0,7.078284740447998,0.0,1.0289654731750488,5.0,1.329559087753296,180.0
300.0,False,True,0.9599999785423279,14.11858081817627,0.721108615398407,1.174859881401062,10.0,1.465687870979309,180.0
300.0,False,True,0.0,11.095973014831543,0.052865222096443176,1.0761302709579468,14.0,1.3170135021209717,180.0
300.0,False,True,0.9399999976158142,15.960145950317383,0.908221423625946,1.232398509979248,5.0,1.5888230800628662,180.0
300.0,False,True,1.3199999332427979,15.200067520141602,1.2212177515029907,0.6698654294013977,8.0,1.5673482418060303,180.0
300.0,False,True,0.9399999976158142,10.91031551361084,0.6037129759788513,0.8095712065696716,8.0,1.404036521911621,180.0
300.0,False,True,0.9199999570846558,9.8722505569458,0.48653125762939453,0.6123000383377075,4.0,1.3715373277664185,180.0
300.0,False,True,0.8999999761581421,15.534749984741211,0.6858422756195068,1.435593605041504,6.0,1.5891716480255127,180.0
300.0,False,True,0.6800000071525574,12.041807174682617,0.33586302399635315,0.6522131562232971,8.0,1.3468544483184814,180.0
300.0,False,True,0.8999999761581421,11.627490997314453,0.492434561252594,0.8438475728034973,2.0,1.441658854484558,180.0
300.0,False,True,0.35999998450279236,9.31017017364502,0.15864317119121552,0.7934573888778687,10.0,1.3133012056350708,180.0
300.0,False,True,0.8999999761581421,15.832453727722168,0.8124991655349731,1.4394587278366089,5.0,1.577000617980957,180.0
300.0,False,True,0.9399999976158142,11.165143013000488,0.6745955348014832,0.7470075488090515,3.0,1.4198447465896606,180.0
300.0,False,True,1.1999999284744263,15.734333038330078,0.843690812587738,1.416947841644287,10.0,1.6010499000549316,180.0
300.0,False,True,0.8799999952316284,9.282983779907227,0.4641089141368866,0.8899751305580139,3.0,1.368826150894165,180.0
300.0,False,True,0.0,11.209183692932129,0.4720361530780792,1.327897310256958,3.0,1.4764293432235718,180.0
300.0,False,True,0.9599999785423279,11.941474914550781,0.6505464315414429,0.6342096924781799,6.0,1.395607829093933,180.0
300.0,False,True,1.2599999904632568,16.353269577026367,1.2284435033798218,0.9169200658798218,8.0,1.6008963584899902,180.0
300.0,False,True,1.2200000286102295,15.058188438415527,0.8745735883712769,1.0175400972366333,10.0,1.4990190267562866,180.0
300.0,False,True,0.9599999785423279,11.249728202819824,0.682887852191925,0.7440662980079651,4.0,1.4436742067337036,180.0
300.0,False,True,0.8999999761581421,12.958383560180664,0.668837308883667,1.0631881952285767,5.0,1.4767982959747314,180.0
300.0,False,True,0.9199999570846558,12.910063743591309,0.6258590221405029,0.8956202864646912,2.0,1.4208552837371826,180.0
300.0,False,True,0.9399999976158142,10.96609115600586,0.599861741065979,0.8102985620498657,10.0,1.3732184171676636,180.0
300.0,False,True,0.9199999570846558,14.07481861114502,0.700842559337616,1.275490403175354,5.0,1.5465790033340454,180.0
300.0,False,True,0.47999998927116394,8.023505210876465,0.2496510148048401,0.7468221783638,3.0,1.3378872871398926,180.0
300.0,False,True,1.2799999713897705,17.766582489013672,1.1458520889282227,1.2320067882537842,4.0,1.5858759880065918,180.0
300.0,True,False,nan,49.66299057006836,0.6644235253334045,0.6882179379463196,4.0,1.7337148189544678,270.0
300.0,True,False,nan,46.328372955322266,0.3971843421459198,0.9423432946205139,3.0,1.5580263137817383,270.0
300.0,True,False,nan,49.209083557128906,0.5531187653541565,0.7440531253814697,4.0,1.6595951318740845,270.0
300.0,True,False,nan,45.270591735839844,0.49858295917510986,1.0631861686706543,5.0,1.7104053497314453,270.0
300.0,True,False,nan,45.785911560058594,0.3404404819011688,1.2003026008605957,2.0,1.7172837257385254,270.0
300.0,True,False,nan,54.01145553588867,0.5315549969673157,1.011532187461853,4.0,1.7144114971160889,270.0
300.0,True,False,nan,46.691463470458984,0.254775732755661,1.4355964660644531,6.0,1.7753946781158447,270.0
300.0,True,False,nan,47.249900817871094,0.37338703870773315,1.2320095300674438,4.0,1.787505865097046,270.0
300.0,True,False,nan,45.355892181396484,0.18503805994987488,1.7974746227264404,16.0,1.832553744316101,270.0
300.0,True,False,nan,52.19788360595703,0.35674700140953064,1.0435832738876343,2.0,1.6739078760147095,270.0
300.0,True,False,nan,45.55087661743164,0.1779133677482605,1.3875895738601685,4.0,1.671927571296692,270.0
300.0,True,False,nan,47.84204864501953,0.2314600944519043,1.439461350440979,5.0,1.738423228263855,270.0
300.0,True,False,nan,48.701168060302734,0.44345957040786743,1.115454077720642,9.0,1.8454864025115967,270.0
300.0,True,False,nan,47.939544677734375,0.3166964054107666,1.2324001789093018,5.0,1.797207236289978,270.0
300.0,True,False,nan,45.02023696899414,0.19398866593837738,1.416947364807129,10.0,1.7648234367370605,270.0
300.0,True,False,nan,46.162445068359375,0.15320217609405518,1.3278989791870117,3.0,1.6724433898925781,270.0
300.0,True,False,nan,55.20399856567383,0.6809784770011902,0.6367767453193665,10.0,1.6760555505752563,270.0
300.0,True,False,nan,48.85300064086914,0.21367792785167694,1.4172710180282593,6.0,1.7307695150375366,270.0
300.0,True,False,nan,46.25545883178711,0.16353864967823029,1.3595048189163208,4.0,1.6917221546173096,270.0
300.0,True,False,nan,50.64303970336914,0.648910403251648,0.7470212578773499,3.0,1.6436022520065308,270.0
300.0,True,False,nan,45.18349838256836,0.2865799069404602,1.017205834388733,3.0,1.69779634475708,270.0
300.0,True,False,nan,45.018287658691406,0.14403782784938812,1.5423871278762817,13.0,1.8032292127609253,270.0
300.0,True,False,nan,49.404170989990234,0.5460367202758789,0.7666676044464111,9.0,1.7030572891235352,270.0
300.0,True,False,nan,46.652008056640625,0.2644425630569458,1.4037798643112183,13.0,1.7955470085144043,270.0
300.0,True,False,nan,47.432376861572266,0.2859143614768982,1.2754817008972168,5.0,1.7467960119247437,270.0
300.0,True,False,nan,47.42844772338867,0.8455798625946045,0.5997640490531921,7.0,1.6015373468399048,270.0
300.0,True,False,nan,45.13236618041992,0.21909312903881073,0.9273390769958496,10.0,1.6037540435791016,270.0
300.0,True,False,nan,46.79487609863281,0.5821372270584106,0.6698600649833679,8.0,1.707552433013916,270.0
300.0,True,False,nan,51.72566604614258,0.38522908091545105,0.8095716238021851,8.0,1.5693316459655762,270.0
300.0,True,False,nan,46.76125717163086,0.49765723943710327,1.3959308862686157,12.0,1.8309675455093384,270.0
300.0,True,False,nan,50.64577102661133,0.05189213529229164,1.2410916090011597,7.0,1.6443287134170532,270.0
300.0,True,False,nan,51.42360305786133,0.21565395593643188,0.8395578861236572,10.0,1.4697684049606323,270.0
300.0,True,False,nan,60.853607177734375,0.3105679452419281,0.8881725072860718,6.0,1.4484957456588745,270.0
300.0,True,False,nan,50.81278991699219,0.4386528432369232,0.9193212389945984,8.0,1.7685787677764893,270.0
300.0,True,False,nan,48.79723358154297,0.4952413737773895,0.8998138308525085,9.0,1.6916595697402954,270.0
300.0,True,False,nan,46.564002990722656,0.2759566903114319,0.758605420589447,5.0,1.482374906539917,270.0
300.0,True,False,nan,45.96027374267578,0.6751108169555664,1.0175389051437378,10.0,1.6878056526184082,270.0
300.0,True,False,nan,52.413604736328125,0.1580001413822174,0.7516432404518127,10.0,1.3682259321212769,270.0
300.0,True,False,nan,47.9669189453125,0.26194244623184204,1.1764814853668213,8.0,1.6671621799468994,270.0
300.0,True,False,nan,45.69193649291992,0.5416373014450073,0.9413902163505554,2.0,1.691396951675415,270.0
300.0,False,True,0.8199999928474426,20.492456436157227,0.42401719093322754,0.7991210222244263,3.0,1.540532112121582,270.0
300.0,False,True,0.8199999928474426,12.033734321594238,0.3885057270526886,0.7264726161956787,10.0,1.5278849601745605,270.0
300.0,False,True,0.0,33.907196044921875,1.3856321573257446,1.2917075157165527,11.0,1.7306584119796753,270.0
300.0,False,True,0.7999999523162842,14.360079765319824,0.33816996216773987,0.9216111898422241,9.0,1.476250410079956,270.0
300.0,False,True,0.7999999523162842,19.268815994262695,0.19782963395118713,1.1705079078674316,9.0,1.4380085468292236,270.0
300.0,False,True,0.85999995470047,11.888925552368164,0.22790566086769104,0.8569676280021667,7.0,1.485388159751892,270.0
300.0,False,True,0.8399999737739563,15.885416984558105,0.5238522887229919,0.7166202068328857,3.0,1.5457500219345093,270.0
300.0,False,True,0.8799999952316284,9.835233688354492,0.3415437638759613,0.6558026075363159,10.0,1.4810012578964233,270.0
300.0,False,True,0.0,23.878032684326172,1.8212350606918335,1.2057433128356934,10.0,1.7492955923080444,270.0
300.0,False,True,0.8399999737739563,12.218095779418945,0.4423668682575226,0.6795538067817688,8.0,1.5680302381515503,270.0
300.0,False,True,0.2800000011920929,10.423319816589355,0.20491719245910645,0.7892547845840454,17.0,1.4555338621139526,270.0
300.0,False,True,0.7999999523162842,16.23345184326172,0.549480140209198,0.6838834881782532,7.0,1.544895052909851,270.0
300.0,False,True,0.7999999523162842,15.255949974060059,0.32117971777915955,1.0289790630340576,5.0,1.4837480783462524,270.0
300.0,False,True,0.0,19.092756271362305,0.6640080213546753,1.1748656034469604,10.0,1.665876030921936,270.0
300.0,False,True,0.6599999666213989,18.345033645629883,0.03839917108416557,1.0761359930038452,14.0,1.5141880512237549,270.0
300.0,False,True,0.8399999737739563,15.436184883117676,0.586906909942627,0.6123014688491821,4.0,1.5788400173187256,270.0
300.0,False,True,0.3999999761581421,15.06318187713623,0.08077221363782883,0.6521843671798706,8.0,1.3419064283370972,270.0
300.0,False,True,0.7999999523162842,21.137420654296875,0.3960215747356415,0.8438437581062317,2.0,1.5623540878295898,270.0
300.0,False,True,0.5600000023841858,22.76822853088379,0.06834851950407028,0.793445348739624,10.0,1.4396854639053345,270.0
300.0,False,True,1.159999966621399,17.278099060058594,0.3674483895301819,0.8899831175804138,3.0,1.5959975719451904,270.0
300.0,False,True,0.8999999761581421,14.437549591064453,0.37175074219703674,0.6341985464096069,6.0,1.4825799465179443,270.0
300.0,False,True,0.7999999523162842,20.828229904174805,0.3455769121646881,0.8955950140953064,2.0,1.516732096672058,270.0
300.0,False,True,1.1799999475479126,23.27931785583496,0.23341046273708344,0.8102961182594299,10.0,1.5837069749832153,270.0
300.0,False,True,0.85999995470047,15.153889656066895,0.4722786843776703,0.746824324131012,3.0,1.5028307437896729,270.0
300.0,True,False,nan,2.0669643878936768,0.0,0.6367744207382202,10.0,0.20312592387199402,270.0
300.0,True,False,nan,3.0497937202453613,0.0,1.0435863733291626,2.0,0.9711666703224182,270.0
300.0,True,False,nan,3.0559496879577637,0.010017137043178082,0.9423319101333618,3.0,1.0674152374267578,270.0
300.0,True,False,nan,3.3950564861297607,0.0,1.2002924680709839,2.0,0.9666358828544617,270.0
300.0,True,False,nan,0.6852844953536987,0.0,1.1153987646102905,9.0,0.0,270.0
300.0,True,False,nan,5.7374677658081055,0.029389530420303345,0.6882179379463196,4.0,1.1388050317764282,270.0
300.0,True,False,nan,1.7894726991653442,0.0,1.3875938653945923,3.0,0.0,270.0
300.0,True,False,nan,3.649855852127075,0.009795193560421467,1.0115454196929932,4.0,1.2127853631973267,270.0
300.0,True,False,nan,2.0585203170776367,0.0,1.4355987310409546,6.0,0.45774275064468384,270.0
300.0,True,False,nan,0.46520188450813293,0.0,0.7469956874847412,3.0,0.24913957715034485,270.0
300.0,True,False,nan,4.444000244140625,0.024662500247359276,0.7440809607505798,4.0,1.225368857383728,270.0
300.0,True,False,nan,5.600282192230225,0.014419996179640293,1.0631890296936035,5.0,1.2731064558029175,270.0
300.0,True,False,nan,2.0180001258850098,0.0,1.2320146560668945,4.0,0.6388576626777649,270.0
350.0,True,False,nan,50.33274841308594,0.365362286567688,0.7586102485656738,5.0,1.7103596925735474,0.0
350.0,True,False,nan,49.81223678588867,0.705559253692627,1.1705107688903809,9.0,1.710005760192871,0.0
350.0,True,False,nan,45.86941146850586,0.9018955826759338,0.7991411089897156,3.0,1.742491364479065,0.0
350.0,True,False,nan,49.57133865356445,0.8423842787742615,0.8438367247581482,2.0,1.7578058242797852,0.0
350.0,True,False,nan,47.59238052368164,0.6067091226577759,1.0761340856552124,14.0,1.6664178371429443,0.0
350.0,True,False,nan,45.38400650024414,0.604321300983429,0.7934436798095703,10.0,1.5694656372070312,0.0
350.0,True,False,nan,46.19326400756836,0.40393996238708496,0.7516258358955383,10.0,1.4771578311920166,0.0
350.0,True,False,nan,48.24166488647461,0.6126611232757568,0.6522040367126465,8.0,1.4736666679382324,0.0
350.0,True,False,nan,52.56016159057617,1.2549235820770264,0.6882054209709167,4.0,1.830721139907837,0.0
350.0,True,False,nan,49.38393020629883,0.2970970571041107,0.8395635485649109,10.0,1.5566301345825195,0.0
350.0,True,False,nan,47.21257400512695,0.3808647394180298,0.9172983765602112,8.0,1.7278932332992554,0.0
350.0,True,False,nan,45.658058166503906,0.3390345275402069,0.8881482481956482,6.0,1.6915655136108398,0.0
350.0,False,True,0.0,12.374382019042969,0.0,1.7974928617477417,16.0,1.699241280555725,0.0
350.0,False,True,0.5999999642372131,9.900416374206543,0.4111682176589966,0.726460337638855,10.0,1.5064504146575928,0.0
350.0,False,True,1.1999999284744263,15.62558650970459,1.0152413845062256,0.6367694735527039,10.0,1.7459999322891235,0.0
350.0,False,True,0.0,8.400856018066406,0.1336294561624527,0.9273316264152527,10.0,1.512121558189392,0.0
350.0,False,True,0.0,10.011211395263672,0.12419511377811432,1.0435913801193237,2.0,1.7066240310668945,0.0
350.0,False,True,0.8999999761581421,13.994394302368164,0.6140603423118591,0.7666445374488831,9.0,1.665697455406189,0.0
350.0,False,True,0.0,10.178500175476074,0.13254565000534058,1.0169496536254883,3.0,1.6260039806365967,0.0
350.0,False,True,0.9199999570846558,10.010622024536133,0.5952886939048767,0.5997645854949951,7.0,1.5515146255493164,0.0
350.0,False,True,0.0,10.373727798461914,0.0,1.241095781326294,7.0,1.4951300621032715,0.0
350.0,False,True,0.0,11.726958274841309,0.004820880945771933,1.2917094230651855,11.0,1.5555378198623657,0.0
350.0,False,True,0.85999995470047,12.647773742675781,0.5681552290916443,0.9214742183685303,9.0,1.607588768005371,0.0
350.0,False,True,0.0,11.069625854492188,0.010869447141885757,1.1764806509017944,8.0,1.549108862876892,0.0
350.0,False,True,0.0,9.841508865356445,0.0037426636554300785,1.403465986251831,13.0,1.6096844673156738,0.0
350.0,False,True,0.85999995470047,11.452874183654785,0.5207666158676147,0.856967031955719,7.0,1.586830735206604,0.0
350.0,False,True,0.0,13.25600528717041,0.03101360984146595,1.3959120512008667,12.0,1.7389702796936035,0.0
350.0,False,True,0.8999999761581421,10.244823455810547,0.4540291428565979,0.7166139483451843,3.0,1.5753275156021118,0.0
350.0,False,True,0.29999998211860657,9.172476768493652,0.1836158186197281,0.9423172473907471,3.0,1.498687982559204,0.0
350.0,False,True,0.5999999642372131,10.299251556396484,0.42508193850517273,0.6557949781417847,10.0,1.5775620937347412,0.0
350.0,False,True,0.5600000023841858,8.381431579589844,0.19100238382816315,0.8998124003410339,9.0,1.5641711950302124,0.0
350.0,False,True,0.0,9.443169593811035,0.05551505833864212,1.205748200416565,10.0,1.642668604850769,0.0
350.0,False,True,0.0,13.20706558227539,0.1441805064678192,1.2003074884414673,2.0,1.7918751239776611,0.0
350.0,False,True,0.0,9.440359115600586,0.0,1.417258858680725,6.0,1.5798875093460083,0.0
350.0,False,True,0.5399999618530273,11.989788055419922,0.31918635964393616,0.9413825273513794,2.0,1.7469005584716797,0.0
350.0,False,True,0.5399999618530273,11.762275695800781,0.15172621607780457,1.1154451370239258,9.0,1.8011119365692139,0.0
350.0,False,True,0.8999999761581421,10.05997085571289,0.5103361010551453,0.6795312762260437,8.0,1.4949054718017578,0.0
350.0,False,True,0.5799999833106995,11.151960372924805,0.4736800491809845,0.7892444133758545,17.0,1.580910563468933,0.0
350.0,False,True,0.0,10.089937210083008,0.0,1.3875819444656372,4.0,1.5976027250289917,0.0
350.0,False,True,0.5399999618530273,11.049722671508789,0.17111755907535553,1.0115368366241455,4.0,1.6877696514129639,0.0
350.0,False,True,0.0,13.152290344238281,0.02851133793592453,1.542385220527649,13.0,1.7676372528076172,0.0
350.0,False,True,0.0,10.724163055419922,0.0,1.359491229057312,4.0,1.613377332687378,0.0
350.0,False,True,1.1999999284744263,13.116296768188477,0.8662524819374084,0.6838783025741577,7.0,1.6188404560089111,0.0
350.0,False,True,0.5600000023841858,10.803560256958008,0.344763845205307,1.0290015935897827,5.0,1.592879056930542,0.0
350.0,False,True,0.0,11.846380233764648,0.012240571901202202,1.174862265586853,10.0,1.521588921546936,0.0
350.0,False,True,0.0,11.809258460998535,0.06295929849147797,1.232387900352478,5.0,1.7866684198379517,0.0
350.0,False,True,1.1999999284744263,14.61722183227539,0.8479576110839844,0.6698611378669739,8.0,1.728685736656189,0.0
350.0,False,True,0.5600000023841858,7.854330062866211,0.19451799988746643,0.8152816891670227,5.0,1.525739312171936,0.0
350.0,False,True,0.8999999761581421,9.98883056640625,0.5785548686981201,0.6123015880584717,4.0,1.5648249387741089,0.0
350.0,False,True,0.0,12.52211856842041,0.001722810324281454,1.4356024265289307,6.0,1.7566779851913452,0.0
350.0,False,True,0.0,11.174662590026855,0.0,1.4394510984420776,5.0,1.6929677724838257,0.0
350.0,False,True,0.5600000023841858,8.655691146850586,0.29882001876831055,0.7469855546951294,3.0,1.5569636821746826,0.0
350.0,False,True,0.0,9.025259017944336,0.0,1.4169530868530273,10.0,1.680525302886963,0.0
350.0,False,True,0.5600000023841858,8.797477722167969,0.19287016987800598,0.8899776935577393,3.0,1.6008706092834473,0.0
350.0,False,True,0.0,9.762795448303223,0.0021188377868384123,1.3278943300247192,3.0,1.5665842294692993,0.0
350.0,False,True,0.5799999833106995,9.463483810424805,0.36438584327697754,0.6341963410377502,6.0,1.5724610090255737,0.0
350.0,False,True,0.5600000023841858,9.624368667602539,0.15842518210411072,1.017551302909851,10.0,1.6746925115585327,0.0
350.0,False,True,0.8799999952316284,10.163763999938965,0.4444144666194916,0.7440654635429382,4.0,1.6146230697631836,0.0
350.0,False,True,0.0,12.006019592285156,0.13593760132789612,1.0631937980651855,5.0,1.679103970527649,0.0
350.0,False,True,0.5600000023841858,11.30510425567627,0.2883344888687134,0.9055593609809875,2.0,1.660504937171936,0.0
350.0,False,True,0.5799999833106995,8.18326187133789,0.22687596082687378,0.8103029727935791,10.0,1.5348448753356934,0.0
350.0,False,True,0.0,9.099800109863281,0.004594995640218258,1.2754915952682495,5.0,1.640570878982544,0.0
350.0,False,True,0.5799999833106995,8.986315727233887,0.41849517822265625,0.7468223571777344,3.0,1.527860164642334,0.0
350.0,False,True,0.0,12.491255760192871,0.14531749486923218,1.2320061922073364,4.0,1.8565127849578857,0.0
350.0,True,False,nan,10.502640724182129,0.04544959217309952,0.7991487383842468,3.0,1.2586392164230347,0.0
350.0,True,False,nan,9.214585304260254,0.026173364371061325,0.7585948705673218,5.0,1.181311011314392,0.0
350.0,True,False,nan,15.023458480834961,0.06901081651449203,1.1705535650253296,9.0,1.45179283618927,0.0
350.0,True,False,nan,3.78056263923645,0.0,0.8438496589660645,2.0,0.4117453396320343,0.0
350.0,True,False,nan,47.11915588378906,0.180945485830307,1.2412042617797852,7.0,2.00531005859375,90.0
350.0,True,False,nan,45.280330657958984,0.17043423652648926,1.4057954549789429,13.0,2.033459424972534,90.0
350.0,True,False,nan,45.162471771240234,0.11422886699438095,1.7974810600280762,16.0,1.9639198780059814,90.0
350.0,True,False,nan,49.300559997558594,0.1959262490272522,1.3959232568740845,12.0,1.9783406257629395,90.0
350.0,True,False,nan,48.16840744018555,0.13538897037506104,1.4172800779342651,6.0,1.8473351001739502,90.0
350.0,True,False,nan,47.75935363769531,0.15699534118175507,1.359499216079712,4.0,2.022594928741455,90.0
350.0,True,False,nan,45.45633316040039,0.14812248945236206,1.4169490337371826,10.0,1.8564621210098267,90.0
350.0,True,False,nan,45.17620849609375,0.15859387814998627,1.2754905223846436,5.0,1.8424415588378906,90.0
350.0,True,False,nan,46.25032043457031,0.2578693926334381,1.2057517766952515,10.0,1.8927948474884033,90.0
350.0,True,False,nan,50.5601692199707,0.13190700113773346,1.4394625425338745,5.0,1.8426107168197632,90.0
350.0,True,False,nan,47.2843017578125,0.29957613348960876,1.017543911933899,10.0,1.8620436191558838,90.0
350.0,True,False,nan,47.62797546386719,0.35425686836242676,0.8102920055389404,10.0,1.6676406860351562,90.0
350.0,True,False,nan,48.36629104614258,0.33553624153137207,1.2917193174362183,11.0,1.8559626340866089,90.0
350.0,True,False,nan,45.346920013427734,0.3300647735595703,1.1764990091323853,8.0,1.9858003854751587,90.0
350.0,True,False,nan,45.927188873291016,0.30075421929359436,1.5423572063446045,13.0,1.9494431018829346,90.0
350.0,True,False,nan,46.27650451660156,0.3514362871646881,1.1748632192611694,10.0,1.854716181755066,90.0
350.0,True,False,nan,46.20219421386719,0.3500114679336548,1.1153955459594727,9.0,1.9193671941757202,90.0
350.0,True,False,nan,45.39051055908203,0.40315404534339905,0.9168956279754639,8.0,1.8997013568878174,90.0
350.0,True,False,nan,45.998966217041016,0.33159056305885315,0.7586148977279663,5.0,1.5761711597442627,90.0
350.0,True,False,nan,45.838130950927734,0.16324682533740997,1.3875846862792969,4.0,1.7390824556350708,90.0
350.0,True,False,nan,45.642398834228516,0.31061601638793945,1.2324007749557495,5.0,1.855726957321167,90.0
350.0,True,False,nan,46.7121467590332,0.26370394229888916,0.7516362071037292,10.0,1.3298753499984741,90.0
350.0,True,False,nan,46.508949279785156,0.3030306398868561,0.7934520244598389,10.0,1.4247885942459106,90.0
350.0,True,False,nan,45.31956100463867,0.2563287913799286,1.232011079788208,4.0,1.8955631256103516,90.0
350.0,True,False,nan,45.17705154418945,0.2876216471195221,1.0759165287017822,14.0,1.5562615394592285,90.0
350.0,True,False,nan,45.5411376953125,0.13819703459739685,1.3279032707214355,3.0,1.8280607461929321,90.0
350.0,True,False,nan,45.12333297729492,0.47049134969711304,0.8998249173164368,9.0,1.7696560621261597,90.0
350.0,True,False,nan,45.89445114135742,0.5876917839050293,0.7440551519393921,4.0,1.6797096729278564,90.0
350.0,True,False,nan,46.361572265625,0.3731439411640167,0.8881700038909912,6.0,1.733821988105774,90.0
350.0,True,False,nan,48.037078857421875,0.34753671288490295,0.9413824677467346,2.0,1.8080164194107056,90.0
350.0,True,False,nan,48.38719177246094,0.7083696722984314,0.6521766781806946,8.0,1.5066828727722168,90.0
350.0,True,False,nan,47.945682525634766,0.6058603525161743,1.1705117225646973,9.0,1.29373300075531,90.0
350.0,True,False,nan,45.82783126831055,0.36114397644996643,0.8395587205886841,10.0,1.5587619543075562,90.0
350.0,True,False,nan,47.34797668457031,0.2862528860569,1.200302004814148,2.0,1.881401777267456,90.0
350.0,True,False,nan,45.90692138671875,0.4422476291656494,0.895591676235199,2.0,1.703804612159729,90.0
350.0,True,False,nan,46.427093505859375,0.5475265979766846,1.43560791015625,6.0,1.8458225727081299,90.0
350.0,True,False,nan,45.19710922241211,0.8348822593688965,0.9273305535316467,10.0,1.718467354774475,90.0
350.0,True,False,nan,47.311580657958984,0.40729260444641113,1.0172051191329956,3.0,1.8734092712402344,90.0
350.0,True,False,nan,47.89656448364258,0.6607643961906433,1.011539340019226,4.0,1.787522554397583,90.0
350.0,True,False,nan,46.07059097290039,0.5374633073806763,1.0435832738876343,2.0,1.8230700492858887,90.0
350.0,True,False,nan,45.24177169799805,1.1638944149017334,0.8569632172584534,7.0,1.306343913078308,90.0
350.0,False,True,1.0399999618530273,19.63008689880371,0.601679265499115,0.7991322875022888,3.0,1.4255273342132568,90.0
350.0,False,True,1.1799999475479126,20.5518798828125,0.7229739427566528,0.7264666557312012,10.0,1.4870887994766235,90.0
350.0,False,True,1.7799999713897705,26.305315017700195,1.403381109237671,0.636760950088501,10.0,1.7073570489883423,90.0
350.0,False,True,1.1399999856948853,25.07279396057129,0.9966422915458679,0.7666741013526917,9.0,1.6872074604034424,90.0
350.0,False,True,1.1999999284744263,20.580259323120117,0.8191444873809814,0.5997669696807861,7.0,1.5644623041152954,90.0
350.0,False,True,0.85999995470047,19.288089752197266,0.49529317021369934,0.9216001033782959,9.0,1.3761045932769775,90.0
350.0,False,True,0.5799999833106995,17.655256271362305,0.43875718116760254,0.7166241407394409,3.0,1.5632096529006958,90.0
350.0,False,True,0.8399999737739563,30.63570785522461,0.23189997673034668,0.9423459768295288,3.0,1.7019292116165161,90.0
350.0,False,True,1.1799999475479126,20.837390899658203,0.7677158713340759,0.6557930111885071,10.0,1.5068182945251465,90.0
350.0,False,True,1.1799999475479126,22.0835018157959,0.7809199094772339,0.6882057785987854,4.0,1.659328818321228,90.0
350.0,False,True,1.100000023841858,21.620759963989258,0.7751280069351196,0.6795580387115479,8.0,1.5120972394943237,90.0
350.0,False,True,1.1399999856948853,21.323143005371094,0.7821689248085022,0.7892575263977051,17.0,1.5122166872024536,90.0
350.0,False,True,0.8799999952316284,21.001909255981445,0.7225736975669861,0.6838886737823486,7.0,1.4805455207824707,90.0
350.0,False,True,0.5399999618530273,14.404119491577148,0.15343976020812988,1.028988003730774,5.0,1.3555247783660889,90.0
350.0,False,True,2.359999895095825,24.762739181518555,1.695910930633545,0.6698629260063171,8.0,1.7312266826629639,90.0
350.0,False,True,0.6599999666213989,22.65007972717285,0.3949396312236786,0.8088271617889404,9.0,1.7345020771026611,90.0
350.0,False,True,0.8999999761581421,17.592065811157227,0.6218660473823547,0.6123033165931702,4.0,1.506380558013916,90.0
350.0,False,True,0.5399999618530273,19.14289093017578,0.35635510087013245,0.8438293933868408,2.0,1.503567099571228,90.0
350.0,False,True,0.5399999618530273,19.225387573242188,0.40445685386657715,0.7469907999038696,3.0,1.7027407884597778,90.0
350.0,False,True,0.8999999761581421,28.33853530883789,0.30042359232902527,0.8899825811386108,3.0,1.6580350399017334,90.0
350.0,False,True,1.0399999618530273,18.60912322998047,0.5288662910461426,0.6342054605484009,6.0,1.5786073207855225,90.0
350.0,False,True,1.0799999237060547,42.93778610229492,0.3478025197982788,1.0631788969039917,5.0,1.7686046361923218,90.0
350.0,False,True,0.5799999833106995,15.974333763122559,0.3579803705215454,0.7468283176422119,3.0,1.4368314743041992,90.0
350.0,True,False,nan,45.441307067871094,0.1750633865594864,1.4037781953811646,13.0,2.0705599784851074,90.0
350.0,True,False,nan,47.019561767578125,0.1813695728778839,1.2410845756530762,7.0,2.0138864517211914,90.0
350.0,True,False,nan,49.30051040649414,0.19592276215553284,1.3959300518035889,12.0,1.9783464670181274,90.0
350.0,True,False,nan,48.167808532714844,0.13538356125354767,1.4172710180282593,6.0,1.847364902496338,90.0
350.0,True,False,nan,47.75783920288086,0.15699218213558197,1.3595012426376343,4.0,2.022596597671509,90.0
350.0,True,False,nan,40.701107025146484,0.11678541451692581,1.7974907159805298,16.0,1.9639074802398682,90.0
350.0,True,False,nan,5.302008628845215,0.027762385085225105,0.7516359090805054,10.0,1.3298746347427368,90.0
350.0,True,False,nan,10.355561256408691,0.030945681035518646,0.7585986852645874,5.0,1.1359755992889404,90.0
350.0,True,False,nan,34.772071838378906,0.17911586165428162,1.2917131185531616,11.0,1.8559662103652954,90.0
350.0,True,False,nan,24.44164276123047,0.13308504223823547,1.1764860153198242,8.0,1.9858094453811646,90.0
350.0,True,False,nan,29.759445190429688,0.17147690057754517,1.2057534456253052,10.0,1.8927879333496094,90.0
350.0,True,False,nan,13.979475021362305,0.009113676846027374,1.5423858165740967,13.0,1.380555272102356,90.0
350.0,True,False,nan,5.034038066864014,0.0,1.0759226083755493,14.0,0.9941660165786743,90.0
350.0,True,False,nan,3.2920584678649902,0.009616746567189693,0.7934494018554688,10.0,1.0335599184036255,90.0
350.0,True,False,nan,43.146644592285156,0.1334649920463562,1.4394590854644775,5.0,1.842603325843811,90.0
350.0,True,False,nan,32.8579216003418,0.1255413293838501,1.41694974899292,10.0,1.8564655780792236,90.0
350.0,True,False,nan,22.50994300842285,0.13054195046424866,1.0175466537475586,10.0,1.7735562324523926,90.0
350.0,True,False,nan,2.8487443923950195,0.0,0.8103119730949402,10.0,0.599295437335968,90.0
350.0,True,False,nan,32.69247817993164,0.13750246167182922,1.2754814624786377,5.0,1.842430830001831,90.0
350.0,True,False,nan,47.89451217651367,0.36716294288635254,1.4058101177215576,13.0,2.2870256900787354,180.0
350.0,True,False,nan,46.37163543701172,0.7343536615371704,1.7974895238876343,16.0,2.0554938316345215,180.0
350.0,True,False,nan,45.146705627441406,1.1631979942321777,1.2320159673690796,4.0,1.8873882293701172,180.0
350.0,True,False,nan,45.189613342285156,1.0817021131515503,1.3594961166381836,4.0,2.285827875137329,180.0
350.0,True,False,nan,50.46537399291992,1.6337080001831055,0.9169012308120728,8.0,2.0165696144104004,180.0
350.0,True,False,nan,45.6153678894043,1.4253939390182495,1.5423932075500488,13.0,1.9249674081802368,180.0
350.0,True,False,nan,45.46916580200195,0.6010030508041382,0.6521788835525513,8.0,1.5741075277328491,180.0
350.0,True,False,nan,45.742332458496094,1.5735995769500732,1.39592707157135,12.0,2.132556676864624,180.0
350.0,True,False,nan,45.67814636230469,1.1155931949615479,1.2410876750946045,7.0,1.9906302690505981,180.0
350.0,True,False,nan,46.628684997558594,2.5145697593688965,1.1154515743255615,9.0,1.9381163120269775,180.0
350.0,True,False,nan,45.2653923034668,0.959010124206543,0.7585983276367188,5.0,1.8488805294036865,180.0
350.0,True,False,nan,46.415016174316406,1.4542806148529053,0.888152003288269,6.0,2.091813087463379,180.0
350.0,True,False,nan,45.05962371826172,1.1695836782455444,0.8395576477050781,10.0,2.1176888942718506,180.0
350.0,False,True,0.9599999785423279,15.080045700073242,0.7771056890487671,0.7991182804107666,3.0,1.74643874168396,180.0
350.0,False,True,0.6599999666213989,11.576208114624023,0.3107478618621826,0.7516365051269531,10.0,1.608973741531372,180.0
350.0,False,True,0.8399999737739563,12.62729549407959,0.5962546467781067,0.7264679670333862,10.0,1.5867313146591187,180.0
350.0,False,True,2.419999837875366,18.97278594970703,2.8476345539093018,0.6367787718772888,10.0,1.8639625310897827,180.0
350.0,False,True,1.2200000286102295,14.062175750732422,0.9861029386520386,0.9273393154144287,10.0,1.665390133857727,180.0
350.0,False,True,1.2599999904632568,15.957026481628418,1.1939668655395508,1.0435811281204224,2.0,1.7966660261154175,180.0
350.0,False,True,1.3199999332427979,18.24721336364746,1.40329110622406,0.7666513323783875,9.0,1.8082687854766846,180.0
350.0,False,True,1.2400000095367432,16.489389419555664,1.2336628437042236,1.0169150829315186,3.0,1.8485405445098877,180.0
350.0,False,True,1.0399999618530273,13.324459075927734,0.9307053089141846,0.5997671484947205,7.0,1.699796438217163,180.0
350.0,False,True,1.8199999332427979,17.839834213256836,1.6479332447052002,1.2917171716690063,11.0,1.7853503227233887,180.0
350.0,False,True,0.6599999666213989,13.262556076049805,0.33000901341438293,0.9216085076332092,9.0,1.6295362710952759,180.0
350.0,False,True,1.4800000190734863,19.79034996032715,0.9756792783737183,1.1764739751815796,8.0,1.9598222970962524,180.0
350.0,False,True,0.0,14.179200172424316,0.31144776940345764,1.170520305633545,9.0,1.7911067008972168,180.0
350.0,False,True,0.6399999856948853,11.487908363342285,0.23455853760242462,0.8569652438163757,7.0,1.589307188987732,180.0
350.0,False,True,0.9599999785423279,11.858917236328125,0.7922302484512329,0.7166184782981873,3.0,1.6716573238372803,180.0
350.0,False,True,0.8999999761581421,10.419562339782715,0.6421045064926147,0.9423304796218872,3.0,1.5903857946395874,180.0
350.0,False,True,1.159999966621399,13.542537689208984,0.951134443283081,0.6558053493499756,10.0,1.5784400701522827,180.0
350.0,False,True,1.2400000095367432,14.781858444213867,1.1023643016815186,0.8998304605484009,9.0,1.7398515939712524,180.0
350.0,False,True,1.7799999713897705,21.426738739013672,2.071930170059204,1.2057507038116455,10.0,1.8254772424697876,180.0
350.0,False,True,2.419999837875366,26.271825790405273,2.5954225063323975,1.2003096342086792,2.0,1.8100826740264893,180.0
350.0,False,True,1.1999999284744263,16.85268783569336,1.245110273361206,1.417281150817871,6.0,1.8555123805999756,180.0
350.0,False,True,1.2400000095367432,17.516361236572266,1.056511402130127,0.9413928985595703,2.0,1.7532196044921875,180.0
350.0,False,True,2.1599998474121094,18.38798713684082,2.3974642753601074,0.6882145404815674,4.0,1.8369477987289429,180.0
350.0,False,True,1.0,13.056612968444824,0.738463282585144,0.6795318722724915,8.0,1.6515305042266846,180.0
350.0,False,True,0.9199999570846558,12.146549224853516,0.5656589865684509,0.7892402410507202,17.0,1.4925057888031006,180.0
350.0,False,True,0.8999999761581421,15.00255012512207,0.8307300209999084,1.3875923156738281,4.0,1.7768917083740234,180.0
350.0,False,True,1.2599999904632568,16.112720489501953,1.2517616748809814,1.0115325450897217,4.0,1.812178611755371,180.0
350.0,False,True,1.0399999618530273,13.8707857131958,0.8680395483970642,0.6838861703872681,7.0,1.7320398092269897,180.0
350.0,False,True,0.0,10.667211532592773,0.11616740375757217,1.0289980173110962,5.0,1.5318260192871094,180.0
350.0,False,True,1.5199999809265137,17.135896682739258,1.3443666696548462,1.1748794317245483,10.0,1.7548309564590454,180.0
350.0,False,True,0.5999999642372131,12.45694637298584,0.30746835470199585,1.0759121179580688,14.0,1.5638959407806396,180.0
350.0,False,True,1.5199999809265137,19.71710968017578,1.6597161293029785,1.232398271560669,5.0,1.8887183666229248,180.0
350.0,False,True,1.6799999475479126,18.680116653442383,1.9429388046264648,0.6698753833770752,8.0,1.8693594932556152,180.0
350.0,False,True,1.0399999618530273,13.54202651977539,0.9908891320228577,0.8152841925621033,5.0,1.7239201068878174,180.0
350.0,False,True,0.9799999594688416,11.964709281921387,0.796759843826294,0.6123027205467224,4.0,1.6399905681610107,180.0
350.0,False,True,1.5,18.86409568786621,1.3499525785446167,1.4355998039245605,6.0,1.8668670654296875,180.0
350.0,False,True,0.8999999761581421,15.191129684448242,0.7018267512321472,0.8615860939025879,2.0,1.7078131437301636,180.0
350.0,False,True,0.699999988079071,13.6567964553833,0.40073126554489136,0.7934677004814148,10.0,1.5508525371551514,180.0
350.0,False,True,1.4800000190734863,19.20436668395996,1.5515801906585693,1.439460039138794,5.0,1.8657559156417847,180.0
350.0,False,True,1.059999942779541,13.661931037902832,1.0231459140777588,0.7469990253448486,3.0,1.704450011253357,180.0
350.0,False,True,2.419999837875366,18.54552459716797,2.6143250465393066,1.4169442653656006,10.0,1.8954143524169922,180.0
350.0,False,True,0.9199999570846558,11.397862434387207,0.7327382564544678,0.8899738788604736,3.0,1.634953260421753,180.0
350.0,False,True,0.8799999952316284,13.850471496582031,0.7405832409858704,1.3279026746749878,3.0,1.732459306716919,180.0
350.0,False,True,1.0199999809265137,18.598472595214844,1.115967869758606,0.6342046856880188,6.0,1.6723369359970093,180.0
350.0,False,True,1.8600000143051147,18.231348037719727,1.9484753608703613,1.01752507686615,10.0,1.7974817752838135,180.0
350.0,False,True,1.0399999618530273,13.975528717041016,1.0036296844482422,0.7440691590309143,4.0,1.7231168746948242,180.0
350.0,False,True,1.059999942779541,15.899211883544922,1.0547338724136353,1.0631804466247559,5.0,1.756075143814087,180.0
350.0,False,True,0.9399999976158142,14.304123878479004,0.8732753992080688,0.8955979347229004,2.0,1.7086846828460693,180.0
350.0,False,True,1.1999999284744263,13.353487968444824,0.9987636208534241,0.8103077411651611,10.0,1.6396969556808472,180.0
350.0,False,True,1.2400000095367432,16.780824661254883,1.2625538110733032,1.2754919528961182,5.0,1.8355329036712646,180.0
350.0,False,True,0.8999999761581421,11.43778133392334,0.535337507724762,0.7468215823173523,3.0,1.562525749206543,180.0
350.0,True,False,nan,3.3763206005096436,0.0,1.797495722770691,16.0,0.29245632886886597,180.0
350.0,True,False,nan,46.4163703918457,0.38683682680130005,1.2320107221603394,4.0,2.0941929817199707,270.0
350.0,True,False,nan,46.18964767456055,0.25394555926322937,1.3595032691955566,4.0,1.8124159574508667,270.0
350.0,True,False,nan,47.37656784057617,0.4365054965019226,1.435598611831665,6.0,2.029273748397827,270.0
350.0,True,False,nan,46.1926155090332,0.4002060294151306,1.4394721984863281,5.0,2.014073371887207,270.0
350.0,True,False,nan,45.10445785522461,0.3293391466140747,1.4037771224975586,13.0,1.926634430885315,270.0
350.0,True,False,nan,47.26408767700195,0.5987834334373474,1.1154370307922363,9.0,2.050760507583618,270.0
350.0,True,False,nan,45.08747100830078,0.3969344198703766,1.4169440269470215,10.0,1.982205867767334,270.0
350.0,True,False,nan,52.07172393798828,0.7967194318771362,0.688235878944397,4.0,1.9303735494613647,270.0
350.0,True,False,nan,45.89659118652344,0.30279847979545593,1.7975032329559326,16.0,2.0341756343841553,270.0
350.0,True,False,nan,50.4901237487793,0.7154508829116821,0.6367765665054321,10.0,1.9065649509429932,270.0
350.0,True,False,nan,51.45520782470703,0.47910788655281067,1.0435935258865356,2.0,1.958788275718689,270.0
350.0,True,False,nan,50.182613372802734,0.44117674231529236,1.2057479619979858,10.0,1.9606164693832397,270.0
350.0,True,False,nan,52.458457946777344,0.48848065733909607,1.2002954483032227,2.0,1.918537974357605,270.0
350.0,True,False,nan,45.88926696777344,0.4290030002593994,1.4172728061676025,6.0,1.9706389904022217,270.0
350.0,True,False,nan,47.807098388671875,0.36195147037506104,1.3875854015350342,4.0,1.8441673517227173,270.0
350.0,True,False,nan,47.87629699707031,0.5131763219833374,1.2323800325393677,5.0,2.0167782306671143,270.0
350.0,True,False,nan,46.81724548339844,0.6864681839942932,0.7440375685691833,4.0,1.8183143138885498,270.0
350.0,True,False,nan,46.10393524169922,0.524355947971344,1.275496006011963,5.0,1.9889804124832153,270.0
350.0,True,False,nan,49.595802307128906,0.5624167323112488,0.9423362016677856,3.0,1.7640867233276367,270.0
350.0,True,False,nan,46.6773796081543,0.372739315032959,1.5423904657363892,13.0,2.0944199562072754,270.0
350.0,True,False,nan,49.7812385559082,0.6451863050460815,0.7470088005065918,3.0,1.8290908336639404,270.0
350.0,True,False,nan,47.39603805541992,0.3408982753753662,1.3278924226760864,3.0,1.8133952617645264,270.0
350.0,True,False,nan,49.1873893737793,0.5809851884841919,1.0632067918777466,5.0,1.9602104425430298,270.0
350.0,True,False,nan,46.980628967285156,0.7185084819793701,0.5997673869132996,7.0,1.8305367231369019,270.0
350.0,True,False,nan,48.16905975341797,0.39199545979499817,0.7585980296134949,5.0,1.551428198814392,270.0
350.0,True,False,nan,45.92972183227539,0.6083912253379822,1.011530876159668,4.0,1.9236669540405273,270.0
350.0,True,False,nan,45.59296798706055,0.5341928005218506,1.0171866416931152,3.0,1.9440439939498901,270.0
350.0,True,False,nan,48.383262634277344,0.6385501623153687,0.9413855075836182,2.0,1.8135250806808472,270.0
350.0,True,False,nan,49.33942794799805,0.5687140226364136,0.9169080257415771,8.0,1.9559038877487183,270.0
350.0,True,False,nan,46.790855407714844,0.41650837659835815,1.2917087078094482,11.0,1.9046194553375244,270.0
350.0,True,False,nan,45.48931121826172,0.5103819966316223,1.3959269523620605,12.0,2.007207155227661,270.0
350.0,True,False,nan,48.994407653808594,0.7142983078956604,0.6698671579360962,8.0,1.9740653038024902,270.0
350.0,True,False,nan,47.41858673095703,0.26028162240982056,1.2410743236541748,7.0,1.8642582893371582,270.0
350.0,True,False,nan,45.20347595214844,0.7572662234306335,0.799119770526886,3.0,1.7463626861572266,270.0
350.0,True,False,nan,47.011749267578125,0.5340917706489563,0.8998153209686279,9.0,1.9304372072219849,270.0
350.0,True,False,nan,45.72974395751953,0.4102432131767273,1.174862027168274,10.0,1.852944254875183,270.0
350.0,True,False,nan,45.532615661621094,0.42917487025260925,1.0175353288650513,10.0,1.959438443183899,270.0
350.0,True,False,nan,46.4171257019043,0.6142417192459106,0.7666285634040833,9.0,1.9236512184143066,270.0
350.0,True,False,nan,48.04328155517578,0.7429985404014587,0.7264711856842041,10.0,1.7221345901489258,270.0
350.0,True,False,nan,53.2237548828125,0.642097532749176,0.8899792432785034,3.0,1.7539386749267578,270.0
350.0,True,False,nan,47.08673858642578,0.4710191786289215,1.176475167274475,8.0,1.9489226341247559,270.0
350.0,True,False,nan,54.557132720947266,0.569409191608429,0.8881580233573914,6.0,1.5987356901168823,270.0
350.0,True,False,nan,52.072513580322266,0.6992758512496948,1.1705459356307983,9.0,1.6832046508789062,270.0
350.0,True,False,nan,48.0464973449707,1.028381109237671,0.68387770652771,7.0,1.755468487739563,270.0
350.0,True,False,nan,45.74797821044922,0.47990262508392334,0.9273422956466675,10.0,1.8261456489562988,270.0
350.0,True,False,nan,48.91523742675781,0.9063671231269836,0.8438510894775391,2.0,1.7279772758483887,270.0
350.0,True,False,nan,46.411048889160156,0.627339243888855,0.8102999925613403,10.0,1.834396243095398,270.0
350.0,True,False,nan,46.39813232421875,0.4030502140522003,0.8088353872299194,9.0,1.7912110090255737,270.0
350.0,True,False,nan,45.48257827758789,0.265668123960495,0.8395763635635376,10.0,1.4724184274673462,270.0
350.0,True,False,nan,49.73503494262695,0.26079532504081726,0.7934494614601135,10.0,1.5463958978652954,270.0
350.0,True,False,nan,48.86476135253906,1.1149803400039673,0.612301230430603,4.0,1.7900526523590088,270.0
350.0,True,False,nan,49.5096549987793,1.2479337453842163,0.7166063785552979,3.0,1.750728964805603,270.0
350.0,True,False,nan,47.20164489746094,1.209051251411438,0.7516334652900696,10.0,1.473440408706665,270.0
350.0,True,False,nan,46.9318733215332,1.0759086608886719,0.6342065930366516,6.0,1.6931147575378418,270.0
350.0,True,False,nan,48.699195861816406,0.328307569026947,0.6521777510643005,8.0,1.5549291372299194,270.0
350.0,False,True,0.8199999928474426,19.590707778930664,0.48051974177360535,0.9215955138206482,9.0,1.6749141216278076,270.0
350.0,False,True,0.85999995470047,17.376140594482422,0.331520140171051,0.8569692373275757,7.0,1.749100685119629,270.0
350.0,False,True,0.8799999952316284,13.318737983703613,0.41514354944229126,0.6557973623275757,10.0,1.6539344787597656,270.0
350.0,False,True,0.7799999713897705,16.1453857421875,0.566550612449646,0.6795555353164673,8.0,1.7211993932724,270.0
350.0,False,True,0.85999995470047,14.904756546020508,0.2919427156448364,0.789247989654541,17.0,1.6431076526641846,270.0
350.0,False,True,0.8199999928474426,20.41365623474121,0.46827617287635803,1.0289815664291382,5.0,1.662751317024231,270.0
350.0,False,True,0.699999988079071,25.2593936920166,0.11438346654176712,1.0761312246322632,14.0,1.584942102432251,270.0
350.0,False,True,0.7799999713897705,23.964656829833984,0.4307125508785248,0.8955907225608826,2.0,1.7637262344360352,270.0
350.0,False,True,0.8399999737739563,20.272689819335938,0.5809575915336609,0.7468215823173523,3.0,1.6615498065948486,270.0
350.0,True,False,nan,2.415893316268921,0.0,1.7974879741668701,18.0,0.0,270.0
350.0,True,False,nan,2.2556793689727783,0.0,0.799160897731781,4.0,0.0,270.0
350.0,True,False,nan,6.806596279144287,0.05862650275230408,0.6367776393890381,10.0,1.4800255298614502,270.0
350.0,True,False,nan,8.424408912658691,0.051267191767692566,1.0435980558395386,2.0,1.5456615686416626,270.0
350.0,True,False,nan,1.123439073562622,0.0,1.0171825885772705,3.0,0.553740918636322,270.0
350.0,True,False,nan,5.247138977050781,0.035138875246047974,0.5997673273086548,7.0,1.401963472366333,270.0
350.0,True,False,nan,3.9353713989257812,0.0005588745698332787,0.7586051821708679,5.0,0.7010623216629028,270.0
350.0,True,False,nan,6.754734992980957,0.05176335945725441,0.9423317909240723,3.0,1.5297642946243286,270.0
350.0,True,False,nan,6.161093711853027,0.0027417875826358795,1.2057417631149292,10.0,1.4282208681106567,270.0
350.0,True,False,nan,8.927661895751953,0.04457684978842735,1.2003055810928345,2.0,1.5839871168136597,270.0
350.0,True,False,nan,2.597139835357666,0.0,0.9413793683052063,2.0,0.8328546285629272,270.0
350.0,True,False,nan,9.872331619262695,0.03818943724036217,1.1154311895370483,9.0,1.68790864944458,270.0
350.0,True,False,nan,8.594411849975586,0.09754619002342224,0.6882050037384033,4.0,1.609300971031189,270.0
350.0,True,False,nan,5.369471549987793,0.01053491048514843,1.3875867128372192,4.0,1.485256314277649,270.0
350.0,True,False,nan,2.858142852783203,0.005391950719058514,1.0115399360656738,4.0,1.1013671159744263,270.0
350.0,True,False,nan,14.100410461425781,0.03589683026075363,1.3594999313354492,4.0,1.8124117851257324,270.0
350.0,True,False,nan,5.865347385406494,0.011504819616675377,1.2323920726776123,5.0,1.4211655855178833,270.0
350.0,True,False,nan,1.1092405319213867,0.0,0.6698606014251709,8.0,0.24622958898544312,270.0
350.0,True,False,nan,8.768379211425781,0.025309108197689056,1.4356061220169067,6.0,1.600701928138733,270.0
350.0,True,False,nan,7.520813465118408,0.008648158982396126,1.4394574165344238,5.0,1.5265717506408691,270.0
350.0,True,False,nan,7.546496868133545,0.06411133706569672,0.7469884753227234,3.0,1.4672250747680664,270.0
350.0,True,False,nan,5.819013595581055,0.022209156304597855,1.3279002904891968,3.0,1.5122467279434204,270.0
350.0,True,False,nan,1.4529303312301636,0.0,0.9192949533462524,8.0,0.7754032611846924,270.0
350.0,True,False,nan,7.183896541595459,0.06582845002412796,0.7440773248672485,4.0,1.4577090740203857,270.0
350.0,True,False,nan,7.587679386138916,0.03900808095932007,1.063208818435669,5.0,1.5166923999786377,270.0
350.0,True,False,nan,11.38831901550293,0.05671840161085129,1.232010841369629,4.0,1.7770904302597046,270.0
400.0,True,False,nan,49.25663375854492,0.406948983669281,0.7585939764976501,5.0,1.9367226362228394,0.0
400.0,True,False,nan,45.6407470703125,0.4004232883453369,1.076125979423523,14.0,1.9144618511199951,0.0
400.0,True,False,nan,48.15850830078125,0.2798307538032532,0.8881694078445435,6.0,1.9381778240203857,0.0
400.0,True,False,nan,48.76869583129883,0.41229623556137085,0.7934627532958984,10.0,1.8152743577957153,0.0
400.0,True,False,nan,54.6419563293457,0.6020790338516235,0.652184247970581,8.0,1.708605408668518,0.0
400.0,True,False,nan,46.602569580078125,0.765302836894989,1.1705491542816162,9.0,1.8658000230789185,0.0
400.0,True,False,nan,45.93594741821289,0.967383086681366,0.7991264462471008,3.0,1.9674501419067383,0.0
400.0,True,False,nan,46.4447135925293,0.4358065724372864,0.8395522832870483,10.0,1.7984747886657715,0.0
400.0,True,False,nan,47.178794860839844,1.111667513847351,0.6882076263427734,4.0,2.0638201236724854,0.0
400.0,True,False,nan,50.60325622558594,0.9905915856361389,0.8438334465026855,2.0,1.963597297668457,0.0
400.0,True,False,nan,48.22624206542969,0.5021970868110657,1.2320103645324707,4.0,2.122720718383789,0.0
400.0,True,False,nan,48.94802474975586,1.1716128587722778,0.6698721051216125,8.0,1.9615365266799927,0.0
400.0,True,False,nan,53.05961608886719,1.2912911176681519,0.6367784142494202,10.0,1.9620882272720337,0.0
400.0,True,False,nan,47.03569412231445,0.46849337220191956,1.2002854347229004,2.0,2.0643980503082275,0.0
400.0,True,False,nan,54.210411071777344,1.1255183219909668,0.7666595578193665,9.0,1.8925777673721313,0.0
400.0,True,False,nan,51.44137954711914,1.2460557222366333,0.6838842034339905,7.0,1.8321399688720703,0.0
400.0,True,False,nan,49.22613525390625,0.7126065492630005,0.9413855671882629,2.0,1.9985798597335815,0.0
400.0,True,False,nan,47.40392303466797,0.011316206306219101,1.3595004081726074,4.0,1.7939822673797607,0.0
400.0,True,False,nan,47.61581802368164,0.09745081514120102,1.3959360122680664,12.0,1.9461203813552856,0.0
400.0,True,False,nan,49.27000045776367,0.015380963683128357,1.7974960803985596,16.0,1.9276599884033203,0.0
400.0,True,False,nan,48.05438232421875,0.31884104013442993,1.017240047454834,3.0,1.8541250228881836,0.0
400.0,True,False,nan,47.538021087646484,0.7284289002418518,0.9168992042541504,8.0,1.9192129373550415,0.0
400.0,True,False,nan,50.538028717041016,0.5853806734085083,1.4037597179412842,13.0,1.8292791843414307,0.0
400.0,True,False,nan,45.44687271118164,0.9619032144546509,0.7892565131187439,17.0,1.7364814281463623,0.0
400.0,True,False,nan,49.350486755371094,0.26826992630958557,1.2410920858383179,7.0,1.731003999710083,0.0
400.0,True,False,nan,48.335365295410156,0.9307966232299805,0.7516353726387024,10.0,1.7534089088439941,0.0
400.0,False,True,0.9199999570846558,11.697450637817383,0.6270688772201538,0.7264708876609802,10.0,1.6531251668930054,0.0
400.0,False,True,0.5799999833106995,8.915837287902832,0.24173322319984436,0.9273518919944763,10.0,1.7146176099777222,0.0
400.0,False,True,0.5399999618530273,12.632527351379395,0.2975260615348816,1.043592095375061,2.0,1.8919053077697754,0.0
400.0,False,True,0.8999999761581421,11.742759704589844,0.8027396202087402,0.599766731262207,7.0,1.7449814081192017,0.0
400.0,False,True,0.0,11.866758346557617,0.06251335889101028,1.2917120456695557,11.0,1.7533118724822998,0.0
400.0,False,True,0.85999995470047,19.291458129882812,0.7393189668655396,0.9215995669364929,9.0,1.7792648077011108,0.0
400.0,False,True,0.0,12.298423767089844,0.09453395754098892,1.1764934062957764,8.0,1.7581884860992432,0.0
400.0,False,True,0.85999995470047,16.290063858032227,0.6446364521980286,0.8569714426994324,7.0,1.774129867553711,0.0
400.0,False,True,0.8799999952316284,12.117267608642578,0.676809549331665,0.7166154980659485,3.0,1.7929643392562866,0.0
400.0,False,True,0.5600000023841858,10.922560691833496,0.29055196046829224,0.9423458576202393,3.0,1.7274260520935059,0.0
400.0,False,True,2.319999933242798,31.11091423034668,1.2718874216079712,0.6558050513267517,10.0,1.6284480094909668,0.0
400.0,False,True,0.5600000023841858,10.463543891906738,0.2943930923938751,0.8998192548751831,9.0,1.7772974967956543,0.0
400.0,False,True,0.5399999618530273,13.386791229248047,0.13758611679077148,1.2057448625564575,10.0,1.8306779861450195,0.0
400.0,False,True,0.0,10.569894790649414,0.0012989521492272615,1.417275071144104,6.0,1.7760621309280396,0.0
400.0,False,True,0.7799999713897705,15.468214988708496,0.43481752276420593,1.1154464483261108,9.0,2.0206398963928223,0.0
400.0,False,True,0.8999999761581421,11.705937385559082,0.7508895993232727,0.6795312762260437,8.0,1.6984310150146484,0.0
400.0,False,True,0.0,12.306805610656738,0.011473341844975948,1.3875889778137207,4.0,1.809647560119629,0.0
400.0,False,True,0.8399999737739563,11.867206573486328,0.4007663428783417,1.0115389823913574,4.0,1.9217817783355713,0.0
400.0,False,True,0.47999998927116394,15.202189445495605,0.08235551416873932,1.5423637628555298,13.0,1.971510648727417,0.0
400.0,False,True,0.5600000023841858,17.833580017089844,0.45263341069221497,1.028974175453186,5.0,1.8540334701538086,0.0
400.0,False,True,0.0,12.631855010986328,0.09489025175571442,1.1748650074005127,10.0,1.722939372062683,0.0
400.0,False,True,0.7400000095367432,13.283381462097168,0.43883779644966125,1.232390284538269,5.0,2.0488102436065674,0.0
400.0,False,True,0.5799999833106995,9.200349807739258,0.29670828580856323,0.8088324666023254,9.0,1.697175145149231,0.0
400.0,False,True,0.8999999761581421,12.694262504577637,0.7805248498916626,0.6123037934303284,4.0,1.785090684890747,0.0
400.0,False,True,0.0,12.332718849182129,0.0549362488090992,1.435600996017456,6.0,2.0145645141601562,0.0
400.0,False,True,0.0,14.08850383758545,0.01848638243973255,1.4394134283065796,5.0,1.9487390518188477,0.0
400.0,False,True,0.8799999952316284,11.018121719360352,0.537881076335907,0.7469980716705322,3.0,1.7791212797164917,0.0
400.0,False,True,0.0,12.076934814453125,0.026783008128404617,1.4169474840164185,10.0,1.89323091506958,0.0
400.0,False,True,0.5600000023841858,11.107412338256836,0.34814760088920593,0.889965295791626,3.0,1.7563998699188232,0.0
400.0,False,True,0.0,12.0217866897583,0.028580881655216217,1.3278894424438477,3.0,1.7592114210128784,0.0
400.0,False,True,1.4399999380111694,12.328801155090332,0.6429349780082703,0.6342086791992188,6.0,1.762763500213623,0.0
400.0,False,True,0.5399999618530273,12.75706672668457,0.34236571192741394,1.0175305604934692,10.0,1.8305760622024536,0.0
400.0,False,True,0.8799999952316284,11.941607475280762,0.6883862614631653,0.7440564036369324,4.0,1.8445930480957031,0.0
400.0,False,True,0.5399999618530273,12.099358558654785,0.339473694562912,1.063193440437317,5.0,1.918591856956482,0.0
400.0,False,True,0.85999995470047,12.161310195922852,0.5057521462440491,0.895590603351593,2.0,1.9159412384033203,0.0
400.0,False,True,0.5799999833106995,9.30767822265625,0.33390507102012634,0.8102958798408508,10.0,1.6699814796447754,0.0
400.0,False,True,0.0,12.409662246704102,0.0649837926030159,1.2754826545715332,5.0,1.8637653589248657,0.0
400.0,False,True,0.8799999952316284,10.982147216796875,0.6082215309143066,0.7468266487121582,3.0,1.763037919998169,0.0
400.0,True,False,nan,17.12738609313965,0.10146014392375946,0.79915452003479,3.0,1.6218254566192627,0.0
400.0,True,False,nan,2.06705904006958,0.0,0.6367757320404053,10.0,0.0,0.0
400.0,True,False,nan,2.165097951889038,0.0,0.7666788697242737,9.0,0.0,0.0
400.0,True,False,nan,42.48141098022461,0.3296818435192108,0.7585991621017456,5.0,1.936726450920105,0.0
400.0,True,False,nan,21.81082534790039,0.07119321823120117,1.1705471277236938,9.0,1.6844335794448853,0.0
400.0,True,False,nan,1.3251512050628662,0.0,1.200296401977539,2.0,0.0,0.0
400.0,True,False,nan,11.428512573242188,0.05084272846579552,0.6882147192955017,4.0,1.3999348878860474,0.0
400.0,True,False,nan,12.910751342773438,0.05868237838149071,0.8881573677062988,6.0,1.6791155338287354,0.0
400.0,True,False,nan,2.1992695331573486,0.0,0.6838722825050354,8.0,0.0,0.0
400.0,True,False,nan,31.040395736694336,0.3281908631324768,1.0761282444000244,14.0,1.9144583940505981,0.0
400.0,True,False,nan,1.5129728317260742,0.0,0.6698684692382812,8.0,0.2030540555715561,0.0
400.0,True,False,nan,17.412593841552734,0.22751948237419128,0.6521802544593811,8.0,1.708611249923706,0.0
400.0,True,False,nan,5.6329426765441895,0.0034927891101688147,0.8438442349433899,2.0,0.7377766966819763,0.0
400.0,True,False,nan,14.200724601745605,0.06174663454294205,0.8395746350288391,10.0,1.6394970417022705,0.0
400.0,True,False,nan,1.3113456964492798,0.0,1.232008695602417,4.0,0.41137126088142395,0.0
400.0,True,False,nan,47.3824348449707,0.2259800136089325,1.2410906553268433,7.0,2.2538034915924072,90.0
400.0,True,False,nan,45.62899398803711,0.25424623489379883,1.1764782667160034,8.0,2.244668960571289,90.0
400.0,True,False,nan,48.41008377075195,0.25265976786613464,1.2917224168777466,11.0,2.1170148849487305,90.0
400.0,True,False,nan,51.578426361083984,0.23779010772705078,1.4057974815368652,13.0,2.3106744289398193,90.0
400.0,True,False,nan,48.98173522949219,0.24188314378261566,1.3959438800811768,12.0,2.272054433822632,90.0
400.0,True,False,nan,45.09652328491211,0.2732042968273163,1.205755591392517,10.0,2.150343656539917,90.0
400.0,True,False,nan,46.3875732421875,0.18428657948970795,1.4172722101211548,6.0,2.105649948120117,90.0
400.0,True,False,nan,47.854251861572266,0.20220202207565308,1.3594996929168701,4.0,2.287031888961792,90.0
400.0,True,False,nan,46.27641296386719,0.27637338638305664,1.17485773563385,10.0,2.1059229373931885,90.0
400.0,True,False,nan,45.092132568359375,0.2076755166053772,1.2754937410354614,5.0,2.1134109497070312,90.0
400.0,True,False,nan,45.86225509643555,0.34080228209495544,0.9273381233215332,10.0,1.9579071998596191,90.0
400.0,True,False,nan,47.09079360961914,0.3013797104358673,1.1154388189315796,9.0,2.2026941776275635,90.0
400.0,True,False,nan,45.74596405029297,0.21456092596054077,1.2324012517929077,5.0,2.149336338043213,90.0
400.0,True,False,nan,49.1999397277832,0.17852678894996643,1.43941330909729,5.0,2.1429848670959473,90.0
400.0,True,False,nan,51.67034149169922,0.2253786325454712,1.4169526100158691,10.0,2.1562976837158203,90.0
400.0,True,False,nan,46.337066650390625,0.3433527946472168,1.0175379514694214,10.0,2.1160755157470703,90.0
400.0,True,False,nan,45.68879699707031,0.22052323818206787,1.2320090532302856,4.0,2.2015113830566406,90.0
400.0,True,False,nan,48.67415237426758,0.3626209795475006,0.899820864200592,9.0,2.016988754272461,90.0
400.0,True,False,nan,48.334537506103516,0.15120157599449158,1.3875869512557983,4.0,2.0105667114257812,90.0
400.0,True,False,nan,48.52897644042969,0.3754853308200836,0.7440774440765381,4.0,1.925605297088623,90.0
400.0,True,False,nan,45.5075569152832,0.2578991651535034,1.7975033521652222,16.0,2.2515454292297363,90.0
400.0,True,False,nan,45.15804672241211,0.3394685685634613,0.7586026191711426,5.0,1.7932246923446655,90.0
400.0,True,False,nan,49.567237854003906,0.3102736175060272,0.7516365647315979,10.0,1.5075007677078247,90.0
400.0,True,False,nan,46.01801681518555,0.36093389987945557,1.5423794984817505,13.0,2.2330801486968994,90.0
400.0,True,False,nan,48.142730712890625,0.33250775933265686,0.7934592962265015,10.0,1.615363359451294,90.0
400.0,True,False,nan,46.03849792480469,0.5258299112319946,0.9169028997421265,8.0,2.168261766433716,90.0
400.0,True,False,nan,49.58116912841797,0.3134514093399048,1.0759234428405762,14.0,1.782439947128296,90.0
400.0,True,False,nan,50.457977294921875,0.47102853655815125,0.6521759033203125,8.0,1.7143923044204712,90.0
400.0,True,False,nan,45.148040771484375,0.3007352948188782,0.8395514488220215,10.0,1.7950565814971924,90.0
400.0,True,False,nan,45.06632614135742,0.2189202904701233,1.327903151512146,3.0,2.102626085281372,90.0
400.0,True,False,nan,46.89374542236328,0.5545164346694946,0.8103232383728027,10.0,1.932327389717102,90.0
400.0,True,False,nan,48.01156234741211,0.40754324197769165,1.0171632766723633,3.0,2.1582939624786377,90.0
400.0,True,False,nan,45.12943649291992,0.38332509994506836,1.0115431547164917,4.0,2.0462965965270996,90.0
400.0,True,False,nan,46.33396911621094,0.26896247267723083,1.4355995655059814,6.0,2.1056673526763916,90.0
400.0,True,False,nan,45.533748626708984,0.38033032417297363,1.063205361366272,5.0,2.0304510593414307,90.0
400.0,True,False,nan,45.84823989868164,0.25979140400886536,0.8881574273109436,6.0,2.0012059211730957,90.0
400.0,True,False,nan,47.54585647583008,0.509347677230835,0.7892543077468872,17.0,1.7761075496673584,90.0
400.0,True,False,nan,47.3684196472168,0.6888123750686646,0.6698666214942932,8.0,2.0065526962280273,90.0
400.0,True,False,nan,46.14836120605469,0.4578099250793457,0.8955819010734558,2.0,1.9498214721679688,90.0
400.0,True,False,nan,45.79814529418945,0.5967531204223633,0.6342067122459412,6.0,1.8406915664672852,90.0
400.0,True,False,nan,46.65711975097656,0.6814543008804321,0.6557949781417847,10.0,1.773220181465149,90.0
400.0,True,False,nan,45.321292877197266,0.8894730806350708,0.636764645576477,10.0,1.9413312673568726,90.0
400.0,True,False,nan,46.06071472167969,0.6141795516014099,1.1705148220062256,9.0,1.4681365489959717,90.0
400.0,True,False,nan,46.80175018310547,0.44516247510910034,0.9413868188858032,2.0,2.0566866397857666,90.0
400.0,True,False,nan,45.32679748535156,0.5989497303962708,0.8899810314178467,3.0,1.894178867340088,90.0
400.0,True,False,nan,46.81855010986328,0.6288052201271057,0.9423359036445618,3.0,1.8971034288406372,90.0
400.0,True,False,nan,46.14216995239258,1.0680556297302246,0.7991130352020264,3.0,1.65909743309021,90.0
400.0,True,False,nan,45.168373107910156,0.9684474468231201,0.8569722175598145,7.0,1.4766961336135864,90.0
400.0,True,False,nan,49.75035095214844,1.050303339958191,0.9216074347496033,9.0,1.550649642944336,90.0
400.0,True,False,nan,45.14692306518555,0.7357840538024902,1.2003029584884644,2.0,2.150066614151001,90.0
400.0,True,False,nan,47.232337951660156,0.7146355509757996,1.043688178062439,3.0,2.078023910522461,90.0
400.0,True,False,nan,45.64729309082031,1.7836542129516602,0.6795554161071777,8.0,1.7086700201034546,90.0
400.0,True,False,nan,49.69718933105469,0.6743940114974976,0.8088060617446899,9.0,2.0089566707611084,90.0
400.0,False,True,1.1799999475479126,24.327011108398438,0.9261242151260376,0.7264717221260071,10.0,1.6700769662857056,90.0
400.0,False,True,1.7400000095367432,30.36471939086914,1.478076696395874,0.7666366696357727,9.0,1.9361796379089355,90.0
400.0,False,True,1.1799999475479126,25.329320907592773,1.0259993076324463,0.5997705459594727,7.0,1.780069351196289,90.0
400.0,False,True,1.0199999809265137,22.993310928344727,0.606963574886322,0.7166130542755127,3.0,1.791658639907837,90.0
400.0,False,True,1.159999966621399,27.09408187866211,1.1019030809402466,0.6882046461105347,4.0,1.8893471956253052,90.0
400.0,False,True,2.059999942779541,25.81816291809082,1.5011836290359497,0.6838881969451904,7.0,1.6744389533996582,90.0
400.0,False,True,0.5399999618530273,18.289243698120117,0.3004266619682312,1.0289744138717651,5.0,1.526425838470459,90.0
400.0,False,True,1.0799999237060547,21.954444885253906,0.8543493151664734,0.6122996211051941,4.0,1.7062174081802368,90.0
400.0,False,True,1.059999942779541,25.236589431762695,0.7171403169631958,0.8438301086425781,2.0,1.688957691192627,90.0
400.0,False,True,1.1399999856948853,26.56358528137207,0.6498689651489258,0.7469874620437622,3.0,1.9420552253723145,90.0
400.0,False,True,0.8199999928474426,20.476970672607422,0.551436185836792,0.7468236684799194,3.0,1.63536536693573,90.0
400.0,True,False,nan,46.38751983642578,0.18428131937980652,1.4172883033752441,6.0,2.105663299560547,90.0
400.0,True,False,nan,47.38199234008789,0.22597813606262207,1.2410862445831299,7.0,2.253789186477661,90.0
400.0,True,False,nan,51.57816696166992,0.23779506981372833,1.4057891368865967,13.0,2.3106625080108643,90.0
400.0,True,False,nan,45.62887191772461,0.25424686074256897,1.1764754056930542,8.0,2.2446672916412354,90.0
400.0,True,False,nan,48.981361389160156,0.24188584089279175,1.3959219455718994,12.0,2.2720398902893066,90.0
400.0,True,False,nan,47.85393142700195,0.20220398902893066,1.3594958782196045,4.0,2.2870383262634277,90.0
400.0,True,False,nan,46.27738952636719,0.2763734757900238,1.1748653650283813,10.0,2.1059272289276123,90.0
400.0,True,False,nan,45.09591293334961,0.20768490433692932,1.2754981517791748,5.0,2.1134512424468994,90.0
400.0,True,False,nan,48.564022064208984,0.2538105845451355,1.2917174100875854,11.0,2.1170051097869873,90.0
400.0,True,False,nan,51.67047882080078,0.22538302838802338,1.4169490337371826,10.0,2.1563000679016113,90.0
400.0,True,False,nan,45.09619140625,0.2732042074203491,1.2057520151138306,10.0,2.1503336429595947,90.0
400.0,True,False,nan,49.199859619140625,0.17851364612579346,1.4394608736038208,5.0,2.143017530441284,90.0
400.0,True,False,nan,34.703948974609375,0.19724240899085999,1.7974960803985596,16.0,2.25152325630188,90.0
400.0,True,False,nan,27.02780532836914,0.22364404797554016,0.7516283392906189,10.0,1.5074975490570068,90.0
400.0,True,False,nan,34.69981002807617,0.3054879605770111,0.9273450970649719,10.0,1.9579988718032837,90.0
400.0,True,False,nan,13.27221393585205,0.04659765586256981,1.0169986486434937,3.0,1.5119301080703735,90.0
400.0,True,False,nan,30.501880645751953,0.24758565425872803,0.758616030216217,5.0,1.7931257486343384,90.0
400.0,True,False,nan,2.907306671142578,0.0,1.1705514192581177,9.0,0.2809871435165405,90.0
400.0,True,False,nan,30.110206604003906,0.2612744867801666,0.8998168706893921,9.0,2.0169880390167236,90.0
400.0,True,False,nan,40.87371826171875,0.29623815417289734,1.1154460906982422,9.0,2.2026917934417725,90.0
400.0,True,False,nan,6.127719402313232,0.02541637420654297,0.7892561554908752,17.0,1.221771478652954,90.0
400.0,True,False,nan,31.5308895111084,0.11077883839607239,1.387589454650879,4.0,2.0105669498443604,90.0
400.0,True,False,nan,31.16879653930664,0.11270660161972046,1.5423802137374878,13.0,2.2324862480163574,90.0
400.0,True,False,nan,4.0130767822265625,0.005272107198834419,0.888161301612854,6.0,1.1352499723434448,90.0
400.0,True,False,nan,32.33892059326172,0.17253442108631134,1.0761351585388184,14.0,1.782454252243042,90.0
400.0,True,False,nan,33.77357482910156,0.1840854287147522,1.2323870658874512,5.0,2.149327516555786,90.0
400.0,True,False,nan,2.1796932220458984,0.0,0.6698684096336365,8.0,0.5204018950462341,90.0
400.0,True,False,nan,15.117910385131836,0.00788802094757557,1.4356006383895874,6.0,1.6531065702438354,90.0
400.0,True,False,nan,28.214374542236328,0.3132655918598175,0.6521761417388916,8.0,1.7143951654434204,90.0
400.0,True,False,nan,28.58909797668457,0.2546502649784088,0.7934526801109314,10.0,1.6153656244277954,90.0
400.0,True,False,nan,15.849507331848145,0.06877484917640686,0.8395699858665466,10.0,1.454988718032837,90.0
400.0,True,False,nan,1.18679678440094,0.0,0.6342109441757202,6.0,0.33847129344940186,90.0
400.0,True,False,nan,33.29983901977539,0.27308353781700134,0.9172894954681396,8.0,2.176002025604248,90.0
400.0,True,False,nan,34.3920783996582,0.3028668165206909,1.0175338983535767,10.0,2.1160733699798584,90.0
400.0,True,False,nan,6.532519340515137,0.021377958357334137,0.8955913782119751,2.0,1.429142951965332,90.0
400.0,True,False,nan,30.568931579589844,0.1545305848121643,1.232017159461975,4.0,2.2015130519866943,90.0
400.0,True,False,nan,47.31858825683594,0.5232107639312744,1.3594961166381836,4.0,2.611448287963867,180.0
400.0,True,False,nan,46.15473937988281,0.5308595895767212,1.3959192037582397,12.0,2.6493916511535645,180.0
400.0,True,False,nan,45.33351135253906,0.4412440359592438,1.7974843978881836,16.0,2.7055935859680176,180.0
400.0,True,False,nan,46.41713333129883,0.5613498687744141,1.2410857677459717,7.0,2.3769991397857666,180.0
400.0,True,False,nan,49.19612121582031,0.5019010901451111,1.4057934284210205,13.0,2.6338255405426025,180.0
400.0,True,False,nan,47.52836990356445,0.6178197264671326,0.8881641626358032,6.0,2.5527572631835938,180.0
400.0,True,False,nan,50.8160514831543,0.5314075946807861,0.8395604491233826,10.0,2.467677354812622,180.0
400.0,True,False,nan,48.43989562988281,0.5954872965812683,1.2917120456695557,11.0,2.342808723449707,180.0
400.0,True,False,nan,46.205135345458984,0.6483426094055176,1.2057424783706665,10.0,2.3746604919433594,180.0
400.0,True,False,nan,46.568748474121094,0.5712646245956421,1.1778093576431274,8.0,2.3742775917053223,180.0
400.0,True,False,nan,48.3941535949707,0.7885310649871826,1.1154617071151733,9.0,2.497851848602295,180.0
400.0,True,False,nan,48.15729522705078,0.6784622669219971,0.9192907810211182,8.0,2.6131656169891357,180.0
400.0,True,False,nan,46.734519958496094,0.5960517525672913,0.6521804332733154,8.0,2.0664210319519043,180.0
400.0,True,False,nan,45.58478927612305,0.7494257092475891,1.200302243232727,2.0,2.3305394649505615,180.0
400.0,True,False,nan,45.836219787597656,0.675272524356842,0.7586075067520142,5.0,2.389779567718506,180.0
400.0,True,False,nan,45.33919906616211,0.8777825236320496,0.6558035016059875,10.0,1.9139045476913452,180.0
400.0,True,False,nan,47.82284927368164,0.8007127046585083,1.5423773527145386,13.0,2.238314151763916,180.0
400.0,True,False,nan,45.39537048339844,1.1037061214447021,1.2320090532302856,4.0,2.198712110519409,180.0
400.0,True,False,nan,45.491455078125,0.8157179951667786,1.1748642921447754,10.0,2.2047486305236816,180.0
400.0,True,False,nan,45.77398681640625,1.3339154720306396,1.232398509979248,5.0,2.1885528564453125,180.0
400.0,True,False,nan,48.707740783691406,0.574891209602356,1.076128363609314,14.0,1.8504509925842285,180.0
400.0,True,False,nan,46.58234405517578,1.2889094352722168,1.4394596815109253,5.0,2.1559853553771973,180.0
400.0,True,False,nan,47.40876007080078,1.2539222240447998,1.435604214668274,6.0,2.145310163497925,180.0
400.0,True,False,nan,47.57272720336914,1.2709071636199951,1.4172650575637817,6.0,2.1359570026397705,180.0
400.0,True,False,nan,45.4347038269043,1.8684272766113281,0.6698698401451111,8.0,2.1796185970306396,180.0
400.0,True,False,nan,46.452484130859375,1.6782984733581543,1.0175312757492065,10.0,2.097468137741089,180.0
400.0,True,False,nan,49.7202262878418,1.5252763032913208,1.4169546365737915,10.0,2.1830852031707764,180.0
400.0,True,False,nan,48.53041076660156,2.445241689682007,0.6882018446922302,4.0,2.1310343742370605,180.0
400.0,True,False,nan,46.86925506591797,2.6774728298187256,0.6367705464363098,10.0,2.167771100997925,180.0
400.0,True,False,nan,49.04412078857422,2.456754207611084,1.2755001783370972,5.0,2.1228606700897217,180.0
400.0,True,False,nan,47.73606872558594,2.932835578918457,0.9413827657699585,2.0,2.2054460048675537,180.0
400.0,False,True,1.7999999523162842,19.093435287475586,1.2452852725982666,0.799119234085083,3.0,2.011061429977417,180.0
400.0,False,True,0.7400000095367432,16.113460540771484,0.8128184080123901,0.7516373991966248,10.0,1.916667103767395,180.0
400.0,False,True,1.1999999284744263,14.496332168579102,1.0165271759033203,0.7264651656150818,10.0,1.8620718717575073,180.0
400.0,False,True,1.8600000143051147,16.565486907958984,1.8513284921646118,0.9273406863212585,10.0,1.9406845569610596,180.0
400.0,False,True,2.1399998664855957,19.584226608276367,2.6584103107452393,1.0435866117477417,2.0,2.0876376628875732,180.0
400.0,False,True,2.200000047683716,21.89998435974121,2.906137704849243,0.7666715979576111,9.0,2.106170892715454,180.0
400.0,False,True,1.559999942779541,21.68724822998047,1.6633813381195068,1.0169459581375122,3.0,2.221142530441284,180.0
400.0,False,True,1.3399999141693115,16.188915252685547,1.4192907810211182,0.5997626185417175,7.0,1.9878942966461182,180.0
400.0,False,True,0.9399999976158142,13.865642547607422,0.6343433856964111,0.9216033220291138,9.0,1.910294771194458,180.0
400.0,False,True,0.8999999761581421,16.73379898071289,0.6005014777183533,1.1705448627471924,9.0,2.0459959506988525,180.0
400.0,False,True,0.7199999690055847,13.495818138122559,0.5135634541511536,0.8569692969322205,7.0,1.7987438440322876,180.0
400.0,False,True,1.059999942779541,14.214972496032715,1.1229496002197266,0.7166018486022949,3.0,1.947330355644226,180.0
400.0,False,True,0.9399999976158142,12.619497299194336,0.9107670187950134,0.9423332810401917,3.0,1.847337245941162,180.0
400.0,False,True,1.559999942779541,17.499481201171875,1.7120579481124878,0.8998160362243652,9.0,2.025993585586548,180.0
400.0,False,True,1.3199999332427979,15.90719985961914,1.2379909753799438,0.6795514822006226,8.0,1.9327491521835327,180.0
400.0,False,True,1.6399999856948853,20.064376831054688,1.5702983140945435,0.7892451286315918,17.0,1.7822552919387817,180.0
400.0,False,True,1.5399999618530273,18.020706176757812,1.6795767545700073,1.3875890970230103,4.0,2.0313172340393066,180.0
400.0,False,True,2.200000047683716,19.695852279663086,2.826521635055542,1.011537790298462,4.0,2.1015617847442627,180.0
400.0,False,True,1.2400000095367432,17.149730682373047,1.2456386089324951,0.6838894486427307,7.0,2.0249764919281006,180.0
400.0,False,True,0.85999995470047,12.409550666809082,0.36419790983200073,1.0289870500564575,5.0,1.7406903505325317,180.0
400.0,False,True,1.3199999332427979,16.194473266601562,1.373321294784546,0.8088316321372986,9.0,1.993981957435608,180.0
400.0,False,True,1.0799999237060547,14.699718475341797,1.1512653827667236,0.612303614616394,4.0,1.9230109453201294,180.0
400.0,False,True,1.0,18.995630264282227,0.9928277730941772,0.8438341617584229,2.0,1.962112307548523,180.0
400.0,False,True,0.6599999666213989,14.752019882202148,0.507197380065918,0.793446958065033,10.0,1.9529627561569214,180.0
400.0,False,True,1.3600000143051147,16.382558822631836,1.5319026708602905,0.746982216835022,3.0,1.986841082572937,180.0
400.0,False,True,0.9799999594688416,13.784881591796875,1.042239785194397,0.8899988532066345,3.0,1.8947031497955322,180.0
400.0,False,True,0.9199999570846558,16.840797424316406,1.1450929641723633,1.3278954029083252,3.0,1.979932427406311,180.0
400.0,False,True,1.1999999284744263,15.809857368469238,1.1752885580062866,0.6342036724090576,6.0,2.052790880203247,180.0
400.0,False,True,1.2999999523162842,16.814786911010742,1.4509875774383545,0.7440448999404907,4.0,2.003434181213379,180.0
400.0,False,True,1.5399999618530273,19.330318450927734,1.7939239740371704,1.0631883144378662,5.0,2.0363121032714844,180.0
400.0,False,True,1.2599999904632568,20.364322662353516,1.3020298480987549,0.89559006690979,2.0,2.1065001487731934,180.0
400.0,False,True,1.8600000143051147,15.99109172821045,1.9054852724075317,0.8102986216545105,10.0,1.915728211402893,180.0
400.0,False,True,0.9399999976158142,12.468926429748535,0.8129332661628723,0.7468194365501404,3.0,1.8282405138015747,180.0
400.0,True,False,nan,33.15474319458008,0.20502547919750214,1.7974895238876343,16.0,2.7055907249450684,180.0
400.0,True,False,nan,26.487369537353516,0.2902444899082184,1.2410948276519775,7.0,2.3769989013671875,180.0
400.0,True,False,nan,3.036670684814453,0.0,0.7586095929145813,5.0,0.8671133518218994,180.0
400.0,True,False,nan,27.198396682739258,0.26384204626083374,1.2917163372039795,11.0,2.3428125381469727,180.0
400.0,True,False,nan,17.139965057373047,0.12344492971897125,1.1763886213302612,8.0,1.8212506771087646,180.0
400.0,True,False,nan,33.83964157104492,0.2765682637691498,1.4037681818008423,13.0,2.6327528953552246,180.0
400.0,True,False,nan,37.691062927246094,0.355295866727829,1.3959097862243652,12.0,2.649378776550293,180.0
400.0,True,False,nan,9.401322364807129,0.05836094543337822,0.6558043956756592,10.0,1.72235906124115,180.0
400.0,True,False,nan,26.799007415771484,0.24252007901668549,1.20574951171875,10.0,2.3746635913848877,180.0
400.0,True,False,nan,14.45151424407959,0.07504037767648697,1.2002965211868286,2.0,1.7910300493240356,180.0
400.0,True,False,nan,25.814359664916992,0.249835804104805,1.1154330968856812,9.0,2.497849702835083,180.0
400.0,True,False,nan,18.86623764038086,0.047697968780994415,1.542374849319458,13.0,1.698642611503601,180.0
400.0,True,False,nan,19.958843231201172,0.1994209736585617,0.8881612420082092,6.0,2.262558698654175,180.0
400.0,True,False,nan,39.69698715209961,0.3553299009799957,1.359507441520691,4.0,2.6114490032196045,180.0
400.0,True,False,nan,11.288822174072266,0.11202848702669144,0.6521792411804199,8.0,1.7734975814819336,180.0
400.0,True,False,nan,12.073686599731445,0.0945613756775856,0.8395571708679199,10.0,1.8115884065628052,180.0
400.0,True,False,nan,18.415388107299805,0.12420275807380676,0.9172793030738831,8.0,1.8146709203720093,180.0
400.0,True,False,nan,0.9458466172218323,0.0,1.232018232345581,4.0,0.0,180.0
400.0,True,False,nan,46.65354537963867,0.15367276966571808,0.7586228847503662,5.0,1.674796462059021,270.0
400.0,True,False,nan,45.007259368896484,0.1776968389749527,0.8881571888923645,6.0,1.7028510570526123,270.0
400.0,True,False,nan,46.624691009521484,0.0882573202252388,1.3595013618469238,4.0,1.9226558208465576,270.0
400.0,True,False,nan,47.23531723022461,0.18947124481201172,1.2002912759780884,2.0,2.0159108638763428,270.0
400.0,True,False,nan,46.07651138305664,0.11273276805877686,1.4037514925003052,13.0,2.0383174419403076,270.0
400.0,True,False,nan,45.18253707885742,0.19026656448841095,0.8395658731460571,10.0,1.6261171102523804,270.0
400.0,True,False,nan,45.177406311035156,0.1884501427412033,0.7516419291496277,10.0,1.509711503982544,270.0
400.0,True,False,nan,45.481178283691406,0.1588481366634369,0.7934491038322449,10.0,1.5729031562805176,270.0
400.0,True,False,nan,45.179141998291016,0.33238428831100464,1.3875917196273804,4.0,2.0538485050201416,270.0
400.0,True,False,nan,46.46527862548828,0.4349043369293213,1.2323808670043945,5.0,2.2688214778900146,270.0
400.0,True,False,nan,46.32343292236328,0.3382730782032013,1.3278993368148804,3.0,2.0162627696990967,270.0
400.0,True,False,nan,45.61805725097656,0.49662765860557556,1.0631927251815796,5.0,2.2071268558502197,270.0
400.0,True,False,nan,45.455474853515625,0.17172715067863464,1.7974926233291626,16.0,2.260484218597412,270.0
400.0,True,False,nan,47.61349105834961,0.5154980421066284,1.435606837272644,6.0,2.2382962703704834,270.0
400.0,True,False,nan,46.222320556640625,0.5620253682136536,1.2320164442062378,4.0,2.2846288681030273,270.0
400.0,True,False,nan,47.137176513671875,0.4947643578052521,1.4394614696502686,5.0,2.209965229034424,270.0
400.0,True,False,nan,45.70091247558594,0.45075684785842896,1.4169414043426514,10.0,2.235917806625366,270.0
400.0,True,False,nan,45.96183395385742,0.39301568269729614,1.395911455154419,12.0,2.259354829788208,270.0
400.0,True,False,nan,45.112003326416016,0.388860821723938,1.2057445049285889,10.0,2.1795802116394043,270.0
400.0,True,False,nan,45.40167999267578,0.4735541343688965,1.4172662496566772,6.0,2.185046434402466,270.0
400.0,True,False,nan,46.7293701171875,0.6033878326416016,1.1154372692108154,9.0,2.2778899669647217,270.0
400.0,True,False,nan,46.491363525390625,0.5296251177787781,1.2754926681518555,5.0,2.203468084335327,270.0
400.0,True,False,nan,45.97957992553711,0.36330175399780273,1.2410800457000732,7.0,1.9652329683303833,270.0
400.0,True,False,nan,46.235435485839844,0.4545634090900421,1.542383074760437,13.0,2.3443186283111572,270.0
400.0,True,False,nan,46.17097473144531,0.4864248037338257,1.176477074623108,8.0,2.0611629486083984,270.0
400.0,True,False,nan,54.244598388671875,0.9327266812324524,0.6881955862045288,4.0,2.1474947929382324,270.0
400.0,True,False,nan,53.07124328613281,0.7320058345794678,1.0115447044372559,4.0,2.1782782077789307,270.0
400.0,True,False,nan,47.418094635009766,0.8196119666099548,0.7440571784973145,4.0,2.046931028366089,270.0
400.0,True,False,nan,53.6665153503418,0.8462213277816772,0.6367743611335754,10.0,2.1289687156677246,270.0
400.0,True,False,nan,51.565452575683594,0.6702321171760559,1.0435880422592163,2.0,2.0873489379882812,270.0
400.0,True,False,nan,49.07313919067383,0.6718367338180542,1.0170090198516846,3.0,2.0865843296051025,270.0
400.0,True,False,nan,46.83218002319336,0.6925112009048462,0.9423294067382812,3.0,1.9667669534683228,270.0
400.0,True,False,nan,45.564632415771484,0.6323676109313965,0.9413893222808838,2.0,1.9828145503997803,270.0
400.0,True,False,nan,49.72314453125,0.770090639591217,0.7470056414604187,3.0,2.004467725753784,270.0
400.0,True,False,nan,45.61496353149414,0.7170241475105286,0.7666631937026978,9.0,2.1426854133605957,270.0
400.0,True,False,nan,46.02338790893555,0.5395939946174622,1.174861192703247,10.0,2.1162664890289307,270.0
400.0,True,False,nan,53.88285446166992,0.8652864694595337,0.6698763966560364,8.0,2.1849453449249268,270.0
400.0,True,False,nan,45.35844421386719,0.6990302801132202,0.889973521232605,3.0,1.9573516845703125,270.0
400.0,True,False,nan,47.54644775390625,0.7147698998451233,0.9168921709060669,8.0,2.1766579151153564,270.0
400.0,True,False,nan,49.36840057373047,0.7038149833679199,1.0175384283065796,10.0,2.1208577156066895,270.0
400.0,True,False,nan,52.468570709228516,0.8715527057647705,0.599772036075592,7.0,2.0076987743377686,270.0
400.0,True,False,nan,45.949851989746094,0.5860843658447266,1.2917490005493164,11.0,2.154496669769287,270.0
400.0,True,False,nan,49.72161102294922,0.6855677366256714,0.899818480014801,9.0,2.1136085987091064,270.0
400.0,True,False,nan,52.49721145629883,0.7925915718078613,0.7991518974304199,3.0,1.9415847063064575,270.0
400.0,True,False,nan,45.99580001831055,0.720882773399353,0.726473867893219,10.0,1.9314895868301392,270.0
400.0,True,False,nan,46.044925689697266,0.8392331600189209,0.6838937401771545,7.0,1.9593013525009155,270.0
400.0,True,False,nan,47.554725646972656,0.8768249750137329,0.6123047471046448,4.0,1.9776932001113892,270.0
400.0,True,False,nan,45.069454193115234,0.5789640545845032,0.9273479580879211,10.0,2.0445168018341064,270.0
400.0,True,False,nan,45.21183776855469,0.5570789575576782,1.1705273389816284,9.0,1.931620717048645,270.0
400.0,True,False,nan,48.509521484375,0.7740024924278259,0.8438329100608826,2.0,1.9274003505706787,270.0
400.0,True,False,nan,45.27729797363281,0.5908944010734558,0.8103042840957642,10.0,2.0376386642456055,270.0
400.0,True,False,nan,46.53842544555664,0.2588644325733185,1.0761198997497559,14.0,1.7936517000198364,270.0
400.0,True,False,nan,47.344417572021484,0.6485716104507446,0.8088352680206299,9.0,1.989127516746521,270.0
400.0,True,False,nan,45.61457443237305,0.6949203014373779,0.9055367112159729,2.0,1.8102675676345825,270.0
400.0,True,False,nan,54.346195220947266,0.8338382840156555,0.6795531511306763,8.0,1.9340070486068726,270.0
400.0,True,False,nan,55.56673049926758,1.0258536338806152,0.7166105508804321,3.0,1.903472661972046,270.0
400.0,True,False,nan,56.1343994140625,1.0265724658966064,1.028984546661377,5.0,1.880596399307251,270.0
400.0,True,False,nan,48.93913269042969,1.1887001991271973,0.9214765429496765,9.0,1.8980592489242554,270.0
400.0,True,False,nan,45.68040084838867,0.4733854830265045,0.6521753668785095,8.0,1.7151776552200317,270.0
400.0,False,True,0.7999999523162842,24.30617904663086,0.5507647395133972,0.8569705486297607,7.0,1.894425630569458,270.0
400.0,False,True,0.8399999737739563,18.603376388549805,0.5153694152832031,0.655790388584137,10.0,1.7539359331130981,270.0
400.0,False,True,0.8199999928474426,20.42588233947754,0.3584323525428772,0.7892435193061829,17.0,1.7477580308914185,270.0
400.0,False,True,1.4399999380111694,27.751312255859375,0.7135085463523865,0.6342052221298218,6.0,1.7184829711914062,270.0
400.0,False,True,1.1200000047683716,24.49190902709961,0.7654054164886475,0.7468823790550232,3.0,1.8809221982955933,270.0
400.0,True,False,nan,18.812332153320312,0.0290761049836874,1.797499656677246,16.0,2.2604963779449463,270.0
400.0,True,False,nan,7.888766765594482,0.04284980148077011,0.7991234064102173,3.0,1.4151376485824585,270.0
400.0,True,False,nan,12.493544578552246,0.13062676787376404,0.7516321539878845,10.0,1.509717345237732,270.0
400.0,True,False,nan,3.616713285446167,0.017061596736311913,0.7264610528945923,10.0,1.3174915313720703,270.0
400.0,True,False,nan,8.551800727844238,0.10087604075670242,0.6367694735527039,10.0,1.7815430164337158,270.0
400.0,True,False,nan,1.2989009618759155,0.0,0.9273539185523987,10.0,0.3562404215335846,270.0
400.0,True,False,nan,10.181109428405762,0.09312930703163147,1.043603777885437,2.0,1.8575798273086548,270.0
400.0,True,False,nan,8.165223121643066,0.060864292085170746,0.7666524648666382,9.0,1.6985406875610352,270.0
400.0,True,False,nan,9.77690315246582,0.07576386630535126,1.0172390937805176,3.0,1.8032093048095703,270.0
400.0,True,False,nan,7.704565525054932,0.0803411602973938,0.5997636318206787,7.0,1.607169270515442,270.0
400.0,True,False,nan,12.820691108703613,0.07269830256700516,1.2410856485366821,7.0,1.9652458429336548,270.0
400.0,True,False,nan,31.905353546142578,0.13724906742572784,0.7586119771003723,5.0,1.6747996807098389,270.0
400.0,True,False,nan,5.657522201538086,0.015620289370417595,1.1764826774597168,8.0,1.6619335412979126,270.0
400.0,True,False,nan,20.9133243560791,0.06320655345916748,1.405802607536316,13.0,2.0435473918914795,270.0
400.0,True,False,nan,4.341899871826172,0.0,1.170549988746643,9.0,0.8414296507835388,270.0
400.0,True,False,nan,14.864754676818848,0.052739161998033524,1.3959366083145142,12.0,2.144056558609009,270.0
400.0,True,False,nan,8.379557609558105,0.10496863722801208,0.94234299659729,3.0,1.7374027967453003,270.0
400.0,True,False,nan,6.98406982421875,0.04334148019552231,0.8998100161552429,9.0,1.6468874216079712,270.0
400.0,True,False,nan,9.57811450958252,0.03131953626871109,1.2056995630264282,10.0,1.762208104133606,270.0
400.0,True,False,nan,20.045730590820312,0.13020046055316925,1.2003037929534912,2.0,2.0159006118774414,270.0
400.0,True,False,nan,13.860340118408203,0.06746256351470947,1.4172612428665161,6.0,2.0748484134674072,270.0
400.0,True,False,nan,9.41366958618164,0.08950860053300858,0.9413882493972778,2.0,1.7527525424957275,270.0
400.0,True,False,nan,14.068877220153809,0.106273353099823,1.1154396533966064,9.0,2.2297866344451904,270.0
400.0,True,False,nan,10.58115291595459,0.14999832212924957,0.6881928443908691,4.0,1.8964056968688965,270.0
400.0,True,False,nan,2.2638211250305176,0.0,0.6795502305030823,8.0,0.0,270.0
400.0,True,False,nan,16.887086868286133,0.14988967776298523,1.3875917196273804,4.0,2.0538554191589355,270.0
400.0,True,False,nan,10.830309867858887,0.11778509616851807,1.0115398168563843,4.0,1.950433373451233,270.0
400.0,True,False,nan,1.6635404825210571,0.0,1.542367696762085,13.0,0.22792485356330872,270.0
400.0,True,False,nan,17.468050003051758,0.13555486500263214,0.8881685137748718,6.0,1.702856183052063,270.0
400.0,True,False,nan,33.82905578613281,0.06771223247051239,1.3594943284988403,4.0,1.9226596355438232,270.0
400.0,True,False,nan,4.100833892822266,0.02061489224433899,0.6838866472244263,7.0,1.2270516157150269,270.0
400.0,True,False,nan,3.6410470008850098,0.0008354949532076716,1.1748663187026978,10.0,1.352482795715332,270.0
400.0,True,False,nan,3.042724609375,0.0,1.0759203433990479,14.0,0.24171963334083557,270.0
400.0,True,False,nan,14.807002067565918,0.12455036491155624,1.2323932647705078,5.0,2.2688181400299072,270.0
400.0,True,False,nan,8.555221557617188,0.08309711515903473,0.6698724627494812,8.0,1.71017324924469,270.0
400.0,True,False,nan,1.2406468391418457,0.0,0.8088193535804749,9.0,0.6905834078788757,270.0
400.0,True,False,nan,4.76304292678833,0.030732441693544388,0.6123038530349731,4.0,1.3140465021133423,270.0
400.0,True,False,nan,14.626677513122559,0.11614540219306946,1.435603141784668,6.0,2.238300323486328,270.0
400.0,True,False,nan,3.6969757080078125,0.007821721956133842,0.8438488245010376,2.0,0.9339739084243774,270.0
400.0,True,False,nan,10.87132740020752,0.1078663244843483,0.7934434413909912,10.0,1.5729100704193115,270.0
400.0,True,False,nan,16.478219985961914,0.10922323167324066,1.4394117593765259,5.0,2.210012674331665,270.0
400.0,True,False,nan,9.330265998840332,0.12709106504917145,0.7469971179962158,3.0,1.7985304594039917,270.0
400.0,True,False,nan,13.804001808166504,0.13427817821502686,0.8395643830299377,10.0,1.6261167526245117,270.0
400.0,True,False,nan,15.132607460021973,0.07420623302459717,1.4169447422027588,10.0,2.235914945602417,270.0
400.0,True,False,nan,8.0333833694458,0.08315227925777435,0.8899971842765808,3.0,1.699423909187317,270.0
400.0,True,False,nan,8.668978691101074,0.06110784038901329,1.3278932571411133,3.0,1.7510013580322266,270.0
400.0,True,False,nan,7.924466609954834,0.046448830515146255,0.919328510761261,8.0,1.6346136331558228,270.0
400.0,True,False,nan,5.369326114654541,0.012328808195888996,1.0175350904464722,10.0,1.5435822010040283,270.0
400.0,True,False,nan,8.960084915161133,0.12992525100708008,0.7440610527992249,4.0,1.7888054847717285,270.0
400.0,True,False,nan,10.58107852935791,0.0938357338309288,1.063200831413269,5.0,1.8805453777313232,270.0
400.0,True,False,nan,0.8322774767875671,0.0,0.8955907225608826,2.0,0.0,270.0
400.0,True,False,nan,14.518239974975586,0.11323218047618866,1.2754935026168823,5.0,2.2034828662872314,270.0
400.0,True,False,nan,15.79907512664795,0.13474860787391663,1.2320188283920288,4.0,2.284625291824341,270.0
450.0,True,False,nan,49.72083282470703,0.23597416281700134,0.7585991621017456,5.0,2.211477756500244,0.0
450.0,True,False,nan,46.20676803588867,0.19711151719093323,0.8395708203315735,10.0,2.083176851272583,0.0
450.0,True,False,nan,48.840728759765625,0.17837199568748474,0.8881622552871704,6.0,2.1570358276367188,0.0
450.0,True,False,nan,47.7801628112793,0.23276230692863464,0.7934488654136658,10.0,2.166774272918701,0.0
450.0,True,False,nan,48.338409423828125,0.31332263350486755,0.7516403198242188,10.0,2.1080331802368164,0.0
450.0,True,False,nan,47.61212158203125,0.41791221499443054,1.0761321783065796,14.0,2.1622140407562256,0.0
450.0,True,False,nan,53.79888916015625,0.5452522039413452,0.6521773338317871,8.0,1.9840977191925049,0.0
450.0,True,False,nan,45.461238861083984,0.4262542724609375,0.9193102121353149,8.0,2.083000898361206,0.0
450.0,True,False,nan,50.080135345458984,0.6960387229919434,1.1705271005630493,9.0,2.2080705165863037,0.0
450.0,True,False,nan,52.96269607543945,0.5114181637763977,1.20029878616333,2.0,2.3105809688568115,0.0
450.0,True,False,nan,49.13844299316406,0.654377818107605,0.9413783550262451,2.0,2.208437919616699,0.0
450.0,True,False,nan,48.60481643676758,0.5544832944869995,1.232018232345581,4.0,2.4266579151153564,0.0
450.0,True,False,nan,45.61336898803711,1.011039137840271,0.7666758894920349,9.0,2.0895273685455322,0.0
450.0,True,False,nan,46.61989212036133,0.7549110651016235,0.8438398241996765,2.0,2.163619041442871,0.0
450.0,True,False,nan,49.79602813720703,0.9370689988136292,0.7991199493408203,3.0,2.1876485347747803,0.0
450.0,True,False,nan,45.8167724609375,1.2618974447250366,0.6367759108543396,10.0,2.1495749950408936,0.0
450.0,True,False,nan,51.43513107299805,1.171722650527954,0.6698647141456604,8.0,2.175136089324951,0.0
450.0,True,False,nan,49.30070114135742,0.7079178094863892,1.063179612159729,5.0,2.1788861751556396,0.0
450.0,True,False,nan,50.389522552490234,0.6673062443733215,1.2323949337005615,5.0,2.3160438537597656,0.0
450.0,True,False,nan,48.79092788696289,0.7730990648269653,0.7892591953277588,17.0,1.9211199283599854,0.0
450.0,True,False,nan,48.34817123413086,0.6958919763565063,1.115443229675293,9.0,2.2682881355285645,0.0
450.0,True,False,nan,50.81713104248047,0.799873411655426,1.0115394592285156,4.0,2.14975643157959,0.0
450.0,True,False,nan,54.13054275512695,0.3956785798072815,1.4356006383895874,6.0,2.286301374435425,0.0
450.0,True,False,nan,45.4647331237793,0.38909366726875305,1.5423715114593506,13.0,2.220937728881836,0.0
450.0,True,False,nan,47.282997131347656,0.8491135835647583,0.6558006405830383,10.0,1.8396451473236084,0.0
450.0,True,False,nan,45.6210823059082,0.7698665857315063,1.0435930490493774,2.0,2.1347315311431885,0.0
450.0,True,False,nan,50.055240631103516,0.15336309373378754,1.403771162033081,13.0,1.9425212144851685,0.0
450.0,True,False,nan,48.695613861083984,0.6602734327316284,1.0289934873580933,5.0,2.0449271202087402,0.0
450.0,True,False,nan,50.38973617553711,0.0911845937371254,1.241095781326294,7.0,1.8555333614349365,0.0
450.0,True,False,nan,45.83368682861328,0.22024500370025635,1.1764717102050781,8.0,1.8568193912506104,0.0
450.0,True,False,nan,45.008941650390625,0.06380261480808258,1.359494924545288,4.0,2.0022833347320557,0.0
450.0,True,False,nan,49.413124084472656,0.6249724626541138,1.0169293880462646,3.0,2.0795798301696777,0.0
450.0,True,False,nan,47.875816345214844,1.3405845165252686,0.6341988444328308,6.0,1.9392907619476318,0.0
450.0,True,False,nan,46.0375862121582,1.1892794370651245,1.2057433128356934,10.0,2.0223491191864014,0.0
450.0,False,True,0.5799999833106995,18.350141525268555,0.05193263292312622,1.7974958419799805,16.0,2.1380348205566406,0.0
450.0,False,True,0.8199999928474426,17.447673797607422,0.7125326991081238,0.726463794708252,10.0,1.9142694473266602,0.0
450.0,False,True,0.5600000023841858,10.006574630737305,0.3424425721168518,0.9273335337638855,10.0,1.8421247005462646,0.0
450.0,False,True,0.9199999570846558,19.801631927490234,0.904958188533783,0.5997672080993652,7.0,1.9973114728927612,0.0
450.0,False,True,0.5399999618530273,11.507439613342285,0.15555651485919952,1.2917152643203735,11.0,1.9557597637176514,0.0
450.0,False,True,1.159999966621399,34.016178131103516,0.9351453185081482,0.9216083288192749,9.0,2.1017444133758545,0.0
450.0,False,True,1.1399999856948853,33.40338134765625,0.8279260993003845,0.8569649457931519,7.0,2.0497829914093018,0.0
450.0,False,True,0.5799999833106995,17.770488739013672,0.210867241024971,1.395939588546753,12.0,2.1486172676086426,0.0
450.0,False,True,0.9199999570846558,24.381977081298828,0.6299945116043091,0.7166134715080261,3.0,2.0602641105651855,0.0
450.0,False,True,0.5600000023841858,12.71463680267334,0.4347419738769531,0.9423443078994751,3.0,1.9759072065353394,0.0
450.0,False,True,0.8799999952316284,12.433747291564941,0.5017436742782593,0.8998090624809265,9.0,1.991659164428711,0.0
450.0,False,True,0.0,13.104642868041992,0.05264464020729065,1.4172606468200684,6.0,2.0004734992980957,0.0
450.0,False,True,1.7599999904632568,27.883317947387695,1.7467041015625,0.6881874799728394,4.0,2.169955015182495,0.0
450.0,False,True,0.9199999570846558,17.561260223388672,0.8313314914703369,0.6795511841773987,8.0,1.9594937562942505,0.0
450.0,False,True,0.0,12.41136360168457,0.0764705017209053,1.3875900506973267,4.0,2.036895513534546,0.0
450.0,False,True,0.8999999761581421,26.867523193359375,1.016492486000061,0.6838935613632202,7.0,1.9905002117156982,0.0
450.0,False,True,0.5600000023841858,11.731142044067383,0.2013452798128128,1.1748698949813843,10.0,1.925479769706726,0.0
450.0,False,True,0.5999999642372131,14.19585132598877,0.4604859948158264,0.8153093457221985,5.0,1.8647007942199707,0.0
450.0,False,True,0.9399999976158142,24.07156753540039,0.7658751606941223,0.6123034358024597,4.0,2.0285723209381104,0.0
450.0,False,True,0.0,12.268598556518555,0.14311476051807404,1.4394580125808716,5.0,2.2022135257720947,0.0
450.0,False,True,0.8799999952316284,14.561971664428711,0.6595702767372131,0.7470003366470337,3.0,2.004382371902466,0.0
450.0,False,True,0.0,12.297653198242188,0.1226797103881836,1.4169539213180542,10.0,2.115886926651001,0.0
450.0,False,True,0.5600000023841858,12.841927528381348,0.4688858985900879,0.8899790048599243,3.0,2.0021812915802,0.0
450.0,False,True,0.0,16.626718521118164,0.15273872017860413,1.3279013633728027,3.0,1.996551275253296,0.0
450.0,False,True,0.8399999737739563,14.876171112060547,0.5356804728507996,1.017539143562317,10.0,2.028041124343872,0.0
450.0,False,True,0.8399999737739563,16.291807174682617,0.8338283896446228,0.7440670132637024,4.0,2.074946403503418,0.0
450.0,False,True,1.1399999856948853,16.60579490661621,0.687652051448822,0.8955957889556885,2.0,2.1030080318450928,0.0
450.0,False,True,0.5799999833106995,11.299650192260742,0.43608373403549194,0.8102926015853882,10.0,1.8462939262390137,0.0
450.0,False,True,0.0,11.515105247497559,0.2306966781616211,1.2754895687103271,5.0,2.092944622039795,0.0
450.0,False,True,0.6200000047683716,21.384042739868164,0.5490256547927856,0.7468336224555969,3.0,2.0901689529418945,0.0
450.0,True,False,nan,50.09855651855469,0.23640452325344086,0.7586089968681335,5.0,2.2060508728027344,0.0
450.0,True,False,nan,11.944116592407227,0.055171139538288116,0.7991512417793274,3.0,1.6088011264801025,0.0
450.0,True,False,nan,3.7728893756866455,0.0,0.7516373991966248,10.0,0.38625723123550415,0.0
450.0,True,False,nan,7.151709079742432,0.023853527382016182,0.6367694735527039,10.0,1.123616099357605,0.0
450.0,True,False,nan,9.587653160095215,0.03929194435477257,0.7666691541671753,9.0,1.5310744047164917,0.0
450.0,True,False,nan,31.499046325683594,0.08808232843875885,1.1705327033996582,9.0,2.0507898330688477,0.0
450.0,True,False,nan,15.865617752075195,0.052893780171871185,1.2003124952316284,2.0,2.0206305980682373,0.0
450.0,True,False,nan,16.400602340698242,0.06717956811189651,0.9413849711418152,2.0,1.8320149183273315,0.0
450.0,True,False,nan,1.7973295450210571,0.0,1.1154124736785889,9.0,0.4939756393432617,0.0
450.0,True,False,nan,5.947782039642334,0.011657912284135818,0.7892435193061829,17.0,0.9632371068000793,0.0
450.0,True,False,nan,2.756195068359375,0.0,1.0115447044372559,4.0,0.574528157711029,0.0
450.0,True,False,nan,30.257539749145508,0.18201994895935059,0.8881525993347168,6.0,2.1570370197296143,0.0
450.0,True,False,nan,40.17976379394531,0.36946913599967957,1.0761369466781616,14.0,2.1622109413146973,0.0
450.0,True,False,nan,5.558835506439209,0.0,1.232394814491272,5.0,1.1741453409194946,0.0
450.0,True,False,nan,8.994009017944336,0.04307375103235245,0.6698638200759888,8.0,1.4855201244354248,0.0
450.0,True,False,nan,1.783557415008545,0.0,1.4355957508087158,6.0,0.5315914154052734,0.0
450.0,True,False,nan,24.26525115966797,0.22485175728797913,0.6521808505058289,8.0,1.9840953350067139,0.0
450.0,True,False,nan,16.058427810668945,0.06542019546031952,0.8438445329666138,2.0,1.6826832294464111,0.0
450.0,True,False,nan,31.53803253173828,0.19986380636692047,0.7934510111808777,10.0,2.1667592525482178,0.0
450.0,True,False,nan,28.171175003051758,0.15434907376766205,0.8395535945892334,10.0,2.083174467086792,0.0
450.0,True,False,nan,8.328479766845703,0.015152146108448505,1.0631957054138184,5.0,1.6197963953018188,0.0
450.0,True,False,nan,13.597975730895996,0.014797456562519073,1.2320101261138916,4.0,1.8281691074371338,0.0
450.0,True,False,nan,45.181034088134766,0.2414599359035492,1.3959368467330933,12.0,2.5511910915374756,90.0
450.0,True,False,nan,50.138206481933594,0.2896886467933655,1.2917113304138184,11.0,2.3831472396850586,90.0
450.0,True,False,nan,51.808773040771484,0.31670960783958435,1.1764802932739258,8.0,2.468482732772827,90.0
450.0,True,False,nan,48.351287841796875,0.3101806044578552,1.2057439088821411,10.0,2.42189884185791,90.0
450.0,True,False,nan,49.121376037597656,0.31646430492401123,1.1748549938201904,10.0,2.375596523284912,90.0
450.0,True,False,nan,45.61000442504883,0.3477175831794739,0.9168933629989624,8.0,2.457773208618164,90.0
450.0,True,False,nan,52.25754928588867,0.2537353038787842,1.4172630310058594,6.0,2.3896126747131348,90.0
450.0,True,False,nan,49.527069091796875,0.339314341545105,1.1154067516326904,9.0,2.512549638748169,90.0
450.0,True,False,nan,49.28254699707031,0.2630348801612854,1.5423758029937744,13.0,2.5094568729400635,90.0
450.0,True,False,nan,46.049110412597656,0.22275042533874512,1.4394593238830566,5.0,2.432785987854004,90.0
450.0,True,False,nan,49.239234924316406,0.264403760433197,1.4169588088989258,10.0,2.4178338050842285,90.0
450.0,True,False,nan,45.01608657836914,0.17309154570102692,1.3279006481170654,3.0,2.3196041584014893,90.0
450.0,True,False,nan,49.97379684448242,0.28078892827033997,1.2754812240600586,5.0,2.390350341796875,90.0
450.0,True,False,nan,48.68479537963867,0.4061965346336365,0.9273416996002197,10.0,2.213153600692749,90.0
450.0,True,False,nan,45.92278289794922,0.39464473724365234,0.8998125195503235,9.0,2.274231195449829,90.0
450.0,True,False,nan,50.3260612487793,0.2009149193763733,1.3875832557678223,4.0,2.2896416187286377,90.0
450.0,True,False,nan,50.84574508666992,0.28559431433677673,1.2323871850967407,5.0,2.424558401107788,90.0
450.0,True,False,nan,46.84415817260742,0.19079245626926422,1.4356051683425903,6.0,2.369969606399536,90.0
450.0,True,False,nan,51.45114517211914,0.41367512941360474,1.0175490379333496,10.0,2.3511154651641846,90.0
450.0,True,False,nan,51.46439743041992,0.28988760709762573,1.2320151329040527,4.0,2.4780688285827637,90.0
450.0,True,False,nan,47.06845474243164,0.3508274555206299,1.0435855388641357,2.0,2.3334832191467285,90.0
450.0,True,False,nan,51.64455032348633,0.35191336274147034,1.01154363155365,4.0,2.3176450729370117,90.0
450.0,True,False,nan,45.894287109375,0.4120972156524658,0.7440670132637024,4.0,2.1571147441864014,90.0
450.0,True,False,nan,45.687400817871094,0.347702294588089,0.7586070895195007,5.0,1.9905990362167358,90.0
450.0,True,False,nan,47.64210891723633,0.31192028522491455,0.751631498336792,10.0,1.6845070123672485,90.0
450.0,True,False,nan,47.281829833984375,0.2980960011482239,1.0761343240737915,14.0,1.9701354503631592,90.0
450.0,True,False,nan,46.52431869506836,0.34601426124572754,0.7934446930885315,10.0,1.797926664352417,90.0
450.0,True,False,nan,45.22048568725586,0.3895643949508667,1.3595020771026611,4.0,2.540604591369629,90.0
450.0,True,False,nan,48.36814880371094,0.4665262699127197,0.6521788835525513,8.0,1.910640001296997,90.0
450.0,True,False,nan,50.99563980102539,0.3118892014026642,0.8395654559135437,10.0,1.9980789422988892,90.0
450.0,True,False,nan,45.20157241821289,0.3487139642238617,1.797478437423706,16.0,2.533655881881714,90.0
450.0,True,False,nan,45.06262969970703,0.492556631565094,1.0172039270401,3.0,2.400362014770508,90.0
450.0,True,False,nan,50.32559585571289,0.46154457330703735,1.2410999536514282,7.0,2.5057148933410645,90.0
450.0,True,False,nan,51.59291458129883,0.4631181061267853,1.40346360206604,13.0,2.5757365226745605,90.0
450.0,True,False,nan,46.386470794677734,0.40106135606765747,1.2003085613250732,2.0,2.444333553314209,90.0
450.0,True,False,nan,49.161415100097656,0.3373291492462158,0.8881565928459167,6.0,2.2433834075927734,90.0
450.0,True,False,nan,45.76675033569336,0.4635102152824402,0.8095689415931702,8.0,2.267747640609741,90.0
450.0,True,False,nan,48.887813568115234,0.6121997237205505,0.8103114366531372,10.0,2.1596856117248535,90.0
450.0,True,False,nan,48.2482795715332,0.5908830761909485,0.6557927131652832,10.0,1.9881540536880493,90.0
450.0,True,False,nan,47.78216552734375,0.3565654158592224,0.9413928389549255,2.0,2.3283135890960693,90.0
450.0,True,False,nan,48.014896392822266,0.5222339034080505,0.7892553806304932,17.0,1.9792039394378662,90.0
450.0,True,False,nan,46.673912048339844,0.6894993185997009,0.6698670983314514,8.0,2.282214879989624,90.0
450.0,True,False,nan,45.20686721801758,0.503043532371521,0.6341997385025024,6.0,2.0562543869018555,90.0
450.0,True,False,nan,45.534339904785156,0.4649297297000885,1.0632011890411377,5.0,2.2796525955200195,90.0
450.0,True,False,nan,48.21281433105469,0.35118192434310913,0.8955933451652527,2.0,2.171804666519165,90.0
450.0,True,False,nan,46.78142166137695,0.526585042476654,0.8569731116294861,7.0,1.712022304534912,90.0
450.0,True,False,nan,47.044151306152344,0.40705376863479614,0.9423297643661499,3.0,2.0951571464538574,90.0
450.0,True,False,nan,50.387916564941406,0.5099759697914124,0.8438419103622437,2.0,1.9473216533660889,90.0
450.0,True,False,nan,48.8946647644043,0.7600399851799011,0.6367743015289307,10.0,2.1742055416107178,90.0
450.0,True,False,nan,48.44162368774414,0.6661462187767029,0.7991195917129517,3.0,1.88163161277771,90.0
450.0,True,False,nan,47.1123046875,0.7216529846191406,0.7666645050048828,9.0,2.189159870147705,90.0
450.0,True,False,nan,46.5246696472168,0.5491294860839844,1.170527458190918,9.0,1.6429716348648071,90.0
450.0,True,False,nan,45.849334716796875,0.8391410112380981,0.679551899433136,8.0,1.921948790550232,90.0
450.0,True,False,nan,45.951507568359375,0.7220777273178101,0.7166129946708679,3.0,1.9972059726715088,90.0
450.0,True,False,nan,45.29181671142578,0.8622204065322876,0.6882225871086121,4.0,2.1279687881469727,90.0
450.0,True,False,nan,45.334442138671875,0.9300152063369751,0.6838899254798889,7.0,1.8836840391159058,90.0
450.0,True,False,nan,45.210205078125,0.6082507371902466,0.7470025420188904,3.0,2.1864168643951416,90.0
450.0,True,False,nan,45.101322174072266,0.8943765759468079,0.5997629761695862,7.0,1.984727144241333,90.0
450.0,True,False,nan,46.37905502319336,0.5103048086166382,0.8899786472320557,3.0,2.099118709564209,90.0
450.0,True,False,nan,48.709049224853516,0.9342524409294128,0.9214673042297363,9.0,1.726538896560669,90.0
450.0,True,False,nan,47.96746063232422,1.3337664604187012,0.7264716625213623,10.0,1.845944881439209,90.0
450.0,True,False,nan,46.37665557861328,1.2825517654418945,0.7468261122703552,3.0,1.8124139308929443,90.0
450.0,True,False,nan,48.93407440185547,1.06175696849823,1.0290013551712036,5.0,1.6849985122680664,90.0
450.0,True,False,nan,45.71901321411133,1.7999074459075928,0.6123031377792358,4.0,1.8941551446914673,90.0
450.0,True,False,nan,50.13807678222656,0.28968545794487,1.2917225360870361,11.0,2.383147716522217,90.0
450.0,True,False,nan,51.80891418457031,0.3167065680027008,1.1764904260635376,8.0,2.468492031097412,90.0
450.0,True,False,nan,52.25727081298828,0.2537374496459961,1.4172571897506714,6.0,2.3896002769470215,90.0
450.0,True,False,nan,49.282501220703125,0.26303696632385254,1.5423680543899536,13.0,2.509455680847168,90.0
450.0,True,False,nan,49.23936462402344,0.2644052505493164,1.416957139968872,10.0,2.4178307056427,90.0
450.0,True,False,nan,49.97330856323242,0.2807861268520355,1.2754851579666138,5.0,2.3903536796569824,90.0
450.0,True,False,nan,45.181034088134766,0.24146203696727753,1.3959240913391113,12.0,2.5511834621429443,90.0
450.0,True,False,nan,48.36219787597656,0.3101816177368164,1.2056995630264282,10.0,2.4224164485931396,90.0
450.0,True,False,nan,49.12104034423828,0.3164600133895874,1.1748652458190918,10.0,2.375593900680542,90.0
450.0,True,False,nan,45.61043930053711,0.34771373867988586,0.9169143438339233,8.0,2.457773447036743,90.0
450.0,True,False,nan,46.04905700683594,0.22275236248970032,1.4394639730453491,5.0,2.4327890872955322,90.0
450.0,True,False,nan,45.6874885559082,0.34769731760025024,0.7586179971694946,5.0,1.990599274635315,90.0
450.0,True,False,nan,49.52708053588867,0.3393070101737976,1.1154329776763916,9.0,2.5125606060028076,90.0
450.0,True,False,nan,50.845794677734375,0.285594642162323,1.2323908805847168,5.0,2.4245645999908447,90.0
450.0,True,False,nan,48.68427276611328,0.40619778633117676,0.9273430109024048,10.0,2.21313214302063,90.0
450.0,True,False,nan,50.32724380493164,0.2009126842021942,1.3875879049301147,4.0,2.2896389961242676,90.0
450.0,True,False,nan,47.281593322753906,0.29817691445350647,1.0759153366088867,14.0,1.9701365232467651,90.0
450.0,True,False,nan,46.52378463745117,0.3460116982460022,0.793453574180603,10.0,1.7979298830032349,90.0
450.0,True,False,nan,45.01528549194336,0.17308703064918518,1.3278955221176147,3.0,2.3195955753326416,90.0
450.0,True,False,nan,51.45104217529297,0.41367435455322266,1.0175443887710571,10.0,2.351118564605713,90.0
450.0,True,False,nan,51.46458053588867,0.2898920178413391,1.2320053577423096,4.0,2.4780659675598145,90.0
450.0,True,False,nan,47.642940521240234,0.3119160830974579,0.75163733959198,10.0,1.6845085620880127,90.0
450.0,True,False,nan,45.925594329833984,0.3946368098258972,0.8998205065727234,9.0,2.27422833442688,90.0
450.0,True,False,nan,46.84413528442383,0.19078797101974487,1.435611605644226,6.0,2.369968891143799,90.0
450.0,True,False,nan,40.31476974487305,0.34143805503845215,1.7974858283996582,16.0,2.5336525440216064,90.0
450.0,True,False,nan,10.863919258117676,0.0596589595079422,0.7991216778755188,3.0,1.4424848556518555,90.0
450.0,True,False,nan,14.36572551727295,0.0953483134508133,0.6367667317390442,10.0,1.5516409873962402,90.0
450.0,True,False,nan,34.693424224853516,0.2787144184112549,1.0436040163040161,2.0,2.333483934402466,90.0
450.0,True,False,nan,9.159720420837402,0.051676228642463684,0.7666475176811218,9.0,1.4985625743865967,90.0
450.0,True,False,nan,42.609413146972656,0.40570467710494995,1.0172213315963745,3.0,2.400376319885254,90.0
450.0,True,False,nan,37.221744537353516,0.45891737937927246,1.2410988807678223,7.0,2.5057168006896973,90.0
450.0,True,False,nan,2.5531299114227295,0.0,0.9214629530906677,9.0,0.3338727355003357,90.0
450.0,True,False,nan,42.80263900756836,0.4653968811035156,1.4037890434265137,13.0,2.599656343460083,90.0
450.0,True,False,nan,12.056203842163086,0.021916445344686508,1.1705528497695923,9.0,1.3968842029571533,90.0
450.0,True,False,nan,19.562097549438477,0.1208207905292511,0.8569653034210205,7.0,1.593773603439331,90.0
450.0,True,False,nan,7.547536849975586,0.05057888478040695,0.7166123986244202,3.0,1.6318222284317017,90.0
450.0,True,False,nan,33.79203796386719,0.4326294958591461,0.6557830572128296,10.0,1.9881441593170166,90.0
450.0,True,False,nan,43.02132034301758,0.2799617648124695,1.200307846069336,2.0,2.44433856010437,90.0
450.0,True,False,nan,31.50016975402832,0.2507479786872864,0.941393256187439,2.0,2.3283116817474365,90.0
450.0,True,False,nan,1.640917420387268,0.0,0.6882150769233704,4.0,0.2758176624774933,90.0
450.0,True,False,nan,4.637344837188721,0.022060107439756393,0.6795313954353333,8.0,1.0065598487854004,90.0
450.0,True,False,nan,35.98636245727539,0.37010911107063293,0.789248526096344,17.0,1.979203462600708,90.0
450.0,True,False,nan,39.19049835205078,0.3142356872558594,1.0115500688552856,4.0,2.3176395893096924,90.0
450.0,True,False,nan,31.611730575561523,0.311624675989151,0.8881569504737854,6.0,2.2433834075927734,90.0
450.0,True,False,nan,41.80002975463867,0.4037497043609619,1.3594993352890015,4.0,2.540621757507324,90.0
450.0,True,False,nan,2.1992695331573486,0.0,0.6838807463645935,7.0,0.324869304895401,90.0
450.0,True,False,nan,36.687042236328125,0.4241114854812622,0.6698758006095886,8.0,2.2822277545928955,90.0
450.0,True,False,nan,28.900047302246094,0.28620103001594543,0.8085870146751404,8.0,2.248699188232422,90.0
450.0,True,False,nan,38.80269241333008,0.4514074921607971,0.6522153615951538,8.0,1.9105944633483887,90.0
450.0,True,False,nan,18.57721710205078,0.08885017782449722,0.8438429832458496,1.0,1.5978246927261353,90.0
450.0,True,False,nan,36.4823112487793,0.32287365198135376,0.8395587205886841,10.0,1.9980789422988892,90.0
450.0,True,False,nan,28.504512786865234,0.38338059186935425,0.6342024803161621,6.0,2.0562589168548584,90.0
450.0,True,False,nan,30.21346092224121,0.2722373604774475,0.7440637946128845,4.0,2.1571269035339355,90.0
450.0,True,False,nan,17.989063262939453,0.0848592072725296,1.0631905794143677,5.0,1.8436658382415771,90.0
450.0,True,False,nan,27.0556583404541,0.18781377375125885,0.8955957889556885,2.0,2.1717991828918457,90.0
450.0,True,False,nan,41.33306884765625,0.44052305817604065,0.8102985620498657,10.0,2.159679651260376,90.0
450.0,True,False,nan,45.66988754272461,0.3063340485095978,1.797489881515503,16.0,3.0209622383117676,180.0
450.0,True,False,nan,45.49919891357422,0.37377455830574036,1.395909309387207,12.0,2.9162659645080566,180.0
450.0,True,False,nan,45.69289016723633,0.3619534373283386,1.359503149986267,4.0,2.7800750732421875,180.0
450.0,True,False,nan,45.54502868652344,0.3940467834472656,1.4037775993347168,13.0,2.8265154361724854,180.0
450.0,True,False,nan,45.109466552734375,0.4295770227909088,0.8881568908691406,6.0,2.8420629501342773,180.0
450.0,True,False,nan,48.25682067871094,0.43495818972587585,0.8395543694496155,10.0,2.760464906692505,180.0
450.0,True,False,nan,46.47975158691406,0.45682352781295776,1.2003114223480225,2.0,2.8435633182525635,180.0
450.0,True,False,nan,46.13060760498047,0.6855353713035583,0.9413864612579346,2.0,2.730463743209839,180.0
450.0,True,False,nan,45.73756408691406,0.732627809047699,0.9169094562530518,8.0,2.940664291381836,180.0
450.0,True,False,nan,46.32465744018555,0.6510869264602661,0.7585967183113098,5.0,2.835063934326172,180.0
450.0,True,False,nan,48.435794830322266,0.6206343770027161,1.1764767169952393,8.0,2.632361650466919,180.0
450.0,True,False,nan,46.86240005493164,0.642891526222229,1.205744981765747,10.0,2.700449228286743,180.0
450.0,True,False,nan,51.8916130065918,0.5994548201560974,1.2917066812515259,11.0,2.5881547927856445,180.0
450.0,True,False,nan,46.927059173583984,0.7727910280227661,1.1154457330703735,9.0,2.9297003746032715,180.0
450.0,True,False,nan,46.50365447998047,0.6908062100410461,1.2410926818847656,7.0,2.6402628421783447,180.0
450.0,True,False,nan,45.336055755615234,0.753469705581665,0.6558001041412354,10.0,2.3694686889648438,180.0
450.0,True,False,nan,45.19827651977539,0.6723421216011047,1.542374849319458,13.0,2.8627521991729736,180.0
450.0,True,False,nan,52.17156219482422,0.6781424880027771,1.1748603582382202,10.0,2.5285844802856445,180.0
450.0,True,False,nan,48.412349700927734,0.6497501730918884,0.6521784067153931,8.0,2.474588632583618,180.0
450.0,True,False,nan,50.83253479003906,0.7740284204483032,1.017541766166687,10.0,2.637880802154541,180.0
450.0,True,False,nan,46.68501281738281,0.842107355594635,1.016930103302002,3.0,2.7331740856170654,180.0
450.0,True,False,nan,45.880184173583984,0.6450719833374023,0.7892528772354126,17.0,2.222461700439453,180.0
450.0,True,False,nan,50.12828826904297,0.46031203866004944,1.0761374235153198,14.0,2.356320858001709,180.0
450.0,True,False,nan,45.205718994140625,1.0115848779678345,0.6698622703552246,8.0,2.6720097064971924,180.0
450.0,True,False,nan,45.017005920410156,0.9664275050163269,1.2320135831832886,4.0,2.750917911529541,180.0
450.0,True,False,nan,45.09652328491211,0.8763639330863953,0.8095758557319641,8.0,2.513603925704956,180.0
450.0,True,False,nan,46.061180114746094,0.9201302528381348,0.8955950140953064,2.0,2.6004483699798584,180.0
450.0,True,False,nan,46.76145935058594,1.2080341577529907,0.6367741823196411,10.0,2.4757115840911865,180.0
450.0,True,False,nan,45.03081130981445,0.8826509118080139,1.416946291923523,10.0,2.4727683067321777,180.0
450.0,True,False,nan,48.270606994628906,1.1171897649765015,0.7666662335395813,9.0,2.414316415786743,180.0
450.0,True,False,nan,48.08966064453125,1.1805508136749268,1.2324016094207764,5.0,2.4942564964294434,180.0
450.0,True,False,nan,45.549800872802734,1.0504825115203857,1.439456820487976,5.0,2.451615333557129,180.0
450.0,True,False,nan,45.615272521972656,0.7743480801582336,0.7934474349021912,10.0,2.4145572185516357,180.0
450.0,True,False,nan,47.104270935058594,1.4967362880706787,0.6881958842277527,4.0,2.4342896938323975,180.0
450.0,True,False,nan,46.50028991699219,1.207030177116394,1.4172837734222412,6.0,2.4229955673217773,180.0
450.0,True,False,nan,46.667572021484375,1.2358570098876953,1.435608983039856,6.0,2.422488212585449,180.0
450.0,True,False,nan,47.58958053588867,1.0935453176498413,1.327894687652588,3.0,2.2195262908935547,180.0
450.0,True,False,nan,48.74795150756836,1.4087514877319336,1.0435923337936401,2.0,2.426347017288208,180.0
450.0,True,False,nan,45.963932037353516,1.6111925840377808,1.0115292072296143,4.0,2.390106201171875,180.0
450.0,True,False,nan,45.69105529785156,1.6970961093902588,0.8998262882232666,9.0,2.3086915016174316,180.0
450.0,True,False,nan,47.992340087890625,1.9828007221221924,1.063197374343872,5.0,2.3163414001464844,180.0
450.0,True,False,nan,46.339881896972656,1.8502142429351807,1.2754921913146973,5.0,2.414740800857544,180.0
450.0,True,False,nan,49.01377868652344,1.4681587219238281,0.7516248822212219,10.0,2.3207383155822754,180.0
450.0,True,False,nan,46.412139892578125,4.54408073425293,0.8103101849555969,10.0,2.1918158531188965,180.0
450.0,False,True,2.2200000286102295,24.045629501342773,2.5148909091949463,0.7991559505462646,3.0,2.2932486534118652,180.0
450.0,False,True,1.8600000143051147,17.403621673583984,1.9887909889221191,0.7264690399169922,10.0,2.135408401489258,180.0
450.0,False,True,2.3999998569488525,21.395709991455078,2.9959945678710938,0.9273411631584167,10.0,2.2105660438537598,180.0
450.0,False,True,1.7799999713897705,19.27773666381836,2.3093440532684326,0.5997691750526428,7.0,2.273413896560669,180.0
450.0,False,True,0.9799999594688416,17.001943588256836,0.9058623313903809,0.9214666485786438,9.0,2.196225643157959,180.0
450.0,False,True,1.6799999475479126,20.643936157226562,1.3109893798828125,1.1705175638198853,9.0,2.3119919300079346,180.0
450.0,False,True,0.9799999594688416,14.620656967163086,0.818591833114624,0.8569739460945129,7.0,2.0827791690826416,180.0
450.0,False,True,1.3399999141693115,17.12490463256836,1.594802975654602,0.7166129350662231,3.0,2.222285747528076,180.0
450.0,False,True,1.0399999618530273,15.166491508483887,1.2347239255905151,0.9423364400863647,3.0,2.105132818222046,180.0
450.0,False,True,2.5,19.01565933227539,3.725055694580078,0.6795547008514404,8.0,2.217684030532837,180.0
450.0,False,False,nan,21.628080368041992,3.3375396728515625,1.3875908851623535,4.0,2.2773451805114746,180.0
450.0,False,True,1.6999999284744263,20.609325408935547,2.2272980213165283,0.6838755011558533,7.0,2.319783926010132,180.0
450.0,False,True,0.8799999952316284,13.277523040771484,0.599958598613739,1.028989315032959,5.0,2.0014357566833496,180.0
450.0,False,True,1.3799999952316284,17.586528778076172,1.6574195623397827,0.6122989058494568,4.0,2.205828905105591,180.0
450.0,False,True,1.5799999237060547,26.663524627685547,2.1188154220581055,0.8438372015953064,2.0,2.2656402587890625,180.0
450.0,False,True,2.1399998664855957,19.266096115112305,2.847644567489624,0.7470004558563232,3.0,2.268080949783325,180.0
450.0,False,True,1.2400000095367432,16.465417861938477,1.4248414039611816,0.889977216720581,3.0,2.15014386177063,180.0
450.0,False,False,nan,35.79328918457031,4.892087936401367,0.6342077255249023,6.0,2.531003952026367,180.0
450.0,False,True,2.0999999046325684,20.1955509185791,2.7139017581939697,0.7440553903579712,4.0,2.283602237701416,180.0
450.0,False,True,1.0,15.021930694580078,1.0976707935333252,0.7468286752700806,3.0,2.0896151065826416,180.0
450.0,True,False,nan,45.669761657714844,0.30633530020713806,1.7974908351898193,16.0,3.020961284637451,180.0
450.0,True,False,nan,45.49945068359375,0.3737699091434479,1.3959242105484009,12.0,2.9162673950195312,180.0
450.0,True,False,nan,45.69290542602539,0.361954927444458,1.3594958782196045,4.0,2.78007173538208,180.0
450.0,True,False,nan,45.12126922607422,0.3944583237171173,1.405806303024292,13.0,2.848116397857666,180.0
450.0,True,False,nan,45.10953140258789,0.42957815527915955,0.8881566524505615,6.0,2.8420631885528564,180.0
450.0,True,False,nan,21.53386878967285,0.17784063518047333,0.6367778182029724,10.0,2.1127891540527344,180.0
450.0,True,False,nan,19.674442291259766,0.1409415751695633,0.7666555047035217,9.0,2.030423879623413,180.0
450.0,True,False,nan,23.146759033203125,0.2487756758928299,1.0172115564346313,3.0,2.4227066040039062,180.0
450.0,True,False,nan,35.92679214477539,0.3794216811656952,1.2410842180252075,7.0,2.6402623653411865,180.0
450.0,True,False,nan,35.998844146728516,0.46013200283050537,0.7585974335670471,5.0,2.8350541591644287,180.0
450.0,True,False,nan,37.740196228027344,0.46028563380241394,1.2917147874832153,11.0,2.5881588459014893,180.0
450.0,True,False,nan,36.8285026550293,0.4835625886917114,1.177812099456787,8.0,2.6310179233551025,180.0
450.0,True,False,nan,29.470836639404297,0.49930551648139954,0.6557976603507996,10.0,2.3694615364074707,180.0
450.0,True,False,nan,39.909278869628906,0.5003575086593628,1.2057443857192993,10.0,2.70043683052063,180.0
450.0,True,False,nan,27.594404220581055,0.2818774878978729,1.200310468673706,2.0,2.8435635566711426,180.0
450.0,True,False,nan,28.86808204650879,0.3866613507270813,0.9413928389549255,2.0,2.730464220046997,180.0
450.0,True,False,nan,38.27231979370117,0.4622582197189331,1.1154454946517944,9.0,2.929703712463379,180.0
450.0,True,False,nan,6.3022918701171875,0.017794083803892136,0.6882046461105347,4.0,1.245046615600586,180.0
450.0,True,False,nan,23.13130760192871,0.3363534212112427,0.7892542481422424,17.0,2.222459077835083,180.0
450.0,True,False,nan,38.11844253540039,0.36698728799819946,1.5423665046691895,13.0,2.862745523452759,180.0
450.0,True,False,nan,33.953468322753906,0.44948598742485046,1.1748619079589844,10.0,2.52858829498291,180.0
450.0,True,False,nan,24.815839767456055,0.19795002043247223,1.076134443283081,14.0,2.356320858001709,180.0
450.0,True,False,nan,11.792492866516113,0.044968705624341965,1.23240065574646,5.0,1.8369510173797607,180.0
450.0,True,False,nan,27.915414810180664,0.38504934310913086,0.6698610782623291,8.0,2.6720149517059326,180.0
450.0,True,False,nan,15.881911277770996,0.16499844193458557,0.815289318561554,5.0,2.070772171020508,180.0
450.0,True,False,nan,1.4210641384124756,0.0,1.4356017112731934,5.0,0.0,180.0
450.0,True,False,nan,28.18544578552246,0.37308135628700256,0.6521756649017334,8.0,2.4745969772338867,180.0
450.0,True,False,nan,2.4943416118621826,0.0,0.7934629321098328,14.0,0.0,180.0
450.0,True,False,nan,12.674931526184082,0.044993698596954346,1.439456820487976,5.0,1.9570269584655762,180.0
450.0,True,False,nan,42.29088592529297,0.4356783926486969,0.8395707607269287,10.0,2.760460138320923,180.0
450.0,True,False,nan,13.572606086730957,0.048828594386577606,1.416940450668335,10.0,1.9820486307144165,180.0
450.0,True,False,nan,42.87040328979492,0.5874711275100708,0.9168958067893982,8.0,2.9406661987304688,180.0
450.0,True,False,nan,35.08641052246094,0.5060794949531555,1.0175305604934692,10.0,2.63788104057312,180.0
450.0,True,False,nan,19.29178810119629,0.23050086200237274,0.8955886960029602,2.0,2.304419755935669,180.0
450.0,True,False,nan,26.47804069519043,0.24137477576732635,1.2320189476013184,4.0,2.5024819374084473,180.0
450.0,True,False,nan,48.54402160644531,0.19935375452041626,0.758597195148468,5.0,1.7944966554641724,270.0
450.0,True,False,nan,45.4602165222168,0.14583006501197815,0.7934614419937134,10.0,1.6938767433166504,270.0
450.0,True,False,nan,48.41250228881836,0.20041003823280334,0.7516297698020935,10.0,1.6875123977661133,270.0
450.0,True,False,nan,46.97180938720703,0.18104779720306396,1.200300931930542,2.0,2.150362968444824,270.0
450.0,True,False,nan,47.28660202026367,0.2044779509305954,0.8881603479385376,6.0,1.836630940437317,270.0
450.0,True,False,nan,47.48147964477539,0.12131717056035995,1.359492540359497,4.0,2.10931134223938,270.0
450.0,True,False,nan,48.27595138549805,0.20608535408973694,0.839571475982666,10.0,1.773366093635559,270.0
450.0,True,False,nan,48.30268478393555,0.13184620440006256,1.4057813882827759,13.0,2.2260985374450684,270.0
450.0,True,False,nan,45.702606201171875,0.27008453011512756,0.9413732290267944,2.0,2.0752336978912354,270.0
450.0,True,False,nan,46.33222198486328,0.07371684163808823,1.0761265754699707,14.0,1.9687608480453491,270.0
450.0,True,False,nan,45.005455017089844,0.33224308490753174,1.2320139408111572,4.0,2.4579546451568604,270.0
450.0,True,False,nan,47.593074798583984,0.05922954902052879,1.7974857091903687,16.0,2.39844012260437,270.0
450.0,True,False,nan,46.33344650268555,0.3223717510700226,1.1154015064239502,9.0,2.431560754776001,270.0
450.0,True,False,nan,45.406150817871094,0.3421757221221924,0.7991226315498352,3.0,2.0657551288604736,270.0
450.0,True,False,nan,46.32054901123047,0.36114028096199036,1.0172077417373657,3.0,2.258197069168091,270.0
450.0,True,False,nan,45.738075256347656,0.17797580361366272,1.2410906553268433,7.0,2.1316370964050293,270.0
450.0,True,False,nan,46.81216812133789,0.18121492862701416,1.3959224224090576,12.0,2.377056121826172,270.0
450.0,True,False,nan,45.157989501953125,0.3763176500797272,1.4356058835983276,6.0,2.500115156173706,270.0
450.0,True,False,nan,45.47454833984375,0.283132404088974,1.4394621849060059,5.0,2.3658456802368164,270.0
450.0,True,False,nan,45.51780700683594,0.35554593801498413,0.9193258881568909,8.0,2.324178457260132,270.0
450.0,True,False,nan,45.90695571899414,0.2962109446525574,0.8955869078636169,2.0,1.919690728187561,270.0
450.0,True,False,nan,45.45990753173828,0.4013635814189911,1.0435872077941895,2.0,2.2623651027679443,270.0
450.0,True,False,nan,46.05026626586914,0.2401110678911209,1.1764745712280273,8.0,2.169644832611084,270.0
450.0,True,False,nan,46.06983947753906,0.5940994620323181,0.6881994605064392,4.0,2.3793516159057617,270.0
450.0,True,False,nan,46.22615432739258,0.4250818192958832,1.2324062585830688,5.0,2.5333316326141357,270.0
450.0,True,False,nan,45.01707077026367,0.36278340220451355,0.8438451290130615,2.0,2.0129129886627197,270.0
450.0,True,False,nan,45.35161209106445,0.394178569316864,1.3875837326049805,4.0,2.270914077758789,270.0
450.0,True,False,nan,45.098567962646484,0.415233850479126,1.2755017280578613,5.0,2.4152414798736572,270.0
450.0,True,False,nan,45.297401428222656,0.38625800609588623,1.4169594049453735,10.0,2.447680950164795,270.0
450.0,True,False,nan,45.28487777709961,0.4229477643966675,1.4172629117965698,6.0,2.344388961791992,270.0
450.0,True,False,nan,45.95802307128906,0.3559333086013794,1.5423839092254639,13.0,2.5711276531219482,270.0
450.0,True,False,nan,46.7874641418457,0.5992144346237183,0.8998234272003174,9.0,2.3855674266815186,270.0
450.0,True,False,nan,46.24540328979492,0.5948704481124878,1.0631905794143677,5.0,2.453291177749634,270.0
450.0,True,False,nan,53.44854736328125,0.44916823506355286,1.3278954029083252,3.0,2.162895679473877,270.0
450.0,True,False,nan,46.03472137451172,0.5282637476921082,1.2057442665100098,10.0,2.2971484661102295,270.0
450.0,True,False,nan,47.81098556518555,0.51244056224823,1.2917131185531616,11.0,2.2613160610198975,270.0
450.0,True,False,nan,47.42124938964844,0.5645023584365845,1.1748558282852173,10.0,2.2314963340759277,270.0
450.0,True,False,nan,47.52422332763672,0.7930726408958435,1.0115385055541992,4.0,2.409233808517456,270.0
450.0,True,False,nan,46.68447494506836,0.9141108393669128,0.7440763115882874,4.0,2.2360687255859375,270.0
450.0,True,False,nan,53.75385284423828,0.9396949410438538,0.6367784738540649,10.0,2.3762807846069336,270.0
450.0,True,False,nan,47.005699157714844,0.8113702535629272,0.9423372149467468,3.0,2.129305362701416,270.0
450.0,True,False,nan,46.155975341796875,0.9300410151481628,0.669864296913147,8.0,2.39725661277771,270.0
450.0,True,False,nan,46.47262954711914,0.8924737572669983,0.7469901442527771,3.0,2.229952335357666,270.0
450.0,True,False,nan,45.960636138916016,0.6728373169898987,1.0175271034240723,10.0,2.3525092601776123,270.0
450.0,True,False,nan,49.74174880981445,0.8138740062713623,0.7666800618171692,9.0,2.3590381145477295,270.0
450.0,True,False,nan,47.0281982421875,0.9471899271011353,0.599763810634613,7.0,2.189361333847046,270.0
450.0,True,False,nan,45.99970245361328,0.5786324739456177,1.1705381870269775,9.0,2.0658440589904785,270.0
450.0,True,False,nan,48.0095100402832,0.8126458525657654,0.8899803161621094,3.0,2.1127729415893555,270.0
450.0,True,False,nan,46.74521255493164,0.7364609837532043,0.9273393750190735,10.0,2.2510406970977783,270.0
450.0,True,False,nan,55.49951934814453,0.40864238142967224,0.6521806120872498,8.0,1.6767841577529907,270.0
450.0,True,False,nan,49.51227569580078,0.648133397102356,0.634204626083374,6.0,1.8830312490463257,270.0
450.0,True,False,nan,48.028560638427734,0.9848141074180603,0.6838921904563904,7.0,2.113738536834717,270.0
450.0,True,False,nan,55.42750930786133,0.8392583727836609,0.8153003454208374,5.0,2.1183364391326904,270.0
450.0,True,False,nan,49.61236572265625,0.9744511246681213,0.6123054027557373,4.0,2.1394262313842773,270.0
450.0,True,False,nan,54.565460205078125,0.8018984794616699,0.8103181719779968,10.0,2.1856846809387207,270.0
450.0,True,False,nan,51.678611755371094,0.8477442860603333,0.7264614701271057,10.0,2.132918119430542,270.0
450.0,True,False,nan,50.624568939208984,0.8642781972885132,0.9214543104171753,9.0,2.0698230266571045,270.0
450.0,True,False,nan,52.50676727294922,1.0445430278778076,0.7166169881820679,3.0,2.0651865005493164,270.0
450.0,True,False,nan,49.974918365478516,0.8874054551124573,0.6795588731765747,8.0,2.099466562271118,270.0
450.0,True,False,nan,51.23062515258789,0.8393211364746094,1.0289748907089233,5.0,2.016880750656128,270.0
450.0,True,False,nan,47.79711151123047,0.9423699975013733,0.7468259930610657,3.0,1.964935541152954,270.0
450.0,True,False,nan,56.467132568359375,0.7700005769729614,0.8569706678390503,7.0,2.0549023151397705,270.0
450.0,False,True,1.1200000047683716,25.982589721679688,0.61067134141922,0.6557920575141907,10.0,1.9217047691345215,270.0
450.0,False,True,1.2999999523162842,27.57884407043457,0.6763542294502258,0.7892441749572754,17.0,1.917970061302185,270.0
450.0,True,False,nan,48.62385559082031,0.19456873834133148,0.7586070895195007,5.0,1.8061528205871582,270.0
450.0,True,False,nan,47.48167037963867,0.12131571024656296,1.3595019578933716,4.0,2.109309196472168,270.0
450.0,True,False,nan,48.41260528564453,0.20041078329086304,0.7516321539878845,10.0,1.6875135898590088,270.0
450.0,True,False,nan,46.97225570678711,0.18104875087738037,1.2002981901168823,2.0,2.1503615379333496,270.0
450.0,True,False,nan,48.27631759643555,0.20608343183994293,0.8395696878433228,10.0,1.7733668088912964,270.0
450.0,True,False,nan,45.005645751953125,0.3322449326515198,1.2320153713226318,4.0,2.4579532146453857,270.0
450.0,True,False,nan,48.302101135253906,0.1366104781627655,1.4037680625915527,13.0,2.2335073947906494,270.0
450.0,True,False,nan,45.46018981933594,0.1458318680524826,0.7934595346450806,10.0,1.6938753128051758,270.0
450.0,True,False,nan,44.11062240600586,0.05616847798228264,1.7974895238876343,16.0,2.3984410762786865,270.0
450.0,True,False,nan,11.503552436828613,0.16395804286003113,0.7991498708724976,3.0,1.959673285484314,270.0
450.0,True,False,nan,6.906033992767334,0.062396660447120667,0.7264658212661743,10.0,1.760406494140625,270.0
450.0,True,False,nan,11.956815719604492,0.18161027133464813,0.6367678046226501,10.0,2.15033221244812,270.0
450.0,True,False,nan,8.604689598083496,0.07115508615970612,0.9273415207862854,10.0,1.9110937118530273,270.0
450.0,True,False,nan,20.663339614868164,0.23027172684669495,1.0435909032821655,2.0,2.262362241744995,270.0
450.0,True,False,nan,10.863828659057617,0.12591053545475006,0.7666323781013489,9.0,2.0848021507263184,270.0
450.0,True,False,nan,25.60536766052246,0.24195867776870728,1.0171959400177002,3.0,2.2580838203430176,270.0
450.0,True,False,nan,9.044092178344727,0.1456403285264969,0.5997684597969055,7.0,1.8916857242584229,270.0
450.0,True,False,nan,29.48414421081543,0.12880364060401917,1.2410751581192017,7.0,2.1316490173339844,270.0
450.0,True,False,nan,16.28742218017578,0.11086307466030121,1.2917122840881348,11.0,2.2613277435302734,270.0
450.0,True,False,nan,6.810629367828369,0.03683803603053093,0.9214790463447571,9.0,1.6297115087509155,270.0
450.0,True,False,nan,24.05218505859375,0.14784972369670868,1.1764802932739258,8.0,2.1696677207946777,270.0
450.0,True,False,nan,7.629359722137451,0.03642155975103378,1.1705222129821777,9.0,1.4611619710922241,270.0
450.0,True,False,nan,30.35480308532715,0.13187071681022644,1.395911455154419,12.0,2.377058506011963,270.0
450.0,True,False,nan,6.857581615447998,0.06830475479364395,0.7166098952293396,3.0,1.7712090015411377,270.0
450.0,True,False,nan,10.217059135437012,0.177814319729805,0.9423444271087646,3.0,1.985948920249939,270.0
450.0,True,False,nan,16.608901977539062,0.24885275959968567,0.8998002409934998,9.0,2.3855650424957275,270.0
450.0,True,False,nan,16.63922119140625,0.12535426020622253,1.2057464122772217,10.0,2.297166585922241,270.0
450.0,True,False,nan,21.70854949951172,0.16592766344547272,1.4172782897949219,6.0,2.3443825244903564,270.0
450.0,True,False,nan,27.54608917236328,0.21264953911304474,0.9413855671882629,2.0,2.075233221054077,270.0
450.0,True,False,nan,36.228702545166016,0.2760257124900818,1.1153934001922607,9.0,2.4315593242645264,270.0
450.0,True,False,nan,18.359926223754883,0.31201741099357605,0.6882229447364807,4.0,2.379337787628174,270.0
450.0,True,False,nan,6.078734874725342,0.051634758710861206,0.679557204246521,8.0,1.7652568817138672,270.0
450.0,True,False,nan,29.536087036132812,0.26162052154541016,1.3875852823257446,4.0,2.270921230316162,270.0
450.0,True,False,nan,15.04527473449707,0.20942527055740356,1.0115389823913574,4.0,2.4092328548431396,270.0
450.0,True,False,nan,22.831010818481445,0.11778734624385834,1.5423763990402222,13.0,2.571127414703369,270.0
450.0,True,False,nan,42.12290573120117,0.19995470345020294,0.888166606426239,6.0,1.836632490158081,270.0
450.0,True,False,nan,7.520005226135254,0.06770353764295578,0.6838945150375366,7.0,1.6750946044921875,270.0
450.0,True,False,nan,8.102078437805176,0.051968902349472046,1.028975009918213,5.0,1.7918035984039307,270.0
450.0,True,False,nan,14.442863464355469,0.11652375757694244,1.174864411354065,10.0,2.231459379196167,270.0
450.0,True,False,nan,14.33582592010498,0.07748926430940628,1.0761357545852661,14.0,1.9687656164169312,270.0
450.0,True,False,nan,28.33708953857422,0.28894320130348206,1.2323884963989258,5.0,2.5333502292633057,270.0
450.0,True,False,nan,11.520852088928223,0.1600409299135208,0.6698638200759888,8.0,2.141563892364502,270.0
450.0,True,False,nan,9.219829559326172,0.09170600771903992,0.8088207244873047,9.0,1.8742766380310059,270.0
450.0,True,False,nan,8.41806697845459,0.08748580515384674,0.6123014688491821,4.0,1.802327275276184,270.0
450.0,True,False,nan,39.52116394042969,0.3513999581336975,1.435603141784668,6.0,2.500115394592285,270.0
450.0,True,False,nan,6.83896541595459,0.11751043051481247,0.652179479598999,8.0,1.6521286964416504,270.0
450.0,True,False,nan,9.007368087768555,0.1344563066959381,0.8438447713851929,2.0,1.8156226873397827,270.0
450.0,True,False,nan,29.68243408203125,0.20582523941993713,1.4394640922546387,5.0,2.365840196609497,270.0
450.0,True,False,nan,11.007466316223145,0.18223974108695984,0.746988832950592,3.0,2.0597879886627197,270.0
450.0,True,False,nan,23.54405975341797,0.181738018989563,1.41695237159729,10.0,2.4476821422576904,270.0
450.0,True,False,nan,9.354458808898926,0.1498013436794281,0.8899925947189331,3.0,1.9259166717529297,270.0
450.0,True,False,nan,27.272863388061523,0.22855888307094574,1.3279037475585938,3.0,2.162895441055298,270.0
450.0,True,False,nan,8.420701026916504,0.15499046444892883,0.6342052817344666,6.0,1.8002427816390991,270.0
450.0,True,False,nan,22.45741844177246,0.22093959152698517,0.9193019866943359,8.0,2.324171781539917,270.0
450.0,True,False,nan,10.987380027770996,0.0825730487704277,1.0175293684005737,10.0,2.0527184009552,270.0
450.0,True,False,nan,11.8930025100708,0.2146347463130951,0.7440832257270813,4.0,2.12846040725708,270.0
450.0,True,False,nan,34.07122039794922,0.399402379989624,1.0631828308105469,5.0,2.45329213142395,270.0
450.0,True,False,nan,20.557659149169922,0.19819192588329315,0.895585834980011,2.0,1.9196923971176147,270.0
450.0,True,False,nan,8.579910278320312,0.08207734674215317,0.8103107213973999,10.0,1.88389253616333,270.0
450.0,True,False,nan,20.14798355102539,0.1938346028327942,1.2754892110824585,5.0,2.415255546569824,270.0
450.0,True,False,nan,2.5961599349975586,0.003510231850668788,0.746819019317627,3.0,0.7978140115737915,270.0
500.0,True,False,nan,48.295074462890625,0.1337999403476715,0.7516351342201233,10.0,2.45939302444458,0.0
500.0,True,False,nan,46.611183166503906,0.1390351802110672,0.7586084008216858,5.0,2.550461769104004,0.0
500.0,True,False,nan,48.719093322753906,0.1284223198890686,0.9214644432067871,9.0,2.492269277572632,0.0
500.0,True,False,nan,50.16674041748047,0.09872104972600937,1.1705522537231445,9.0,2.578859329223633,0.0
500.0,True,False,nan,46.50931930541992,0.1424153745174408,0.8569715619087219,7.0,2.4193992614746094,0.0
500.0,True,False,nan,47.787227630615234,0.12112382054328918,1.0289846658706665,5.0,2.355957508087158,0.0
500.0,True,False,nan,49.1599006652832,0.16226647794246674,0.7991281151771545,3.0,2.577965497970581,0.0
500.0,True,False,nan,46.47068786621094,0.14867499470710754,0.6881802082061768,4.0,2.465078115463257,0.0
500.0,True,False,nan,46.768856048583984,0.14973288774490356,0.8615970611572266,2.0,2.471456289291382,0.0
500.0,True,False,nan,46.04828643798828,0.1997280865907669,0.8881611824035645,6.0,2.477233409881592,0.0
500.0,True,False,nan,45.534114837646484,0.26497653126716614,0.7934502959251404,10.0,2.4798316955566406,0.0
500.0,True,False,nan,45.78062057495117,0.23993253707885742,0.8395655751228333,10.0,2.4356095790863037,0.0
500.0,True,False,nan,49.98485565185547,0.2114395797252655,0.9413818120956421,2.0,2.430820941925049,0.0
500.0,True,False,nan,46.13087844848633,0.33664390444755554,0.6342135667800903,6.0,2.3297719955444336,0.0
500.0,True,False,nan,48.58271789550781,0.25166991353034973,0.8956077098846436,2.0,2.315129518508911,0.0
500.0,True,False,nan,46.22385787963867,0.22434698045253754,1.0761317014694214,14.0,2.4318313598632812,0.0
500.0,True,False,nan,45.28582000732422,0.4947096109390259,0.6521791219711304,8.0,2.274273157119751,0.0
500.0,True,False,nan,53.45438766479492,0.4506494998931885,0.9168984293937683,8.0,2.235556125640869,0.0
500.0,True,False,nan,55.516483306884766,0.15186043083667755,1.4037703275680542,13.0,2.1314141750335693,0.0
500.0,True,False,nan,46.17864990234375,0.0721701979637146,1.7974934577941895,16.0,2.281165838241577,0.0
500.0,True,False,nan,53.01981735229492,0.21235182881355286,1.3959176540374756,12.0,2.3049283027648926,0.0
500.0,True,False,nan,48.53459167480469,0.439788818359375,1.1154333353042603,9.0,2.4732725620269775,0.0
500.0,True,False,nan,55.614322662353516,0.11178156733512878,1.3594975471496582,4.0,2.219949245452881,0.0
500.0,True,False,nan,46.71916198730469,0.618046224117279,0.7892549633979797,17.0,2.2177460193634033,0.0
500.0,True,False,nan,47.01752853393555,0.5558677911758423,1.2320125102996826,4.0,2.6512320041656494,0.0
500.0,True,False,nan,53.2744255065918,0.40098217129707336,1.2002967596054077,2.0,2.531557321548462,0.0
500.0,True,False,nan,45.975433349609375,0.958510160446167,0.7666524648666382,9.0,2.197260618209839,0.0
500.0,True,False,nan,49.36742401123047,0.5838215947151184,1.435597538948059,6.0,2.6005234718322754,0.0
500.0,True,False,nan,47.86573028564453,0.7145873308181763,1.2323955297470093,5.0,2.561494827270508,0.0
500.0,True,False,nan,46.1922492980957,0.4200184643268585,1.542382836341858,13.0,2.426276206970215,0.0
500.0,True,False,nan,49.652896881103516,1.172040343284607,0.6838767528533936,7.0,2.3747570514678955,0.0
500.0,True,False,nan,48.69786071777344,0.5327689051628113,1.4394570589065552,5.0,2.467942714691162,0.0
500.0,True,False,nan,46.47452163696289,1.3714197874069214,0.6367785930633545,10.0,2.287061929702759,0.0
500.0,True,False,nan,47.03071212768555,0.797145426273346,0.655795693397522,10.0,2.133409261703491,0.0
500.0,True,False,nan,46.644325256347656,0.6038621664047241,1.275492548942566,5.0,2.326192855834961,0.0
500.0,True,False,nan,46.839759826660156,1.3637930154800415,0.6698693633079529,8.0,2.213123321533203,0.0
500.0,True,False,nan,48.11653137207031,0.8357701301574707,1.063198208808899,5.0,2.36706280708313,0.0
500.0,True,False,nan,47.88982009887695,0.3020594120025635,1.1764774322509766,8.0,2.010403633117676,0.0
500.0,True,False,nan,51.353607177734375,0.4717136323451996,1.4169539213180542,10.0,2.3521928787231445,0.0
500.0,True,False,nan,49.60923385620117,1.1972737312316895,0.6123011708259583,4.0,2.3311007022857666,0.0
500.0,True,False,nan,45.610984802246094,0.6508649587631226,0.7468822598457336,3.0,2.2865350246429443,0.0
500.0,True,False,nan,48.22002410888672,0.9433212280273438,0.7166150808334351,3.0,2.2750377655029297,0.0
500.0,True,False,nan,46.52450942993164,1.0028553009033203,1.017540454864502,10.0,2.2213335037231445,0.0
500.0,True,False,nan,48.55483627319336,0.16558310389518738,1.241091012954712,7.0,2.0501346588134766,0.0
500.0,True,False,nan,50.35512924194336,0.46110454201698303,1.3875839710235596,4.0,2.291356325149536,0.0
500.0,True,False,nan,46.71675491333008,0.7789903283119202,1.016986608505249,3.0,2.2176477909088135,0.0
500.0,False,True,0.9399999976158142,32.44024658203125,0.9925665855407715,0.7264689803123474,10.0,2.1723475456237793,0.0
500.0,False,True,0.5799999833106995,14.305423736572266,0.4391629695892334,0.9273445010185242,10.0,2.0579721927642822,0.0
500.0,False,True,0.5799999833106995,24.318429946899414,0.42436423897743225,1.0435888767242432,2.0,2.3620290756225586,0.0
500.0,False,True,1.2400000095367432,36.3347053527832,1.1622258424758911,0.5997658371925354,7.0,2.263274908065796,0.0
500.0,False,True,1.0399999618530273,15.186671257019043,0.27304714918136597,1.2917225360870361,11.0,2.126187324523926,0.0
500.0,False,True,0.3799999952316284,28.416906356811523,0.3879222571849823,0.9423245787620544,3.0,2.278560161590576,0.0
500.0,False,True,0.5999999642372131,22.076650619506836,0.5018903017044067,0.8998141288757324,9.0,2.2244937419891357,0.0
500.0,False,True,0.5999999642372131,15.775640487670898,0.4235384166240692,1.2057362794876099,10.0,2.2234692573547363,0.0
500.0,False,True,0.0,12.242953300476074,0.18506291508674622,1.4172641038894653,6.0,2.2557053565979004,0.0
500.0,False,True,0.9199999570846558,31.769088745117188,1.0485140085220337,0.6795549988746643,8.0,2.172297716140747,0.0
500.0,False,True,0.8399999737739563,23.518465042114258,0.609722912311554,1.0115363597869873,4.0,2.369281768798828,0.0
500.0,False,True,0.5600000023841858,11.810376167297363,0.3191445469856262,1.174859881401062,10.0,2.085601329803467,0.0
500.0,False,True,0.6399999856948853,24.723478317260742,0.4254152178764343,0.8088226914405823,9.0,2.090357542037964,0.0
500.0,False,True,0.6599999666213989,33.09819793701172,0.5550974011421204,0.7470041513442993,3.0,2.2041962146759033,0.0
500.0,False,True,0.35999998450279236,28.4886417388916,0.38748326897621155,0.8899802565574646,3.0,2.265817403793335,0.0
500.0,False,True,0.7599999904632568,14.693028450012207,0.3272733688354492,1.3279057741165161,3.0,2.2624199390411377,0.0
500.0,False,True,0.9399999976158142,32.313236236572266,0.82712322473526,0.7440685033798218,4.0,2.2218563556671143,0.0
500.0,False,True,0.6200000047683716,17.97125244140625,0.552116870880127,0.8102948069572449,10.0,2.1071970462799072,0.0
500.0,True,False,nan,46.88880157470703,0.1384873390197754,0.7585996985435486,5.0,2.5556743144989014,0.0
500.0,True,False,nan,50.16646957397461,0.09872153401374817,1.1705443859100342,9.0,2.5788495540618896,0.0
500.0,True,False,nan,46.048091888427734,0.19972899556159973,0.8881586194038391,6.0,2.477231979370117,0.0
500.0,True,False,nan,46.224246978759766,0.2243475317955017,1.076128602027893,14.0,2.431837797164917,0.0
500.0,True,False,nan,49.193294525146484,0.16221942007541656,0.7991520166397095,3.0,2.577834367752075,0.0
500.0,True,False,nan,47.533382415771484,0.14768387377262115,0.843838632106781,2.0,2.5024499893188477,0.0
500.0,True,False,nan,18.665088653564453,0.0,1.7974915504455566,16.0,2.191927909851074,0.0
500.0,True,False,nan,20.72081756591797,0.09289045631885529,0.7516310811042786,10.0,2.233441114425659,0.0
500.0,True,False,nan,11.21173095703125,0.050369687378406525,0.7666781544685364,9.0,1.7231568098068237,0.0
500.0,True,False,nan,10.863683700561523,0.040057472884655,0.9216055870056152,9.0,1.5040225982666016,0.0
500.0,True,False,nan,24.130226135253906,0.0970664843916893,1.4057945013046265,13.0,2.115774154663086,0.0
500.0,True,False,nan,26.12152862548828,0.1070866659283638,0.8569716811180115,7.0,2.1910719871520996,0.0
500.0,True,False,nan,19.521318435668945,0.07023268938064575,1.395918607711792,12.0,2.3049230575561523,0.0
500.0,True,False,nan,4.126921653747559,0.004762317985296249,0.6557946801185608,10.0,0.7262764573097229,0.0
500.0,True,False,nan,26.478164672851562,0.15042462944984436,1.200298547744751,2.0,2.5315613746643066,0.0
500.0,True,False,nan,37.245723724365234,0.18930065631866455,0.9413720965385437,2.0,2.4308173656463623,0.0
500.0,True,False,nan,17.86398696899414,0.07604903727769852,1.115446925163269,9.0,2.1946489810943604,0.0
500.0,True,False,nan,8.312834739685059,0.02865428291261196,0.6882147192955017,4.0,1.242573857307434,0.0
500.0,True,False,nan,6.587642192840576,0.01698555424809456,0.7892575860023499,17.0,1.0776485204696655,0.0
500.0,True,False,nan,1.632068395614624,0.0,1.5423707962036133,13.0,0.5931572318077087,0.0
500.0,True,False,nan,6.0448431968688965,0.0,1.3595023155212402,4.0,1.463017463684082,0.0
500.0,True,False,nan,3.195308208465576,0.0,0.683888852596283,7.0,0.3327683210372925,0.0
500.0,True,False,nan,14.501106262207031,0.02081938646733761,1.2323856353759766,5.0,1.926613450050354,0.0
500.0,True,False,nan,1.1092405319213867,0.0,0.6698588728904724,9.0,0.0,0.0
500.0,True,False,nan,15.765008926391602,0.02058066427707672,1.4356067180633545,6.0,2.13156795501709,0.0
500.0,True,False,nan,38.92964553833008,0.3993633985519409,0.6522101759910583,8.0,2.274271249771118,0.0
500.0,True,False,nan,44.02809524536133,0.23420755565166473,0.7934423685073853,10.0,2.479835271835327,0.0
500.0,True,False,nan,3.7360682487487793,0.0,1.4394663572311401,5.0,0.9845439195632935,0.0
500.0,True,False,nan,37.833953857421875,0.12017198652029037,0.8395524024963379,10.0,2.3639442920684814,0.0
500.0,True,False,nan,1.18679678440094,0.0,0.634210467338562,5.0,0.0,0.0
500.0,True,False,nan,33.044273376464844,0.41204267740249634,0.9203046560287476,8.0,2.2348146438598633,0.0
500.0,True,False,nan,1.0851637125015259,0.0,1.0631903409957886,5.0,0.35861659049987793,0.0
500.0,True,False,nan,11.662277221679688,0.04929398000240326,0.8955898880958557,2.0,1.8878936767578125,0.0
500.0,True,False,nan,2.74566388130188,0.0,1.275485634803772,5.0,0.6980818510055542,0.0
500.0,True,False,nan,20.04014015197754,0.09641130268573761,1.2320125102996826,4.0,2.4861857891082764,0.0
500.0,True,False,nan,46.21857833862305,0.26126915216445923,1.405799388885498,13.0,2.7898621559143066,90.0
500.0,True,False,nan,48.159080505371094,0.2588297128677368,1.3959240913391113,12.0,2.7621731758117676,90.0
500.0,True,False,nan,45.36220169067383,0.28919675946235657,1.2057466506958008,10.0,2.6271584033966064,90.0
500.0,True,False,nan,46.70858383178711,0.2882782816886902,1.1154377460479736,9.0,2.7291228771209717,90.0
500.0,True,False,nan,47.343162536621094,0.327847957611084,0.9169106483459473,8.0,2.6780714988708496,90.0
500.0,True,False,nan,46.61476516723633,0.21127760410308838,1.7974869012832642,16.0,2.7463560104370117,90.0
500.0,True,False,nan,49.220184326171875,0.31391194462776184,1.0169100761413574,3.0,2.6504364013671875,90.0
500.0,True,False,nan,46.88113021850586,0.30668872594833374,1.2917122840881348,11.0,2.5823004245758057,90.0
500.0,True,False,nan,47.687679290771484,0.3315173089504242,1.1764748096466064,8.0,2.6342313289642334,90.0
500.0,True,False,nan,48.24451446533203,0.22681213915348053,1.2003053426742554,2.0,2.7084386348724365,90.0
500.0,True,False,nan,47.55165100097656,0.2602330446243286,1.3595073223114014,4.0,2.736475706100464,90.0
500.0,True,False,nan,46.864662170410156,0.32843536138534546,1.1748669147491455,10.0,2.5630033016204834,90.0
500.0,True,False,nan,49.28375244140625,0.3581032156944275,1.0175318717956543,10.0,2.541071653366089,90.0
500.0,True,False,nan,45.387577056884766,0.39694833755493164,0.9273310899734497,10.0,2.3960113525390625,90.0
500.0,True,False,nan,45.47685241699219,0.3155328035354614,0.941386878490448,2.0,2.5362555980682373,90.0
500.0,True,False,nan,48.82189178466797,0.29268255829811096,1.5423637628555298,13.0,2.7872509956359863,90.0
500.0,True,False,nan,45.51492691040039,0.25210994482040405,1.439469575881958,5.0,2.6875345706939697,90.0
500.0,True,False,nan,48.21286392211914,0.3003043234348297,1.4169429540634155,10.0,2.641894578933716,90.0
500.0,True,False,nan,48.85218048095703,0.3060621917247772,1.2754909992218018,5.0,2.631924867630005,90.0
500.0,True,False,nan,47.11423110961914,0.28427553176879883,1.2320096492767334,4.0,2.761469841003418,90.0
500.0,True,False,nan,48.386497497558594,0.42279568314552307,0.8998154997825623,9.0,2.513507127761841,90.0
500.0,True,False,nan,48.955848693847656,0.239702969789505,1.3875854015350342,4.0,2.5526649951934814,90.0
500.0,True,False,nan,45.81608200073242,0.3400293290615082,1.011540412902832,4.0,2.5482070446014404,90.0
500.0,True,False,nan,48.42273712158203,0.3169387876987457,1.2323955297470093,5.0,2.6978402137756348,90.0
500.0,True,False,nan,49.97293472290039,0.23573611676692963,1.3278940916061401,3.0,2.545252561569214,90.0
500.0,True,False,nan,48.982582092285156,0.37914392352104187,1.0435967445373535,2.0,2.5655903816223145,90.0
500.0,True,False,nan,46.936241149902344,0.36102494597435,0.758613109588623,5.0,2.148989200592041,90.0
500.0,True,False,nan,46.233577728271484,0.3474050760269165,0.9423307776451111,3.0,2.31072998046875,90.0
500.0,True,False,nan,48.58207321166992,0.35934409499168396,1.0632004737854004,5.0,2.5397145748138428,90.0
500.0,True,False,nan,48.94078826904297,0.35391268134117126,0.7516345381736755,10.0,1.86505925655365,90.0
500.0,True,False,nan,50.08554458618164,0.3244526982307434,1.075911045074463,14.0,2.107266902923584,90.0
500.0,True,False,nan,47.87724304199219,0.47620338201522827,0.652203381061554,8.0,2.0661752223968506,90.0
500.0,True,False,nan,48.92288589477539,0.38656535744667053,0.7934455871582031,10.0,1.958418607711792,90.0
500.0,True,False,nan,48.35011291503906,0.4779394268989563,0.7440570592880249,4.0,2.3667476177215576,90.0
500.0,True,False,nan,46.32931900024414,0.5381632447242737,0.6557913422584534,10.0,2.167579174041748,90.0
500.0,True,False,nan,45.78520202636719,0.4748678207397461,0.7892564535140991,17.0,2.1577682495117188,90.0
500.0,True,False,nan,45.99761199951172,0.3838878870010376,0.8395816087722778,10.0,2.176112174987793,90.0
500.0,True,False,nan,46.87377166748047,0.5194751024246216,1.2410773038864136,7.0,2.6597747802734375,90.0
500.0,True,False,nan,51.90657424926758,0.4450356662273407,0.8881546258926392,6.0,2.428986072540283,90.0
500.0,True,False,nan,49.47149658203125,0.5813229084014893,0.8088172078132629,9.0,2.4570157527923584,90.0
500.0,True,False,nan,45.66337203979492,0.41112786531448364,0.8438398838043213,2.0,2.153517723083496,90.0
500.0,True,False,nan,51.849220275878906,0.546937108039856,0.6341986656188965,6.0,2.255781888961792,90.0
500.0,True,False,nan,45.607521057128906,0.4312835931777954,0.8955873250961304,2.0,2.390397787094116,90.0
500.0,True,False,nan,46.819915771484375,0.45162779092788696,0.8569692373275757,7.0,1.906874656677246,90.0
500.0,True,False,nan,48.51801681518555,0.6799380779266357,0.8103046417236328,10.0,2.372481346130371,90.0
500.0,True,False,nan,45.498661041259766,0.5235617160797119,0.7991594076156616,3.0,2.1614420413970947,90.0
500.0,True,False,nan,49.96161651611328,0.7467041611671448,0.6367661356925964,10.0,2.410402536392212,90.0
500.0,True,False,nan,50.03783416748047,0.700671374797821,0.7666599154472351,9.0,2.4531304836273193,90.0
500.0,True,False,nan,51.86356735229492,0.4365953207015991,1.4172675609588623,6.0,2.6142091751098633,90.0
500.0,True,False,nan,49.78316879272461,0.7698335647583008,0.6698839068412781,8.0,2.519237518310547,90.0
500.0,True,False,nan,49.327510833740234,0.3604866862297058,1.1705434322357178,9.0,1.8741804361343384,90.0
500.0,True,False,nan,45.691612243652344,0.36797523498535156,1.4355955123901367,6.0,2.686004161834717,90.0
500.0,True,False,nan,45.05470657348633,0.5400056838989258,0.7166301608085632,3.0,2.208108901977539,90.0
500.0,True,False,nan,46.7603759765625,0.6310358047485352,0.7469878196716309,3.0,2.419240951538086,90.0
500.0,True,False,nan,50.40581512451172,0.7106216549873352,0.6795485615730286,8.0,2.1475257873535156,90.0
500.0,True,False,nan,45.7696647644043,0.6889253854751587,0.6838796734809875,7.0,2.128424644470215,90.0
500.0,True,False,nan,45.03676986694336,0.4845452904701233,0.8899661898612976,3.0,2.324115514755249,90.0
500.0,True,False,nan,47.170528411865234,0.6252456307411194,0.7468312978744507,3.0,2.0308847427368164,90.0
500.0,True,False,nan,48.587867736816406,0.8100227117538452,0.7264638543128967,10.0,2.0907506942749023,90.0
500.0,True,False,nan,48.505157470703125,0.7299450635910034,0.6881967782974243,4.0,2.3301000595092773,90.0
500.0,True,False,nan,47.82732391357422,0.8014686703681946,0.5997706055641174,7.0,2.214662551879883,90.0
500.0,True,False,nan,48.92473602294922,0.6797274947166443,0.9215972423553467,9.0,1.9418513774871826,90.0
500.0,True,False,nan,47.148521423339844,0.8283161520957947,0.6123067736625671,4.0,2.1596782207489014,90.0
500.0,True,False,nan,46.84777069091797,0.817278265953064,1.02899968624115,5.0,1.8472603559494019,90.0
500.0,True,False,nan,46.708709716796875,0.28827810287475586,1.1154422760009766,9.0,2.7291479110717773,90.0
500.0,True,False,nan,45.36259460449219,0.2892008125782013,1.2057384252548218,10.0,2.6271615028381348,90.0
500.0,True,False,nan,46.86507034301758,0.32843148708343506,1.1748623847961426,10.0,2.5629987716674805,90.0
500.0,True,False,nan,48.21268844604492,0.30030104517936707,1.4169522523880005,10.0,2.6419126987457275,90.0
500.0,True,False,nan,48.852264404296875,0.3060622811317444,1.275486707687378,5.0,2.631934404373169,90.0
500.0,True,False,nan,48.95580291748047,0.23970192670822144,1.3875881433486938,4.0,2.5526654720306396,90.0
500.0,True,False,nan,46.881099700927734,0.30668580532073975,1.2917110919952393,11.0,2.5823051929473877,90.0
500.0,True,False,nan,46.38097381591797,0.2616461515426636,1.4034621715545654,13.0,2.7804181575775146,90.0
500.0,True,False,nan,48.158939361572266,0.2588372826576233,1.3959158658981323,12.0,2.7621476650238037,90.0
500.0,True,False,nan,47.343223571777344,0.32785195112228394,0.9168987274169922,8.0,2.678070306777954,90.0
500.0,True,False,nan,46.61447525024414,0.2112794816493988,1.7974765300750732,16.0,2.746345281600952,90.0
500.0,True,False,nan,46.936710357666016,0.36102426052093506,0.7586113214492798,5.0,2.1489951610565186,90.0
500.0,True,False,nan,49.220855712890625,0.31391268968582153,1.0169377326965332,3.0,2.6504342555999756,90.0
500.0,True,False,nan,47.6878776550293,0.33151885867118835,1.176465630531311,8.0,2.6342344284057617,90.0
500.0,True,False,nan,48.24444580078125,0.2268126904964447,1.2002989053726196,2.0,2.708439350128174,90.0
500.0,True,False,nan,48.822086334228516,0.29267844557762146,1.5423851013183594,13.0,2.7872440814971924,90.0
500.0,True,False,nan,47.55207443237305,0.26023969054222107,1.3594918251037598,4.0,2.736480712890625,90.0
500.0,True,False,nan,49.28403091430664,0.35810500383377075,1.0175422430038452,10.0,2.54107403755188,90.0
500.0,True,False,nan,48.94010925292969,0.3539122939109802,0.7516394257545471,10.0,1.8650486469268799,90.0
500.0,True,False,nan,45.47698211669922,0.3155342936515808,0.9413841962814331,2.0,2.5362606048583984,90.0
500.0,True,False,nan,50.08540725708008,0.3243703246116638,1.0761332511901855,14.0,2.1072752475738525,90.0
500.0,True,False,nan,47.8769645690918,0.4762025475502014,0.6522051095962524,8.0,2.0661749839782715,90.0
500.0,True,False,nan,48.92344665527344,0.38656407594680786,0.7934497594833374,10.0,1.9584081172943115,90.0
500.0,True,False,nan,45.51469039916992,0.2521047592163086,1.4394659996032715,5.0,2.6875391006469727,90.0
500.0,True,False,nan,45.3884162902832,0.39695748686790466,0.9273232817649841,10.0,2.396009683609009,90.0
500.0,True,False,nan,45.9979248046875,0.3838907480239868,0.8395677804946899,10.0,2.176100730895996,90.0
500.0,True,False,nan,47.11386489868164,0.28426846861839294,1.232017159461975,4.0,2.7614662647247314,90.0
500.0,True,False,nan,46.329586029052734,0.53816157579422,0.6557943820953369,10.0,2.1675827503204346,90.0
500.0,True,False,nan,49.97380828857422,0.2357424646615982,1.3278930187225342,3.0,2.5452592372894287,90.0
500.0,True,False,nan,48.38606643676758,0.4228036403656006,0.8998143076896667,9.0,2.513519048690796,90.0
500.0,True,False,nan,45.785160064697266,0.4748721420764923,0.7892410755157471,17.0,2.1577670574188232,90.0
500.0,True,False,nan,48.42255401611328,0.31693580746650696,1.2324002981185913,5.0,2.6978366374969482,90.0
500.0,True,False,nan,48.98219680786133,0.37914401292800903,1.0435923337936401,2.0,2.56558895111084,90.0
500.0,True,False,nan,45.815670013427734,0.34003156423568726,1.0115389823913574,4.0,2.5481979846954346,90.0
500.0,True,False,nan,51.84981155395508,0.5469317436218262,0.6342112421989441,6.0,2.2557878494262695,90.0
500.0,True,False,nan,46.873680114746094,0.51947420835495,1.2410845756530762,7.0,2.6597657203674316,90.0
500.0,True,False,nan,51.90642547607422,0.4450300931930542,0.8881604075431824,6.0,2.4289863109588623,90.0
500.0,True,False,nan,48.957340240478516,0.5821781158447266,0.8095703721046448,8.0,2.4852659702301025,90.0
500.0,True,False,nan,48.3490104675293,0.4779399335384369,0.744051456451416,4.0,2.366743564605713,90.0
500.0,True,False,nan,48.60227584838867,0.3594144284725189,1.0631769895553589,5.0,2.539785146713257,90.0
500.0,True,False,nan,45.60761260986328,0.4312806725502014,0.8955979347229004,2.0,2.390399932861328,90.0
500.0,True,False,nan,36.315391540527344,0.39913079142570496,0.799144983291626,3.0,2.161433696746826,90.0
500.0,True,False,nan,23.365877151489258,0.20440565049648285,0.7264686822891235,10.0,1.855885624885559,90.0
500.0,True,False,nan,39.398895263671875,0.6091641783714294,0.6367756724357605,10.0,2.410386562347412,90.0
500.0,True,False,nan,37.773990631103516,0.5890344381332397,0.7666757106781006,9.0,2.4531354904174805,90.0
500.0,True,False,nan,9.139209747314453,0.08785903453826904,0.5997664332389832,7.0,1.7917367219924927,90.0
500.0,True,False,nan,17.33976173400879,0.0939687192440033,0.9216036200523376,9.0,1.7258267402648926,90.0
500.0,True,False,nan,37.0162467956543,0.25878116488456726,1.1705530881881714,9.0,1.8741713762283325,90.0
500.0,True,False,nan,38.45924377441406,0.4153580367565155,0.8569711446762085,7.0,1.9068758487701416,90.0
500.0,True,False,nan,31.253576278686523,0.31253156065940857,0.7164541482925415,3.0,2.208117961883545,90.0
500.0,True,False,nan,40.617576599121094,0.3477073311805725,0.9423385858535767,3.0,2.310730218887329,90.0
500.0,True,False,nan,42.04697799682617,0.43784379959106445,1.4172865152359009,6.0,2.6141445636749268,90.0
500.0,True,False,nan,13.746906280517578,0.0871613621711731,0.6882175207138062,4.0,1.7108708620071411,90.0
500.0,True,False,nan,37.41881561279297,0.4744916558265686,0.6795634627342224,8.0,2.147519111633301,90.0
500.0,True,False,nan,35.627288818359375,0.41590267419815063,0.683890700340271,7.0,2.1284284591674805,90.0
500.0,True,False,nan,42.30244827270508,0.6566526889801025,0.6698712706565857,8.0,2.5192489624023438,90.0
500.0,True,False,nan,11.141448974609375,0.10622619092464447,0.6123005747795105,4.0,1.8092584609985352,90.0
500.0,True,False,nan,42.639442443847656,0.2510204613208771,1.43559992313385,6.0,2.6860098838806152,90.0
500.0,True,False,nan,42.70443344116211,0.41827812790870667,0.8615962266921997,2.0,2.152320384979248,90.0
500.0,True,False,nan,33.537864685058594,0.3528245687484741,0.7470126152038574,3.0,2.4192471504211426,90.0
500.0,True,False,nan,0.6116580367088318,0.0,0.8899785876274109,3.0,0.0,90.0
500.0,True,False,nan,43.265499114990234,0.6465596556663513,0.8103147149085999,10.0,2.3724863529205322,90.0
500.0,True,False,nan,19.77920150756836,0.1608445793390274,0.7468189001083374,3.0,1.8475204706192017,90.0
500.0,True,False,nan,47.13551330566406,0.26463985443115234,1.7974827289581299,16.0,3.1573421955108643,180.0
500.0,True,False,nan,46.78322219848633,0.3297784924507141,1.4057872295379639,13.0,2.986330986022949,180.0
500.0,True,False,nan,48.22025680541992,0.3209742307662964,1.3959016799926758,12.0,3.0454585552215576,180.0
500.0,True,False,nan,45.792720794677734,0.3334532380104065,1.3595013618469238,4.0,2.87389874458313,180.0
500.0,True,False,nan,46.952293395996094,0.42769569158554077,0.9168878793716431,8.0,3.1327061653137207,180.0
500.0,True,False,nan,45.2114372253418,0.3586418926715851,1.5423856973648071,13.0,3.2192375659942627,180.0
500.0,True,False,nan,45.31212615966797,0.4278196692466736,1.291719675064087,11.0,2.7788901329040527,180.0
500.0,True,False,nan,45.92722702026367,0.45002663135528564,1.176474928855896,8.0,2.8091611862182617,180.0
500.0,True,False,nan,47.11827087402344,0.4548007547855377,1.2057390213012695,10.0,2.8931145668029785,180.0
500.0,True,False,nan,46.865699768066406,0.43324533104896545,1.2003026008605957,2.0,3.183168649673462,180.0
500.0,True,False,nan,47.49918746948242,0.49047648906707764,1.115390658378601,9.0,3.253927230834961,180.0
500.0,True,False,nan,48.614688873291016,0.4683663547039032,0.8881573677062988,6.0,3.07486891746521,180.0
500.0,True,False,nan,48.67324447631836,0.44172394275665283,0.8395720720291138,10.0,2.990887403488159,180.0
500.0,True,False,nan,48.43014144897461,0.4477201998233795,1.2410832643508911,7.0,2.792778253555298,180.0
500.0,True,False,nan,46.89049530029297,0.4734286069869995,0.7586141228675842,5.0,3.1859257221221924,180.0
500.0,True,False,nan,46.298362731933594,0.5000221729278564,0.9413857460021973,2.0,3.076497793197632,180.0
500.0,True,False,nan,45.88965606689453,0.5159668326377869,1.0175368785858154,10.0,2.925441026687622,180.0
500.0,True,False,nan,45.08929443359375,0.5257528424263,0.8955830931663513,2.0,2.937504529953003,180.0
500.0,True,False,nan,45.567630767822266,0.5809393525123596,1.0169793367385864,3.0,3.034580945968628,180.0
500.0,True,False,nan,46.2607307434082,0.5806207060813904,1.2320078611373901,4.0,3.1785502433776855,180.0
500.0,True,False,nan,45.34672546386719,0.7654200196266174,0.6557930111885071,10.0,2.713318109512329,180.0
500.0,True,False,nan,48.076045989990234,0.6813647747039795,1.174850344657898,10.0,2.7307281494140625,180.0
500.0,True,False,nan,46.184391021728516,0.7034676671028137,0.6521769762039185,8.0,2.750619888305664,180.0
500.0,True,False,nan,46.041954040527344,0.8773267865180969,0.6342037916183472,6.0,2.8561487197875977,180.0
500.0,True,False,nan,46.47916030883789,0.8850069642066956,1.0435917377471924,2.0,2.9271888732910156,180.0
500.0,True,False,nan,47.28240203857422,0.7069079279899597,0.7892562747001648,17.0,2.5972814559936523,180.0
500.0,True,False,nan,49.151329040527344,0.5382559299468994,1.0761297941207886,14.0,2.7092671394348145,180.0
500.0,True,False,nan,45.228668212890625,0.8850484490394592,1.2323929071426392,5.0,2.993182897567749,180.0
500.0,True,False,nan,45.1000862121582,0.7949681282043457,1.4394612312316895,5.0,2.9207730293273926,180.0
500.0,True,False,nan,46.56633377075195,1.0532244443893433,0.6367615461349487,10.0,2.939467668533325,180.0
500.0,True,False,nan,48.0244140625,0.942901074886322,0.7666633129119873,9.0,2.9096219539642334,180.0
500.0,True,False,nan,46.031551361083984,1.0453602075576782,0.6698662638664246,8.0,3.099561929702759,180.0
500.0,True,False,nan,48.45157241821289,0.8718729019165039,0.8088380694389343,9.0,2.7764885425567627,180.0
500.0,True,False,nan,49.55411911010742,0.6564347743988037,0.7934476733207703,10.0,2.744152784347534,180.0
500.0,True,False,nan,46.52150344848633,0.8363721370697021,1.4169572591781616,10.0,2.964606761932373,180.0
500.0,True,False,nan,46.89239501953125,0.8699731826782227,1.2754911184310913,5.0,2.887969970703125,180.0
500.0,True,False,nan,49.792171478271484,0.6696555018424988,0.7516332864761353,10.0,2.649014949798584,180.0
500.0,True,False,nan,48.086082458496094,0.8310418128967285,1.4172766208648682,6.0,2.904486656188965,180.0
500.0,True,False,nan,46.5775032043457,1.1135356426239014,0.6882126331329346,4.0,2.7458527088165283,180.0
500.0,True,False,nan,45.760231018066406,0.9381957054138184,1.4356019496917725,6.0,2.7029216289520264,180.0
500.0,True,False,nan,48.41470718383789,0.9221233129501343,1.3278944492340088,3.0,2.536954641342163,180.0
500.0,True,False,nan,49.4332275390625,0.9909785389900208,0.8103146553039551,10.0,2.595632314682007,180.0
500.0,True,False,nan,48.527435302734375,0.9687880277633667,0.8438407182693481,2.0,2.7240092754364014,180.0
500.0,True,False,nan,45.84914779663086,1.093428611755371,1.3875900506973267,4.0,2.5299158096313477,180.0
500.0,True,False,nan,48.883522033691406,1.2857862710952759,1.0115320682525635,4.0,2.6887855529785156,180.0
500.0,True,False,nan,45.12760925292969,1.2263942956924438,0.7991225719451904,3.0,2.6562962532043457,180.0
500.0,True,False,nan,46.37323760986328,1.328985333442688,0.9273524284362793,10.0,2.478654384613037,180.0
500.0,True,False,nan,48.16664505004883,1.4607666730880737,1.063181757926941,5.0,2.5943384170532227,180.0
500.0,True,False,nan,47.54872512817383,1.6438853740692139,0.8998143672943115,9.0,2.5911338329315186,180.0
500.0,True,False,nan,45.46033477783203,1.6177741289138794,0.7264793515205383,10.0,2.401672601699829,180.0
500.0,True,False,nan,46.68416213989258,1.7729898691177368,0.6795619130134583,8.0,2.494750499725342,180.0
500.0,True,False,nan,46.742061614990234,1.8930026292800903,0.744061291217804,4.0,2.5629520416259766,180.0
500.0,True,False,nan,46.35234832763672,2.0010249614715576,0.6123011112213135,4.0,2.4885294437408447,180.0
500.0,True,False,nan,49.93898391723633,2.185476064682007,0.6838898658752441,7.0,2.6253607273101807,180.0
500.0,True,False,nan,51.371280670166016,1.7070834636688232,1.1705400943756104,9.0,2.590759038925171,180.0
500.0,True,False,nan,45.72114562988281,2.7048959732055664,0.7166178226470947,3.0,2.497702121734619,180.0
500.0,True,False,nan,47.587303161621094,3.7291440963745117,0.5997684597969055,7.0,2.555941343307495,180.0
500.0,True,False,nan,50.39141845703125,4.541482448577881,0.7469820976257324,3.0,2.5620107650756836,180.0
500.0,False,True,1.2999999523162842,20.35672378540039,1.5021547079086304,0.9214568138122559,9.0,2.4834482669830322,180.0
500.0,False,True,1.2599999904632568,17.707496643066406,1.3128224611282349,0.8569687008857727,7.0,2.3791890144348145,180.0
500.0,False,True,1.3399999141693115,18.682506561279297,1.7781261205673218,0.9423429369926453,3.0,2.348501205444336,180.0
500.0,False,True,0.9199999570846558,15.313236236572266,0.8493080139160156,1.0289918184280396,5.0,2.261359691619873,180.0
500.0,False,False,nan,21.09130859375,4.595373630523682,0.8899661302566528,3.0,2.4065587520599365,180.0
500.0,False,True,1.1399999856948853,17.4986515045166,1.4621551036834717,0.7468220591545105,3.0,2.3508503437042236,180.0
500.0,True,False,nan,45.793052673339844,0.3334549367427826,1.359500527381897,4.0,2.8739047050476074,180.0
500.0,True,False,nan,48.61607360839844,0.46836432814598083,0.8881677985191345,6.0,3.0748555660247803,180.0
500.0,True,False,nan,46.86566925048828,0.4332464337348938,1.2002954483032227,2.0,3.1831750869750977,180.0
500.0,True,False,nan,47.1356315612793,0.26464107632637024,1.797478437423706,16.0,3.1573410034179688,180.0
500.0,True,False,nan,48.67284393310547,0.4417257308959961,0.8395630121231079,10.0,2.9908926486968994,180.0
500.0,True,False,nan,47.24626159667969,0.3308621644973755,1.403772234916687,13.0,2.977660655975342,180.0
500.0,True,False,nan,48.21885299682617,0.3209744393825531,1.395905613899231,12.0,3.0454814434051514,180.0
500.0,True,False,nan,46.95249938964844,0.4276960492134094,0.9168916344642639,8.0,3.132683038711548,180.0
500.0,True,False,nan,45.31168746948242,0.4278218448162079,1.2917084693908691,11.0,2.7788937091827393,180.0
500.0,True,False,nan,47.11833572387695,0.45480048656463623,1.2057420015335083,10.0,2.8931150436401367,180.0
500.0,True,False,nan,46.70084762573242,0.4737089276313782,0.7585926651954651,5.0,3.1833038330078125,180.0
500.0,True,False,nan,45.889305114746094,0.5159631371498108,1.0175482034683228,10.0,2.9254374504089355,180.0
500.0,True,False,nan,45.92658615112305,0.45002812147140503,1.1764732599258423,8.0,2.8091516494750977,180.0
500.0,True,False,nan,47.499149322509766,0.4904698431491852,1.1154167652130127,9.0,3.2539315223693848,180.0
500.0,True,False,nan,45.211307525634766,0.3586457073688507,1.542371392250061,13.0,3.2192375659942627,180.0
500.0,True,False,nan,48.43057632446289,0.4477193355560303,1.2410938739776611,7.0,2.792785167694092,180.0
500.0,True,False,nan,4.211241722106934,0.0,0.7991272211074829,3.0,1.034289002418518,180.0
500.0,True,False,nan,11.825650215148926,0.12556985020637512,0.7516316771507263,10.0,2.251152992248535,180.0
500.0,True,False,nan,34.64127731323242,0.5426363945007324,0.6367706060409546,10.0,2.939469337463379,180.0
500.0,True,False,nan,31.57900047302246,0.45746341347694397,1.0435923337936401,2.0,2.9271881580352783,180.0
500.0,True,False,nan,36.96714782714844,0.564839780330658,0.7666471600532532,9.0,2.9093968868255615,180.0
500.0,True,False,nan,42.33015441894531,0.5802739858627319,1.0169328451156616,3.0,3.034581422805786,180.0
500.0,True,False,nan,39.66326904296875,0.6937460899353027,0.6557905077934265,10.0,2.7133209705352783,180.0
500.0,True,False,nan,34.991912841796875,0.4410596489906311,1.4172694683074951,6.0,2.9044947624206543,180.0
500.0,True,False,nan,34.2244758605957,0.4250149428844452,0.9413854479789734,2.0,3.076503276824951,180.0
500.0,True,False,nan,26.843338012695312,0.26846522092819214,0.6881997585296631,7.0,2.5272421836853027,180.0
500.0,True,False,nan,35.03839111328125,0.5274894833564758,0.7892581224441528,17.0,2.5972793102264404,180.0
500.0,True,False,nan,18.442363739013672,0.16149528324604034,1.3875831365585327,4.0,2.2796568870544434,180.0
500.0,True,False,nan,18.507822036743164,0.15514619648456573,1.0115442276000977,5.0,2.284756660461426,180.0
500.0,True,False,nan,42.807838439941406,0.6012202501296997,1.174864411354065,10.0,2.7307162284851074,180.0
500.0,True,False,nan,33.649253845214844,0.3493078947067261,1.0761332511901855,14.0,2.709270477294922,180.0
500.0,True,False,nan,33.1524543762207,0.44709718227386475,1.2324062585830688,5.0,2.9931859970092773,180.0
500.0,True,False,nan,37.3542594909668,0.5763193964958191,0.6698667407035828,8.0,3.0995616912841797,180.0
500.0,True,False,nan,32.81972122192383,0.5268079042434692,0.8087908029556274,9.0,2.776501417160034,180.0
500.0,True,False,nan,25.981319427490234,0.2553578317165375,1.4356037378311157,6.0,2.579641819000244,180.0
500.0,True,False,nan,37.889686584472656,0.6124357581138611,0.6521824598312378,8.0,2.750622034072876,180.0
500.0,True,False,nan,17.90241050720215,0.12454990297555923,0.8438438177108765,2.0,2.1771388053894043,180.0
500.0,True,False,nan,33.86564254760742,0.45870548486709595,0.7934442162513733,10.0,2.744142770767212,180.0
500.0,True,False,nan,32.86082077026367,0.41040849685668945,1.4394574165344238,5.0,2.920776128768921,180.0
500.0,True,False,nan,36.84102249145508,0.45518818497657776,1.4169543981552124,10.0,2.964607000350952,180.0
500.0,True,False,nan,20.230886459350586,0.22922571003437042,1.3279037475585938,3.0,2.2734694480895996,180.0
500.0,True,False,nan,31.27068328857422,0.5046347379684448,0.6342028975486755,6.0,2.856149435043335,180.0
500.0,True,False,nan,0.5267473459243774,0.0,1.0631941556930542,5.0,0.0,180.0
500.0,True,False,nan,16.392375946044922,0.14972516894340515,0.8955978155136108,2.0,2.2504475116729736,180.0
500.0,True,False,nan,26.00267219543457,0.43820321559906006,0.8102947473526001,10.0,2.595633029937744,180.0
500.0,True,False,nan,28.321334838867188,0.3458440601825714,1.2754907608032227,5.0,2.8879716396331787,180.0
500.0,True,False,nan,44.12600326538086,0.5802397727966309,1.2320138216018677,4.0,3.178551435470581,180.0
500.0,True,False,nan,46.33619689941406,0.23669785261154175,0.7516364455223083,10.0,1.8928312063217163,270.0
500.0,True,False,nan,51.1042594909668,0.23245710134506226,0.7586117386817932,5.0,1.881818413734436,270.0
500.0,True,False,nan,45.54093933105469,0.14503808319568634,1.4034630060195923,13.0,2.3534088134765625,270.0
500.0,True,False,nan,46.38359451293945,0.1701803356409073,1.2003107070922852,2.0,2.267151355743408,270.0
500.0,True,False,nan,45.199337005615234,0.22228600084781647,0.8881645202636719,6.0,1.9842371940612793,270.0
500.0,True,False,nan,45.69723129272461,0.1387747973203659,1.3595041036605835,4.0,2.26220703125,270.0
500.0,True,False,nan,49.249725341796875,0.20246510207653046,0.7934448719024658,10.0,1.743550419807434,270.0
500.0,True,False,nan,46.32683563232422,0.21545198559761047,0.8395421504974365,10.0,1.99373459815979,270.0
500.0,True,False,nan,47.77910232543945,0.08163284510374069,1.7974919080734253,16.0,2.509852170944214,270.0
500.0,True,False,nan,45.131385803222656,0.1799446940422058,1.3959167003631592,12.0,2.481543779373169,270.0
500.0,True,False,nan,45.73759841918945,0.2693076431751251,0.9413833618164062,2.0,2.184222459793091,270.0
500.0,True,False,nan,48.85380172729492,0.10769594460725784,1.0761302709579468,14.0,1.9090523719787598,270.0
500.0,True,False,nan,46.74772262573242,0.2948859930038452,1.2320138216018677,4.0,2.557081937789917,270.0
500.0,True,False,nan,45.710391998291016,0.3380257189273834,0.79915452003479,3.0,2.1454925537109375,270.0
500.0,True,False,nan,46.95684814453125,0.31801554560661316,1.017216444015503,3.0,2.345083475112915,270.0
500.0,True,False,nan,45.4847526550293,0.1891038715839386,1.2410898208618164,7.0,2.252687692642212,270.0
500.0,True,False,nan,45.43482971191406,0.2290632277727127,1.1764966249465942,8.0,2.333106756210327,270.0
500.0,True,False,nan,48.627315521240234,0.3250904977321625,1.1154322624206543,9.0,2.610682964324951,270.0
500.0,True,False,nan,47.584564208984375,0.23624306917190552,0.652187705039978,8.0,1.824575424194336,270.0
500.0,True,False,nan,47.18279266357422,0.32534193992614746,0.8616015911102295,2.0,2.0940394401550293,270.0
500.0,True,False,nan,46.4673957824707,0.26697787642478943,1.439466953277588,5.0,2.5250332355499268,270.0
500.0,True,False,nan,46.429317474365234,0.3233895003795624,0.6342060565948486,6.0,1.9914063215255737,270.0
500.0,True,False,nan,46.048641204833984,0.3374473750591278,0.9193035960197449,8.0,2.44853138923645,270.0
500.0,True,False,nan,48.367374420166016,0.27693700790405273,0.8955951929092407,2.0,2.032756805419922,270.0
500.0,True,False,nan,47.150550842285156,0.38126763701438904,1.043694257736206,3.0,2.371154308319092,270.0
500.0,True,False,nan,45.36178970336914,0.31322506070137024,1.3875874280929565,4.0,2.3819048404693604,270.0
500.0,True,False,nan,45.02866744995117,0.41152581572532654,1.2324029207229614,5.0,2.7449791431427,270.0
500.0,True,False,nan,45.1807746887207,0.380042165517807,1.4355963468551636,6.0,2.6880528926849365,270.0
500.0,True,False,nan,46.26675033569336,0.27203798294067383,1.3278993368148804,3.0,2.2485618591308594,270.0
500.0,True,False,nan,45.0090446472168,0.3589393198490143,1.275492787361145,5.0,2.5968570709228516,270.0
500.0,True,False,nan,46.681060791015625,0.3057608902454376,1.205741286277771,10.0,2.481806516647339,270.0
500.0,True,False,nan,46.3374137878418,0.31323155760765076,1.4172859191894531,6.0,2.550957679748535,270.0
500.0,True,False,nan,47.75330352783203,0.5874502658843994,0.6882339715957642,4.0,2.553349256515503,270.0
500.0,True,False,nan,45.6092643737793,0.5304675102233887,0.669884443283081,8.0,2.5974576473236084,270.0
500.0,True,False,nan,45.466590881347656,0.3383934795856476,1.4169613122940063,10.0,2.689701795578003,270.0
500.0,True,False,nan,47.202091217041016,0.5876305103302002,0.6367674469947815,10.0,2.5881528854370117,270.0
500.0,True,False,nan,45.51713943481445,0.2771209478378296,1.2917171716690063,11.0,2.448232650756836,270.0
500.0,True,False,nan,47.065948486328125,0.31869494915008545,1.1705421209335327,9.0,2.237743854522705,270.0
500.0,True,False,nan,46.49838638305664,0.2756539285182953,1.5423786640167236,13.0,2.8191323280334473,270.0
500.0,True,False,nan,46.05940628051758,0.4185512661933899,0.8153179883956909,6.0,2.267693042755127,270.0
500.0,True,False,nan,45.69453811645508,0.5995821952819824,0.7440606951713562,4.0,2.4307188987731934,270.0
500.0,True,False,nan,46.530723571777344,0.5280281901359558,0.766630232334137,9.0,2.5761709213256836,270.0
500.0,True,False,nan,45.964134216308594,0.3417762815952301,1.1748732328414917,10.0,2.414484739303589,270.0
500.0,True,False,nan,46.799217224121094,0.42052125930786133,1.0175316333770752,10.0,2.5517961978912354,270.0
500.0,True,False,nan,50.001914978027344,0.533572793006897,1.0631791353225708,5.0,2.685973882675171,270.0
500.0,True,False,nan,45.35221862792969,0.6277033090591431,0.7470094561576843,3.0,2.409640312194824,270.0
500.0,True,False,nan,46.679290771484375,0.5938972234725952,1.0115361213684082,4.0,2.621422290802002,270.0
500.0,True,False,nan,45.82767868041992,0.5819014310836792,0.927350640296936,10.0,2.472519636154175,270.0
500.0,True,False,nan,46.662105560302734,0.787749707698822,0.8998311758041382,9.0,2.578026056289673,270.0
500.0,True,False,nan,50.8713493347168,0.9299103021621704,0.9423350691795349,3.0,2.317861318588257,270.0
500.0,True,False,nan,49.673370361328125,0.8809472322463989,0.889985978603363,3.0,2.24761700630188,270.0
500.0,True,False,nan,50.02165985107422,0.8698024749755859,0.8103274703025818,10.0,2.393383026123047,270.0
500.0,True,False,nan,47.042320251464844,1.1047229766845703,0.5997670888900757,7.0,2.310445547103882,270.0
500.0,True,False,nan,45.45198440551758,0.8436126708984375,0.9214780330657959,9.0,2.2347733974456787,270.0
500.0,True,False,nan,48.46538543701172,0.9970772862434387,0.683880090713501,7.0,2.268019676208496,270.0
500.0,True,False,nan,45.802547454833984,1.0429558753967285,0.716616153717041,3.0,2.1968045234680176,270.0
500.0,True,False,nan,46.55912399291992,0.8693555593490601,1.028991460800171,5.0,2.154402017593384,270.0
500.0,True,False,nan,47.22183609008789,0.7126762866973877,0.6558000445365906,10.0,1.9195153713226318,270.0
500.0,True,False,nan,47.035823822021484,1.1431115865707397,0.6122992634773254,4.0,2.244563102722168,270.0
500.0,True,False,nan,52.152950286865234,0.9938264489173889,0.7468169331550598,3.0,2.0820086002349854,270.0
500.0,True,False,nan,48.55561828613281,0.7540693283081055,0.8569701910018921,7.0,2.1020376682281494,270.0
500.0,True,False,nan,49.46392822265625,1.0389968156814575,0.6795516014099121,8.0,2.267629384994507,270.0
500.0,True,False,nan,48.100608825683594,0.6825313568115234,0.7892539501190186,17.0,2.0665781497955322,270.0
500.0,True,False,nan,53.293312072753906,1.0683043003082275,0.7264674305915833,10.0,2.284796714782715,270.0
500.0,True,False,nan,51.10416030883789,0.23245684802532196,0.758608877658844,5.0,1.881824254989624,270.0
500.0,True,False,nan,46.3829460144043,0.17018437385559082,1.2002946138381958,2.0,2.2671566009521484,270.0
500.0,True,False,nan,45.19926834106445,0.22228863835334778,0.8881561160087585,6.0,1.9842392206192017,270.0
500.0,True,False,nan,49.24951171875,0.20246683061122894,0.7934428453445435,10.0,1.743544578552246,270.0
500.0,True,False,nan,46.3270378112793,0.21544626355171204,0.8395581841468811,10.0,1.993734359741211,270.0
500.0,True,False,nan,46.33595275878906,0.23669585585594177,0.7516394257545471,10.0,1.8928296566009521,270.0
500.0,True,False,nan,45.69739532470703,0.1387762427330017,1.3595061302185059,4.0,2.2622032165527344,270.0
500.0,True,False,nan,45.42160415649414,0.1527618169784546,1.4037781953811646,13.0,2.34735369682312,270.0
500.0,True,False,nan,48.853919982910156,0.1076953336596489,1.0761334896087646,14.0,1.909056544303894,270.0
500.0,True,False,nan,46.74750900268555,0.2948865294456482,1.2320029735565186,4.0,2.5570883750915527,270.0
500.0,True,False,nan,47.77930450439453,0.08163884282112122,1.7974750995635986,16.0,2.5098583698272705,270.0
500.0,True,False,nan,48.627681732177734,0.32508498430252075,1.1154500246047974,9.0,2.6106863021850586,270.0
500.0,True,False,nan,45.130977630615234,0.17994606494903564,1.3959150314331055,12.0,2.481555700302124,270.0
500.0,True,False,nan,45.73759841918945,0.26930883526802063,0.9413757920265198,2.0,2.184222936630249,270.0
500.0,True,False,nan,45.3619384765625,0.3132302165031433,1.387587070465088,4.0,2.3819055557250977,270.0
500.0,True,False,nan,45.18026351928711,0.3800415098667145,1.435600757598877,6.0,2.68805193901062,270.0
500.0,True,False,nan,46.545806884765625,0.26750248670578003,1.4394633769989014,5.0,2.5262198448181152,270.0
500.0,True,False,nan,46.926185607910156,0.38781479001045227,1.0435818433761597,2.0,2.397514581680298,270.0
500.0,True,False,nan,46.9566764831543,0.31800588965415955,1.017229676246643,3.0,2.345083713531494,270.0
500.0,True,False,nan,45.02863693237305,0.411528617143631,1.2324048280715942,5.0,2.744971990585327,270.0
500.0,True,False,nan,45.435184478759766,0.22907476127147675,1.1764835119247437,8.0,2.3331122398376465,270.0
500.0,True,False,nan,46.2667121887207,0.27203667163848877,1.3279019594192505,3.0,2.2485601902008057,270.0
500.0,True,False,nan,45.4090576171875,0.33675745129585266,0.9168990850448608,8.0,2.4590861797332764,270.0
500.0,True,False,nan,50.00299072265625,0.5335713624954224,1.063183069229126,5.0,2.6859631538391113,270.0
500.0,True,False,nan,45.4847526550293,0.18910667300224304,1.2410876750946045,7.0,2.2526962757110596,270.0
500.0,True,False,nan,47.716617584228516,0.5861379504203796,0.6882134079933167,4.0,2.542792558670044,270.0
500.0,True,False,nan,48.367347717285156,0.2769393026828766,0.895591676235199,2.0,2.032758951187134,270.0
500.0,True,False,nan,45.00885009765625,0.35893937945365906,1.2754937410354614,5.0,2.596853494644165,270.0
500.0,True,False,nan,47.1388053894043,0.3466953635215759,0.7991136908531189,3.0,2.152649402618408,270.0
500.0,True,False,nan,46.42877197265625,0.3233957886695862,0.6342028379440308,6.0,1.9914053678512573,270.0
500.0,True,False,nan,6.734175682067871,0.059951622039079666,0.7264660596847534,10.0,1.9405769109725952,270.0
500.0,True,False,nan,37.319828033447266,0.5059360265731812,0.6367751359939575,10.0,2.5880744457244873,270.0
500.0,True,False,nan,18.206783294677734,0.2901100218296051,0.9273242354393005,10.0,2.4725053310394287,270.0
500.0,True,False,nan,17.44448471069336,0.25039413571357727,0.7666471600532532,9.0,2.576183795928955,270.0
500.0,True,False,nan,9.2935209274292,0.16975732147693634,0.5997658371925354,7.0,2.028099775314331,270.0
500.0,True,False,nan,29.501510620117188,0.1967335045337677,1.291712999343872,11.0,2.448242664337158,270.0
500.0,True,False,nan,8.006997108459473,0.0945005863904953,0.9215956926345825,9.0,1.793412446975708,270.0
500.0,True,False,nan,17.31964111328125,0.1802411675453186,1.1705527305603027,9.0,2.2377476692199707,270.0
500.0,True,False,nan,7.838193893432617,0.05170552060008049,0.8569714426994324,7.0,1.7929670810699463,270.0
500.0,True,False,nan,8.999577522277832,0.1554441750049591,0.7166113257408142,3.0,1.9693944454193115,270.0
500.0,True,False,nan,12.329696655273438,0.24162918329238892,0.9423278570175171,3.0,2.2683725357055664,270.0
500.0,True,False,nan,7.182558059692383,0.1018475815653801,0.6557872295379639,10.0,1.8645265102386475,270.0
500.0,True,False,nan,22.14632797241211,0.3291833996772766,0.8998266458511353,9.0,2.578014373779297,270.0
500.0,True,False,nan,40.36587142944336,0.2832847833633423,1.2057406902313232,10.0,2.4818058013916016,270.0
500.0,True,False,nan,39.43205261230469,0.2887491285800934,1.4172718524932861,6.0,2.5509777069091797,270.0
500.0,True,False,nan,8.14143180847168,0.10141755640506744,0.6795316338539124,8.0,1.9487773180007935,270.0
500.0,True,False,nan,6.31220817565918,0.04985992610454559,0.7892614006996155,17.0,1.7340120077133179,270.0
500.0,True,False,nan,43.544368743896484,0.5589088201522827,1.0115337371826172,4.0,2.6214334964752197,270.0
500.0,True,False,nan,40.3365592956543,0.2506870925426483,1.5423792600631714,13.0,2.819131851196289,270.0
500.0,True,False,nan,8.389839172363281,0.1533747911453247,0.6838783025741577,7.0,1.9514662027359009,270.0
500.0,True,False,nan,9.220191955566406,0.11691822111606598,1.0289947986602783,7.0,1.987998366355896,270.0
500.0,True,False,nan,25.970457077026367,0.21601390838623047,1.1748641729354858,10.0,2.4144811630249023,270.0
500.0,True,False,nan,34.760772705078125,0.4553523063659668,0.6698708534240723,8.0,2.5974643230438232,270.0
500.0,True,False,nan,22.2825984954834,0.27066048979759216,0.8088103532791138,9.0,2.252113103866577,270.0
500.0,True,False,nan,9.150876998901367,0.12817052006721497,0.6123035550117493,4.0,1.9733657836914062,270.0
500.0,True,False,nan,43.45589828491211,0.23181697726249695,0.6521761417388916,8.0,1.8245762586593628,270.0
500.0,True,False,nan,42.83512878417969,0.31397441029548645,0.8438501954078674,2.0,2.090502977371216,270.0
500.0,True,False,nan,15.193410873413086,0.2818561792373657,0.7469977736473083,3.0,2.4096338748931885,270.0
500.0,True,False,nan,38.41389465332031,0.3109018802642822,1.4169484376907349,10.0,2.6897127628326416,270.0
500.0,True,False,nan,14.68235969543457,0.2632051110267639,0.8899869322776794,3.0,2.2476043701171875,270.0
500.0,True,False,nan,23.95893096923828,0.25397223234176636,1.0175467729568481,10.0,2.5517947673797607,270.0
500.0,True,False,nan,36.904876708984375,0.5255262851715088,0.7440602779388428,4.0,2.4307117462158203,270.0
500.0,True,False,nan,12.205551147460938,0.20249567925930023,0.810295581817627,10.0,2.3031179904937744,270.0
500.0,True,False,nan,9.780923843383789,0.15548962354660034,0.7468310594558716,3.0,2.0527875423431396,270.0
550.0,True,False,nan,49.84760284423828,0.119444839656353,0.7516338229179382,10.0,2.6123154163360596,0.0
550.0,True,False,nan,47.70386505126953,0.12850072979927063,0.7991482019424438,3.0,2.63569712638855,0.0
550.0,True,False,nan,50.25699996948242,0.12397842109203339,0.7585901021957397,5.0,2.742687702178955,0.0
550.0,True,False,nan,52.3514404296875,0.12178139388561249,0.921579122543335,9.0,2.7231476306915283,0.0
550.0,True,False,nan,52.803524017333984,0.09399477392435074,1.1705431938171387,9.0,2.785978078842163,0.0
550.0,True,False,nan,54.116722106933594,0.13072437047958374,0.8569722175598145,7.0,2.7025415897369385,0.0
550.0,True,False,nan,46.621673583984375,0.1345144361257553,0.7166202664375305,3.0,2.463456153869629,0.0
550.0,True,False,nan,46.458984375,0.1442069560289383,0.683887779712677,7.0,2.6057329177856445,0.0
550.0,True,False,nan,53.321014404296875,0.11116466671228409,1.0289655923843384,5.0,2.5218658447265625,0.0
550.0,True,False,nan,49.56187057495117,0.10715591162443161,1.0761349201202393,14.0,2.720667839050293,0.0
550.0,True,False,nan,46.79039001464844,0.15704995393753052,0.6123061180114746,4.0,2.579400062561035,0.0
550.0,True,False,nan,46.738040924072266,0.1158914566040039,0.8438403606414795,2.0,2.529019832611084,0.0
550.0,True,False,nan,51.548484802246094,0.14487367868423462,0.7934646606445312,10.0,2.7760965824127197,0.0
550.0,True,False,nan,47.592437744140625,0.11232522130012512,0.8395560383796692,10.0,2.6578171253204346,0.0
550.0,True,False,nan,46.885650634765625,0.142229825258255,0.6342008709907532,6.0,2.5692505836486816,0.0
550.0,True,False,nan,48.0507698059082,0.14555057883262634,0.7468828558921814,3.0,2.4664547443389893,0.0
550.0,True,False,nan,45.481239318847656,0.1627371907234192,0.7264693975448608,10.0,2.4923150539398193,0.0
550.0,True,False,nan,49.19197082519531,0.17641304433345795,0.5997687578201294,7.0,2.5959103107452393,0.0
550.0,True,False,nan,50.583560943603516,0.14230090379714966,0.6882016062736511,4.0,2.631429433822632,0.0
550.0,True,False,nan,45.83805847167969,0.1700148731470108,0.679558515548706,8.0,2.509805917739868,0.0
550.0,True,False,nan,50.41028594970703,0.1166342943906784,0.8881591558456421,6.0,2.7517833709716797,0.0
550.0,True,False,nan,47.14921569824219,0.1438066065311432,0.746996283531189,3.0,2.51216983795166,0.0
550.0,True,False,nan,46.523075103759766,0.14354562759399414,0.7440652251243591,4.0,2.5148837566375732,0.0
550.0,True,False,nan,47.359039306640625,0.1195678636431694,0.8956047296524048,2.0,2.54254412651062,0.0
550.0,True,False,nan,48.987056732177734,0.1751447170972824,0.6367642879486084,10.0,2.6093900203704834,0.0
550.0,True,False,nan,45.3892707824707,0.0785011574625969,1.2003031969070435,2.0,2.7225699424743652,0.0
550.0,True,False,nan,49.465579986572266,0.1257888674736023,0.9413771033287048,2.0,2.7434332370758057,0.0
550.0,True,False,nan,45.361881256103516,0.14868512749671936,0.8899838328361511,3.0,2.455188274383545,0.0
550.0,True,False,nan,48.409523010253906,0.29173099994659424,0.6521738171577454,8.0,2.554640293121338,0.0
550.0,True,False,nan,45.24135971069336,0.2334652841091156,1.0436989068984985,3.0,2.5800814628601074,0.0
550.0,True,False,nan,46.6844596862793,0.41656720638275146,0.9168919920921326,8.0,2.4765570163726807,0.0
550.0,True,False,nan,47.019840240478516,0.21288776397705078,1.4057995080947876,13.0,2.3329665660858154,0.0
550.0,True,False,nan,45.80606460571289,0.2758781313896179,1.3959290981292725,12.0,2.4508845806121826,0.0
550.0,True,False,nan,46.273929595947266,0.49218106269836426,0.7892551422119141,17.0,2.4984500408172607,0.0
550.0,True,False,nan,49.82340621948242,0.11328654736280441,1.7974867820739746,16.0,2.4309709072113037,0.0
550.0,True,False,nan,45.0766716003418,0.17192159593105316,1.359502911567688,4.0,2.536423444747925,0.0
550.0,True,False,nan,46.611305236816406,0.44225171208381653,1.1154320240020752,9.0,2.544257879257202,0.0
550.0,True,False,nan,45.887001037597656,0.6490339040756226,0.6557918787002563,10.0,2.4295709133148193,0.0
550.0,True,False,nan,45.81211471557617,0.3020315170288086,1.5423667430877686,13.0,2.646577835083008,0.0
550.0,True,False,nan,52.52723693847656,0.7541001439094543,0.7666836380958557,9.0,2.441659450531006,0.0
550.0,True,False,nan,47.89495849609375,0.3947024941444397,1.205737829208374,10.0,2.3046727180480957,0.0
550.0,True,False,nan,49.002235412597656,0.38446512818336487,1.2320153713226318,4.0,2.7358641624450684,0.0
550.0,True,False,nan,48.088741302490234,0.8808523416519165,0.6698731780052185,8.0,2.581343173980713,0.0
550.0,True,False,nan,55.586612701416016,0.6622206568717957,1.4356036186218262,6.0,2.7116668224334717,0.0
550.0,True,False,nan,46.844207763671875,0.5940242409706116,1.416966199874878,10.0,2.5400373935699463,0.0
550.0,True,False,nan,48.68227767944336,0.734955370426178,1.0172067880630493,3.0,2.5709574222564697,0.0
550.0,True,False,nan,48.081573486328125,0.5857704281806946,1.439462423324585,5.0,2.5903356075286865,0.0
550.0,True,False,nan,49.673465728759766,0.897009551525116,1.2323930263519287,5.0,2.5943522453308105,0.0
550.0,True,False,nan,51.73845672607422,1.0814378261566162,1.011541485786438,4.0,2.5243773460388184,0.0
550.0,True,False,nan,49.64909744262695,0.8656747341156006,0.8095687031745911,8.0,2.384316921234131,0.0
550.0,True,False,nan,49.5116081237793,0.9920065999031067,1.063186764717102,5.0,2.5416696071624756,0.0
550.0,True,False,nan,45.72871398925781,0.4354615807533264,1.2410892248153687,7.0,2.2911295890808105,0.0
550.0,True,False,nan,48.10261154174805,0.7439534068107605,0.9423427581787109,3.0,2.3947646617889404,0.0
550.0,True,False,nan,46.663448333740234,0.3806191682815552,1.1764912605285645,8.0,2.2469236850738525,0.0
550.0,True,False,nan,45.498008728027344,1.258357048034668,1.0175325870513916,10.0,2.2918856143951416,0.0
550.0,False,True,0.8199999928474426,27.860689163208008,0.5892345905303955,0.9273160696029663,10.0,2.292619228363037,0.0
550.0,False,True,1.1399999856948853,15.599040985107422,0.37299561500549316,1.2917132377624512,11.0,2.261289358139038,0.0
550.0,False,True,1.159999966621399,39.98733139038086,0.8579466938972473,0.8998216986656189,9.0,2.4432013034820557,0.0
550.0,False,True,0.5199999809265137,17.64981460571289,0.23363956809043884,1.4172735214233398,6.0,2.4193778038024902,0.0
550.0,False,True,0.29999998211860657,23.758548736572266,0.19778554141521454,1.3875857591629028,4.0,2.6033077239990234,0.0
550.0,False,True,0.5799999833106995,15.149069786071777,0.4187704622745514,1.174867868423462,10.0,2.1739070415496826,0.0
550.0,False,True,0.3199999928474426,25.072174072265625,0.25318044424057007,1.3279005289077759,3.0,2.5935275554656982,0.0
550.0,False,True,0.8999999761581421,33.52313995361328,0.7902294993400574,0.8102962970733643,10.0,2.3192811012268066,0.0
550.0,False,True,0.5399999618530273,23.48314094543457,0.43756160140037537,1.275485634803772,5.0,2.4898693561553955,0.0
550.0,True,False,nan,50.087345123291016,0.12437170743942261,0.7586104869842529,5.0,2.73956561088562,0.0
550.0,True,False,nan,50.410430908203125,0.11663271486759186,0.8881700038909912,6.0,2.75178599357605,0.0
550.0,True,False,nan,51.549015045166016,0.1448756903409958,0.7934464812278748,10.0,2.7761003971099854,0.0
550.0,True,False,nan,46.737449645996094,0.11589391529560089,0.8438388109207153,2.0,2.5290160179138184,0.0
550.0,True,False,nan,47.5925178527832,0.11232315748929977,0.839571475982666,10.0,2.6578176021575928,0.0
550.0,True,False,nan,49.5621223449707,0.10718120634555817,1.0759172439575195,14.0,2.720679759979248,0.0
550.0,True,False,nan,52.803565979003906,0.09399516880512238,1.1705440282821655,9.0,2.7859749794006348,0.0
550.0,True,False,nan,47.70380783081055,0.12850043177604675,0.7991510629653931,3.0,2.635699987411499,0.0
550.0,True,False,nan,45.389137268066406,0.07850153744220734,1.2002962827682495,2.0,2.7225680351257324,0.0
550.0,True,False,nan,49.465457916259766,0.12578842043876648,0.9413801431655884,2.0,2.7434298992156982,0.0
550.0,True,False,nan,48.99282455444336,0.17513644695281982,0.6367691159248352,10.0,2.609421968460083,0.0
550.0,True,False,nan,50.5843505859375,0.14229927957057953,0.6882162690162659,4.0,2.631429672241211,0.0
550.0,True,False,nan,48.4078369140625,0.2917323410511017,0.6521774530410767,8.0,2.554624319076538,0.0
550.0,True,False,nan,52.351566314697266,0.12177646160125732,0.9216144680976868,9.0,2.7231526374816895,0.0
550.0,True,False,nan,49.847747802734375,0.11944539099931717,0.7516357898712158,10.0,2.6123180389404297,0.0
550.0,True,False,nan,54.11695098876953,0.13072450459003448,0.8569698929786682,7.0,2.7025434970855713,0.0
550.0,True,False,nan,46.45886993408203,0.14420777559280396,0.6838868856430054,8.0,2.6057333946228027,0.0
550.0,True,False,nan,47.35886764526367,0.11956895142793655,0.8955986499786377,2.0,2.5425453186035156,0.0
550.0,True,False,nan,37.67858123779297,0.11182724684476852,1.7974897623062134,16.0,2.430968761444092,0.0
550.0,True,False,nan,3.6907739639282227,0.0,0.7264707684516907,10.0,0.4102473258972168,0.0
550.0,True,False,nan,24.571678161621094,0.11519433557987213,0.7666634321212769,9.0,2.2344627380371094,0.0
550.0,True,False,nan,0.32625916600227356,0.0,1.0171853303909302,3.0,0.0,0.0
550.0,True,False,nan,33.98268508911133,0.15881450474262238,0.5997653603553772,7.0,2.4731884002685547,0.0
550.0,True,False,nan,40.58100891113281,0.22598262131214142,1.4058144092559814,13.0,2.332962989807129,0.0
550.0,True,False,nan,41.100704193115234,0.2887750267982483,1.395938515663147,12.0,2.450887680053711,0.0
550.0,True,False,nan,11.000489234924316,0.05783449485898018,0.7166185975074768,3.0,1.7220709323883057,0.0
550.0,True,False,nan,39.67988586425781,0.27091139554977417,0.655799388885498,10.0,2.429568290710449,0.0
550.0,True,False,nan,6.588475227355957,0.0017246627248823643,1.2057504653930664,10.0,1.580045223236084,0.0
550.0,True,False,nan,30.454626083374023,0.16043683886528015,1.1153966188430786,9.0,2.544264316558838,0.0
550.0,True,False,nan,5.246579170227051,0.00976575631648302,0.6795544624328613,8.0,0.8016514182090759,0.0
550.0,True,False,nan,42.71915817260742,0.22733916342258453,0.791797399520874,17.0,2.497570276260376,0.0
550.0,True,False,nan,19.394779205322266,0.036415498703718185,1.542382836341858,13.0,2.352940559387207,0.0
550.0,True,False,nan,43.44959259033203,0.08506518602371216,1.3595023155212402,4.0,2.5364060401916504,0.0
550.0,True,False,nan,13.367971420288086,0.051691021770238876,1.0289732217788696,7.0,1.8054436445236206,0.0
550.0,True,False,nan,32.29021072387695,0.14574652910232544,0.6698616147041321,9.0,2.3696112632751465,0.0
550.0,True,False,nan,37.165199279785156,0.1610473245382309,0.6123032569885254,4.0,2.499302625656128,0.0
550.0,True,False,nan,4.551135063171387,0.0,1.435604453086853,6.0,0.9900593757629395,0.0
550.0,True,False,nan,4.379179954528809,0.0026663518510758877,0.7470184564590454,3.0,0.8200272917747498,0.0
550.0,True,False,nan,2.61673641204834,0.0,1.4169535636901855,12.0,0.741543173789978,0.0
550.0,True,False,nan,7.23746919631958,0.030054539442062378,0.6342138051986694,6.0,1.2615989446640015,0.0
550.0,True,False,nan,43.61823654174805,0.4162415862083435,0.9169027209281921,8.0,2.476555347442627,0.0
550.0,True,False,nan,2.386385202407837,0.0,0.7440651655197144,4.0,0.41359037160873413,0.0
550.0,True,False,nan,5.405045986175537,0.013780748471617699,0.7468737959861755,3.0,0.903843343257904,0.0
550.0,True,False,nan,39.85440444946289,0.11569494009017944,1.23201322555542,4.0,2.735872745513916,0.0
550.0,True,False,nan,45.87390899658203,0.23212012648582458,1.3959145545959473,12.0,2.891317367553711,90.0
550.0,True,False,nan,46.103275299072266,0.2570912837982178,1.1154320240020752,9.0,2.8409693241119385,90.0
550.0,True,False,nan,45.436363220214844,0.33124205470085144,0.6698652505874634,8.0,2.6003334522247314,90.0
550.0,True,False,nan,46.1535530090332,0.2878662049770355,0.9169043898582458,8.0,2.7633025646209717,90.0
550.0,True,False,nan,47.37132263183594,0.19914619624614716,1.7974803447723389,16.0,2.9748826026916504,90.0
550.0,True,False,nan,45.09940719604492,0.26555535197257996,0.7586179971694946,5.0,2.3042566776275635,90.0
550.0,True,False,nan,46.0623779296875,0.304249107837677,1.176478385925293,8.0,2.782926559448242,90.0
550.0,True,False,nan,49.272056579589844,0.27215200662612915,1.4037736654281616,13.0,2.953303337097168,90.0
550.0,True,False,nan,47.71784973144531,0.29360735416412354,1.2057421207427979,10.0,2.783684253692627,90.0
550.0,True,False,nan,46.533565521240234,0.23907947540283203,1.542386531829834,13.0,2.9280636310577393,90.0
550.0,True,False,nan,45.99189376831055,0.2417377531528473,1.3594993352890015,4.0,2.8899428844451904,90.0
550.0,True,False,nan,47.71907043457031,0.3216674029827118,1.0175437927246094,10.0,2.6936233043670654,90.0
550.0,True,False,nan,47.265987396240234,0.23503029346466064,1.2320178747177124,4.0,2.963794231414795,90.0
550.0,True,False,nan,45.50959014892578,0.29150640964508057,1.0435866117477417,2.0,2.7741739749908447,90.0
550.0,True,False,nan,49.63614273071289,0.3237209916114807,1.016959547996521,3.0,2.8056747913360596,90.0
550.0,True,False,nan,45.06540298461914,0.3190886676311493,1.241078495979309,7.0,2.7846224308013916,90.0
550.0,True,False,nan,49.47657775878906,0.31565481424331665,1.2917044162750244,11.0,2.7611594200134277,90.0
550.0,True,False,nan,47.92414093017578,0.2436629831790924,1.20029878616333,2.0,2.9072787761688232,90.0
550.0,True,False,nan,45.37791442871094,0.2645958662033081,1.417271375656128,6.0,2.798450469970703,90.0
550.0,True,False,nan,46.58633804321289,0.2977403998374939,0.9413918852806091,2.0,2.7419567108154297,90.0
550.0,True,False,nan,45.55935287475586,0.2947606146335602,1.011542797088623,4.0,2.7680153846740723,90.0
550.0,True,False,nan,45.07997131347656,0.2920609712600708,0.8881677985191345,6.0,2.6095921993255615,90.0
550.0,True,False,nan,47.975276947021484,0.33707112073898315,1.1748738288879395,10.0,2.7245612144470215,90.0
550.0,True,False,nan,47.111934661865234,0.26927047967910767,1.232387900352478,5.0,2.910245656967163,90.0
550.0,True,False,nan,45.86420440673828,0.39727261662483215,0.8152917623519897,5.0,2.660943031311035,90.0
550.0,True,False,nan,45.43147659301758,0.24150995910167694,1.439467191696167,5.0,2.8915438652038574,90.0
550.0,True,False,nan,46.05437088012695,0.2746950685977936,1.41695237159729,10.0,2.818232536315918,90.0
550.0,True,False,nan,45.49607467651367,0.3972799479961395,0.8102980256080627,10.0,2.5195376873016357,90.0
550.0,True,False,nan,46.091400146484375,0.2854226231575012,1.275488257408142,5.0,2.806396961212158,90.0
550.0,True,False,nan,48.582881927490234,0.4127627909183502,0.9273411631584167,10.0,2.5623819828033447,90.0
550.0,True,False,nan,47.9788703918457,0.4054965376853943,0.8998121619224548,9.0,2.666795015335083,90.0
550.0,True,False,nan,46.35125732421875,0.2785421311855316,1.0761361122131348,14.0,2.26214337348938,90.0
550.0,True,False,nan,47.457847595214844,0.2688365578651428,1.3875850439071655,4.0,2.8058228492736816,90.0
550.0,True,False,nan,50.5350341796875,0.268192321062088,1.3279006481170654,3.0,2.7840383052825928,90.0
550.0,True,False,nan,45.747825622558594,0.48241710662841797,0.6521769165992737,8.0,2.217212677001953,90.0
550.0,True,False,nan,46.4750862121582,0.3812286853790283,0.7934485673904419,10.0,2.1092865467071533,90.0
550.0,True,False,nan,50.01384735107422,0.3884744942188263,1.0632081031799316,5.0,2.793795347213745,90.0
550.0,True,False,nan,50.828651428222656,0.3911416232585907,0.7516341209411621,10.0,2.043053150177002,90.0
550.0,True,False,nan,47.963836669921875,0.41241511702537537,0.9423390030860901,3.0,2.5244526863098145,90.0
550.0,True,False,nan,46.15666198730469,0.5490834712982178,0.655800461769104,10.0,2.343197822570801,90.0
550.0,True,False,nan,46.71116256713867,0.47711068391799927,0.789247989654541,17.0,2.2964742183685303,90.0
550.0,True,False,nan,45.377193450927734,0.39610064029693604,0.8395581841468811,10.0,2.33906888961792,90.0
550.0,True,False,nan,45.21845245361328,0.49982792139053345,0.7440688610076904,4.0,2.5647037029266357,90.0
550.0,True,False,nan,46.39891052246094,0.42766574025154114,0.8569705486297607,7.0,2.048335313796997,90.0
550.0,True,False,nan,46.50343704223633,0.5834071040153503,0.6795563697814941,8.0,2.3315391540527344,90.0
550.0,True,False,nan,46.91694259643555,0.40277841687202454,0.8438448905944824,2.0,2.3313560485839844,90.0
550.0,True,False,nan,46.201759338378906,0.4959651231765747,0.7991106510162354,3.0,2.353986978530884,90.0
550.0,True,False,nan,46.092105865478516,0.3466047942638397,1.1705317497253418,9.0,2.149786949157715,90.0
550.0,True,False,nan,52.485328674316406,0.6022143363952637,0.6342049837112427,6.0,2.444035053253174,90.0
550.0,True,False,nan,46.59037399291992,0.6249556541442871,0.7264724969863892,10.0,2.2993056774139404,90.0
550.0,True,False,nan,45.347808837890625,0.7339770793914795,0.6367689371109009,10.0,2.6343557834625244,90.0
550.0,True,False,nan,46.60102462768555,0.6154144406318665,0.6838844418525696,7.0,2.3560791015625,90.0
550.0,True,False,nan,55.16013717651367,0.4956497848033905,0.8955928087234497,2.0,2.5483736991882324,90.0
550.0,True,False,nan,52.98234176635742,0.7458072900772095,0.7666620016098022,9.0,2.6749017238616943,90.0
550.0,True,False,nan,46.6446647644043,0.5822173357009888,0.7166200876235962,3.0,2.4088528156280518,90.0
550.0,True,False,nan,48.30638122558594,0.666693389415741,0.7469856142997742,3.0,2.6211087703704834,90.0
550.0,True,False,nan,52.368038177490234,0.5149552822113037,0.7468856573104858,3.0,2.2075536251068115,90.0
550.0,True,False,nan,50.99344253540039,0.7426498532295227,0.599764883518219,7.0,2.4187352657318115,90.0
550.0,True,False,nan,50.58863067626953,0.5086084604263306,0.9216058850288391,9.0,2.1805365085601807,90.0
550.0,True,False,nan,50.12943649291992,0.701928973197937,0.6882209777832031,4.0,2.6251649856567383,90.0
550.0,True,False,nan,45.59818649291992,0.6764789819717407,0.6123035550117493,4.0,2.366680860519409,90.0
550.0,True,False,nan,48.55168914794922,0.5800214409828186,0.8899730443954468,3.0,2.5535037517547607,90.0
550.0,True,False,nan,50.72062301635742,0.4490601420402527,1.4355987310409546,6.0,2.9570000171661377,90.0
550.0,True,False,nan,48.38214111328125,0.6293280124664307,1.02898108959198,5.0,2.0681862831115723,90.0
550.0,True,False,nan,46.10324478149414,0.2570890188217163,1.1154454946517944,9.0,2.8409781455993652,90.0
550.0,True,False,nan,46.186710357666016,0.28722766041755676,0.9193282127380371,8.0,2.764247417449951,90.0
550.0,True,False,nan,47.71788787841797,0.29360729455947876,1.2057380676269531,10.0,2.783686637878418,90.0
550.0,True,False,nan,45.43642807006836,0.33124417066574097,0.6698618531227112,8.0,2.6003429889678955,90.0
550.0,True,False,nan,47.265933990478516,0.23503004014492035,1.2320139408111572,4.0,2.9637882709503174,90.0
550.0,True,False,nan,49.636878967285156,0.3236609995365143,1.0172131061553955,3.0,2.805644989013672,90.0
550.0,True,False,nan,49.47641372680664,0.31565195322036743,1.291715145111084,11.0,2.7611730098724365,90.0
550.0,True,False,nan,47.92418670654297,0.2436642348766327,1.2002986669540405,2.0,2.907278537750244,90.0
550.0,True,False,nan,46.53382110595703,0.2390802949666977,1.542375087738037,13.0,2.9280574321746826,90.0
550.0,True,False,nan,47.975467681884766,0.3370784819126129,1.174862027168274,10.0,2.724571704864502,90.0
550.0,True,False,nan,45.17692565917969,0.26518139243125916,0.7585977911949158,5.0,2.3029189109802246,90.0
550.0,True,False,nan,46.054290771484375,0.2746945917606354,1.4169585704803467,10.0,2.818227767944336,90.0
550.0,True,False,nan,46.0623779296875,0.3042480945587158,1.1764841079711914,8.0,2.782925605773926,90.0
550.0,True,False,nan,45.874061584472656,0.23212242126464844,1.3959133625030518,12.0,2.891334295272827,90.0
550.0,True,False,nan,47.457542419433594,0.2688300907611847,1.3875869512557983,4.0,2.8058218955993652,90.0
550.0,True,False,nan,46.351417541503906,0.2785434424877167,1.0761265754699707,14.0,2.2621395587921143,90.0
550.0,True,False,nan,47.371177673339844,0.19914889335632324,1.797469973564148,16.0,2.974888801574707,90.0
550.0,True,False,nan,48.63202667236328,0.2710801362991333,1.4057929515838623,13.0,2.953145742416382,90.0
550.0,True,False,nan,45.07997131347656,0.29206427931785583,0.8881567120552063,6.0,2.609592914581299,90.0
550.0,True,False,nan,45.99147033691406,0.24173349142074585,1.359494686126709,4.0,2.889942169189453,90.0
550.0,True,False,nan,47.71913528442383,0.32166624069213867,1.0175409317016602,10.0,2.6936209201812744,90.0
550.0,True,False,nan,46.58629608154297,0.29774364829063416,0.9413808584213257,2.0,2.741950750350952,90.0
550.0,True,False,nan,47.111751556396484,0.26926857233047485,1.232392430305481,5.0,2.910238742828369,90.0
550.0,True,False,nan,45.92513656616211,0.3974681496620178,0.8153266310691833,6.0,2.660282611846924,90.0
550.0,True,False,nan,45.747711181640625,0.4824162721633911,0.6521803140640259,8.0,2.2172155380249023,90.0
550.0,True,False,nan,46.474815368652344,0.3812277019023895,0.7934626936912537,10.0,2.109288454055786,90.0
550.0,True,False,nan,45.496150970458984,0.39728227257728577,0.8102859258651733,10.0,2.519549608230591,90.0
550.0,True,False,nan,50.828800201416016,0.3911433219909668,0.7516295909881592,10.0,2.043055295944214,90.0
550.0,True,False,nan,48.58287048339844,0.4127627909183502,0.9273345470428467,10.0,2.562387466430664,90.0
550.0,True,False,nan,45.065311431884766,0.3190925419330597,1.241079568862915,7.0,2.784618616104126,90.0
550.0,True,False,nan,45.43147277832031,0.24150972068309784,1.4394629001617432,5.0,2.8915445804595947,90.0
550.0,True,False,nan,46.091426849365234,0.2854224741458893,1.275496006011963,5.0,2.8063862323760986,90.0
550.0,True,False,nan,45.50975036621094,0.291507363319397,1.0435906648635864,2.0,2.774177074432373,90.0
550.0,True,False,nan,46.15715026855469,0.5490829944610596,0.6558020710945129,10.0,2.3431925773620605,90.0
550.0,True,False,nan,47.97904586791992,0.4054989814758301,0.8998203873634338,9.0,2.66678786277771,90.0
550.0,True,False,nan,45.3780403137207,0.2645951509475708,1.4172587394714355,6.0,2.79849910736084,90.0
550.0,True,False,nan,46.7111701965332,0.47711265087127686,0.7892455458641052,17.0,2.296473979949951,90.0
550.0,True,False,nan,45.55909729003906,0.29476141929626465,1.0115344524383545,4.0,2.768015146255493,90.0
550.0,True,False,nan,45.37744903564453,0.3961026966571808,0.839561402797699,10.0,2.339066743850708,90.0
550.0,True,False,nan,46.50282287597656,0.5834101438522339,0.6795503497123718,8.0,2.331550121307373,90.0
550.0,True,False,nan,50.5349006652832,0.26819097995758057,1.3279005289077759,3.0,2.784036874771118,90.0
550.0,True,False,nan,46.399742126464844,0.42765942215919495,0.8569730520248413,7.0,2.0483298301696777,90.0
550.0,True,False,nan,46.91648483276367,0.4027822017669678,0.8438443541526794,2.0,2.3313636779785156,90.0
550.0,True,False,nan,52.48607635498047,0.6022109389305115,0.6342021822929382,6.0,2.4440293312072754,90.0
550.0,True,False,nan,46.20231628417969,0.4959554076194763,0.7991222143173218,3.0,2.3539621829986572,90.0
550.0,True,False,nan,46.05906677246094,0.3466283082962036,1.1705429553985596,9.0,2.149650812149048,90.0
550.0,True,False,nan,55.160125732421875,0.49564844369888306,0.8955939412117004,2.0,2.5483736991882324,90.0
550.0,True,False,nan,45.218788146972656,0.4998375475406647,0.7440466284751892,4.0,2.564711570739746,90.0
550.0,True,False,nan,50.01373291015625,0.38847795128822327,1.063197135925293,5.0,2.7937939167022705,90.0
550.0,True,False,nan,45.348297119140625,0.733945906162262,0.6367790102958679,10.0,2.6343746185302734,90.0
550.0,True,False,nan,46.60116958618164,0.6154096126556396,0.6838869452476501,7.0,2.3560757637023926,90.0
550.0,True,False,nan,52.98234176635742,0.7458099722862244,0.7666593194007874,9.0,2.674896240234375,90.0
550.0,True,False,nan,46.64316177368164,0.5823142528533936,0.7164428234100342,3.0,2.408855438232422,90.0
550.0,True,False,nan,52.367977142333984,0.5149841904640198,0.7468230724334717,3.0,2.2075419425964355,90.0
550.0,True,False,nan,46.58940505981445,0.6249555349349976,0.7264649271965027,10.0,2.299299716949463,90.0
550.0,True,False,nan,47.96368408203125,0.4124106466770172,0.9423474073410034,3.0,2.5244505405426025,90.0
550.0,True,False,nan,48.30581283569336,0.6666838526725769,0.7470099925994873,3.0,2.6211161613464355,90.0
550.0,True,False,nan,38.60478591918945,0.7352482676506042,0.5997727513313293,7.0,2.418731927871704,90.0
550.0,True,False,nan,40.0955924987793,0.5128812193870544,0.921613335609436,9.0,2.1805331707000732,90.0
550.0,True,False,nan,40.93158721923828,0.6383340954780579,0.6882035136222839,4.0,2.6251585483551025,90.0
550.0,True,False,nan,22.111099243164062,0.12004108726978302,1.0289806127548218,7.0,2.0250277519226074,90.0
550.0,True,False,nan,38.57600784301758,0.6470139026641846,0.6123014092445374,4.0,2.3666818141937256,90.0
550.0,True,False,nan,44.60580825805664,0.3938556909561157,1.4356030225753784,6.0,2.957003355026245,90.0
550.0,True,False,nan,35.23533630371094,0.49283134937286377,0.8899791240692139,3.0,2.5534985065460205,90.0
550.0,True,False,nan,45.716915130615234,0.2366754412651062,1.7974931001663208,16.0,3.291292428970337,180.0
550.0,True,False,nan,46.2275505065918,0.301405131816864,1.403796672821045,13.0,3.1304891109466553,180.0
550.0,True,False,nan,45.829097747802734,0.2865590453147888,1.3959243297576904,12.0,3.198132038116455,180.0
550.0,True,False,nan,45.478538513183594,0.3109903931617737,1.3594942092895508,4.0,3.0499815940856934,180.0
550.0,True,False,nan,46.88051223754883,0.3469373285770416,1.2057424783706665,10.0,2.9993247985839844,180.0
550.0,True,False,nan,47.5499267578125,0.38652175664901733,0.9193313121795654,8.0,3.300045967102051,180.0
550.0,True,False,nan,46.88394546508789,0.38738495111465454,1.241205096244812,7.0,2.900510549545288,180.0
550.0,True,False,nan,47.8929328918457,0.3718947768211365,1.2917213439941406,11.0,2.870058298110962,180.0
550.0,True,False,nan,46.630130767822266,0.4010603129863739,1.1764878034591675,8.0,2.908339500427246,180.0
550.0,True,False,nan,47.11494827270508,0.40793174505233765,1.1154567003250122,9.0,3.4358487129211426,180.0
550.0,True,False,nan,49.186100006103516,0.3312794268131256,1.5423638820648193,13.0,3.3428218364715576,180.0
550.0,True,False,nan,45.143856048583984,0.39259597659111023,1.1748565435409546,10.0,2.865309238433838,180.0
550.0,True,False,nan,46.94052505493164,0.4078991413116455,1.0175387859344482,10.0,3.0636346340179443,180.0
550.0,True,False,nan,45.34262466430664,0.4163355529308319,0.7585952877998352,5.0,3.4347054958343506,180.0
550.0,True,False,nan,47.271385192871094,0.4186810553073883,1.200304388999939,2.0,3.335242748260498,180.0
550.0,True,False,nan,46.577476501464844,0.45026618242263794,0.8881646990776062,6.0,3.2263243198394775,180.0
550.0,True,False,nan,47.79170227050781,0.4869246482849121,0.9413855671882629,2.0,3.2862319946289062,180.0
550.0,True,False,nan,45.92525863647461,0.5426450371742249,0.6698646545410156,8.0,3.458051919937134,180.0
550.0,True,False,nan,51.16187286376953,0.46829864382743835,0.8395663499832153,10.0,3.1838743686676025,180.0
550.0,True,False,nan,47.15269088745117,0.4793020486831665,1.2320159673690796,4.0,3.497714042663574,180.0
550.0,True,False,nan,47.1933708190918,0.5410184264183044,1.017233967781067,3.0,3.253622055053711,180.0
550.0,True,False,nan,47.401123046875,0.5476555824279785,0.6558012366294861,10.0,2.914823532104492,180.0
550.0,True,False,nan,46.17012405395508,0.5172469615936279,0.6521784067153931,8.0,2.9401421546936035,180.0
550.0,True,False,nan,45.343719482421875,0.5754486918449402,0.634204626083374,6.0,3.1316614151000977,180.0
550.0,True,False,nan,47.395408630371094,0.514118492603302,0.8956162333488464,2.0,3.178429365158081,180.0
550.0,True,False,nan,45.54835891723633,0.48666924238204956,0.751624584197998,10.0,2.948687791824341,180.0
550.0,True,False,nan,45.578975677490234,0.6316781044006348,0.6367774605751038,10.0,3.4090378284454346,180.0
550.0,True,False,nan,46.65074920654297,0.5922147631645203,0.7666523456573486,9.0,3.242133140563965,180.0
550.0,True,False,nan,47.06770324707031,0.5045993328094482,0.7892444729804993,17.0,2.9066009521484375,180.0
550.0,True,False,nan,46.083744049072266,0.5668644905090332,1.2323925495147705,5.0,3.3795056343078613,180.0
550.0,True,False,nan,45.955230712890625,0.605257511138916,0.8152937889099121,5.0,2.992715835571289,180.0
550.0,True,False,nan,45.66836166381836,0.4805062413215637,0.7934504747390747,10.0,3.0484676361083984,180.0
550.0,True,False,nan,45.5256233215332,0.5196147561073303,1.4394558668136597,5.0,3.276533365249634,180.0
550.0,True,False,nan,45.47887420654297,0.5199517607688904,1.4169557094573975,10.0,3.237926959991455,180.0
550.0,True,False,nan,48.243289947509766,0.6108934283256531,1.0435950756072998,2.0,3.2149083614349365,180.0
550.0,True,False,nan,45.66672134399414,0.5420645475387573,1.4172608852386475,6.0,3.15610671043396,180.0
550.0,True,False,nan,45.93862533569336,0.5717791318893433,0.8438475131988525,2.0,3.1556458473205566,180.0
550.0,True,False,nan,45.40956497192383,0.6164413094520569,1.2754932641983032,5.0,3.2167181968688965,180.0
550.0,True,False,nan,45.31344223022461,0.7098062634468079,0.7991246581077576,3.0,3.094451427459717,180.0
550.0,True,False,nan,46.064125061035156,0.9267916679382324,0.6882050037384033,4.0,3.2054457664489746,180.0
550.0,True,False,nan,45.772457122802734,0.566565990447998,1.0761315822601318,14.0,3.017937421798706,180.0
550.0,True,False,nan,45.78942108154297,0.7619313597679138,1.4356019496917725,6.0,3.150266647338867,180.0
550.0,True,False,nan,47.03898239135742,0.780138373374939,1.3278967142105103,3.0,2.8548407554626465,180.0
550.0,True,False,nan,47.267581939697266,0.822982132434845,1.3875820636749268,4.0,2.8663086891174316,180.0
550.0,True,False,nan,45.93373489379883,0.9640258550643921,1.0115385055541992,4.0,3.170614004135132,180.0
550.0,True,False,nan,45.9659309387207,0.978816568851471,1.063194990158081,5.0,2.9542996883392334,180.0
550.0,True,False,nan,48.10856628417969,0.9783257246017456,0.8103005290031433,10.0,2.900895118713379,180.0
550.0,True,False,nan,45.48299026489258,0.988196074962616,0.6795593500137329,8.0,2.931643009185791,180.0
550.0,True,False,nan,45.574275970458984,1.093657374382019,0.7469915151596069,3.0,2.986039876937866,180.0
550.0,True,False,nan,48.856353759765625,1.0642207860946655,0.9273219108581543,10.0,2.9056012630462646,180.0
550.0,True,False,nan,46.39278030395508,1.1500600576400757,0.8998182415962219,9.0,3.03324294090271,180.0
550.0,True,False,nan,48.36238479614258,1.1035948991775513,0.6838823556900024,7.0,3.100018262863159,180.0
550.0,True,False,nan,47.206966400146484,1.154657244682312,0.7166208028793335,3.0,2.8605685234069824,180.0
550.0,True,False,nan,45.639835357666016,1.3410851955413818,0.5997710824012756,7.0,2.8416898250579834,180.0
550.0,True,False,nan,45.53859329223633,1.2887189388275146,0.7264643311500549,10.0,2.6625328063964844,180.0
550.0,True,False,nan,47.09403610229492,0.9416945576667786,1.1705429553985596,9.0,2.9256820678710938,180.0
550.0,True,False,nan,48.445796966552734,1.4845134019851685,0.7440540790557861,4.0,2.8430724143981934,180.0
550.0,True,False,nan,46.89411544799805,1.3732625246047974,0.8899773359298706,3.0,2.676389694213867,180.0
550.0,True,False,nan,49.4491081237793,1.4949649572372437,0.9423427581787109,3.0,2.5832314491271973,180.0
550.0,True,False,nan,45.5571174621582,1.9189398288726807,0.9214673042297363,9.0,2.779458999633789,180.0
550.0,True,False,nan,45.46461868286133,2.7941317558288574,0.6123021841049194,4.0,2.78684401512146,180.0
550.0,False,True,1.8799999952316284,24.735469818115234,2.475813627243042,0.8569678664207458,7.0,2.7645301818847656,180.0
550.0,False,True,0.9599999785423279,18.535472869873047,1.1600160598754883,1.0289665460586548,5.0,2.5194215774536133,180.0
550.0,False,True,2.180000066757202,22.225933074951172,3.0100858211517334,0.7468225955963135,3.0,2.619755268096924,180.0
550.0,True,False,nan,45.47886657714844,0.31098732352256775,1.3595013618469238,4.0,3.0499649047851562,180.0
550.0,True,False,nan,46.26180648803711,0.3025926351547241,1.405797004699707,13.0,3.1350088119506836,180.0
550.0,True,False,nan,46.8475456237793,0.38762837648391724,1.2410892248153687,7.0,2.899136543273926,180.0
550.0,True,False,nan,47.2711181640625,0.418682724237442,1.200294852256775,2.0,3.3352444171905518,180.0
550.0,True,False,nan,46.57743453979492,0.450267493724823,0.8881609439849854,6.0,3.2263283729553223,180.0
550.0,True,False,nan,45.342926025390625,0.4163364768028259,0.7585996985435486,5.0,3.434706687927246,180.0
550.0,True,False,nan,47.79180145263672,0.4869256019592285,0.9413873553276062,2.0,3.2862319946289062,180.0
550.0,True,False,nan,51.16210174560547,0.4683005213737488,0.8395637273788452,10.0,3.183882713317871,180.0
550.0,True,False,nan,47.395355224609375,0.5141279697418213,0.8955808281898499,2.0,3.178434371948242,180.0
550.0,True,False,nan,45.71680450439453,0.23667290806770325,1.7975000143051147,16.0,3.2912886142730713,180.0
550.0,True,False,nan,45.828125,0.28655943274497986,1.3959263563156128,12.0,3.198150157928467,180.0
550.0,True,False,nan,46.880558013916016,0.34693798422813416,1.2057408094406128,10.0,2.9993231296539307,180.0
550.0,True,False,nan,47.54974365234375,0.3865249454975128,0.9193118214607239,8.0,3.300055503845215,180.0
550.0,True,False,nan,47.8930778503418,0.37189871072769165,1.291712760925293,11.0,2.870058536529541,180.0
550.0,True,False,nan,46.630027770996094,0.4010612368583679,1.1764826774597168,8.0,2.9083433151245117,180.0
550.0,True,False,nan,49.186241149902344,0.33127760887145996,1.5423780679702759,13.0,3.3428268432617188,180.0
550.0,True,False,nan,45.14323043823242,0.39260026812553406,1.1748558282852173,10.0,2.8653228282928467,180.0
550.0,True,False,nan,46.94061279296875,0.4079015851020813,1.0175261497497559,10.0,3.063640594482422,180.0
550.0,True,False,nan,47.400848388671875,0.5476593971252441,0.655791699886322,10.0,2.9148080348968506,180.0
550.0,True,False,nan,47.114810943603516,0.40793368220329285,1.1154381036758423,9.0,3.4358508586883545,180.0
550.0,True,False,nan,47.15269470214844,0.4793027341365814,1.2320131063461304,4.0,3.4977121353149414,180.0
550.0,True,False,nan,46.17038345336914,0.517246663570404,0.6521819829940796,8.0,2.940138101577759,180.0
550.0,True,False,nan,47.067604064941406,0.504593014717102,0.789257287979126,17.0,2.906604290008545,180.0
550.0,True,False,nan,47.191349029541016,0.5410811305046082,1.016937017440796,3.0,3.2537009716033936,180.0
550.0,True,False,nan,45.666473388671875,0.5420635938644409,1.4172641038894653,6.0,3.1561081409454346,180.0
550.0,True,False,nan,45.925167083740234,0.5426458716392517,0.6698604822158813,8.0,3.4580516815185547,180.0
550.0,True,False,nan,47.01423645019531,0.5999216437339783,0.8095667958259583,8.0,3.0003840923309326,180.0
550.0,True,False,nan,45.52544403076172,0.5196100473403931,1.4394677877426147,5.0,3.2765355110168457,180.0
550.0,True,False,nan,45.479103088378906,0.5199517011642456,1.4169563055038452,10.0,3.237929344177246,180.0
550.0,True,False,nan,45.54740524291992,0.48666372895240784,0.7516288161277771,10.0,2.948679208755493,180.0
550.0,True,False,nan,46.65095520019531,0.5922116637229919,0.7666659355163574,9.0,3.2421367168426514,180.0
550.0,True,False,nan,46.08382034301758,0.5668584108352661,1.2324122190475464,5.0,3.379507064819336,180.0
550.0,True,False,nan,45.66829299926758,0.48050472140312195,0.7934567928314209,10.0,3.048466205596924,180.0
550.0,True,False,nan,45.578704833984375,0.6316820979118347,0.6367669105529785,10.0,3.409038782119751,180.0
550.0,True,False,nan,48.24312973022461,0.6108949780464172,1.043583631515503,2.0,3.2149112224578857,180.0
550.0,True,False,nan,45.343875885009766,0.575444757938385,0.6342180967330933,6.0,3.131662130355835,180.0
550.0,True,False,nan,30.883731842041016,0.3698011040687561,0.7991239428520203,3.0,3.0944554805755615,180.0
550.0,True,False,nan,3.7246780395507812,0.0037177610211074352,0.7264586091041565,10.0,0.9925162196159363,180.0
550.0,True,False,nan,36.849159240722656,0.5789818167686462,0.9273433685302734,10.0,2.9057424068450928,180.0
550.0,True,False,nan,23.294849395751953,0.27873897552490234,0.5997660756111145,8.0,2.566150665283203,180.0
550.0,True,False,nan,14.37697982788086,0.03429621458053589,1.1705516576766968,9.0,2.251917839050293,180.0
550.0,True,False,nan,23.703357696533203,0.36853983998298645,0.7166212201118469,3.0,2.7095649242401123,180.0
550.0,True,False,nan,11.88481330871582,0.08850101381540298,0.9423285722732544,3.0,2.451920747756958,180.0
550.0,True,False,nan,31.458141326904297,0.5018460750579834,0.8998064994812012,9.0,3.033250093460083,180.0
550.0,True,False,nan,41.59660339355469,0.7066003084182739,0.6881999373435974,4.0,3.205462694168091,180.0
550.0,True,False,nan,35.96411895751953,0.6037125587463379,0.6795544624328613,8.0,2.931648015975952,180.0
550.0,True,False,nan,32.99250793457031,0.479769229888916,1.3875839710235596,4.0,2.8663296699523926,180.0
550.0,True,False,nan,37.551963806152344,0.577491819858551,1.0115437507629395,4.0,3.1706199645996094,180.0
550.0,True,False,nan,30.39236068725586,0.44174301624298096,0.6838817000389099,7.0,3.1000194549560547,180.0
550.0,True,False,nan,44.99237060546875,0.5007585883140564,1.0759197473526,14.0,3.0179498195648193,180.0
550.0,True,False,nan,38.749874114990234,0.5350717306137085,1.4356052875518799,6.0,3.1502678394317627,180.0
550.0,True,False,nan,41.422672271728516,0.5709551572799683,0.8438462615013123,2.0,3.155647039413452,180.0
550.0,True,False,nan,29.037002563476562,0.5064637064933777,0.7470022439956665,3.0,2.9860432147979736,180.0
550.0,True,False,nan,16.912168502807617,0.18905040621757507,0.8899672627449036,3.0,2.447387933731079,180.0
550.0,True,False,nan,35.85861587524414,0.5472214221954346,1.3279054164886475,3.0,2.8548367023468018,180.0
550.0,True,False,nan,20.954988479614258,0.22935201227664948,0.744050920009613,4.0,2.4894068241119385,180.0
550.0,True,False,nan,29.347503662109375,0.44738247990608215,1.0631848573684692,5.0,2.954301357269287,180.0
550.0,True,False,nan,38.33701705932617,0.7106337547302246,0.8103066086769104,10.0,2.900900363922119,180.0
550.0,True,False,nan,43.359737396240234,0.6164963841438293,1.2754875421524048,5.0,3.216721773147583,180.0
550.0,True,False,nan,46.365535736083984,0.11500478535890579,1.797486424446106,16.0,2.692450523376465,270.0
550.0,True,False,nan,48.714454650878906,0.2688278257846832,0.7516319751739502,10.0,2.0831685066223145,270.0
550.0,True,False,nan,52.22613525390625,0.2611254155635834,0.7586017847061157,5.0,2.0148332118988037,270.0
550.0,True,False,nan,47.052001953125,0.17577925324440002,1.403772234916687,13.0,2.5304455757141113,270.0
550.0,True,False,nan,49.86887741088867,0.18949584662914276,1.2003016471862793,2.0,2.400054454803467,270.0
550.0,True,False,nan,46.90768814086914,0.2541312277317047,0.8881661891937256,6.0,2.165238380432129,270.0
550.0,True,False,nan,46.92920684814453,0.15872526168823242,1.3594927787780762,4.0,2.4218106269836426,270.0
550.0,True,False,nan,50.487342834472656,0.23345538973808289,0.7934641242027283,10.0,1.9185011386871338,270.0
550.0,True,False,nan,48.67302322387695,0.25172555446624756,0.8395617604255676,10.0,2.194072723388672,270.0
550.0,True,False,nan,45.31009292602539,0.27445706725120544,1.232012152671814,4.0,2.707716464996338,270.0
550.0,True,False,nan,45.85807800292969,0.27441003918647766,1.043595314025879,2.0,2.4436068534851074,270.0
550.0,True,False,nan,45.84781265258789,0.2858603596687317,1.0169317722320557,3.0,2.476564407348633,270.0
550.0,True,False,nan,48.88200759887695,0.19939039647579193,1.3959345817565918,12.0,2.6242852210998535,270.0
550.0,True,False,nan,49.05192947387695,0.2957886755466461,0.9413855075836182,2.0,2.334927558898926,270.0
550.0,True,False,nan,48.904205322265625,0.2853100597858429,1.1153918504714966,9.0,2.6822683811187744,270.0
550.0,True,False,nan,51.32666015625,0.14312049746513367,1.0761276483535767,14.0,2.0343172550201416,270.0
550.0,True,False,nan,46.90410232543945,0.27294284105300903,0.6521770358085632,8.0,2.002831220626831,270.0
550.0,True,False,nan,45.693214416503906,0.27047309279441833,1.4394676685333252,5.0,2.6745150089263916,270.0
550.0,True,False,nan,45.61915588378906,0.30650410056114197,0.9169237613677979,8.0,2.5771396160125732,270.0
550.0,True,False,nan,47.97498321533203,0.294864296913147,0.8955870270729065,2.0,2.198258876800537,270.0
550.0,True,False,nan,50.583282470703125,0.366093248128891,0.7991549968719482,3.0,2.2783970832824707,270.0
550.0,True,False,nan,48.303550720214844,0.221945121884346,1.241093635559082,7.0,2.417497158050537,270.0
550.0,True,False,nan,48.70389938354492,0.2606416642665863,1.1764705181121826,8.0,2.4644882678985596,270.0
550.0,True,False,nan,45.79186248779297,0.2787227928638458,1.20574152469635,10.0,2.6227335929870605,270.0
550.0,True,False,nan,47.039634704589844,0.28056222200393677,1.4172619581222534,6.0,2.646925210952759,270.0
550.0,True,False,nan,45.199771881103516,0.3390331268310547,1.4356062412261963,6.0,2.8012990951538086,270.0
550.0,True,False,nan,49.84395217895508,0.3584621250629425,0.8616055846214294,2.0,2.211754560470581,270.0
550.0,True,False,nan,45.304115295410156,0.30103567242622375,1.4169560670852661,10.0,2.8163013458251953,270.0
550.0,True,False,nan,45.103885650634766,0.2559141218662262,1.3278964757919312,3.0,2.3919837474823,270.0
550.0,True,False,nan,50.02683639526367,0.36726152896881104,0.6342086791992188,6.0,2.1802408695220947,270.0
550.0,True,False,nan,46.731895446777344,0.3329591155052185,1.2754918336868286,5.0,2.6846923828125,270.0
550.0,True,False,nan,48.14389419555664,0.26216453313827515,1.2917091846466064,11.0,2.5392584800720215,270.0
550.0,True,False,nan,49.417152404785156,0.2882770597934723,1.170547366142273,9.0,2.326075553894043,270.0
550.0,True,False,nan,45.99319076538086,0.3321790099143982,0.6558074951171875,10.0,2.0438268184661865,270.0
550.0,True,False,nan,46.52494812011719,0.5464875102043152,0.6882166266441345,4.0,2.703800916671753,270.0
550.0,True,False,nan,47.183372497558594,0.28679707646369934,0.7892438769340515,17.0,2.064093828201294,270.0
550.0,True,False,nan,49.012447357177734,0.3151416778564453,1.387583613395691,4.0,2.5363974571228027,270.0
550.0,True,False,nan,48.41181564331055,0.2600994110107422,1.54237699508667,13.0,2.951622724533081,270.0
550.0,True,False,nan,46.38744354248047,0.30224594473838806,1.17485773563385,10.0,2.508331060409546,270.0
550.0,True,False,nan,48.815513610839844,0.3808751702308655,1.2323895692825317,5.0,2.858224391937256,270.0
550.0,True,False,nan,46.0733642578125,0.5123212933540344,0.6698570251464844,8.0,2.7520644664764404,270.0
550.0,True,False,nan,46.672096252441406,0.5511605739593506,0.6367677450180054,10.0,2.746785879135132,270.0
550.0,True,False,nan,46.88568878173828,0.4933161437511444,0.7666356563568115,9.0,2.7293307781219482,270.0
550.0,True,False,nan,45.93415832519531,0.3162645399570465,0.8569705486297607,7.0,2.1795754432678223,270.0
550.0,True,False,nan,47.44978332519531,0.48835957050323486,0.6838801503181458,7.0,2.3850111961364746,270.0
550.0,True,False,nan,46.97222900390625,0.384494423866272,0.8088188171386719,9.0,2.342595338821411,270.0
550.0,True,False,nan,47.735984802246094,0.4053252935409546,1.0175395011901855,10.0,2.7240724563598633,270.0
550.0,True,False,nan,54.16301727294922,0.49932220578193665,1.063186764717102,5.0,2.950596809387207,270.0
550.0,True,False,nan,46.0599250793457,0.5200510621070862,0.7166056632995605,3.0,2.2679686546325684,270.0
550.0,True,False,nan,47.84880828857422,0.5442406535148621,1.0115383863449097,4.0,2.8375601768493652,270.0
550.0,True,False,nan,45.35990524291992,0.5706097483634949,0.6123033165931702,4.0,2.373934268951416,270.0
550.0,True,False,nan,46.90214157104492,0.6073562502861023,0.7469877600669861,3.0,2.56913685798645,270.0
550.0,True,False,nan,46.38041687011719,0.547131359577179,0.8899962902069092,3.0,2.3977503776550293,270.0
550.0,True,False,nan,46.106224060058594,0.6151106953620911,0.7440566420555115,4.0,2.610682725906372,270.0
550.0,True,False,nan,47.21873474121094,0.4757155776023865,0.7468768954277039,3.0,2.2472500801086426,270.0
550.0,True,False,nan,45.42292022705078,0.6259850859642029,0.5997617244720459,7.0,2.5051121711730957,270.0
550.0,True,False,nan,45.51417922973633,0.6113008856773376,0.9423361420631409,3.0,2.4878060817718506,270.0
550.0,True,False,nan,45.76318359375,0.5766353607177734,0.8998261094093323,9.0,2.7864911556243896,270.0
550.0,True,False,nan,46.53512954711914,0.511059582233429,0.9214621782302856,9.0,2.3851521015167236,270.0
550.0,True,False,nan,45.06041717529297,0.639316737651825,0.9273344278335571,10.0,2.6838293075561523,270.0
550.0,True,False,nan,45.31812286376953,0.8403889536857605,0.810302197933197,10.0,2.600888252258301,270.0
550.0,True,False,nan,46.725162506103516,0.8290708661079407,1.0289949178695679,5.0,2.239398241043091,270.0
550.0,True,False,nan,47.87968063354492,0.9924555420875549,0.679548978805542,8.0,2.378176212310791,270.0
550.0,True,False,nan,45.76892852783203,1.0485081672668457,0.7264595031738281,10.0,2.450737237930298,270.0
550.0,True,False,nan,52.22590255737305,0.2611297070980072,0.7585886120796204,5.0,2.0148377418518066,270.0
550.0,True,False,nan,49.86909484863281,0.18949924409389496,1.200290560722351,2.0,2.400052547454834,270.0
550.0,True,False,nan,46.90779113769531,0.2541344463825226,0.8881604075431824,6.0,2.165239095687866,270.0
550.0,True,False,nan,50.48753356933594,0.23346102237701416,0.7934454083442688,10.0,1.9185024499893188,270.0
550.0,True,False,nan,48.672752380371094,0.25172126293182373,0.8395674228668213,10.0,2.1940712928771973,270.0
550.0,True,False,nan,45.31011962890625,0.27445682883262634,1.232011318206787,4.0,2.7077159881591797,270.0
550.0,True,False,nan,48.71440887451172,0.26882851123809814,0.751628577709198,10.0,2.083169460296631,270.0
550.0,True,False,nan,46.92875671386719,0.1587192416191101,1.3594990968704224,4.0,2.421813726425171,270.0
550.0,True,False,nan,46.365299224853516,0.11499781906604767,1.797505497932434,16.0,2.692453384399414,270.0
550.0,True,False,nan,47.05244445800781,0.17578837275505066,1.4037655591964722,13.0,2.5304622650146484,270.0
550.0,True,False,nan,51.325904846191406,0.14312130212783813,1.076137900352478,14.0,2.0343079566955566,270.0
550.0,True,False,nan,49.052101135253906,0.2957870364189148,0.9413929581642151,2.0,2.3349266052246094,270.0
550.0,True,False,nan,48.904396057128906,0.2852989435195923,1.115441083908081,9.0,2.682265043258667,270.0
550.0,True,False,nan,47.975154876708984,0.29486191272735596,0.8955967426300049,2.0,2.198259115219116,270.0
550.0,True,False,nan,48.41474151611328,0.31388968229293823,1.0436989068984985,3.0,2.4775583744049072,270.0
550.0,True,False,nan,45.84870529174805,0.28577369451522827,1.0172138214111328,3.0,2.4765963554382324,270.0
550.0,True,False,nan,48.88186264038086,0.19938920438289642,1.3959215879440308,12.0,2.624274730682373,270.0
550.0,True,False,nan,45.19974899291992,0.33903563022613525,1.4356017112731934,6.0,2.801297903060913,270.0
550.0,True,False,nan,46.90403747558594,0.27294135093688965,0.6521822214126587,8.0,2.002833127975464,270.0
550.0,True,False,nan,45.69324493408203,0.27047181129455566,1.4394690990447998,5.0,2.6745212078094482,270.0
550.0,True,False,nan,45.619510650634766,0.30651670694351196,0.9169049263000488,8.0,2.5771443843841553,270.0
550.0,True,False,nan,50.58317184448242,0.3660952150821686,0.799153745174408,3.0,2.278402328491211,270.0
550.0,True,False,nan,48.81551742553711,0.3808784782886505,1.2323919534683228,5.0,2.858231544494629,270.0
550.0,True,False,nan,50.38402557373047,0.35484427213668823,0.8438349962234497,2.0,2.218338966369629,270.0
550.0,True,False,nan,46.52491760253906,0.5464940071105957,0.6881996393203735,4.0,2.7038052082061768,270.0
550.0,True,False,nan,49.01258087158203,0.3151376247406006,1.3875889778137207,4.0,2.5363986492156982,270.0
550.0,True,False,nan,54.16767120361328,0.49937474727630615,1.063212275505066,5.0,2.9505136013031006,270.0
550.0,True,False,nan,46.7319221496582,0.3329601585865021,1.2754937410354614,5.0,2.6846907138824463,270.0
550.0,True,False,nan,48.303627014160156,0.22194553911685944,1.241099238395691,7.0,2.4174978733062744,270.0
550.0,True,False,nan,48.70426559448242,0.26063820719718933,1.1764874458312988,8.0,2.464508295059204,270.0
550.0,True,False,nan,47.039695739746094,0.28055286407470703,1.4172782897949219,6.0,2.646942377090454,270.0
550.0,True,False,nan,45.10357666015625,0.25590965151786804,1.3279000520706177,3.0,2.3919785022735596,270.0
550.0,True,False,nan,45.79197311401367,0.2787269353866577,1.2057478427886963,10.0,2.6227502822875977,270.0
550.0,True,False,nan,48.41233825683594,0.2600966691970825,1.5423824787139893,13.0,2.951650381088257,270.0
550.0,True,False,nan,45.30356979370117,0.30102938413619995,1.4169479608535767,10.0,2.8163046836853027,270.0
550.0,True,False,nan,46.67283248901367,0.551181435585022,0.6367767453193665,10.0,2.7467010021209717,270.0
550.0,True,False,nan,49.419921875,0.28847217559814453,1.1705272197723389,9.0,2.325996160507202,270.0
550.0,True,False,nan,47.8487663269043,0.5442357659339905,1.0115560293197632,4.0,2.8375470638275146,270.0
550.0,True,False,nan,46.07338333129883,0.5123232007026672,0.6698600649833679,8.0,2.752063751220703,270.0
550.0,True,False,nan,50.027278900146484,0.36726295948028564,0.6342024207115173,6.0,2.180241823196411,270.0
550.0,True,False,nan,46.106201171875,0.615105926990509,0.7440586090087891,4.0,2.6106860637664795,270.0
550.0,True,False,nan,48.14377212524414,0.26216259598731995,1.291709542274475,11.0,2.5392606258392334,270.0
550.0,True,False,nan,46.386539459228516,0.30227378010749817,1.174865484237671,10.0,2.5084121227264404,270.0
550.0,True,False,nan,46.89155578613281,0.49336564540863037,0.7666382789611816,9.0,2.7289648056030273,270.0
550.0,True,False,nan,47.7359504699707,0.4053269028663635,1.0175371170043945,10.0,2.7240703105926514,270.0
550.0,True,False,nan,45.76311492919922,0.5766485333442688,0.8998216390609741,9.0,2.786473035812378,270.0
550.0,True,False,nan,46.90220642089844,0.6073504090309143,0.7470046877861023,3.0,2.569138288497925,270.0
550.0,True,False,nan,8.458257675170898,0.1360221654176712,0.7264618873596191,10.0,2.121276378631592,270.0
550.0,True,False,nan,39.17264175415039,0.5098682641983032,0.9273250699043274,10.0,2.683835506439209,270.0
550.0,True,False,nan,28.665857315063477,0.46810585260391235,0.5997636318206787,7.0,2.505117177963257,270.0
550.0,True,False,nan,15.63306713104248,0.27800893783569336,0.9216110110282898,9.0,2.38515043258667,270.0
550.0,True,False,nan,16.81429100036621,0.23143979907035828,0.8569663166999817,7.0,2.1795802116394043,270.0
550.0,True,False,nan,27.631113052368164,0.3963051736354828,0.7166190147399902,3.0,2.2679665088653564,270.0
550.0,True,False,nan,33.78190612792969,0.5044904947280884,0.9423462748527527,3.0,2.4878127574920654,270.0
550.0,True,False,nan,41.79896545410156,0.32793059945106506,0.6558029651641846,10.0,2.0438268184661865,270.0
550.0,True,False,nan,9.186027526855469,0.1990518569946289,0.6795608997344971,8.0,2.162274122238159,270.0
550.0,True,False,nan,43.109291076660156,0.28325748443603516,0.7892579436302185,17.0,2.064095973968506,270.0
550.0,True,False,nan,43.263092041015625,0.4857800006866455,0.6838787794113159,7.0,2.3850159645080566,270.0
550.0,True,False,nan,13.98361587524414,0.2725953757762909,1.0289801359176636,5.0,2.2394022941589355,270.0
550.0,True,False,nan,37.773704528808594,0.35448339581489563,0.8152833580970764,5.0,2.36660099029541,270.0
550.0,True,False,nan,23.208410263061523,0.4007869362831116,0.6123023629188538,4.0,2.3739309310913086,270.0
550.0,True,False,nan,39.436248779296875,0.5117394924163818,0.8899745345115662,3.0,2.3968183994293213,270.0
550.0,True,False,nan,22.02644920349121,0.36063656210899353,0.8103079199790955,10.0,2.600882053375244,270.0
550.0,True,False,nan,28.9320125579834,0.36720797419548035,0.7468298077583313,3.0,2.2472503185272217,270.0
600.0,True,False,nan,45.26613998413086,0.11147688329219818,0.7516359090805054,10.0,2.8741536140441895,0.0
600.0,True,False,nan,46.29019546508789,0.11149940639734268,0.7586045861244202,5.0,2.774768590927124,0.0
600.0,True,False,nan,51.8268928527832,0.1123080849647522,0.9214739203453064,9.0,2.8872227668762207,0.0
600.0,True,False,nan,48.48219680786133,0.0892246812582016,1.1705209016799927,9.0,2.872410774230957,0.0
600.0,True,False,nan,53.901397705078125,0.12118852883577347,0.8569697737693787,7.0,2.892958879470825,0.0
600.0,True,False,nan,45.61806869506836,0.12472506612539291,0.7166084051132202,3.0,2.6248443126678467,0.0
600.0,True,False,nan,52.4826774597168,0.10429074615240097,1.0289875268936157,5.0,2.683612823486328,0.0
600.0,True,False,nan,47.352020263671875,0.09740512818098068,1.0761290788650513,14.0,2.86689829826355,0.0
600.0,True,False,nan,47.90414047241211,0.14278464019298553,0.6123024225234985,4.0,2.758018732070923,0.0
600.0,True,False,nan,46.43801498413086,0.1450684815645218,0.6521783471107483,8.0,2.8377976417541504,0.0
600.0,True,False,nan,52.65509796142578,0.12711386382579803,0.7934619784355164,10.0,2.964282751083374,0.0
600.0,True,False,nan,45.96525192260742,0.10132487863302231,0.8395739793777466,10.0,2.7570531368255615,0.0
600.0,True,False,nan,46.58755874633789,0.13000160455703735,0.6341971755027771,6.0,2.7257986068725586,0.0
600.0,True,False,nan,47.833213806152344,0.13343445956707,0.7468180656433105,3.0,2.63731050491333,0.0
600.0,True,False,nan,56.87996292114258,0.13791976869106293,0.7991471886634827,3.0,2.926259756088257,0.0
600.0,True,False,nan,52.26615905761719,0.14962007105350494,0.7264673113822937,10.0,2.769566297531128,0.0
600.0,True,False,nan,45.43695831298828,0.14068731665611267,0.6367760300636292,10.0,2.7221696376800537,0.0
600.0,True,False,nan,53.12367248535156,0.16318565607070923,0.599770724773407,7.0,2.8251519203186035,0.0
600.0,True,False,nan,48.68926239013672,0.11902080476284027,0.942331075668335,3.0,2.5133821964263916,0.0
600.0,True,False,nan,46.54127502441406,0.15907125174999237,0.6557935476303101,10.0,2.680361747741699,0.0
600.0,True,False,nan,45.171119689941406,0.09400063753128052,0.9413752555847168,2.0,2.6698293685913086,0.0
600.0,True,False,nan,51.467559814453125,0.13003812730312347,0.688235878944397,4.0,2.757297992706299,0.0
600.0,True,False,nan,50.78752136230469,0.15787093341350555,0.6795395612716675,8.0,2.7801671028137207,0.0
600.0,True,False,nan,49.67922592163086,0.14899536967277527,0.7892566919326782,17.0,2.746338367462158,0.0
600.0,True,False,nan,51.02504348754883,0.10570913553237915,0.8881629705429077,6.0,2.8415563106536865,0.0
600.0,True,False,nan,55.425392150878906,0.1526755392551422,0.6838893890380859,7.0,2.8786699771881104,0.0
600.0,True,False,nan,46.77145767211914,0.12747666239738464,0.8152887225151062,5.0,2.7071986198425293,0.0
600.0,True,False,nan,55.84696960449219,0.1267593502998352,0.8438459038734436,2.0,2.808953285217285,0.0
600.0,True,False,nan,51.26803970336914,0.13397274911403656,0.7470070123672485,3.0,2.6858041286468506,0.0
600.0,True,False,nan,48.208770751953125,0.11901787668466568,0.8899832963943481,3.0,2.587400197982788,0.0
600.0,True,False,nan,48.87559127807617,0.13375002145767212,0.7440919280052185,4.0,2.681661605834961,0.0
600.0,True,False,nan,48.97239303588867,0.11131828278303146,0.8955938816070557,2.0,2.662043809890747,0.0
600.0,True,False,nan,48.38756561279297,0.10127757489681244,1.0435993671417236,2.0,2.733081817626953,0.0
600.0,True,False,nan,45.93308639526367,0.15044911205768585,0.7666835188865662,9.0,2.7349748611450195,0.0
600.0,True,False,nan,50.718990325927734,0.10150406509637833,1.017237901687622,3.0,2.8060152530670166,0.0
600.0,True,False,nan,50.45149230957031,0.123472198843956,0.899808943271637,9.0,2.7133407592773438,0.0
600.0,True,False,nan,48.588951110839844,0.07416931539773941,1.2002860307693481,2.0,2.7823326587677,0.0
600.0,True,False,nan,50.06434631347656,0.10046129673719406,1.0115350484848022,4.0,2.713883876800537,0.0
600.0,True,False,nan,49.77132797241211,0.15622873604297638,0.6698684096336365,8.0,2.7967379093170166,0.0
600.0,True,False,nan,47.53356170654297,0.09503942728042603,1.0631781816482544,5.0,2.707449197769165,0.0
600.0,True,False,nan,45.88996124267578,0.14649096131324768,0.8103160262107849,10.0,2.5804824829101562,0.0
600.0,True,False,nan,47.55843734741211,0.07325132191181183,1.2323970794677734,5.0,2.8291208744049072,0.0
600.0,True,False,nan,50.15495300292969,0.0722782164812088,1.2320125102996826,4.0,2.9026577472686768,0.0
600.0,True,False,nan,45.27276611328125,0.11130908876657486,1.1154460906982422,9.0,2.856252431869507,0.0
600.0,True,False,nan,46.987178802490234,0.059935640543699265,1.4356094598770142,6.0,2.8361589908599854,0.0
600.0,True,False,nan,49.32174301147461,0.09668415784835815,1.359488844871521,4.0,2.8060314655303955,0.0
600.0,True,False,nan,45.87861633300781,0.12351153790950775,1.2410802841186523,7.0,2.5824263095855713,0.0
600.0,True,False,nan,46.58835983276367,0.2115935981273651,1.3278919458389282,3.0,2.6520488262176514,0.0
600.0,True,False,nan,46.41933059692383,0.2807956635951996,0.9169036746025085,8.0,2.7676188945770264,0.0
600.0,True,False,nan,46.75054168701172,0.11812430620193481,1.7974865436553955,16.0,2.591111898422241,0.0
600.0,True,False,nan,45.740318298339844,0.2488911896944046,1.3959294557571411,12.0,2.6415743827819824,0.0
600.0,True,False,nan,47.98294448852539,0.22648078203201294,1.4057948589324951,13.0,2.594233274459839,0.0
600.0,True,False,nan,51.70100784301758,0.34911423921585083,1.542372703552246,13.0,2.8454089164733887,0.0
600.0,True,False,nan,50.07670211791992,0.3326045572757721,1.1764837503433228,8.0,2.565406084060669,0.0
600.0,True,False,nan,53.56764602661133,0.4413045346736908,1.2057439088821411,10.0,2.4865167140960693,0.0
600.0,True,False,nan,50.133819580078125,0.5455737113952637,1.0175520181655884,10.0,2.5950326919555664,0.0
600.0,True,False,nan,48.51461410522461,0.35220813751220703,1.387600302696228,4.0,2.7327327728271484,0.0
600.0,True,False,nan,46.87310028076172,1.0860613584518433,0.9273218512535095,10.0,2.5529215335845947,0.0
600.0,True,False,nan,48.145851135253906,0.7024487257003784,1.4394516944885254,5.0,2.802373170852661,0.0
600.0,True,False,nan,45.86091995239258,0.8037702441215515,1.275498867034912,5.0,2.7348296642303467,0.0
600.0,True,False,nan,51.417789459228516,0.4333992600440979,1.2917191982269287,11.0,2.3875694274902344,0.0
600.0,True,False,nan,50.43526077270508,0.6987148523330688,1.4169501066207886,10.0,2.644930601119995,0.0
600.0,False,True,0.5600000023841858,34.40068817138672,0.26546043157577515,1.4172580242156982,6.0,2.675961971282959,0.0
600.0,False,True,1.2599999904632568,25.915477752685547,0.4463810622692108,1.1748734712600708,10.0,2.41900634765625,0.0
600.0,True,False,nan,48.50300598144531,0.0892348363995552,1.1705458164215088,9.0,2.8726985454559326,0.0
600.0,True,False,nan,56.880245208740234,0.137919083237648,0.7991482019424438,3.0,2.9262583255767822,0.0
600.0,True,False,nan,55.847415924072266,0.1267586499452591,0.843850314617157,2.0,2.8089511394500732,0.0
600.0,True,False,nan,51.46700668334961,0.13003960251808167,0.6882142424583435,4.0,2.757296085357666,0.0
600.0,True,False,nan,46.392189025878906,0.11123282462358475,0.758593738079071,5.0,2.7771148681640625,0.0
600.0,True,False,nan,52.65509033203125,0.1271144598722458,0.7934573292732239,10.0,2.9642841815948486,0.0
600.0,True,False,nan,51.02499008178711,0.10571121424436569,0.8881533145904541,6.0,2.84155011177063,0.0
600.0,True,False,nan,45.1712646484375,0.09399984776973724,0.9413820505142212,2.0,2.6698286533355713,0.0
600.0,True,False,nan,47.351890563964844,0.09740500152111053,1.0761300325393677,14.0,2.866894006729126,0.0
600.0,True,False,nan,46.437705993652344,0.14506755769252777,0.6521831750869751,16.0,2.8377954959869385,0.0
600.0,True,False,nan,51.82899475097656,0.11229079961776733,0.9216145873069763,9.0,2.8872835636138916,0.0
600.0,True,False,nan,53.901214599609375,0.12118751555681229,0.8569751977920532,7.0,2.8929624557495117,0.0
600.0,True,False,nan,45.96492004394531,0.10132680088281631,0.8395565748214722,10.0,2.757061243057251,0.0
600.0,True,False,nan,46.587215423583984,0.13000284135341644,0.6341946125030518,6.0,2.725799798965454,0.0
600.0,True,False,nan,48.97230911254883,0.111317940056324,0.8955939412117004,2.0,2.6620404720306396,0.0
600.0,True,False,nan,48.589351654052734,0.07416847348213196,1.2002907991409302,2.0,2.782341480255127,0.0
600.0,True,False,nan,45.44200897216797,0.14068391919136047,0.6367708444595337,10.0,2.722167491912842,0.0
600.0,True,False,nan,49.67900085449219,0.14899590611457825,0.7892544269561768,17.0,2.746342420578003,0.0
600.0,True,False,nan,45.9329833984375,0.15045315027236938,0.7666438817977905,9.0,2.7349681854248047,0.0
600.0,True,False,nan,46.5406494140625,0.15907010436058044,0.6558050513267517,10.0,2.6803572177886963,0.0
600.0,True,False,nan,49.77199172973633,0.15622934699058533,0.6698588728904724,8.0,2.796745777130127,0.0
600.0,True,False,nan,50.15571594238281,0.07227687537670135,1.2320162057876587,4.0,2.9026448726654053,0.0
600.0,True,False,nan,45.27231216430664,0.11131839454174042,1.1154037714004517,9.0,2.85626482963562,0.0
600.0,True,False,nan,55.425655364990234,0.15267473459243774,0.6838946342468262,7.0,2.878671646118164,0.0
600.0,True,False,nan,50.787139892578125,0.157866969704628,0.6795516014099121,8.0,2.780174732208252,0.0
600.0,True,False,nan,52.265987396240234,0.1496202051639557,0.7264710068702698,10.0,2.7695672512054443,0.0
600.0,True,False,nan,50.72277069091797,0.10154633224010468,1.0169812440872192,3.0,2.8060169219970703,0.0
600.0,True,False,nan,53.124114990234375,0.1631869375705719,0.5997631549835205,7.0,2.825150728225708,0.0
600.0,True,False,nan,49.32240295410156,0.09668415784835815,1.3594970703125,4.0,2.8060355186462402,0.0
600.0,True,False,nan,46.750003814697266,0.11812455207109451,1.7974885702133179,16.0,2.59112811088562,0.0
600.0,True,False,nan,45.740562438964844,0.24888810515403748,1.3959263563156128,12.0,2.641580820083618,0.0
600.0,True,False,nan,52.48247528076172,0.10428953170776367,1.028987169265747,7.0,2.683624267578125,0.0
600.0,True,False,nan,47.90422821044922,0.1427844762802124,0.6123016476631165,7.0,2.7580204010009766,0.0
600.0,True,False,nan,46.78247833251953,0.277242511510849,0.9193331003189087,8.0,2.76823353767395,0.0
600.0,True,False,nan,48.022212982177734,0.21904796361923218,1.4037753343582153,13.0,2.6182429790496826,0.0
600.0,True,False,nan,45.61775588989258,0.12472476065158844,0.7166066765785217,3.0,2.624846935272217,0.0
600.0,True,False,nan,47.83332824707031,0.13343378901481628,0.7468268871307373,3.0,2.637310028076172,0.0
600.0,True,False,nan,48.875492095947266,0.13375777006149292,0.7440406680107117,4.0,2.6816720962524414,0.0
600.0,True,False,nan,2.4355010986328125,0.0,0.7516328692436218,11.0,0.0,0.0
600.0,True,False,nan,30.336517333984375,0.08540573716163635,1.043581485748291,2.0,2.461887836456299,0.0
600.0,True,False,nan,1.0884047746658325,0.0,1.2410874366760254,7.0,0.0,0.0
600.0,True,False,nan,25.649234771728516,0.07101432234048843,1.1764702796936035,8.0,2.4781832695007324,0.0
600.0,True,False,nan,2.3604912757873535,0.0,0.9423612952232361,3.0,0.5390632748603821,0.0
600.0,True,False,nan,10.427358627319336,0.03702763840556145,0.8998219966888428,9.0,1.877251386642456,0.0
600.0,True,False,nan,27.281774520874023,0.10931935906410217,1.2057420015335083,10.0,2.4865217208862305,0.0
600.0,True,False,nan,1.7894726991653442,0.0,1.3875867128372192,4.0,0.5000317096710205,0.0
600.0,True,False,nan,31.973180770874023,0.08561115711927414,1.0115410089492798,4.0,2.4681169986724854,0.0
600.0,True,False,nan,34.805328369140625,0.32974615693092346,1.5423742532730103,13.0,2.8454084396362305,0.0
600.0,True,False,nan,41.31035614013672,0.07402078062295914,1.2323927879333496,5.0,2.7175114154815674,0.0
600.0,True,False,nan,19.34286880493164,0.08794304728507996,0.8095662593841553,8.0,2.4915854930877686,0.0
600.0,True,False,nan,38.188560485839844,0.04742134362459183,1.4356045722961426,6.0,2.628715753555298,0.0
600.0,True,False,nan,29.25022315979004,0.11815036088228226,0.7469929456710815,3.0,2.496225357055664,0.0
600.0,True,False,nan,7.340855121612549,0.0197414830327034,0.8899903893470764,3.0,1.3809157609939575,0.0
600.0,True,False,nan,13.818222045898438,0.03387374058365822,1.3279087543487549,3.0,2.3421566486358643,0.0
600.0,True,False,nan,25.458499908447266,0.08680881559848785,1.0175385475158691,10.0,2.448136806488037,0.0
600.0,True,False,nan,21.525989532470703,0.0609344020485878,1.0631906986236572,5.0,2.3030054569244385,0.0
600.0,True,False,nan,11.301916122436523,0.05237721651792526,0.8103038668632507,10.0,1.9915556907653809,0.0
600.0,True,False,nan,45.03225326538086,0.23681952059268951,1.4058239459991455,13.0,3.04038667678833,90.0
600.0,True,False,nan,46.46202850341797,0.22899100184440613,1.3959218263626099,12.0,3.036210536956787,90.0
600.0,True,False,nan,45.32991027832031,0.25927937030792236,1.2057428359985352,10.0,2.8447928428649902,90.0
600.0,True,False,nan,45.456085205078125,0.25381019711494446,1.1154561042785645,9.0,3.003359079360962,90.0
600.0,True,False,nan,46.28185272216797,0.3251824378967285,0.6698636412620544,8.0,2.72536039352417,90.0
600.0,True,False,nan,46.27030944824219,0.2811013162136078,0.9203072190284729,8.0,2.8689613342285156,90.0
600.0,True,False,nan,45.082115173339844,0.28383779525756836,1.0175343751907349,10.0,2.747821569442749,90.0
600.0,True,False,nan,49.48321533203125,0.20474785566329956,1.7974934577941895,16.0,3.1144330501556396,90.0
600.0,True,False,nan,50.101463317871094,0.36269572377204895,0.6367719769477844,10.0,2.702207326889038,90.0
600.0,True,False,nan,49.7587776184082,0.3550412952899933,0.766684889793396,9.0,2.6785941123962402,90.0
600.0,True,False,nan,45.86301803588867,0.28809496760368347,1.0169346332550049,3.0,2.899221181869507,90.0
600.0,True,False,nan,47.9003791809082,0.2717961370944977,0.7586038708686829,5.0,2.4452388286590576,90.0
600.0,True,False,nan,45.40914535522461,0.28318238258361816,1.2917048931121826,11.0,2.855180263519287,90.0
600.0,True,False,nan,46.63526916503906,0.30647629499435425,1.1764887571334839,8.0,2.884981393814087,90.0
600.0,True,False,nan,45.039512634277344,0.3270033299922943,0.8998181819915771,9.0,2.764432430267334,90.0
600.0,True,False,nan,45.15098190307617,0.21338163316249847,1.2003031969070435,2.0,2.9908759593963623,90.0
600.0,True,False,nan,45.2706413269043,0.26454880833625793,1.0115402936935425,4.0,2.8746678829193115,90.0
600.0,True,False,nan,49.705352783203125,0.24746564030647278,1.5423758029937744,13.0,3.088698625564575,90.0
600.0,True,False,nan,47.85698699951172,0.24452853202819824,1.3594969511032104,4.0,2.9945363998413086,90.0
600.0,True,False,nan,45.122318267822266,0.3027888238430023,1.1748820543289185,10.0,2.787775754928589,90.0
600.0,True,False,nan,45.14152526855469,0.2366328090429306,1.0761345624923706,14.0,2.4188427925109863,90.0
600.0,True,False,nan,46.49504470825195,0.23747052252292633,1.232398509979248,5.0,3.039933443069458,90.0
600.0,True,False,nan,45.10341262817383,0.21708142757415771,1.439460039138794,5.0,3.0456533432006836,90.0
600.0,True,False,nan,45.67532730102539,0.2484370470046997,1.4169492721557617,10.0,2.9805760383605957,90.0
600.0,True,False,nan,45.41373062133789,0.356345534324646,0.8103172183036804,10.0,2.600888252258301,90.0
600.0,True,False,nan,47.49986267089844,0.23641027510166168,1.2320170402526855,4.0,3.118119716644287,90.0
600.0,True,False,nan,45.328121185302734,0.30973175168037415,0.7991112470626831,3.0,2.4930813312530518,90.0
600.0,True,False,nan,47.184844970703125,0.3721016049385071,0.927359938621521,10.0,2.7269208431243896,90.0
600.0,True,False,nan,46.97565841674805,0.29473912715911865,1.04358971118927,2.0,2.9299323558807373,90.0
600.0,True,False,nan,46.326927185058594,0.4102776050567627,0.5997629165649414,7.0,2.492582321166992,90.0
600.0,True,False,nan,47.64858627319336,0.32416266202926636,1.2410749197006226,7.0,2.9726178646087646,90.0
600.0,True,False,nan,46.88325119018555,0.40136367082595825,0.655799388885498,10.0,2.468266725540161,90.0
600.0,True,False,nan,47.173519134521484,0.27235811948776245,1.417286992073059,6.0,2.9775490760803223,90.0
600.0,True,False,nan,47.92759323120117,0.2996799647808075,0.9413833618164062,2.0,2.8888399600982666,90.0
600.0,True,False,nan,48.01287841796875,0.39499032497406006,0.6795589923858643,8.0,2.416327714920044,90.0
600.0,True,False,nan,47.90102005004883,0.2975117862224579,0.8881607055664062,6.0,2.766684055328369,90.0
600.0,True,False,nan,46.30916976928711,0.36817842721939087,0.6838871240615845,7.0,2.457235097885132,90.0
600.0,True,False,nan,46.62812805175781,0.38932523131370544,0.8087961673736572,9.0,2.7805380821228027,90.0
600.0,True,False,nan,46.43168258666992,0.21047362685203552,1.4356017112731934,6.0,3.1567680835723877,90.0
600.0,True,False,nan,45.47147750854492,0.2758106291294098,0.8438400030136108,2.0,2.4577653408050537,90.0
600.0,True,False,nan,45.27406311035156,0.3752596378326416,0.7469947338104248,3.0,2.7731666564941406,90.0
600.0,True,False,nan,45.24068832397461,0.2874637842178345,0.8395618200302124,10.0,2.5056827068328857,90.0
600.0,True,False,nan,45.24791717529297,0.38660815358161926,0.6342003345489502,6.0,2.6002893447875977,90.0
600.0,True,False,nan,46.535701751708984,0.2938702702522278,1.0631992816925049,5.0,2.949418783187866,90.0
600.0,True,False,nan,47.775840759277344,0.29067766666412354,1.2754943370819092,5.0,2.9752633571624756,90.0
600.0,True,False,nan,45.23331832885742,0.4249683618545532,0.7264627814292908,10.0,2.3932220935821533,90.0
600.0,True,False,nan,46.66872787475586,0.238229438662529,1.1705480813980103,9.0,2.352703332901001,90.0
600.0,True,False,nan,45.349979400634766,0.3887931704521179,0.6882013082504272,4.0,2.856783628463745,90.0
600.0,True,False,nan,45.672794342041016,0.3929128646850586,0.7892475128173828,17.0,2.4049184322357178,90.0
600.0,True,False,nan,45.94303894042969,0.2592273950576782,1.3875842094421387,4.0,2.995971441268921,90.0
600.0,True,False,nan,45.941749572753906,0.42344099283218384,0.6521777510643005,8.0,2.349708080291748,90.0
600.0,True,False,nan,45.99843215942383,0.3425857424736023,0.7934632897377014,10.0,2.266530990600586,90.0
600.0,True,False,nan,45.19572067260742,0.25671225786209106,1.327894926071167,3.0,2.9802842140197754,90.0
600.0,True,False,nan,46.05938720703125,0.3865393102169037,0.7440553307533264,4.0,2.705442428588867,90.0
600.0,True,False,nan,47.70345687866211,0.3266744017601013,0.8956018686294556,2.0,2.6887848377227783,90.0
600.0,True,False,nan,45.490386962890625,0.3582759499549866,0.7516281604766846,10.0,2.2248454093933105,90.0
600.0,True,False,nan,46.0137825012207,0.36552566289901733,0.8569662570953369,7.0,2.1660313606262207,90.0
600.0,True,False,nan,45.243961334228516,0.41350632905960083,0.7166092395782471,3.0,2.530519962310791,90.0
600.0,True,False,nan,47.0386962890625,0.42760899662971497,0.9423298835754395,3.0,2.687598466873169,90.0
600.0,True,False,nan,45.333316802978516,0.43288174271583557,0.9216033220291138,9.0,2.3627657890319824,90.0
600.0,True,False,nan,45.29292297363281,0.5894636511802673,0.6123031377792358,4.0,2.507944345474243,90.0
600.0,True,False,nan,46.66951370239258,0.475786417722702,0.7468280792236328,3.0,2.3366782665252686,90.0
600.0,True,False,nan,48.373050689697266,0.5891547203063965,0.8899810314178467,3.0,2.6976518630981445,90.0
600.0,True,False,nan,46.96963119506836,0.4359377324581146,1.0289669036865234,5.0,2.253023624420166,90.0
600.0,True,False,nan,45.33009338378906,0.2592790424823761,1.205749750137329,10.0,2.8448033332824707,90.0
600.0,True,False,nan,45.45633316040039,0.2538180947303772,1.1154189109802246,9.0,3.003350019454956,90.0
600.0,True,False,nan,46.28470993041992,0.2815699577331543,0.9169251322746277,8.0,2.8698697090148926,90.0
600.0,True,False,nan,45.86355209350586,0.28803521394729614,1.0172303915023804,3.0,2.899205446243286,90.0
600.0,True,False,nan,45.12191390991211,0.3027907609939575,1.1748719215393066,10.0,2.787775754928589,90.0
600.0,True,False,nan,46.281761169433594,0.3251822590827942,0.6698676347732544,8.0,2.725372552871704,90.0
600.0,True,False,nan,45.08208084106445,0.28383469581604004,1.0175422430038452,10.0,2.7478227615356445,90.0
600.0,True,False,nan,47.50011444091797,0.2364155352115631,1.2320058345794678,4.0,3.1181137561798096,90.0
600.0,True,False,nan,45.039703369140625,0.32700592279434204,0.8998154401779175,9.0,2.7644290924072266,90.0
600.0,True,False,nan,46.4952507019043,0.23747238516807556,1.232397198677063,5.0,3.039926290512085,90.0
600.0,True,False,nan,47.9003791809082,0.2717953026294708,0.7586039900779724,5.0,2.4452364444732666,90.0
600.0,True,False,nan,47.184776306152344,0.3721041977405548,0.9273486137390137,10.0,2.72693133354187,90.0
600.0,True,False,nan,46.97565841674805,0.2947385311126709,1.0435919761657715,2.0,2.9299376010894775,90.0
600.0,True,False,nan,45.14168930053711,0.23663294315338135,1.076136589050293,14.0,2.418835401535034,90.0
600.0,True,False,nan,45.03215026855469,0.2368241846561432,1.4057908058166504,13.0,3.0403809547424316,90.0
600.0,True,False,nan,45.32548141479492,0.3095855712890625,0.7991534471511841,3.0,2.4930315017700195,90.0
600.0,True,False,nan,50.10258865356445,0.3627069890499115,0.6367711424827576,10.0,2.7021536827087402,90.0
600.0,True,False,nan,49.758758544921875,0.35504627227783203,0.7666658759117126,9.0,2.678602457046509,90.0
600.0,True,False,nan,46.46198654174805,0.22898930311203003,1.3959360122680664,12.0,3.03621506690979,90.0
600.0,True,False,nan,46.883487701416016,0.4013688862323761,0.6557869911193848,10.0,2.468268394470215,90.0
600.0,True,False,nan,48.01300048828125,0.39499229192733765,0.6795522570610046,8.0,2.4163260459899902,90.0
600.0,True,False,nan,45.6725959777832,0.39291197061538696,0.7892506122589111,17.0,2.4049243927001953,90.0
600.0,True,False,nan,46.30921936035156,0.36817866563796997,0.6838921308517456,7.0,2.4572393894195557,90.0
600.0,True,False,nan,45.94163131713867,0.4234410226345062,0.6521761417388916,8.0,2.349705219268799,90.0
600.0,True,False,nan,45.471710205078125,0.2758137583732605,0.8438336253166199,2.0,2.457761526107788,90.0
600.0,True,False,nan,45.99864196777344,0.3425876796245575,0.7934480905532837,10.0,2.266528606414795,90.0
600.0,True,False,nan,45.24071502685547,0.2874639630317688,0.839557409286499,10.0,2.5056774616241455,90.0
600.0,True,False,nan,45.247947692871094,0.38660624623298645,0.6342054605484009,6.0,2.6002895832061768,90.0
600.0,True,False,nan,49.483299255371094,0.2047494649887085,1.797487497329712,16.0,3.1144540309906006,90.0
600.0,True,False,nan,45.490291595458984,0.3582736849784851,0.7516329884529114,10.0,2.224843740463257,90.0
600.0,True,False,nan,45.232749938964844,0.4249676465988159,0.726472795009613,10.0,2.3932154178619385,90.0
600.0,True,False,nan,46.326866149902344,0.4102761745452881,0.5997639298439026,7.0,2.492584705352783,90.0
600.0,True,False,nan,46.635223388671875,0.3064779043197632,1.1764671802520752,8.0,2.8849987983703613,90.0
600.0,True,False,nan,47.90093994140625,0.29750922322273254,0.8881645798683167,6.0,2.7666807174682617,90.0
600.0,True,False,nan,47.85674285888672,0.2445279359817505,1.3594908714294434,4.0,2.9945261478424072,90.0
600.0,True,False,nan,45.413612365722656,0.3563474416732788,0.8103094696998596,10.0,2.6008894443511963,90.0
600.0,True,False,nan,47.4437255859375,0.32389912009239197,1.2412081956863403,7.0,2.9699597358703613,90.0
600.0,True,False,nan,45.408973693847656,0.2831800878047943,1.2917191982269287,11.0,2.8551855087280273,90.0
600.0,True,False,nan,46.66874694824219,0.23823311924934387,1.170539140701294,9.0,2.35270357131958,90.0
600.0,True,False,nan,46.013877868652344,0.36552372574806213,0.8569704294204712,7.0,2.166029691696167,90.0
600.0,True,False,nan,45.15072250366211,0.2133791446685791,1.2003048658370972,2.0,2.9908788204193115,90.0
600.0,True,False,nan,47.927650451660156,0.299679696559906,0.9413861036300659,2.0,2.8888423442840576,90.0
600.0,True,False,nan,45.27042770385742,0.2645479142665863,1.0115337371826172,4.0,2.8746497631073,90.0
600.0,True,False,nan,49.70531463623047,0.2474687248468399,1.5423616170883179,13.0,3.0886995792388916,90.0
600.0,True,False,nan,47.73201370239258,0.39588090777397156,0.8152949810028076,5.0,2.81609845161438,90.0
600.0,True,False,nan,45.10347366333008,0.2170809656381607,1.4394596815109253,5.0,3.0456647872924805,90.0
600.0,True,False,nan,45.67516326904297,0.24843695759773254,1.4169540405273438,10.0,2.9805779457092285,90.0
600.0,True,False,nan,47.70341873168945,0.3266790807247162,0.8955844640731812,2.0,2.688781976699829,90.0
600.0,True,False,nan,47.775909423828125,0.2906801998615265,1.2754836082458496,5.0,2.975264310836792,90.0
600.0,True,False,nan,47.173702239990234,0.2723584473133087,1.4172642230987549,6.0,2.9776077270507812,90.0
600.0,True,False,nan,45.349857330322266,0.3887704908847809,0.6882216930389404,4.0,2.856782913208008,90.0
600.0,True,False,nan,45.274009704589844,0.37525734305381775,0.7470043301582336,3.0,2.773167133331299,90.0
600.0,True,False,nan,45.24397277832031,0.4135095775127411,0.7166076898574829,3.0,2.5305206775665283,90.0
600.0,True,False,nan,46.43169403076172,0.21047258377075195,1.43560791015625,6.0,3.156768560409546,90.0
600.0,True,False,nan,46.059635162353516,0.386542409658432,0.744052529335022,4.0,2.7054498195648193,90.0
600.0,True,False,nan,46.54251480102539,0.2939220666885376,1.06318998336792,5.0,2.949399471282959,90.0
600.0,True,False,nan,45.942893981933594,0.2592266798019409,1.3875837326049805,4.0,2.9959757328033447,90.0
600.0,True,False,nan,45.195621490478516,0.25671011209487915,1.3278957605361938,3.0,2.9802839756011963,90.0
600.0,True,False,nan,45.292694091796875,0.5894677042961121,0.6122986078262329,4.0,2.507938861846924,90.0
600.0,True,False,nan,46.66935348510742,0.4757680296897888,0.746880054473877,3.0,2.336686611175537,90.0
600.0,True,False,nan,45.33359909057617,0.4328807592391968,0.9216030836105347,9.0,2.362764596939087,90.0
600.0,True,False,nan,47.03850555419922,0.42760634422302246,0.9423354268074036,3.0,2.687598943710327,90.0
600.0,True,False,nan,48.37351608276367,0.5891557335853577,0.8899779319763184,3.0,2.697650194168091,90.0
600.0,True,False,nan,46.96941375732422,0.4359273314476013,1.028993010520935,5.0,2.253023147583008,90.0
600.0,True,False,nan,45.93940734863281,0.23764781653881073,1.797479510307312,16.0,3.4078891277313232,180.0
600.0,True,False,nan,46.17055130004883,0.3000164330005646,1.405806064605713,13.0,3.290454387664795,180.0
600.0,True,False,nan,45.38978958129883,0.2802608013153076,1.3959273099899292,12.0,3.3161699771881104,180.0
600.0,True,False,nan,47.362483978271484,0.3594386577606201,1.2410805225372314,7.0,3.0229296684265137,180.0
600.0,True,False,nan,46.43669891357422,0.33642640709877014,1.2917159795761108,11.0,3.005720853805542,180.0
600.0,True,False,nan,46.719913482666016,0.3663715422153473,1.1764813661575317,8.0,3.0555148124694824,180.0
600.0,True,False,nan,47.98670959472656,0.3464075028896332,1.2057478427886963,10.0,3.151106834411621,180.0
600.0,True,False,nan,46.20792770385742,0.2861260771751404,1.542374610900879,13.0,3.444927930831909,180.0
600.0,True,False,nan,51.03498840332031,0.3505903482437134,1.3595013618469238,4.0,3.186352491378784,180.0
600.0,True,False,nan,50.21458053588867,0.3889937102794647,0.9168973565101624,8.0,3.458538293838501,180.0
600.0,True,False,nan,45.540035247802734,0.3632825016975403,1.0175344944000244,10.0,3.217864751815796,180.0
600.0,True,False,nan,45.787174224853516,0.41612738370895386,0.6558031439781189,10.0,3.0114028453826904,180.0
600.0,True,False,nan,45.63829040527344,0.3788842558860779,1.2002965211868286,2.0,3.388643980026245,180.0
600.0,True,False,nan,49.37148666381836,0.40797778964042664,1.1153982877731323,9.0,3.5834672451019287,180.0
600.0,True,False,nan,48.7756233215332,0.3982642889022827,1.1748716831207275,10.0,2.9628665447235107,180.0
600.0,True,False,nan,45.07814407348633,0.4009968638420105,0.652177631855011,8.0,2.999946355819702,180.0
600.0,True,False,nan,45.92716598510742,0.4382759928703308,0.766651451587677,9.0,3.4895355701446533,180.0
600.0,True,False,nan,48.8957405090332,0.46613889932632446,1.0172041654586792,3.0,3.3497190475463867,180.0
600.0,True,False,nan,50.0501594543457,0.4235551953315735,0.758591890335083,5.0,3.58548903465271,180.0
600.0,True,False,nan,47.23381042480469,0.4509086608886719,0.9413762092590332,2.0,3.3624160289764404,180.0
600.0,True,False,nan,46.020503997802734,0.38880205154418945,0.7892467975616455,17.0,3.0399136543273926,180.0
600.0,True,False,nan,49.05036163330078,0.4548473656177521,0.8881516456604004,6.0,3.306007146835327,180.0
600.0,True,False,nan,45.15901184082031,0.2722665071487427,1.0761384963989258,14.0,3.2937707901000977,180.0
600.0,True,False,nan,48.606292724609375,0.4903649091720581,0.6698731184005737,8.0,3.6795403957366943,180.0
600.0,True,False,nan,46.07111740112305,0.4970034658908844,0.8152865767478943,5.0,3.1335222721099854,180.0
600.0,True,False,nan,46.59450149536133,0.4370744824409485,0.8395566344261169,10.0,3.275808572769165,180.0
600.0,True,False,nan,45.05917739868164,0.4072965085506439,1.4169551134109497,10.0,3.410893440246582,180.0
600.0,True,False,nan,48.97660446166992,0.4341126084327698,1.2320142984390259,4.0,3.70849347114563,180.0
600.0,True,False,nan,47.62114334106445,0.5195229649543762,0.6367744207382202,10.0,3.7463459968566895,180.0
600.0,True,False,nan,45.28806686401367,0.45110848546028137,1.4172706604003906,6.0,3.3406457901000977,180.0
600.0,True,False,nan,46.286922454833984,0.4794195890426636,1.2324013710021973,5.0,3.6416444778442383,180.0
600.0,True,False,nan,46.44423294067383,0.4502379298210144,1.4394580125808716,5.0,3.4988584518432617,180.0
600.0,True,False,nan,45.91058349609375,0.54878830909729,0.6342037320137024,6.0,3.3177144527435303,180.0
600.0,True,False,nan,47.02561950683594,0.48712313175201416,0.8955859541893005,2.0,3.3342857360839844,180.0
600.0,True,False,nan,46.64646911621094,0.5423712134361267,1.0435936450958252,2.0,3.4204442501068115,180.0
600.0,True,False,nan,47.09074401855469,0.4725961685180664,0.7934597134590149,10.0,3.2619903087615967,180.0
600.0,True,False,nan,46.91901397705078,0.5236139893531799,1.2754967212677002,5.0,3.4259345531463623,180.0
600.0,True,False,nan,52.11231994628906,0.5222600102424622,0.7516334652900696,10.0,3.18009090423584,180.0
600.0,True,False,nan,45.83325958251953,0.6031135320663452,0.9273282885551453,10.0,3.10278058052063,180.0
600.0,True,False,nan,45.07316970825195,0.6123759150505066,0.688218891620636,4.0,3.6426708698272705,180.0
600.0,True,False,nan,46.2448844909668,0.6009957790374756,1.0115348100662231,4.0,3.4879493713378906,180.0
600.0,True,False,nan,45.675174713134766,0.5245950818061829,1.435598611831665,6.0,3.4706313610076904,180.0
600.0,True,False,nan,46.18417739868164,0.6213337182998657,0.8103060126304626,10.0,3.0979158878326416,180.0
600.0,True,False,nan,45.698123931884766,0.5645444393157959,0.7991544604301453,3.0,3.587742805480957,180.0
600.0,True,False,nan,45.57672882080078,0.6655699610710144,0.8998275995254517,9.0,3.3125040531158447,180.0
600.0,True,False,nan,45.589561462402344,0.6354013085365295,0.6795523166656494,8.0,3.2057032585144043,180.0
600.0,True,False,nan,47.84611892700195,0.5637537837028503,0.8438406586647034,2.0,3.5294947624206543,180.0
600.0,True,False,nan,46.48723220825195,0.5970964431762695,1.3875843286514282,4.0,3.1219255924224854,180.0
600.0,True,False,nan,45.20460891723633,0.6728023886680603,0.6838863492012024,7.0,3.45357084274292,180.0
600.0,True,False,nan,47.979854583740234,0.5875911712646484,1.3279047012329102,3.0,3.0937693119049072,180.0
600.0,True,False,nan,47.25946807861328,0.7220529913902283,1.0631953477859497,5.0,3.3569204807281494,180.0
600.0,True,False,nan,45.360897064208984,0.49515020847320557,1.1705377101898193,9.0,3.44912052154541,180.0
600.0,True,False,nan,45.483097076416016,0.9907337427139282,0.7469890117645264,3.0,3.2765421867370605,180.0
600.0,True,False,nan,47.137699127197266,1.1038377285003662,0.7166301012039185,3.0,3.203139543533325,180.0
600.0,True,False,nan,47.69007110595703,1.0606967210769653,0.889985203742981,3.0,3.0331203937530518,180.0
600.0,True,False,nan,46.030704498291016,1.1559005975723267,0.7440452575683594,4.0,3.2678885459899902,180.0
600.0,True,False,nan,52.260684967041016,1.0398197174072266,0.7264529466629028,10.0,3.053011417388916,180.0
600.0,True,False,nan,49.724056243896484,1.187791347503662,0.5997623801231384,7.0,3.274374008178711,180.0
600.0,True,False,nan,46.17069625854492,0.876436710357666,0.8569655418395996,7.0,3.1111080646514893,180.0
600.0,True,False,nan,45.192108154296875,1.2295114994049072,0.6123021841049194,4.0,3.1990840435028076,180.0
600.0,True,False,nan,50.35999298095703,0.9955574870109558,0.9216012358665466,9.0,3.2102110385894775,180.0
600.0,True,False,nan,45.61137390136719,1.3193336725234985,0.7468828558921814,3.0,2.954957962036133,180.0
600.0,True,False,nan,48.62279510498047,1.4254480600357056,0.942330002784729,3.0,2.8101274967193604,180.0
600.0,False,True,1.5399999618530273,22.35940933227539,1.8319145441055298,1.0289909839630127,5.0,2.774855136871338,180.0
600.0,True,False,nan,45.961669921875,0.30025050044059753,1.4034582376480103,13.0,3.2964789867401123,180.0
600.0,True,False,nan,45.93920135498047,0.23764589428901672,1.7974836826324463,16.0,3.407888650894165,180.0
600.0,True,False,nan,45.389625549316406,0.28026020526885986,1.3959182500839233,12.0,3.316176652908325,180.0
600.0,True,False,nan,51.03496551513672,0.35059091448783875,1.3594958782196045,4.0,3.1863467693328857,180.0
600.0,True,False,nan,47.36250305175781,0.35943785309791565,1.2410902976989746,7.0,3.022932529449463,180.0
600.0,True,False,nan,50.23714828491211,0.38779497146606445,0.917298436164856,8.0,3.462078332901001,180.0
600.0,True,False,nan,45.63831329345703,0.3788841962814331,1.2003029584884644,2.0,3.388639450073242,180.0
600.0,True,False,nan,49.05036926269531,0.4548463225364685,0.888154923915863,6.0,3.306011438369751,180.0
600.0,True,False,nan,50.115013122558594,0.42335328459739685,0.7586035132408142,5.0,3.586941719055176,180.0
600.0,True,False,nan,47.23377227783203,0.45090582966804504,0.9413864612579346,2.0,3.362417697906494,180.0
600.0,True,False,nan,49.37155532836914,0.4079715311527252,1.1154276132583618,9.0,3.583467483520508,180.0
600.0,True,False,nan,46.20792007446289,0.28612810373306274,1.5423725843429565,13.0,3.4449357986450195,180.0
600.0,True,False,nan,46.594512939453125,0.4370690584182739,0.8395777344703674,10.0,3.2758049964904785,180.0
600.0,True,False,nan,48.893760681152344,0.4661842882633209,1.0169382095336914,3.0,3.3498008251190186,180.0
600.0,True,False,nan,48.97652053833008,0.4341132342815399,1.2320055961608887,4.0,3.708503246307373,180.0
600.0,True,False,nan,45.91048812866211,0.5487850308418274,0.6342118978500366,6.0,3.317722797393799,180.0
600.0,True,False,nan,47.02565002441406,0.48712146282196045,0.8955947756767273,2.0,3.3342833518981934,180.0
600.0,True,False,nan,47.090782165527344,0.47260066866874695,0.7934419512748718,10.0,3.2619919776916504,180.0
600.0,True,False,nan,52.11233139038086,0.5222607254981995,0.7516279816627502,10.0,3.1800918579101562,180.0
600.0,True,False,nan,46.64632797241211,0.5423762798309326,1.0435798168182373,2.0,3.4204461574554443,180.0
600.0,True,False,nan,46.436859130859375,0.33642685413360596,1.2917135953903198,11.0,3.00571608543396,180.0
600.0,True,False,nan,47.992855072021484,0.34648337960243225,1.2056965827941895,10.0,3.151411533355713,180.0
600.0,True,False,nan,45.540122985839844,0.36328232288360596,1.01753568649292,10.0,3.217862367630005,180.0
600.0,True,False,nan,46.75532531738281,0.3659925162792206,1.1778130531311035,8.0,3.053157091140747,180.0
600.0,True,False,nan,45.7873649597168,0.41613420844078064,0.6557878255844116,10.0,3.011397123336792,180.0
600.0,True,False,nan,46.02033615112305,0.38880017399787903,0.7892548441886902,17.0,3.039907455444336,180.0
600.0,True,False,nan,48.77571487426758,0.39826500415802,1.174870491027832,10.0,2.9628818035125732,180.0
600.0,True,False,nan,45.07832717895508,0.4009954035282135,0.652182400226593,8.0,2.999927282333374,180.0
600.0,True,False,nan,47.84621047973633,0.5637534260749817,0.8438472747802734,2.0,3.529496192932129,180.0
600.0,True,False,nan,45.158809661865234,0.27231335639953613,1.0759180784225464,14.0,3.293789863586426,180.0
600.0,True,False,nan,46.44391632080078,0.45023787021636963,1.439460277557373,5.0,3.4988670349121094,180.0
600.0,True,False,nan,45.92751693725586,0.4382759630680084,0.766650915145874,9.0,3.4895336627960205,180.0
600.0,True,False,nan,48.60602569580078,0.4903646409511566,0.6698711514472961,8.0,3.679551362991333,180.0
600.0,True,False,nan,45.05973434448242,0.4072975814342499,1.416951298713684,10.0,3.4108879566192627,180.0
600.0,True,False,nan,47.62104034423828,0.5195280909538269,0.6367592215538025,10.0,3.746352195739746,180.0
600.0,True,False,nan,46.2870979309082,0.47942185401916504,1.2323939800262451,5.0,3.6416473388671875,180.0
600.0,True,False,nan,45.28813171386719,0.451109915971756,1.4172765016555786,6.0,3.340640068054199,180.0
600.0,True,False,nan,45.506492614746094,0.5402905344963074,0.808836042881012,9.0,3.1547555923461914,180.0
600.0,True,False,nan,45.67532730102539,0.5245952010154724,1.4356024265289307,6.0,3.470627784729004,180.0
600.0,True,False,nan,46.184146881103516,0.6213334798812866,0.8103026747703552,10.0,3.0979175567626953,180.0
600.0,True,False,nan,46.918975830078125,0.5236126780509949,1.2754970788955688,5.0,3.425933837890625,180.0
600.0,True,False,nan,45.69903564453125,0.5645559430122375,0.7991166114807129,3.0,3.587895631790161,180.0
600.0,True,False,nan,45.833221435546875,0.60310959815979,0.927335262298584,10.0,3.102778434753418,180.0
600.0,True,False,nan,46.244606018066406,0.6009952425956726,1.0115386247634888,4.0,3.4879508018493652,180.0
600.0,True,False,nan,45.07312774658203,0.6123766899108887,0.6882157921791077,4.0,3.642664670944214,180.0
600.0,True,False,nan,45.58970642089844,0.6353984475135803,0.6795626878738403,8.0,3.2056989669799805,180.0
600.0,True,False,nan,45.57661056518555,0.6655698418617249,0.8998088240623474,9.0,3.3125150203704834,180.0
600.0,True,False,nan,46.4874267578125,0.5970967411994934,1.387587070465088,4.0,3.121927499771118,180.0
600.0,True,False,nan,47.97968292236328,0.5875918865203857,1.3278982639312744,3.0,3.0937724113464355,180.0
600.0,True,False,nan,38.56575012207031,0.6823977828025818,0.7264592051506042,10.0,3.053008794784546,180.0
600.0,True,False,nan,40.63795471191406,0.7299111485481262,0.5997737646102905,7.0,3.2743735313415527,180.0
600.0,True,False,nan,30.856565475463867,0.4280305504798889,0.9214739799499512,9.0,3.210211992263794,180.0
600.0,True,False,nan,36.60272216796875,0.3209139108657837,1.1705414056777954,8.0,3.449205160140991,180.0
600.0,True,False,nan,35.32121658325195,0.537379801273346,0.8569692373275757,7.0,3.1111035346984863,180.0
600.0,True,False,nan,34.077728271484375,0.6338493227958679,0.7166088819503784,3.0,3.2031519412994385,180.0
600.0,True,False,nan,20.64560890197754,0.2696145474910736,0.9423545002937317,4.0,2.686251163482666,180.0
600.0,True,False,nan,44.07582092285156,0.6764915585517883,0.6838899850845337,7.0,3.453572988510132,180.0
600.0,True,False,nan,30.31740379333496,0.5434552431106567,0.6123048067092896,7.0,3.199084520339966,180.0
600.0,True,False,nan,34.45709228515625,0.5752031803131104,0.7469844818115234,3.0,3.276542901992798,180.0
600.0,True,False,nan,28.87268829345703,0.5530287027359009,0.8899909853935242,3.0,3.0331244468688965,180.0
600.0,True,False,nan,32.996952056884766,0.6080232858657837,0.7440616488456726,4.0,3.2678933143615723,180.0
600.0,True,False,nan,44.294803619384766,0.7221156358718872,1.063194751739502,5.0,3.3569276332855225,180.0
600.0,True,False,nan,22.951528549194336,0.3400191068649292,0.7468247413635254,3.0,2.7091195583343506,180.0
600.0,True,False,nan,47.637386322021484,0.14458535611629486,1.797491192817688,16.0,2.8167178630828857,270.0
600.0,True,False,nan,49.995792388916016,0.2884679436683655,0.7516313195228577,10.0,2.2810885906219482,270.0
600.0,True,False,nan,52.432010650634766,0.2868487536907196,0.7586140632629395,5.0,2.1759989261627197,270.0
600.0,True,False,nan,47.99254608154297,0.1972469687461853,1.4057940244674683,13.0,2.690150260925293,270.0
600.0,True,False,nan,46.398681640625,0.21378256380558014,1.3959243297576904,12.0,2.7796666622161865,270.0
600.0,True,False,nan,50.964908599853516,0.21502715349197388,1.2003010511398315,2.0,2.550506830215454,270.0
600.0,True,False,nan,45.685142517089844,0.28334566950798035,1.1154319047927856,9.0,2.8229246139526367,270.0
600.0,True,False,nan,46.42924118041992,0.28018033504486084,0.8881615996360779,6.0,2.3640129566192627,270.0
600.0,True,False,nan,47.3787956237793,0.18740351498126984,1.3594982624053955,4.0,2.588468313217163,270.0
600.0,True,False,nan,46.111083984375,0.17292587459087372,1.075920820236206,14.0,2.1805012226104736,270.0
600.0,True,False,nan,50.989078521728516,0.2569892108440399,0.793449342250824,10.0,2.0990970134735107,270.0
600.0,True,False,nan,49.826194763183594,0.2726444602012634,0.8395531177520752,10.0,2.399278163909912,270.0
600.0,True,False,nan,45.98907470703125,0.2897341549396515,0.8955905437469482,2.0,2.4350240230560303,270.0
600.0,True,False,nan,47.002784729003906,0.28556540608406067,1.2320120334625244,4.0,2.8244903087615967,270.0
600.0,True,False,nan,46.58298110961914,0.36307767033576965,0.7991215586662292,3.0,2.367764949798584,270.0
600.0,True,False,nan,47.45396041870117,0.2926112413406372,1.0435845851898193,2.0,2.570598840713501,270.0
600.0,True,False,nan,48.4670295715332,0.290353000164032,1.0172232389450073,3.0,2.6137874126434326,270.0
600.0,True,False,nan,46.444034576416016,0.2308010756969452,1.2410900592803955,7.0,2.5762715339660645,270.0
600.0,True,False,nan,46.19705581665039,0.2607627809047699,1.178686261177063,9.0,2.6170549392700195,270.0
600.0,True,False,nan,45.123165130615234,0.2770013213157654,1.417267918586731,6.0,2.777114152908325,270.0
600.0,True,False,nan,51.360233306884766,0.2953251302242279,0.9413648843765259,2.0,2.4478940963745117,270.0
600.0,True,False,nan,47.145835876464844,0.23783116042613983,1.5423846244812012,13.0,3.064380407333374,270.0
600.0,True,False,nan,46.21043395996094,0.3250947594642639,1.2323936223983765,5.0,2.911616086959839,270.0
600.0,True,False,nan,48.48180389404297,0.2912646234035492,0.6521775126457214,8.0,2.175483465194702,270.0
600.0,True,False,nan,45.73013687133789,0.36102402210235596,0.8438420295715332,2.0,2.3253068923950195,270.0
600.0,True,False,nan,47.673160552978516,0.269703209400177,1.439462423324585,5.0,2.8190152645111084,270.0
600.0,True,False,nan,47.43622589111328,0.31543177366256714,0.9193257689476013,8.0,2.681507110595703,270.0
600.0,True,False,nan,48.09117889404297,0.26658734679222107,1.2917015552520752,11.0,2.6904549598693848,270.0
600.0,True,False,nan,47.83201217651367,0.2907150685787201,1.1705479621887207,9.0,2.4486896991729736,270.0
600.0,True,False,nan,48.83720397949219,0.28320398926734924,1.2057424783706665,10.0,2.734933614730835,270.0
600.0,True,False,nan,46.25371170043945,0.30305618047714233,1.3875906467437744,4.0,2.6765613555908203,270.0
600.0,True,False,nan,47.00362014770508,0.29445716738700867,1.174857258796692,10.0,2.643876314163208,270.0
600.0,True,False,nan,48.67790222167969,0.335537314414978,1.4356051683425903,6.0,2.9222495555877686,270.0
600.0,True,False,nan,48.4045295715332,0.31779390573501587,1.4169425964355469,10.0,2.9829158782958984,270.0
600.0,True,False,nan,45.79534149169922,0.2729720175266266,1.3278896808624268,3.0,2.601672649383545,270.0
600.0,True,False,nan,51.315635681152344,0.3658367097377777,0.6342010498046875,6.0,2.3842835426330566,270.0
600.0,True,False,nan,48.22312545776367,0.4155045449733734,1.0631920099258423,5.0,2.916510581970215,270.0
600.0,True,False,nan,48.94620895385742,0.33962470293045044,1.275535225868225,5.0,2.8456053733825684,270.0
600.0,True,False,nan,47.88421630859375,0.3344849646091461,0.8569663763046265,7.0,2.192525625228882,270.0
600.0,True,False,nan,49.79195022583008,0.35994964838027954,0.6557942032814026,10.0,2.2235569953918457,270.0
600.0,True,False,nan,49.18417739868164,0.5422789454460144,0.6882076859474182,4.0,2.8699612617492676,270.0
600.0,True,False,nan,49.55451583862305,0.3075571060180664,0.7892535328865051,17.0,2.1561715602874756,270.0
600.0,True,False,nan,50.2269172668457,0.4701140820980072,1.011540412902832,4.0,2.9420759677886963,270.0
600.0,True,False,nan,45.80482482910156,0.4761189818382263,0.6838880777359009,7.0,2.506138324737549,270.0
600.0,True,False,nan,47.681396484375,0.5117017030715942,0.6698648929595947,8.0,2.9433257579803467,270.0
600.0,True,False,nan,49.124420166015625,0.3651036322116852,0.8152915239334106,5.0,2.5245513916015625,270.0
600.0,True,False,nan,46.76485824584961,0.3875992000102997,1.0175422430038452,10.0,2.880053997039795,270.0
600.0,True,False,nan,49.83578109741211,0.5374495983123779,0.6367746591567993,10.0,2.9033427238464355,270.0
600.0,True,False,nan,48.236454010009766,0.49735718965530396,0.7666670083999634,9.0,2.8758862018585205,270.0
600.0,True,False,nan,46.680294036865234,0.5266268253326416,0.7166107296943665,3.0,2.4022767543792725,270.0
600.0,True,False,nan,46.351924896240234,0.565981388092041,0.6123046875,4.0,2.493454694747925,270.0
600.0,True,False,nan,45.189414978027344,0.5849174857139587,0.7469976544380188,3.0,2.7130837440490723,270.0
600.0,True,False,nan,45.527156829833984,0.5885740518569946,0.7440667152404785,4.0,2.775561571121216,270.0
600.0,True,False,nan,46.25675964355469,0.4808056354522705,0.7468823790550232,3.0,2.460259199142456,270.0
600.0,True,False,nan,45.96431350708008,0.6114889979362488,0.5997617840766907,7.0,2.665682554244995,270.0
600.0,True,False,nan,46.011993408203125,0.4751353859901428,0.9214696288108826,9.0,2.5248923301696777,270.0
600.0,True,False,nan,47.6622200012207,0.5527963042259216,0.8998200297355652,9.0,2.960381269454956,270.0
600.0,True,False,nan,45.93846130371094,0.4928734600543976,1.0289720296859741,5.0,2.3827157020568848,270.0
600.0,True,False,nan,48.281158447265625,0.5690940618515015,0.8899841904640198,3.0,2.5221009254455566,270.0
600.0,True,False,nan,45.935821533203125,0.645593523979187,0.9423437714576721,3.0,2.647505044937134,270.0
600.0,True,False,nan,46.266807556152344,0.5539214611053467,0.6795623302459717,8.0,2.502561569213867,270.0
600.0,True,False,nan,45.87892532348633,0.5886094570159912,0.8103209733963013,10.0,2.7600889205932617,270.0
600.0,True,False,nan,46.246273040771484,0.5817040205001831,0.927340030670166,10.0,2.8545103073120117,270.0
600.0,True,False,nan,47.860877990722656,0.922073483467102,0.7264591455459595,10.0,2.5627779960632324,270.0
600.0,True,False,nan,49.99541091918945,0.28846681118011475,0.7516315579414368,10.0,2.281087875366211,270.0
600.0,True,False,nan,52.43232727050781,0.2868487238883972,0.7586076259613037,5.0,2.1760032176971436,270.0
600.0,True,False,nan,50.964759826660156,0.21502500772476196,1.2003028392791748,2.0,2.5505142211914062,270.0
600.0,True,False,nan,46.42913818359375,0.2801819443702698,0.8881534337997437,6.0,2.3640127182006836,270.0
600.0,True,False,nan,50.98905563354492,0.2569872736930847,0.7934445142745972,10.0,2.0990962982177734,270.0
600.0,True,False,nan,49.82599639892578,0.27264314889907837,0.8395584225654602,10.0,2.399277925491333,270.0
600.0,True,False,nan,45.989078521728516,0.28972679376602173,0.8956162929534912,2.0,2.4350244998931885,270.0
600.0,True,False,nan,47.003211975097656,0.28557059168815613,1.2320170402526855,4.0,2.8244781494140625,270.0
600.0,True,False,nan,45.68531036376953,0.28334474563598633,1.1154423952102661,9.0,2.8229260444641113,270.0
600.0,True,False,nan,47.378360748291016,0.18740050494670868,1.3594958782196045,4.0,2.588465929031372,270.0
600.0,True,False,nan,46.110748291015625,0.1728726476430893,1.0761257410049438,14.0,2.18051815032959,270.0
600.0,True,False,nan,47.63770294189453,0.1445883810520172,1.7974865436553955,16.0,2.8167214393615723,270.0
600.0,True,False,nan,47.453956604003906,0.29261094331741333,1.043582558631897,2.0,2.5705971717834473,270.0
600.0,True,False,nan,47.82951354980469,0.2045612931251526,1.4037699699401855,13.0,2.697746992111206,270.0
600.0,True,False,nan,51.36003494262695,0.29532143473625183,0.9413765668869019,2.0,2.4478938579559326,270.0
600.0,True,False,nan,46.21036911010742,0.32509008049964905,1.232406735420227,5.0,2.9116098880767822,270.0
600.0,True,False,nan,46.5829963684082,0.3630775213241577,0.799126386642456,3.0,2.367760419845581,270.0
600.0,True,False,nan,48.466041564941406,0.29042404890060425,1.016952395439148,3.0,2.6137607097625732,270.0
600.0,True,False,nan,46.39882278442383,0.2137846052646637,1.3959283828735352,12.0,2.7796669006347656,270.0
600.0,True,False,nan,48.48191452026367,0.291265070438385,0.6521748900413513,8.0,2.175482988357544,270.0
600.0,True,False,nan,47.67368698120117,0.2697089910507202,1.439455270767212,5.0,2.819007396697998,270.0
600.0,True,False,nan,47.41993713378906,0.31556954979896545,0.9168964624404907,8.0,2.681602954864502,270.0
600.0,True,False,nan,48.22296142578125,0.4155069887638092,1.0631885528564453,5.0,2.9165189266204834,270.0
600.0,True,False,nan,48.677825927734375,0.33553680777549744,1.4356029033660889,6.0,2.922245979309082,270.0
600.0,True,False,nan,45.73020553588867,0.3610213100910187,0.8438489437103271,2.0,2.325303077697754,270.0
600.0,True,False,nan,46.44404983520508,0.23079894483089447,1.2410862445831299,7.0,2.576267957687378,270.0
600.0,True,False,nan,45.12284469604492,0.27699539065361023,1.4172759056091309,6.0,2.777115821838379,270.0
600.0,True,False,nan,46.25373458862305,0.3030579090118408,1.3875881433486938,4.0,2.6765670776367188,270.0
600.0,True,False,nan,50.22765350341797,0.4701182246208191,1.0115429162979126,4.0,2.942080020904541,270.0
600.0,True,False,nan,47.145938873291016,0.2378334403038025,1.5423851013183594,13.0,3.0643792152404785,270.0
600.0,True,False,nan,51.316078186035156,0.3658367693424225,0.6342058181762695,6.0,2.3842833042144775,270.0
600.0,True,False,nan,48.9460563659668,0.3396378755569458,1.2754929065704346,5.0,2.8456079959869385,270.0
600.0,True,False,nan,46.76976013183594,0.25904515385627747,1.1764761209487915,8.0,2.609306573867798,270.0
600.0,True,False,nan,47.952083587646484,0.2904126048088074,1.1705243587493896,9.0,2.44887375831604,270.0
600.0,True,False,nan,48.83689880371094,0.28320372104644775,1.2057377099990845,10.0,2.7349274158477783,270.0
600.0,True,False,nan,49.189510345458984,0.5422572493553162,0.6882055401802063,4.0,2.869964599609375,270.0
600.0,True,False,nan,47.68132781982422,0.5116957426071167,0.6698716878890991,8.0,2.943330764770508,270.0
600.0,True,False,nan,48.40520477294922,0.317800372838974,1.4169490337371826,10.0,2.982914686203003,270.0
600.0,True,False,nan,45.7953987121582,0.2729748785495758,1.3278902769088745,3.0,2.601677894592285,270.0
600.0,True,False,nan,49.83544921875,0.537408173084259,0.6367771625518799,10.0,2.9033620357513428,270.0
600.0,True,False,nan,48.09102249145508,0.26658499240875244,1.2917019128799438,11.0,2.6904547214508057,270.0
600.0,True,False,nan,47.00389862060547,0.29444044828414917,1.1748603582382202,10.0,2.643782377243042,270.0
600.0,True,False,nan,45.526920318603516,0.5885760188102722,0.7440596222877502,4.0,2.775564193725586,270.0
600.0,True,False,nan,48.236324310302734,0.4973718225955963,0.7666364908218384,9.0,2.8758859634399414,270.0
600.0,True,False,nan,49.12440872192383,0.3651009500026703,0.8152980208396912,5.0,2.5245485305786133,270.0
600.0,True,False,nan,46.76445770263672,0.3876059055328369,1.0175237655639648,10.0,2.880049467086792,270.0
600.0,True,False,nan,47.66188049316406,0.5527936220169067,0.8998123407363892,9.0,2.96037220954895,270.0
600.0,True,False,nan,45.804752349853516,0.4761221408843994,0.683877170085907,7.0,2.506133556365967,270.0
600.0,True,False,nan,45.189247131347656,0.5849202275276184,0.7469872832298279,3.0,2.7130861282348633,270.0
600.0,True,False,nan,47.88385009765625,0.3344920575618744,0.8569719195365906,7.0,2.1925203800201416,270.0
600.0,True,False,nan,45.965660095214844,0.6114709377288818,0.5997623801231384,7.0,2.665595531463623,270.0
600.0,True,False,nan,49.79151916503906,0.35995376110076904,0.6557943224906921,10.0,2.223555564880371,270.0
600.0,True,False,nan,49.55445861816406,0.3075599670410156,0.7892529964447021,17.0,2.1561732292175293,270.0
600.0,True,False,nan,46.35188293457031,0.5659781694412231,0.6123043298721313,4.0,2.4934535026550293,270.0
600.0,True,False,nan,46.24639892578125,0.5817123651504517,0.9273297190666199,10.0,2.854508638381958,270.0
600.0,True,False,nan,45.93575668334961,0.6455948948860168,0.9423342943191528,3.0,2.6475064754486084,270.0
600.0,True,False,nan,46.01248550415039,0.47514674067497253,0.9214575886726379,9.0,2.5248937606811523,270.0
600.0,True,False,nan,46.6804313659668,0.5266256928443909,0.7166186571121216,3.0,2.4022727012634277,270.0
600.0,True,False,nan,48.28114318847656,0.5690959692001343,0.889980673789978,3.0,2.5221011638641357,270.0
600.0,True,False,nan,45.87900161743164,0.5886224508285522,0.8102909326553345,10.0,2.7600929737091064,270.0
600.0,True,False,nan,45.938453674316406,0.49287131428718567,1.0289969444274902,5.0,2.3827078342437744,270.0
600.0,True,False,nan,46.25663757324219,0.4808036684989929,0.7468763589859009,3.0,2.460261583328247,270.0
600.0,True,False,nan,13.277731895446777,0.31275174021720886,0.7264690399169922,10.0,2.562774896621704,270.0
600.0,True,False,nan,29.831117630004883,0.4424703121185303,0.6795668005943298,8.0,2.502565860748291,270.0
650.0,True,False,nan,50.704429626464844,0.11689519882202148,0.7516369819641113,10.0,3.0760271549224854,0.0
650.0,True,False,nan,45.27088165283203,0.10175997018814087,0.9214720726013184,9.0,3.0008316040039062,0.0
650.0,True,False,nan,47.633541107177734,0.1116713210940361,0.8569695949554443,7.0,3.0403051376342773,0.0
650.0,True,False,nan,46.25238037109375,0.0989438146352768,1.0289877653121948,5.0,2.930250644683838,0.0
650.0,True,False,nan,46.38557815551758,0.11247533559799194,0.7934466600418091,10.0,3.071791410446167,0.0
650.0,True,False,nan,50.72160339355469,0.12771645188331604,0.7991190552711487,3.0,2.989306688308716,0.0
650.0,True,False,nan,52.15800476074219,0.13791291415691376,0.7264624834060669,10.0,2.9860992431640625,0.0
650.0,True,False,nan,51.86774826049805,0.1494026929140091,0.5997660160064697,7.0,2.989570140838623,0.0
650.0,True,False,nan,53.5024299621582,0.12100578844547272,0.75860995054245,5.0,3.0466156005859375,0.0
650.0,True,False,nan,56.10554122924805,0.09463702887296677,1.170532464981079,9.0,3.1564056873321533,0.0
650.0,True,False,nan,54.207603454589844,0.1323256492614746,0.7166077494621277,3.0,2.857029676437378,0.0
650.0,True,False,nan,47.93268966674805,0.10923188179731369,0.9423320889472961,3.0,2.730646848678589,0.0
650.0,True,False,nan,47.624351501464844,0.14330820739269257,0.655811071395874,10.0,2.9388182163238525,0.0
650.0,True,False,nan,46.157920837402344,0.11773663759231567,0.6882020831108093,4.0,2.8219358921051025,0.0
650.0,True,False,nan,50.879547119140625,0.1440025418996811,0.6795268058776855,8.0,2.97426700592041,0.0
650.0,True,False,nan,50.41166687011719,0.1339930146932602,0.7892642021179199,17.0,2.995192289352417,0.0
650.0,True,False,nan,45.454715728759766,0.09550413489341736,0.8881539702415466,6.0,2.882150411605835,0.0
650.0,True,False,nan,53.247528076171875,0.13911573588848114,0.6838837265968323,7.0,3.0077786445617676,0.0
650.0,True,False,nan,56.090789794921875,0.10189061611890793,1.0761234760284424,14.0,3.151937961578369,0.0
650.0,True,False,nan,47.14018630981445,0.11791367828845978,0.8152866959571838,5.0,2.8783137798309326,0.0
650.0,True,False,nan,56.35445022583008,0.1501016914844513,0.6123068332672119,4.0,2.994511127471924,0.0
650.0,True,False,nan,53.958534240722656,0.15333040058612823,0.6522058248519897,8.0,3.093951940536499,0.0
650.0,True,False,nan,49.9865837097168,0.11702170968055725,0.8438332080841064,2.0,2.8696131706237793,0.0
650.0,True,False,nan,49.695396423339844,0.12312554568052292,0.7470146417617798,3.0,2.8114166259765625,0.0
650.0,True,False,nan,54.86850357055664,0.1101265698671341,0.8395814299583435,10.0,3.0053465366363525,0.0
650.0,True,False,nan,47.15447998046875,0.11046085506677628,0.8899900317192078,3.0,2.719557046890259,0.0
650.0,True,False,nan,55.006378173828125,0.1381871998310089,0.634206235408783,6.0,2.9658095836639404,0.0
650.0,True,False,nan,45.26905059814453,0.12292750179767609,0.7440351247787476,4.0,2.7974376678466797,0.0
650.0,True,False,nan,53.08559799194336,0.13965418934822083,0.7468746900558472,3.0,2.8806188106536865,0.0
650.0,True,False,nan,54.29338455200195,0.14862485229969025,0.6367764472961426,10.0,2.9731335639953613,0.0
650.0,True,False,nan,48.34817123413086,0.12056296318769455,0.9273613691329956,10.0,2.7897002696990967,0.0
650.0,True,False,nan,49.83555603027344,0.09291625767946243,1.043592095375061,2.0,2.8313636779785156,0.0
650.0,True,False,nan,48.377681732177734,0.13642224669456482,0.766671359539032,9.0,2.912553310394287,0.0
650.0,True,False,nan,51.27461624145508,0.09489619731903076,1.0169439315795898,3.0,2.910244941711426,0.0
650.0,True,False,nan,46.55487823486328,0.08049140870571136,1.2410898208618164,7.0,2.814563512802124,0.0
650.0,True,False,nan,52.24725341796875,0.11589844524860382,0.8998361825942993,9.0,2.8744285106658936,0.0
650.0,True,False,nan,47.24535369873047,0.06853944063186646,1.2002977132797241,2.0,2.806091547012329,0.0
650.0,True,False,nan,53.86587905883789,0.10494820773601532,0.9413729906082153,2.0,2.923342227935791,0.0
650.0,True,False,nan,50.17174530029297,0.09397412836551666,1.011539101600647,4.0,2.828486919403076,0.0
650.0,True,False,nan,50.8162956237793,0.1412370502948761,0.6698651313781738,8.0,2.918055772781372,0.0
650.0,True,False,nan,47.94498062133789,0.08822395652532578,1.063180685043335,5.0,2.813913345336914,0.0
650.0,True,False,nan,56.94858169555664,0.12388448417186737,0.8955897688865662,2.0,2.903745412826538,0.0
650.0,True,False,nan,52.88328552246094,0.13497819006443024,0.8102953433990479,10.0,2.813601493835449,0.0
650.0,True,False,nan,46.511688232421875,0.055336881428956985,1.417281150817871,6.0,2.9011499881744385,0.0
650.0,True,False,nan,48.48096466064453,0.08769629895687103,1.1154402494430542,9.0,3.0204436779022217,0.0
650.0,True,False,nan,49.94900894165039,0.0652308240532875,1.3875848054885864,4.0,2.814452648162842,0.0
650.0,True,False,nan,50.35694885253906,0.06449971348047256,1.3595010042190552,4.0,3.049910306930542,0.0
650.0,True,False,nan,50.978397369384766,0.07084957510232925,1.232410192489624,5.0,2.962061643600464,0.0
650.0,True,False,nan,47.43375778198242,0.046019840985536575,1.4356051683425903,6.0,2.8383524417877197,0.0
650.0,True,False,nan,46.0113639831543,0.04807958006858826,1.4394586086273193,5.0,2.935119390487671,0.0
650.0,True,False,nan,50.323001861572266,0.07974787056446075,1.3278939723968506,3.0,2.7338716983795166,0.0
650.0,True,False,nan,52.85537338256836,0.12380756437778473,0.9193362593650818,8.0,3.0290167331695557,0.0
650.0,True,False,nan,47.159324645996094,0.11383011937141418,1.0175449848175049,10.0,2.8530800342559814,0.0
650.0,True,False,nan,49.58562469482422,0.07469484955072403,1.275488018989563,5.0,2.9384050369262695,0.0
650.0,True,False,nan,51.26587677001953,0.06785543262958527,1.2320128679275513,4.0,2.982191562652588,0.0
650.0,True,False,nan,45.98936462402344,0.06521300226449966,1.4169604778289795,10.0,2.951777219772339,0.0
650.0,True,False,nan,46.167049407958984,0.10143940150737762,1.797482967376709,16.0,2.8192837238311768,0.0
650.0,True,False,nan,46.252071380615234,0.1460619866847992,1.1764906644821167,8.0,2.8121562004089355,0.0
650.0,True,False,nan,45.11684799194336,0.15450283885002136,1.403456687927246,13.0,2.8427653312683105,0.0
650.0,True,False,nan,45.30780792236328,0.1939113885164261,1.3959318399429321,12.0,2.8783459663391113,0.0
650.0,True,False,nan,45.46940612792969,0.3487134873867035,1.5423780679702759,13.0,2.9795820713043213,0.0
650.0,True,False,nan,47.224674224853516,0.43953704833984375,1.2057387828826904,10.0,2.7602059841156006,0.0
650.0,True,False,nan,46.6412353515625,0.43777766823768616,1.1748658418655396,10.0,2.691987991333008,0.0
650.0,True,False,nan,47.441890716552734,0.41804239153862,1.2917064428329468,11.0,2.672205686569214,0.0
650.0,True,False,nan,45.27033615112305,0.10176260769367218,0.9214789867401123,9.0,3.0008060932159424,0.0
650.0,True,False,nan,50.73837661743164,0.1277012974023819,0.7991411685943604,3.0,2.988852024078369,0.0
650.0,True,False,nan,53.50236892700195,0.12100634723901749,0.7586119771003723,5.0,3.0466246604919434,0.0
650.0,True,False,nan,56.105228424072266,0.09463685750961304,1.1705266237258911,9.0,3.1564207077026367,0.0
650.0,True,False,nan,53.24802017211914,0.13911406695842743,0.683890700340271,7.0,3.0077760219573975,0.0
650.0,True,False,nan,56.09110641479492,0.101890429854393,1.0761263370513916,14.0,3.151935577392578,0.0
650.0,True,False,nan,49.98695373535156,0.11702048033475876,0.8438458442687988,2.0,2.8696136474609375,0.0
650.0,True,False,nan,46.15943145751953,0.11772917211055756,0.688244104385376,4.0,2.8218955993652344,0.0
650.0,True,False,nan,45.454681396484375,0.09550362825393677,0.8881582617759705,6.0,2.8821475505828857,0.0
650.0,True,False,nan,53.86591339111328,0.10494554042816162,0.9413898587226868,2.0,2.9233384132385254,0.0
650.0,True,False,nan,46.385162353515625,0.11247313022613525,0.7934651970863342,14.0,3.0717811584472656,0.0
650.0,True,False,nan,47.63378143310547,0.11167171597480774,0.8569658398628235,7.0,3.0403029918670654,0.0
650.0,True,False,nan,47.245567321777344,0.06853979080915451,1.2002975940704346,2.0,2.8060901165008545,0.0
650.0,True,False,nan,53.96014404296875,0.15333354473114014,0.6521756649017334,16.0,3.0939271450042725,0.0
650.0,True,False,nan,46.25224304199219,0.09894352406263351,1.0289928913116455,7.0,2.9302492141723633,0.0
650.0,True,False,nan,55.00605010986328,0.138187974691391,0.6342045068740845,6.0,2.965808629989624,0.0
650.0,True,False,nan,56.948673248291016,0.1238841861486435,0.8955917358398438,2.0,2.903742790222168,0.0
650.0,True,False,nan,54.20738983154297,0.13232488930225372,0.7166165113449097,3.0,2.857024669647217,0.0
650.0,True,False,nan,50.411441802978516,0.1339946836233139,0.7892460823059082,17.0,2.9951937198638916,0.0
650.0,True,False,nan,54.868404388427734,0.11012841016054153,0.8395635485649109,11.0,3.005345344543457,0.0
650.0,True,False,nan,53.085872650146484,0.13965286314487457,0.7468785643577576,3.0,2.8806231021881104,0.0
650.0,True,False,nan,56.354957580566406,0.15010207891464233,0.6123042702674866,4.0,2.9945130348205566,0.0
650.0,True,False,nan,49.69556427001953,0.12312906235456467,0.7469942569732666,3.0,2.811410665512085,0.0
650.0,True,False,nan,45.26835250854492,0.12292756140232086,0.7440504431724548,4.0,2.7974143028259277,0.0
650.0,True,False,nan,49.835426330566406,0.09291708469390869,1.043580174446106,2.0,2.8313710689544678,0.0
650.0,True,False,nan,48.54364776611328,0.11571351438760757,0.8088176250457764,9.0,2.880171298980713,0.0
650.0,True,False,nan,47.62428665161133,0.1433113068342209,0.6557815670967102,10.0,2.938814163208008,0.0
650.0,True,False,nan,54.292877197265625,0.1486256867647171,0.6367679238319397,10.0,2.973133087158203,0.0
650.0,True,False,nan,52.72135543823242,0.1244959682226181,0.9169073700904846,8.0,3.0284738540649414,0.0
650.0,True,False,nan,51.27180862426758,0.09485345333814621,1.0172390937805176,3.0,2.9102401733398438,0.0
650.0,True,False,nan,50.356876373291016,0.06450020521879196,1.3594990968704224,4.0,3.0499114990234375,0.0
650.0,True,False,nan,50.81682205200195,0.14123618602752686,0.6698669195175171,8.0,2.9180588722229004,0.0
650.0,True,False,nan,51.265907287597656,0.06785516440868378,1.2320103645324707,4.0,2.9821996688842773,0.0
650.0,True,False,nan,52.15804672241211,0.13791316747665405,0.7264615893363953,10.0,2.986104726791382,0.0
650.0,True,False,nan,48.37759017944336,0.13642580807209015,0.7666437029838562,9.0,2.9125633239746094,0.0
650.0,True,False,nan,48.48154830932617,0.08770222961902618,1.1153957843780518,9.0,3.0204389095306396,0.0
650.0,True,False,nan,50.87950134277344,0.1439995914697647,0.6795479655265808,8.0,2.9742603302001953,0.0
650.0,True,False,nan,51.8675537109375,0.14940254390239716,0.599761962890625,7.0,2.9895682334899902,0.0
650.0,True,False,nan,50.978851318359375,0.0708511471748352,1.2323999404907227,5.0,2.962059497833252,0.0
650.0,True,False,nan,47.15898895263672,0.11383180320262909,1.017537236213684,10.0,2.8530800342559814,0.0
650.0,True,False,nan,45.0247802734375,0.09720085561275482,1.1763732433319092,8.0,2.8121912479400635,0.0
650.0,True,False,nan,50.17186737060547,0.09397393465042114,1.0115453004837036,4.0,2.8284833431243896,0.0
650.0,True,False,nan,47.43404006958008,0.04601844772696495,1.4356101751327515,6.0,2.83834171295166,0.0
650.0,True,False,nan,52.882694244384766,0.1349775493144989,0.8103011250495911,9.0,2.813603401184082,0.0
650.0,True,False,nan,46.166481018066406,0.10143647342920303,1.797491431236267,16.0,2.819281578063965,0.0
650.0,True,False,nan,45.3079833984375,0.19392049312591553,1.3959214687347412,12.0,2.8783464431762695,0.0
650.0,True,False,nan,45.8122673034668,0.13952535390853882,1.402819037437439,12.0,2.8419833183288574,0.0
650.0,True,False,nan,47.94512939453125,0.08822280168533325,1.0631908178329468,5.0,2.8139097690582275,0.0
650.0,True,False,nan,50.70448303222656,0.11689616739749908,0.7516297698020935,11.0,3.0760152339935303,0.0
650.0,True,False,nan,45.46925354003906,0.3487156331539154,1.542371392250061,13.0,2.9795687198638916,0.0
650.0,True,False,nan,46.00946807861328,0.04808656871318817,1.4394036531448364,5.0,2.9350924491882324,0.0
650.0,True,False,nan,47.15437698364258,0.11046282947063446,0.8899803161621094,3.0,2.7195515632629395,0.0
650.0,True,False,nan,52.24890899658203,0.11590172350406647,0.8998129367828369,8.0,2.8743858337402344,0.0
650.0,True,False,nan,48.35173416137695,0.12056175619363785,0.9273788332939148,10.0,2.78957200050354,0.0
650.0,True,False,nan,47.933013916015625,0.10922962427139282,0.9423465132713318,4.0,2.7306413650512695,0.0
650.0,True,False,nan,50.32307815551758,0.07974863052368164,1.3278923034667969,3.0,2.7338898181915283,0.0
650.0,True,False,nan,46.55495071411133,0.0804920345544815,1.2410848140716553,7.0,2.814565896987915,0.0
650.0,True,False,nan,49.585548400878906,0.07469499111175537,1.2754898071289062,5.0,2.938405752182007,0.0
650.0,True,False,nan,5.859496116638184,0.0,1.2917087078094482,11.0,1.517472505569458,0.0
650.0,True,False,nan,39.16594696044922,0.38057392835617065,1.2057394981384277,10.0,2.760190486907959,0.0
650.0,True,False,nan,1.4847718477249146,0.0,1.4172669649124146,10.0,0.0,0.0
650.0,True,False,nan,42.08706283569336,0.06532053649425507,1.3875837326049805,3.0,2.726400136947632,0.0
650.0,True,False,nan,15.308399200439453,0.054968494921922684,1.1748590469360352,10.0,2.6105804443359375,0.0
650.0,True,False,nan,5.821438312530518,0.0,1.4169460535049438,10.0,1.376556158065796,0.0
650.0,True,False,nan,45.35936737060547,0.22353801131248474,1.3959264755249023,12.0,3.148789405822754,90.0
650.0,True,False,nan,45.10136413574219,0.27115172147750854,0.9193359613418579,8.0,2.9856479167938232,90.0
650.0,True,False,nan,49.60224151611328,0.20653432607650757,1.7974944114685059,16.0,3.2744200229644775,90.0
650.0,True,False,nan,49.25648880004883,0.3512563705444336,0.6367740631103516,10.0,2.8414578437805176,90.0
650.0,True,False,nan,49.46807861328125,0.34492602944374084,0.766659140586853,9.0,2.797638416290283,90.0
650.0,True,False,nan,46.3366813659668,0.2827782928943634,1.016990303993225,3.0,3.007174015045166,90.0
650.0,True,False,nan,45.88078308105469,0.2847117781639099,1.241078495979309,7.0,3.002885580062866,90.0
650.0,True,False,nan,48.114017486572266,0.2706199884414673,0.7585932016372681,5.0,2.5845530033111572,90.0
650.0,True,False,nan,46.2540283203125,0.28200551867485046,1.2917065620422363,11.0,2.9854557514190674,90.0
650.0,True,False,nan,46.55192184448242,0.3037261366844177,1.1764860153198242,8.0,2.9908180236816406,90.0
650.0,True,False,nan,50.37099838256836,0.26782238483428955,1.403773307800293,13.0,3.1866769790649414,90.0
650.0,True,False,nan,45.43299865722656,0.3218720555305481,0.8998203873634338,9.0,2.875505208969116,90.0
650.0,True,False,nan,49.518856048583984,0.28958308696746826,1.2057467699050903,10.0,3.0174896717071533,90.0
650.0,True,False,nan,45.116485595703125,0.21210551261901855,1.2002960443496704,2.0,3.0973057746887207,90.0
650.0,True,False,nan,49.929508209228516,0.2850063145160675,1.1154385805130005,9.0,3.183006525039673,90.0
650.0,True,False,nan,49.33502960205078,0.2464360147714615,1.5423763990402222,13.0,3.253030776977539,90.0
650.0,True,False,nan,48.107521057128906,0.2446250021457672,1.3594956398010254,4.0,3.121680498123169,90.0
650.0,True,False,nan,45.18439865112305,0.32530921697616577,0.6838871240615845,7.0,2.530123472213745,90.0
650.0,True,False,nan,45.91860580444336,0.3013730049133301,1.1748663187026978,10.0,2.912525177001953,90.0
650.0,True,False,nan,46.120052337646484,0.23973718285560608,1.0761222839355469,14.0,2.5569841861724854,90.0
650.0,True,False,nan,45.96673583984375,0.23573143780231476,1.2323946952819824,5.0,3.158012628555298,90.0
650.0,True,False,nan,50.441200256347656,0.35450783371925354,0.6698768734931946,8.0,2.892589569091797,90.0
650.0,True,False,nan,45.23228454589844,0.24772115051746368,1.4169498682022095,10.0,3.122246742248535,90.0
650.0,True,False,nan,49.601497650146484,0.3142146170139313,1.0175398588180542,10.0,2.9044570922851562,90.0
650.0,True,False,nan,45.68951416015625,0.35011935234069824,0.8103034496307373,10.0,2.7070770263671875,90.0
650.0,True,False,nan,47.22291564941406,0.23198330402374268,1.2320187091827393,4.0,3.2352278232574463,90.0
650.0,True,False,nan,47.84244918823242,0.3112291693687439,0.7991515398025513,3.0,2.6425046920776367,90.0
650.0,True,False,nan,46.172767639160156,0.3828456401824951,0.7264639139175415,10.0,2.5132410526275635,90.0
650.0,True,False,nan,47.73634719848633,0.3691296875476837,0.9273454546928406,10.0,2.8246009349823,90.0
650.0,True,False,nan,48.4217414855957,0.2954216003417969,1.0435774326324463,2.0,3.0346262454986572,90.0
650.0,True,False,nan,47.365352630615234,0.40587317943573,0.5997670888900757,7.0,2.59655499458313,90.0
650.0,True,False,nan,45.246238708496094,0.2880469560623169,0.9215840101242065,9.0,2.470479726791382,90.0
650.0,True,False,nan,47.02238845825195,0.21934925019741058,1.1705430746078491,9.0,2.487473249435425,90.0
650.0,True,False,nan,45.03983688354492,0.3097939193248749,0.8569725751876831,7.0,2.322650909423828,90.0
650.0,True,False,nan,48.677913665771484,0.3958471715450287,0.6557867527008057,10.0,2.5653343200683594,90.0
650.0,True,False,nan,48.713226318359375,0.2744218707084656,1.4172608852386475,6.0,3.0990610122680664,90.0
650.0,True,False,nan,48.756195068359375,0.2970256507396698,0.941389262676239,2.0,2.994497060775757,90.0
650.0,True,False,nan,50.48994445800781,0.3474535644054413,0.6882163882255554,4.0,2.8681399822235107,90.0
650.0,True,False,nan,48.33310317993164,0.3896249830722809,0.6795615553855896,8.0,2.5350182056427,90.0
650.0,True,False,nan,48.47388458251953,0.3580321669578552,0.7892559170722961,17.0,2.5264954566955566,90.0
650.0,True,False,nan,49.83214569091797,0.29722175002098083,1.0115395784378052,4.0,3.0304665565490723,90.0
650.0,True,False,nan,48.844234466552734,0.29516851902008057,0.8881610631942749,6.0,2.8600356578826904,90.0
650.0,True,False,nan,48.13916778564453,0.38273873925209045,0.8095735311508179,8.0,2.869267702102661,90.0
650.0,True,False,nan,46.02265930175781,0.38792282342910767,0.6123054027557373,4.0,2.5660459995269775,90.0
650.0,True,False,nan,46.93586730957031,0.21452383697032928,1.4356014728546143,6.0,3.29468035697937,90.0
650.0,True,False,nan,47.86841583251953,0.3837738037109375,0.6521767377853394,8.0,2.47527813911438,90.0
650.0,True,False,nan,48.440433502197266,0.2792029082775116,0.8438482880592346,2.0,2.5518951416015625,90.0
650.0,True,False,nan,46.94661331176758,0.31550800800323486,0.793449878692627,10.0,2.4134933948516846,90.0
650.0,True,False,nan,49.78041076660156,0.2500290870666504,1.4394640922546387,5.0,3.2259581089019775,90.0
650.0,True,False,nan,46.779048919677734,0.3703058362007141,0.7470056414604187,3.0,2.8490586280822754,90.0
650.0,True,False,nan,46.47477340698242,0.2898283004760742,0.8395611643791199,10.0,2.60935115814209,90.0
650.0,True,False,nan,46.766082763671875,0.3813614845275879,0.6342015266418457,6.0,2.684417247772217,90.0
650.0,True,False,nan,46.19282150268555,0.3498564660549164,0.7440614104270935,4.0,2.822774887084961,90.0
650.0,True,False,nan,48.06330871582031,0.29374948143959045,1.0631978511810303,5.0,3.0753283500671387,90.0
650.0,True,False,nan,45.704017639160156,0.290680855512619,0.8955946564674377,2.0,2.7769083976745605,90.0
650.0,True,False,nan,49.685306549072266,0.2914372980594635,1.2754886150360107,5.0,3.1026265621185303,90.0
650.0,True,False,nan,46.884037017822266,0.338174968957901,0.7516325116157532,10.0,2.407822847366333,90.0
650.0,True,False,nan,47.99721908569336,0.37678036093711853,0.7166105508804321,3.0,2.66279673576355,90.0
650.0,True,False,nan,47.90496826171875,0.2657957971096039,1.3875869512557983,4.0,3.1695029735565186,90.0
650.0,True,False,nan,46.10650634765625,0.3439949154853821,0.8899727463722229,3.0,2.8553926944732666,90.0
650.0,True,False,nan,46.00482177734375,0.26225706934928894,1.3278987407684326,3.0,3.138052225112915,90.0
650.0,True,False,nan,45.989498138427734,0.36409223079681396,0.942329466342926,3.0,2.87070369720459,90.0
650.0,True,False,nan,46.892765045166016,0.39998874068260193,0.7468305826187134,3.0,2.454024314880371,90.0
650.0,True,False,nan,45.970680236816406,0.3862062394618988,1.0289777517318726,5.0,2.37870717048645,90.0
650.0,True,False,nan,45.35922622680664,0.22353774309158325,1.3959277868270874,12.0,3.1487858295440674,90.0
650.0,True,False,nan,45.10321807861328,0.2717027962207794,0.9169113636016846,8.0,2.984349012374878,90.0
650.0,True,False,nan,46.33732223510742,0.282792866230011,1.0169626474380493,3.0,3.0071723461151123,90.0
650.0,True,False,nan,49.51879119873047,0.2895854115486145,1.2057385444641113,10.0,3.0174851417541504,90.0
650.0,True,False,nan,49.92959976196289,0.2850162088871002,1.1153922080993652,9.0,3.1830086708068848,90.0
650.0,True,False,nan,49.6014404296875,0.31421196460723877,1.0175498723983765,10.0,2.9044511318206787,90.0
650.0,True,False,nan,47.22602844238281,0.23196928203105927,1.2320127487182617,4.0,3.235058069229126,90.0
650.0,True,False,nan,45.432960510253906,0.3218700885772705,0.8998203873634338,9.0,2.8755111694335938,90.0
650.0,True,False,nan,45.11619567871094,0.21210108697414398,1.2003026008605957,2.0,3.0972983837127686,90.0
650.0,True,False,nan,45.91859817504883,0.30137500166893005,1.1748675107955933,10.0,2.9125115871429443,90.0
650.0,True,False,nan,45.967098236083984,0.2357347160577774,1.2323912382125854,5.0,3.1580071449279785,90.0
650.0,True,False,nan,50.4412841796875,0.35451045632362366,0.6698682308197021,8.0,2.8925936222076416,90.0
650.0,True,False,nan,48.4217643737793,0.29541632533073425,1.043597936630249,2.0,3.0346269607543945,90.0
650.0,True,False,nan,48.083396911621094,0.27069976925849915,0.758604884147644,5.0,2.5849826335906982,90.0
650.0,True,False,nan,49.83210754394531,0.29722121357917786,1.01154363155365,4.0,3.0304675102233887,90.0
650.0,True,False,nan,49.25760269165039,0.3512665629386902,0.6367710828781128,10.0,2.8414015769958496,90.0
650.0,True,False,nan,47.73687744140625,0.3691321313381195,0.9273684620857239,10.0,2.8245787620544434,90.0
650.0,True,False,nan,46.12012481689453,0.2397349327802658,1.0761284828186035,14.0,2.556983232498169,90.0
650.0,True,False,nan,45.68941879272461,0.3501194417476654,0.8102982044219971,10.0,2.707064390182495,90.0
650.0,True,False,nan,49.46766662597656,0.3449278175830841,0.7666508555412292,9.0,2.797633647918701,90.0
650.0,True,False,nan,50.4904899597168,0.3474588692188263,0.6882200837135315,4.0,2.8681161403656006,90.0
650.0,True,False,nan,48.47367477416992,0.3580355644226074,0.7892357110977173,17.0,2.5264954566955566,90.0
650.0,True,False,nan,45.18436813354492,0.32530850172042847,0.683884859085083,7.0,2.5301222801208496,90.0
650.0,True,False,nan,47.86839294433594,0.38377267122268677,0.6521800756454468,8.0,2.475278377532959,90.0
650.0,True,False,nan,46.94655990600586,0.31550949811935425,0.7934475541114807,10.0,2.4134938716888428,90.0
650.0,True,False,nan,46.19276428222656,0.3498576879501343,0.7440589070320129,4.0,2.822770118713379,90.0
650.0,True,False,nan,49.60230255126953,0.2065330296754837,1.7974848747253418,16.0,3.2744197845458984,90.0
650.0,True,False,nan,47.84172821044922,0.3113500773906708,0.7991205453872681,3.0,2.6424307823181152,90.0
650.0,True,False,nan,46.88409423828125,0.33817413449287415,0.7516356706619263,10.0,2.407820463180542,90.0
650.0,True,False,nan,46.17299270629883,0.38284537196159363,0.7264630198478699,10.0,2.5132505893707275,90.0
650.0,True,False,nan,47.051998138427734,0.2193310558795929,1.1705266237258911,9.0,2.4874513149261475,90.0
650.0,True,False,nan,45.03981399536133,0.309792160987854,0.8569701910018921,7.0,2.322648763656616,90.0
650.0,True,False,nan,48.67814254760742,0.39584630727767944,0.6557949185371399,10.0,2.565335750579834,90.0
650.0,True,False,nan,48.332969665527344,0.38962653279304504,0.679556131362915,8.0,2.5350124835968018,90.0
650.0,True,False,nan,48.44050216674805,0.2792012691497803,0.843844473361969,2.0,2.5518877506256104,90.0
650.0,True,False,nan,46.47491455078125,0.2898288369178772,0.8395606875419617,10.0,2.6093482971191406,90.0
650.0,True,False,nan,47.36525344848633,0.40586695075035095,0.5997641086578369,7.0,2.5965206623077393,90.0
650.0,True,False,nan,45.88074493408203,0.2847120463848114,1.2410889863967896,7.0,3.0028672218322754,90.0
650.0,True,False,nan,45.24637985229492,0.28804370760917664,0.921602189540863,9.0,2.4704830646514893,90.0
650.0,True,False,nan,46.551979064941406,0.303728312253952,1.1764730215072632,8.0,2.990816116333008,90.0
650.0,True,False,nan,50.37554168701172,0.26792794466018677,1.4028326272964478,12.0,3.186044454574585,90.0
650.0,True,False,nan,48.84417724609375,0.29516905546188354,0.8881568908691406,6.0,2.8600356578826904,90.0
650.0,True,False,nan,48.107669830322266,0.24462534487247467,1.359503984451294,4.0,3.121685028076172,90.0
650.0,True,False,nan,46.02272415161133,0.3879238963127136,0.6123043894767761,4.0,2.566045045852661,90.0
650.0,True,False,nan,46.766029357910156,0.3813602328300476,0.6342030763626099,6.0,2.684415578842163,90.0
650.0,True,False,nan,45.703941345214844,0.29067879915237427,0.8956001400947571,2.0,2.7769076824188232,90.0
650.0,True,False,nan,46.25414276123047,0.2820030450820923,1.2917143106460571,11.0,2.9854588508605957,90.0
650.0,True,False,nan,48.756221771240234,0.2970254421234131,0.9413901567459106,2.0,2.994499444961548,90.0
650.0,True,False,nan,49.33488082885742,0.24643443524837494,1.5423823595046997,13.0,3.2530322074890137,90.0
650.0,True,False,nan,48.395912170410156,0.3879641592502594,0.815296471118927,5.0,2.8891122341156006,90.0
650.0,True,False,nan,45.23241424560547,0.24771742522716522,1.416959524154663,10.0,3.122237205505371,90.0
650.0,True,False,nan,46.892784118652344,0.39999327063560486,0.7468203902244568,3.0,2.4540233612060547,90.0
650.0,True,False,nan,47.99738311767578,0.3767755627632141,0.7166244983673096,3.0,2.6627964973449707,90.0
650.0,True,False,nan,46.779117584228516,0.37030938267707825,0.7469995021820068,3.0,2.8490567207336426,90.0
650.0,True,False,nan,48.06317138671875,0.2937503159046173,1.0631886720657349,5.0,3.0753395557403564,90.0
650.0,True,False,nan,48.713279724121094,0.2744261622428894,1.417253017425537,6.0,3.0990495681762695,90.0
650.0,True,False,nan,46.93587112426758,0.21452435851097107,1.435599684715271,6.0,3.2946834564208984,90.0
650.0,True,False,nan,49.780487060546875,0.2500321865081787,1.4394538402557373,5.0,3.225956916809082,90.0
650.0,True,False,nan,46.10634231567383,0.3439882695674896,0.8899828195571899,3.0,2.855393171310425,90.0
650.0,True,False,nan,49.685302734375,0.2914336323738098,1.2754958868026733,5.0,3.1026313304901123,90.0
650.0,True,False,nan,45.98926544189453,0.36408987641334534,0.9423298835754395,3.0,2.8707034587860107,90.0
650.0,True,False,nan,47.90473556518555,0.2657933831214905,1.387580156326294,4.0,3.169502019882202,90.0
650.0,True,False,nan,46.00482177734375,0.26225414872169495,1.3279032707214355,3.0,3.1380503177642822,90.0
650.0,True,False,nan,45.9710693359375,0.3862038552761078,1.028981328010559,5.0,2.3787100315093994,90.0
650.0,True,False,nan,45.050514221191406,0.23328009247779846,1.7974435091018677,16.0,3.5217504501342773,180.0
650.0,True,False,nan,46.88346862792969,0.35718876123428345,1.2410800457000732,7.0,3.162355899810791,180.0
650.0,True,False,nan,47.34406661987305,0.3347896635532379,1.2917207479476929,11.0,3.134601593017578,180.0
650.0,True,False,nan,47.456626892089844,0.36432182788848877,1.176476240158081,8.0,3.210385799407959,180.0
650.0,True,False,nan,52.2446174621582,0.3430388867855072,1.4037716388702393,13.0,3.4592630863189697,180.0
650.0,True,False,nan,52.12948226928711,0.32278454303741455,1.3959218263626099,12.0,3.48478364944458,180.0
650.0,True,False,nan,48.09874725341797,0.34026196599006653,1.205742359161377,10.0,3.2899770736694336,180.0
650.0,True,False,nan,46.512935638427734,0.27951154112815857,1.5423704385757446,13.0,3.541106700897217,180.0
650.0,True,False,nan,49.689979553222656,0.3478693962097168,1.359499216079712,4.0,3.3615546226501465,180.0
650.0,True,False,nan,50.58238220214844,0.38071343302726746,0.9168975353240967,8.0,3.6180672645568848,180.0
650.0,True,False,nan,47.49773406982422,0.41588741540908813,1.0172467231750488,3.0,3.4633190631866455,180.0
650.0,True,False,nan,45.476200103759766,0.3662513494491577,0.758597731590271,5.0,3.7428998947143555,180.0
650.0,True,False,nan,47.911285400390625,0.4124004542827606,0.6557981967926025,10.0,3.1276822090148926,180.0
650.0,True,False,nan,46.85462188720703,0.3757735788822174,1.2003024816513062,2.0,3.494767427444458,180.0
650.0,True,False,nan,49.284725189208984,0.3993884027004242,1.1154354810714722,9.0,3.6993134021759033,180.0
650.0,True,False,nan,45.30767822265625,0.40223264694213867,0.8881558775901794,6.0,3.4604156017303467,180.0
650.0,True,False,nan,49.84908676147461,0.3964986801147461,1.1748661994934082,10.0,3.1096465587615967,180.0
650.0,True,False,nan,47.69645309448242,0.4048815369606018,0.6521767377853394,8.0,3.1856188774108887,180.0
650.0,True,False,nan,50.93299865722656,0.40243497490882874,1.0175288915634155,10.0,3.357428550720215,180.0
650.0,True,False,nan,46.503379821777344,0.44979622960090637,0.6367839574813843,10.0,3.891225814819336,180.0
650.0,True,False,nan,49.9854850769043,0.4389505684375763,0.7666794657707214,9.0,3.617426633834839,180.0
650.0,True,False,nan,49.64928436279297,0.44715988636016846,0.9413858652114868,2.0,3.463822841644287,180.0
650.0,True,False,nan,49.2427864074707,0.39172106981277466,0.7892467975616455,17.0,3.124845266342163,180.0
650.0,True,False,nan,48.70168685913086,0.282118022441864,1.0761363506317139,14.0,3.441301107406616,180.0
650.0,True,False,nan,50.42475509643555,0.4799596965312958,0.6698687076568604,8.0,3.8255579471588135,180.0
650.0,True,False,nan,47.46474075317383,0.4905051589012146,0.8087974786758423,9.0,3.2612695693969727,180.0
650.0,True,False,nan,45.7270622253418,0.3909061551094055,0.7934557199478149,10.0,3.3745710849761963,180.0
650.0,True,False,nan,45.85609817504883,0.39794832468032837,1.4394584894180298,5.0,3.5380499362945557,180.0
650.0,True,False,nan,48.70279312133789,0.4367534816265106,0.8395574688911438,10.0,3.3754475116729736,180.0
650.0,True,False,nan,47.30377197265625,0.4066815674304962,1.4169394969940186,10.0,3.542590856552124,180.0
650.0,True,False,nan,47.460205078125,0.49697884917259216,0.6341999173164368,6.0,3.3900012969970703,180.0
650.0,True,False,nan,49.739341735839844,0.4273225963115692,1.232006549835205,4.0,3.7805728912353516,180.0
650.0,True,False,nan,45.7689323425293,0.5128993988037109,0.9273403286933899,10.0,3.2344794273376465,180.0
650.0,True,False,nan,47.49332809448242,0.4906493127346039,1.0435901880264282,2.0,3.5546882152557373,180.0
650.0,True,False,nan,48.9681282043457,0.45425307750701904,1.4172691106796265,6.0,3.4861738681793213,180.0
650.0,True,False,nan,49.26948928833008,0.47636836767196655,1.2324016094207764,5.0,3.8318674564361572,180.0
650.0,True,False,nan,48.402042388916016,0.4881359338760376,0.8955889344215393,2.0,3.4109482765197754,180.0
650.0,True,False,nan,48.044700622558594,0.5280473828315735,0.8103241920471191,10.0,3.218440055847168,180.0
650.0,True,False,nan,47.69489288330078,0.4756872057914734,1.2755424976348877,5.0,3.5918357372283936,180.0
650.0,True,False,nan,48.85806655883789,0.5032505393028259,0.7516384124755859,10.0,3.4080305099487305,180.0
650.0,True,False,nan,47.2060546875,0.5749649405479431,0.8998291492462158,9.0,3.4861302375793457,180.0
650.0,True,False,nan,47.29087448120117,0.5480777025222778,0.6881956458091736,4.0,4.00750207901001,180.0
650.0,True,False,nan,46.93231201171875,0.5403176546096802,0.6795467138290405,8.0,3.400557041168213,180.0
650.0,True,False,nan,48.47055435180664,0.549495279788971,1.011541485786438,4.0,3.703810930252075,180.0
650.0,True,False,nan,45.21388244628906,0.524459958076477,0.6838778853416443,7.0,3.719724178314209,180.0
650.0,True,False,nan,45.25703811645508,0.4809401333332062,1.4356073141098022,6.0,3.6860616207122803,180.0
650.0,True,False,nan,48.50726318359375,0.47445547580718994,0.8616030216217041,2.0,3.857248544692993,180.0
650.0,True,False,nan,46.993595123291016,0.520069420337677,0.7991511821746826,3.0,3.9147238731384277,180.0
650.0,True,False,nan,45.16693878173828,0.6152154803276062,0.7264630794525146,10.0,3.301138162612915,180.0
650.0,True,False,nan,47.261295318603516,0.6942352652549744,0.5997663140296936,7.0,3.519859552383423,180.0
650.0,True,False,nan,47.1355094909668,0.3963221609592438,1.1705530881881714,9.0,3.8579602241516113,180.0
650.0,True,False,nan,46.79104995727539,0.5745359659194946,1.3875880241394043,4.0,3.3093621730804443,180.0
650.0,True,False,nan,47.71100616455078,0.6942229866981506,0.7469956874847412,3.0,3.495274305343628,180.0
650.0,True,False,nan,46.42767333984375,0.5603494048118591,1.327906847000122,3.0,3.2868173122406006,180.0
650.0,True,False,nan,49.00056838989258,0.6440167427062988,1.0631985664367676,5.0,3.5953786373138428,180.0
650.0,True,False,nan,45.84476852416992,0.7350006699562073,0.7440605759620667,4.0,3.5762526988983154,180.0
650.0,True,False,nan,46.4747314453125,0.6083554625511169,0.8569733500480652,7.0,3.3761699199676514,180.0
650.0,True,False,nan,45.6915168762207,0.7761697173118591,0.6123037934303284,4.0,3.489412307739258,180.0
650.0,True,False,nan,46.288612365722656,0.6414912343025208,0.9214749932289124,9.0,3.5436055660247803,180.0
650.0,True,False,nan,46.340824127197266,0.8118494153022766,0.7166073322296143,3.0,3.446918487548828,180.0
650.0,True,False,nan,49.472171783447266,0.7781360745429993,0.8899750709533691,3.0,3.2893266677856445,180.0
650.0,True,False,nan,45.0550651550293,0.7360281348228455,0.7468246221542358,3.0,3.266472578048706,180.0
650.0,True,False,nan,45.993072509765625,1.2115226984024048,0.9423482418060303,3.0,3.109673023223877,180.0
650.0,True,False,nan,46.33700180053711,1.4143937826156616,1.0289949178695679,5.0,3.0276124477386475,180.0
650.0,True,False,nan,45.050270080566406,0.233273446559906,1.797492265701294,16.0,3.521754741668701,180.0
650.0,True,False,nan,52.12959671020508,0.32278013229370117,1.3959383964538574,12.0,3.4847850799560547,180.0
650.0,True,False,nan,52.244590759277344,0.34303978085517883,1.403774380683899,13.0,3.4592623710632324,180.0
650.0,True,False,nan,49.6897087097168,0.3478713631629944,1.3594969511032104,4.0,3.3615622520446777,180.0
650.0,True,False,nan,50.582481384277344,0.38071408867836,0.9168935418128967,8.0,3.61806058883667,180.0
650.0,True,False,nan,46.513092041015625,0.2795102298259735,1.5423802137374878,13.0,3.541106700897217,180.0
650.0,True,False,nan,46.88361358642578,0.3571910560131073,1.2410770654678345,7.0,3.1623594760894775,180.0
650.0,True,False,nan,47.4561653137207,0.3643224537372589,1.176472544670105,8.0,3.210380792617798,180.0
650.0,True,False,nan,47.496002197265625,0.4159289598464966,1.0169419050216675,3.0,3.4634008407592773,180.0
650.0,True,False,nan,45.57642364501953,0.3657865822315216,0.7586132884025574,5.0,3.747077226638794,180.0
650.0,True,False,nan,47.34418487548828,0.3347940444946289,1.2917108535766602,11.0,3.1346139907836914,180.0
650.0,True,False,nan,48.098731994628906,0.3402611017227173,1.2057489156723022,10.0,3.289968967437744,180.0
650.0,True,False,nan,46.85468673706055,0.37577497959136963,1.200299859046936,2.0,3.494764566421509,180.0
650.0,True,False,nan,49.28472137451172,0.39939379692077637,1.115394949913025,9.0,3.6993136405944824,180.0
650.0,True,False,nan,45.307708740234375,0.4022294580936432,0.8881675004959106,6.0,3.4604156017303467,180.0
650.0,True,False,nan,49.64918518066406,0.4471597671508789,0.9413817524909973,2.0,3.463832139968872,180.0
650.0,True,False,nan,48.70278549194336,0.4367500841617584,0.839571475982666,10.0,3.3754451274871826,180.0
650.0,True,False,nan,47.46034240722656,0.49697622656822205,0.6342096328735352,6.0,3.3899967670440674,180.0
650.0,True,False,nan,50.932945251464844,0.40243393182754517,1.0175304412841797,10.0,3.3574256896972656,180.0
650.0,True,False,nan,49.73918914794922,0.4273224174976349,1.2320058345794678,4.0,3.7805702686309814,180.0
650.0,True,False,nan,50.4253044128418,0.4799599051475525,0.66987144947052,8.0,3.825530529022217,180.0
650.0,True,False,nan,49.91967010498047,0.4954829216003418,0.8153179883956909,5.0,3.2493832111358643,180.0
650.0,True,False,nan,45.726844787597656,0.3909101188182831,0.793447732925415,10.0,3.3745694160461426,180.0
650.0,True,False,nan,45.8564338684082,0.39794909954071045,1.439460039138794,5.0,3.538041830062866,180.0
650.0,True,False,nan,48.40202331542969,0.4881337881088257,0.8955952525138855,2.0,3.41095232963562,180.0
650.0,True,False,nan,48.858829498291016,0.5032526254653931,0.7516383528709412,10.0,3.408039093017578,180.0
650.0,True,False,nan,46.50318908691406,0.4498002529144287,0.6367656588554382,10.0,3.891233205795288,180.0
650.0,True,False,nan,47.49313735961914,0.4906490743160248,1.0435903072357178,2.0,3.554694175720215,180.0
650.0,True,False,nan,49.98571014404297,0.4389548897743225,0.7666655778884888,9.0,3.6174216270446777,180.0
650.0,True,False,nan,47.30416488647461,0.4066801071166992,1.4169496297836304,10.0,3.542581558227539,180.0
650.0,True,False,nan,49.269615173339844,0.47637128829956055,1.2323890924453735,5.0,3.831866979598999,180.0
650.0,True,False,nan,46.45510482788086,0.4776400923728943,0.8438373804092407,2.0,3.8049404621124268,180.0
650.0,True,False,nan,48.968082427978516,0.45425498485565186,1.4172612428665161,6.0,3.4861769676208496,180.0
650.0,True,False,nan,47.69621658325195,0.4048802852630615,0.6521781086921692,8.0,3.1856322288513184,180.0
650.0,True,False,nan,47.69490432739258,0.4757006764411926,1.2754909992218018,5.0,3.59183931350708,180.0
650.0,True,False,nan,48.47026824951172,0.5494939684867859,1.0115448236465454,4.0,3.7038190364837646,180.0
650.0,True,False,nan,45.25715255737305,0.4809424877166748,1.43559992313385,6.0,3.686070203781128,180.0
650.0,True,False,nan,46.993534088134766,0.5200675129890442,0.7991535663604736,3.0,3.914724826812744,180.0
650.0,True,False,nan,47.91140365600586,0.41239991784095764,0.6557978987693787,10.0,3.12768292427063,180.0
650.0,True,False,nan,47.29090881347656,0.5480796098709106,0.6881964802742004,4.0,4.0074872970581055,180.0
650.0,True,False,nan,49.85001754760742,0.39649698138237,1.17485511302948,10.0,3.109639883041382,180.0
650.0,True,False,nan,49.242862701416016,0.39171916246414185,0.7892534732818604,17.0,3.124845027923584,180.0
650.0,True,False,nan,46.791229248046875,0.5745360851287842,1.3875820636749268,4.0,3.3093502521514893,180.0
650.0,True,False,nan,48.7009391784668,0.2821601927280426,1.0759214162826538,14.0,3.4413232803344727,180.0
650.0,True,False,nan,46.42836380004883,0.560358464717865,1.3278911113739014,3.0,3.286808967590332,180.0
650.0,True,False,nan,45.7740592956543,0.5129237174987793,0.9273253679275513,10.0,3.2345988750457764,180.0
650.0,True,False,nan,48.04457092285156,0.5280535817146301,0.8102983236312866,9.0,3.2184367179870605,180.0
650.0,True,False,nan,46.9323616027832,0.5403164625167847,0.6795520186424255,8.0,3.400557279586792,180.0
650.0,True,False,nan,49.00048065185547,0.6440144777297974,1.0632030963897705,5.0,3.5953786373138428,180.0
650.0,True,False,nan,47.20650100708008,0.5749630928039551,0.8998141288757324,8.0,3.486142158508301,180.0
650.0,True,False,nan,45.166954040527344,0.6152083873748779,0.7264761924743652,10.0,3.301147222518921,180.0
650.0,True,False,nan,47.71140670776367,0.6942179203033447,0.7470210790634155,3.0,3.495260238647461,180.0
650.0,True,False,nan,47.26093292236328,0.6942324638366699,0.5997680425643921,8.0,3.5198633670806885,180.0
650.0,True,False,nan,45.213714599609375,0.5244574546813965,0.6838852167129517,7.0,3.7197251319885254,180.0
650.0,True,False,nan,45.844722747802734,0.7349976897239685,0.7440688610076904,4.0,3.5762507915496826,180.0
650.0,True,False,nan,49.47202682495117,0.7781338691711426,0.8899775147438049,3.0,3.289335012435913,180.0
650.0,True,False,nan,38.94706344604492,0.5015150308609009,0.9215959906578064,9.0,3.5435869693756104,180.0
650.0,True,False,nan,41.71235275268555,0.34689122438430786,1.1705374717712402,9.0,3.857943058013916,180.0
650.0,True,False,nan,42.22605895996094,0.5716913342475891,0.8569730520248413,7.0,3.3761675357818604,180.0
650.0,True,False,nan,43.08808517456055,0.8110518455505371,0.716616690158844,3.0,3.446913480758667,180.0
650.0,True,False,nan,23.88172721862793,0.424115926027298,0.9423298835754395,3.0,2.9587602615356445,180.0
650.0,True,False,nan,16.378829956054688,0.12667110562324524,1.0289826393127441,5.0,2.735610246658325,180.0
650.0,True,False,nan,44.178016662597656,0.7773566246032715,0.6123011112213135,7.0,3.4894134998321533,180.0
650.0,True,False,nan,35.173980712890625,0.6369667053222656,0.7468234300613403,3.0,3.2664706707000732,180.0
650.0,True,False,nan,47.752323150634766,0.16447269916534424,1.7974947690963745,16.0,2.985649347305298,270.0
650.0,True,False,nan,47.53947448730469,0.30370545387268066,0.7516354322433472,10.0,2.4866719245910645,270.0
650.0,True,False,nan,50.709381103515625,0.30401289463043213,0.7586028575897217,5.0,2.322727918624878,270.0
650.0,True,False,nan,47.626922607421875,0.22066621482372284,1.4057929515838623,13.0,2.8293864727020264,270.0
650.0,True,False,nan,46.829341888427734,0.23100893199443817,1.39591383934021,12.0,2.914151430130005,270.0
650.0,True,False,nan,51.0689697265625,0.23195697367191315,1.2002899646759033,2.0,2.712803840637207,270.0
650.0,True,False,nan,45.01124954223633,0.29532021284103394,0.9413850903511047,2.0,2.644618272781372,270.0
650.0,True,False,nan,45.69095230102539,0.3026665151119232,1.1154429912567139,9.0,2.9805288314819336,270.0
650.0,True,False,nan,45.243282318115234,0.2958570718765259,0.8881586194038391,6.0,2.5805416107177734,270.0
650.0,True,False,nan,46.95402908325195,0.21342794597148895,1.3595056533813477,4.0,2.7622275352478027,270.0
650.0,True,False,nan,45.50434112548828,0.1942000836133957,1.0761287212371826,14.0,2.236515522003174,270.0
650.0,True,False,nan,49.73052215576172,0.27494537830352783,0.7934477925300598,10.0,2.2889950275421143,270.0
650.0,True,False,nan,48.70893859863281,0.29295477271080017,0.8395577073097229,10.0,2.599292039871216,270.0
650.0,True,False,nan,48.248600006103516,0.2987516224384308,0.9055456519126892,2.0,2.661541223526001,270.0
650.0,True,False,nan,46.22999572753906,0.304872065782547,1.2320103645324707,4.0,2.9745564460754395,270.0
650.0,True,False,nan,46.75786209106445,0.31078386306762695,1.0436930656433105,3.0,2.7262814044952393,270.0
650.0,True,False,nan,48.30814743041992,0.3083905875682831,1.0172120332717896,3.0,2.7644309997558594,270.0
650.0,True,False,nan,47.17116928100586,0.2517904043197632,1.2410856485366821,7.0,2.770782470703125,270.0
650.0,True,False,nan,45.86129379272461,0.26616203784942627,1.2917157411575317,11.0,2.8150293827056885,270.0
650.0,True,False,nan,48.28860855102539,0.2752622067928314,1.1763815879821777,8.0,2.760998249053955,270.0
650.0,True,False,nan,45.65359878540039,0.2763192057609558,1.2057466506958008,10.0,2.8549630641937256,270.0
650.0,True,False,nan,47.475311279296875,0.2872869372367859,1.417262315750122,6.0,2.9226369857788086,270.0
650.0,True,False,nan,49.39262390136719,0.24340933561325073,1.542365550994873,13.0,3.1568756103515625,270.0
650.0,True,False,nan,48.94076919555664,0.32433927059173584,1.2323919534683228,5.0,3.017925977706909,270.0
650.0,True,False,nan,45.082176208496094,0.3345341980457306,1.4356019496917725,6.0,3.0410215854644775,270.0
650.0,True,False,nan,48.128692626953125,0.3110184073448181,0.6521787047386169,8.0,2.362022876739502,270.0
650.0,True,False,nan,48.29754638671875,0.28444960713386536,1.4394627809524536,5.0,2.94218111038208,270.0
650.0,True,False,nan,45.92326736450195,0.3597700893878937,0.6341990828514099,6.0,2.5884768962860107,270.0
650.0,True,False,nan,48.394020080566406,0.31451085209846497,0.9203072190284729,8.0,2.7983450889587402,270.0
650.0,True,False,nan,45.30718231201172,0.32643193006515503,1.2754912376403809,5.0,2.9812376499176025,270.0
650.0,True,False,nan,54.55139923095703,0.393600195646286,0.7991232872009277,3.0,2.475231170654297,270.0
650.0,True,False,nan,51.64787292480469,0.3051210939884186,1.170542597770691,9.0,2.4930574893951416,270.0
650.0,True,False,nan,46.28672409057617,0.3408375084400177,0.8569700717926025,7.0,2.323212146759033,270.0
650.0,True,False,nan,46.65638732910156,0.31674516201019287,0.7892557382583618,17.0,2.239927291870117,270.0
650.0,True,False,nan,47.532371520996094,0.32365018129348755,1.3875843286514282,4.0,2.8298609256744385,270.0
650.0,True,False,nan,47.75798034667969,0.42345336079597473,1.0115495920181274,4.0,2.9509780406951904,270.0
650.0,True,False,nan,48.98006820678711,0.30215030908584595,1.174867033958435,10.0,2.763198137283325,270.0
650.0,True,False,nan,45.81266784667969,0.36179420351982117,0.8088287115097046,9.0,2.7091619968414307,270.0
650.0,True,False,nan,53.17075729370117,0.4061698913574219,0.8438410758972168,2.0,2.4678404331207275,270.0
650.0,True,False,nan,48.58428955078125,0.3137137293815613,1.4169514179229736,10.0,3.0914595127105713,270.0
650.0,True,False,nan,46.06075668334961,0.3023328483104706,1.3278943300247192,3.0,2.820106029510498,270.0
650.0,True,False,nan,45.95576095581055,0.33931535482406616,1.0175347328186035,10.0,2.928679943084717,270.0
650.0,True,False,nan,55.896942138671875,0.40291067957878113,1.0631929636001587,5.0,2.9897682666778564,270.0
650.0,True,False,nan,47.06913757324219,0.5031081438064575,0.6367735862731934,10.0,3.0171196460723877,270.0
650.0,True,False,nan,51.62110137939453,0.3791983127593994,0.6558043956756592,10.0,2.388079881668091,270.0
650.0,True,False,nan,52.25493240356445,0.5438361763954163,0.6881985664367676,4.0,3.038965940475464,270.0
650.0,True,False,nan,47.30643844604492,0.4748898148536682,0.6838812828063965,7.0,2.577225685119629,270.0
650.0,True,False,nan,48.94152069091797,0.5133456587791443,0.6698638200759888,8.0,3.1281514167785645,270.0
650.0,True,False,nan,50.13551330566406,0.4908534586429596,0.7666522860527039,9.0,2.98002028465271,270.0
650.0,True,False,nan,48.73305130004883,0.46028220653533936,0.9215975403785706,9.0,2.6080210208892822,270.0
650.0,True,False,nan,50.08148193359375,0.5508221983909607,0.7166134715080261,3.0,2.541771650314331,270.0
650.0,True,False,nan,47.53337860107422,0.5285402536392212,0.8998309373855591,9.0,3.1289403438568115,270.0
650.0,True,False,nan,47.02379608154297,0.4831756055355072,1.028977870941162,5.0,2.564091920852661,270.0
650.0,True,False,nan,48.143104553222656,0.5754783749580383,0.6122955679893494,4.0,2.6204934120178223,270.0
650.0,True,False,nan,45.69391632080078,0.5836697220802307,0.746999979019165,3.0,2.850245714187622,270.0
650.0,True,False,nan,46.5457878112793,0.5411296486854553,0.8899874091148376,3.0,2.6984074115753174,270.0
650.0,True,False,nan,48.338829040527344,0.594736635684967,0.7440769672393799,4.0,2.9291651248931885,270.0
650.0,True,False,nan,50.094886779785156,0.5147825479507446,0.7468147277832031,3.0,2.6491951942443848,270.0
650.0,True,False,nan,49.112998962402344,0.6083369851112366,0.5997649431228638,7.0,2.8005497455596924,270.0
650.0,True,False,nan,48.73103713989258,0.5439291596412659,0.6795550584793091,8.0,2.60160493850708,270.0
650.0,True,False,nan,45.632537841796875,0.5521879196166992,0.8102916479110718,10.0,2.8937556743621826,270.0
650.0,True,False,nan,53.1898193359375,0.5580915808677673,0.9273435473442078,10.0,3.0635221004486084,270.0
650.0,True,False,nan,47.2782096862793,0.6614586710929871,0.9423396587371826,3.0,2.804131507873535,270.0
650.0,True,False,nan,47.224945068359375,0.6113223433494568,0.7264668941497803,10.0,2.6806344985961914,270.0
650.0,True,False,nan,50.70948791503906,0.30401089787483215,0.7586097717285156,5.0,2.322723627090454,270.0
650.0,True,False,nan,47.5397834777832,0.3037083148956299,0.7516286969184875,10.0,2.4866745471954346,270.0
650.0,True,False,nan,51.06834411621094,0.2319537103176117,1.2003041505813599,2.0,2.7128000259399414,270.0
650.0,True,False,nan,45.011131286621094,0.2953207492828369,0.9413824677467346,2.0,2.644618511199951,270.0
650.0,True,False,nan,45.243011474609375,0.29585373401641846,0.8881670236587524,6.0,2.58054256439209,270.0
650.0,True,False,nan,45.50407791137695,0.19424879550933838,1.0759150981903076,14.0,2.2365005016326904,270.0
650.0,True,False,nan,49.73112487792969,0.27494099736213684,0.7934561371803284,10.0,2.288998603820801,270.0
650.0,True,False,nan,48.70846176147461,0.2929512858390808,0.8395624756813049,10.0,2.599292516708374,270.0
650.0,True,False,nan,48.079490661621094,0.3014330267906189,0.8955991268157959,2.0,2.6657185554504395,270.0
650.0,True,False,nan,46.230220794677734,0.30487513542175293,1.232010006904602,4.0,2.9745538234710693,270.0
650.0,True,False,nan,47.626155853271484,0.22066013514995575,1.4057939052581787,13.0,2.8293826580047607,270.0
650.0,True,False,nan,45.691078186035156,0.3026714324951172,1.1154298782348633,9.0,2.980529308319092,270.0
650.0,True,False,nan,46.95368957519531,0.21342682838439941,1.3594982624053955,4.0,2.7622296810150146,270.0
650.0,True,False,nan,48.940338134765625,0.3243351876735687,1.2323853969573975,5.0,3.0179381370544434,270.0
650.0,True,False,nan,47.75259780883789,0.16447697579860687,1.7974787950515747,16.0,2.985646963119507,270.0
650.0,True,False,nan,46.8691291809082,0.3111497461795807,1.0436031818389893,2.0,2.7266411781311035,270.0
650.0,True,False,nan,46.832759857177734,0.2310241013765335,1.3959295749664307,12.0,2.9141883850097656,270.0
650.0,True,False,nan,45.08205032348633,0.33453479409217834,1.4355963468551636,6.0,3.0410237312316895,270.0
650.0,True,False,nan,48.296974182128906,0.28444600105285645,1.439460277557373,5.0,2.942161798477173,270.0
650.0,True,False,nan,48.25741958618164,0.3154410719871521,0.9168981909751892,8.0,2.796161413192749,270.0
650.0,True,False,nan,54.54227828979492,0.3937370479106903,0.7991591691970825,3.0,2.474975347518921,270.0
650.0,True,False,nan,48.30707550048828,0.3084561824798584,1.0169399976730347,3.0,2.764404296875,270.0
650.0,True,False,nan,47.757198333740234,0.4234515428543091,1.0115385055541992,4.0,2.9509830474853516,270.0
650.0,True,False,nan,48.12881088256836,0.3110220432281494,0.6521772146224976,8.0,2.3620195388793945,270.0
650.0,True,False,nan,45.923465728759766,0.35976913571357727,0.6342052221298218,6.0,2.588475227355957,270.0
650.0,True,False,nan,55.896751403808594,0.4029102325439453,1.0631970167160034,5.0,2.9897615909576416,270.0
650.0,True,False,nan,45.30736541748047,0.32642942667007446,1.2754958868026733,5.0,2.98124361038208,270.0
650.0,True,False,nan,47.17113494873047,0.25178879499435425,1.241092562675476,7.0,2.770779848098755,270.0
650.0,True,False,nan,48.2877311706543,0.2751518785953522,1.1764849424362183,8.0,2.7610785961151123,270.0
650.0,True,False,nan,51.64812088012695,0.30511897802352905,1.1705405712127686,9.0,2.4930591583251953,270.0
650.0,True,False,nan,45.65361404418945,0.2763199508190155,1.2057428359985352,10.0,2.8549692630767822,270.0
650.0,True,False,nan,47.47499084472656,0.28727415204048157,1.4172695875167847,6.0,2.922668695449829,270.0
650.0,True,False,nan,47.532142639160156,0.323648601770401,1.3875852823257446,4.0,2.8298532962799072,270.0
650.0,True,False,nan,49.39263153076172,0.2434059977531433,1.5423794984817505,13.0,3.1568737030029297,270.0
650.0,True,False,nan,53.1708869934082,0.4061703085899353,0.843843400478363,2.0,2.467839479446411,270.0
650.0,True,False,nan,45.955413818359375,0.33930420875549316,1.017548680305481,10.0,2.9286563396453857,270.0
650.0,True,False,nan,45.86155319213867,0.2661668658256531,1.291703224182129,11.0,2.815042734146118,270.0
650.0,True,False,nan,52.25518035888672,0.5438324213027954,0.6882129907608032,4.0,3.0389530658721924,270.0
650.0,True,False,nan,46.655784606933594,0.3167508840560913,0.7892505526542664,17.0,2.239929437637329,270.0
650.0,True,False,nan,48.58450698852539,0.3137131929397583,1.4169590473175049,10.0,3.091465473175049,270.0
650.0,True,False,nan,47.06969451904297,0.5031045079231262,0.6367722749710083,10.0,3.0171144008636475,270.0
650.0,True,False,nan,46.28609085083008,0.34084248542785645,0.8569703698158264,7.0,2.3232100009918213,270.0
650.0,True,False,nan,48.981666564941406,0.3021499514579773,1.1748615503311157,10.0,2.7631478309631348,270.0
650.0,True,False,nan,48.94174575805664,0.5133460164070129,0.6698610782623291,8.0,3.128156900405884,270.0
650.0,True,False,nan,46.06061935424805,0.3023308515548706,1.3279011249542236,3.0,2.8201053142547607,270.0
650.0,True,False,nan,51.621036529541016,0.37920644879341125,0.6557875871658325,10.0,2.3880906105041504,270.0
650.0,True,False,nan,47.53286361694336,0.5285502076148987,0.8998097777366638,9.0,3.128934860229492,270.0
650.0,True,False,nan,47.30641174316406,0.4748917818069458,0.6838780045509338,7.0,2.5772249698638916,270.0
650.0,True,False,nan,45.81263732910156,0.36179742217063904,0.8088139891624451,9.0,2.7091705799102783,270.0
650.0,True,False,nan,48.33903503417969,0.5947368144989014,0.7440679669380188,4.0,2.9291577339172363,270.0
650.0,True,False,nan,50.13533401489258,0.49084118008613586,0.7666783928871155,9.0,2.9800164699554443,270.0
650.0,True,False,nan,45.694217681884766,0.5836658477783203,0.7470113635063171,3.0,2.8502402305603027,270.0
650.0,True,False,nan,48.73300552368164,0.46031343936920166,0.921471118927002,9.0,2.608034610748291,270.0
650.0,True,False,nan,48.1434326171875,0.5754843354225159,0.612300455570221,4.0,2.620490312576294,270.0
650.0,True,False,nan,49.11310958862305,0.6083391904830933,0.5997611880302429,7.0,2.800551652908325,270.0
650.0,True,False,nan,50.08131790161133,0.5508734583854675,0.716440737247467,3.0,2.541769027709961,270.0
650.0,True,False,nan,47.02374267578125,0.48317137360572815,1.0289760828018188,5.0,2.5640926361083984,270.0
650.0,True,False,nan,46.54611587524414,0.5411266684532166,0.889986515045166,3.0,2.6984002590179443,270.0
650.0,True,False,nan,53.18862533569336,0.5580915808677673,0.9273303747177124,10.0,3.063523530960083,270.0
650.0,True,False,nan,45.632530212402344,0.5521814227104187,0.8103048205375671,10.0,2.8937580585479736,270.0
650.0,True,False,nan,50.09498596191406,0.5147833824157715,0.7468219995498657,3.0,2.6491963863372803,270.0
650.0,True,False,nan,47.278175354003906,0.6614592671394348,0.9423364996910095,3.0,2.8041322231292725,270.0
650.0,True,False,nan,48.73117446899414,0.5439347624778748,0.6795316934585571,8.0,2.601609706878662,270.0
650.0,True,False,nan,47.225128173828125,0.6113171577453613,0.7264752984046936,10.0,2.680630683898926,270.0
700.0,True,False,nan,54.60244369506836,0.12391328066587448,0.7516316175460815,10.0,3.3304131031036377,0.0
700.0,True,False,nan,45.86686706542969,0.1260593682527542,0.7264775037765503,10.0,3.1860690116882324,0.0
700.0,True,False,nan,45.012332916259766,0.13422620296478271,0.599772036075592,7.0,3.118370532989502,0.0
700.0,True,False,nan,45.32279586791992,0.10404998064041138,0.7585960626602173,5.0,3.045234203338623,0.0
700.0,True,False,nan,51.16668701171875,0.11017581820487976,0.9214731454849243,9.0,3.2697229385375977,0.0
700.0,True,False,nan,47.62031173706055,0.08593075722455978,1.1705394983291626,9.0,3.1951866149902344,0.0
700.0,True,False,nan,53.56907272338867,0.11820030957460403,0.8569689989089966,7.0,3.2876651287078857,0.0
700.0,True,False,nan,45.93212127685547,0.12151245772838593,0.7166208028793335,3.0,2.979940414428711,0.0
700.0,True,False,nan,45.60737228393555,0.1242145523428917,0.6838793754577637,7.0,3.0962445735931396,0.0
700.0,True,False,nan,51.918949127197266,0.10672122240066528,1.0289924144744873,5.0,3.1678738594055176,0.0
700.0,True,False,nan,48.12417984008789,0.09088915586471558,1.076123833656311,14.0,3.186635971069336,0.0
700.0,True,False,nan,48.39091873168945,0.13683351874351501,0.6123059391975403,4.0,3.1221415996551514,0.0
700.0,True,False,nan,48.54869842529297,0.13512612879276276,0.6521736979484558,8.0,3.2494616508483887,0.0
700.0,True,False,nan,52.1610107421875,0.12052427232265472,0.7934464812278748,10.0,3.3189404010772705,0.0
700.0,True,False,nan,46.48661804199219,0.09810714423656464,0.8395671844482422,10.0,3.0903217792510986,0.0
700.0,True,False,nan,47.10118103027344,0.12381147593259811,0.634202241897583,6.0,3.0864689350128174,0.0
700.0,True,False,nan,48.4466667175293,0.13329921662807465,0.7468242049217224,3.0,3.1125032901763916,0.0
700.0,True,False,nan,59.07638931274414,0.13300153613090515,0.799156129360199,3.0,3.2573652267456055,0.0
700.0,True,False,nan,48.677223205566406,0.13482621312141418,0.6367713809013367,10.0,3.0618250370025635,0.0
700.0,True,False,nan,48.960941314697266,0.11284328252077103,0.9273380041122437,10.0,3.0222275257110596,0.0
700.0,True,False,nan,46.56220626831055,0.08741684257984161,1.0172092914581299,3.0,2.967564582824707,0.0
700.0,True,False,nan,53.26371383666992,0.11578274518251419,0.9423302412033081,3.0,2.9473345279693604,0.0
700.0,True,False,nan,54.81840515136719,0.15012629330158234,0.6557944416999817,10.0,3.185828924179077,0.0
700.0,True,False,nan,50.738101959228516,0.1057928130030632,0.8998154997825623,9.0,3.015040636062622,0.0
700.0,True,False,nan,47.26792907714844,0.09574320167303085,0.9413755536079407,2.0,2.9374005794525146,0.0
700.0,True,False,nan,52.5008430480957,0.1268182247877121,0.6881819367408752,4.0,3.0601632595062256,0.0
700.0,True,False,nan,58.65983581542969,0.14878791570663452,0.6795539259910583,8.0,3.2161145210266113,0.0
700.0,True,False,nan,57.32617950439453,0.14046920835971832,0.7892582416534424,17.0,3.246065855026245,0.0
700.0,True,False,nan,51.8329963684082,0.10504117608070374,0.8881599307060242,6.0,3.104578971862793,0.0
700.0,True,False,nan,45.856746673583984,0.12737837433815002,0.6698644161224365,8.0,2.986959457397461,0.0
700.0,True,False,nan,55.86841583251953,0.12108900398015976,0.8088406920433044,9.0,3.045836925506592,0.0
700.0,True,False,nan,57.99236297607422,0.12358897924423218,0.8438339233398438,2.0,3.1137490272521973,0.0
700.0,True,False,nan,57.11358642578125,0.1279064118862152,0.7470105886459351,3.0,2.932420015335083,0.0
700.0,True,False,nan,54.64047622680664,0.11539077013731003,0.8899716138839722,3.0,2.8989527225494385,0.0
700.0,True,False,nan,54.33802032470703,0.12933410704135895,0.7440617084503174,4.0,3.016401529312134,0.0
700.0,True,False,nan,51.21778869628906,0.11514753103256226,0.8955909013748169,2.0,2.959622383117676,0.0
700.0,True,False,nan,52.374507904052734,0.12623967230319977,0.8103210926055908,10.0,3.0236856937408447,0.0
700.0,True,False,nan,57.2430534362793,0.10176391899585724,1.043595314025879,2.0,3.0399489402770996,0.0
700.0,True,False,nan,55.776248931884766,0.14437757432460785,0.7666472792625427,9.0,3.160487651824951,0.0
700.0,True,False,nan,53.966163635253906,0.09168542921543121,1.2410826683044434,7.0,3.0276479721069336,0.0
700.0,True,False,nan,48.557987213134766,0.09240226447582245,1.176388144493103,8.0,3.038909912109375,0.0
700.0,True,False,nan,55.340728759765625,0.07694018632173538,1.2003039121627808,2.0,3.0405776500701904,0.0
700.0,True,False,nan,48.02507400512695,0.055290061980485916,1.4172775745391846,6.0,3.027531385421753,0.0
700.0,True,False,nan,48.10905838012695,0.07866131514310837,1.1153945922851562,9.0,3.0717873573303223,0.0
700.0,True,False,nan,49.23830032348633,0.06351689994335175,1.3875854015350342,4.0,2.9209210872650146,0.0
700.0,True,False,nan,57.6671028137207,0.10146152228116989,1.0115385055541992,4.0,3.028576612472534,0.0
700.0,True,False,nan,50.8604736328125,0.05914663150906563,1.3594988584518433,4.0,3.143109083175659,0.0
700.0,True,False,nan,50.32958221435547,0.06494507193565369,1.2323994636535645,5.0,3.0306155681610107,0.0
700.0,True,False,nan,46.74952697753906,0.04189267382025719,1.4356026649475098,6.0,2.8963255882263184,0.0
700.0,True,False,nan,46.811710357666016,0.04500884562730789,1.439458966255188,5.0,3.0125198364257812,0.0
700.0,True,False,nan,45.484275817871094,0.054036740213632584,1.4169658422470093,10.0,3.061762571334839,0.0
700.0,True,False,nan,49.860633850097656,0.07604457437992096,1.3279041051864624,3.0,2.839060068130493,0.0
700.0,True,False,nan,52.763668060302734,0.11278814822435379,0.9168978929519653,8.0,3.1627089977264404,0.0
700.0,True,False,nan,49.09809494018555,0.10656814277172089,1.0175338983535767,10.0,3.048738718032837,0.0
700.0,True,False,nan,55.45991897583008,0.09656009823083878,1.0631872415542603,5.0,3.02065110206604,0.0
700.0,True,False,nan,50.119720458984375,0.07023050636053085,1.2754967212677002,5.0,3.043269157409668,0.0
700.0,True,False,nan,48.495941162109375,0.06207303702831268,1.2320129871368408,4.0,3.002936601638794,0.0
700.0,True,False,nan,47.24235153198242,0.06504592299461365,1.4057847261428833,13.0,3.089604377746582,0.0
700.0,True,False,nan,46.461082458496094,0.09616141766309738,1.205747127532959,10.0,2.9739277362823486,0.0
700.0,True,False,nan,46.99524688720703,0.1076260656118393,1.1748571395874023,10.0,2.9260220527648926,0.0
700.0,True,False,nan,45.81509780883789,0.08474321663379669,1.3959259986877441,12.0,3.134890556335449,0.0
700.0,True,False,nan,49.37187957763672,0.08989767730236053,1.7974815368652344,16.0,3.008188009262085,0.0
700.0,True,False,nan,45.128814697265625,0.28396087884902954,1.5423721075057983,13.0,2.989108085632324,0.0
700.0,True,False,nan,45.61890411376953,0.27825215458869934,1.291712760925293,11.0,2.9168343544006348,0.0
700.0,True,False,nan,45.2308349609375,0.1042495146393776,0.7586070895195007,5.0,3.042658567428589,0.0
700.0,True,False,nan,51.16779708862305,0.11016233265399933,0.9216023087501526,9.0,3.269724130630493,0.0
700.0,True,False,nan,47.60665512084961,0.08591029793024063,1.1705199480056763,9.0,3.1950700283050537,0.0
700.0,True,False,nan,45.606590270996094,0.12421439588069916,0.683888852596283,7.0,3.0962443351745605,0.0
700.0,True,False,nan,48.1241455078125,0.09091086685657501,1.0759130716323853,14.0,3.186635732650757,0.0
700.0,True,False,nan,52.161285400390625,0.12052254378795624,0.7934641242027283,10.0,3.3189406394958496,0.0
700.0,True,False,nan,59.0557746887207,0.13302545249462128,0.7991302609443665,3.0,3.257906675338745,0.0
700.0,True,False,nan,45.01241683959961,0.1342279464006424,0.5997606515884399,7.0,3.118373155593872,0.0
700.0,True,False,nan,53.569297790527344,0.11820077896118164,0.8569686412811279,7.0,3.2876713275909424,0.0
700.0,True,False,nan,45.93202209472656,0.12151391059160233,0.7166080474853516,3.0,2.9799396991729736,0.0
700.0,True,False,nan,51.91928482055664,0.10672125220298767,1.0289828777313232,5.0,3.167880058288574,0.0
700.0,True,False,nan,48.39091110229492,0.13683348894119263,0.6123033165931702,4.0,3.122138500213623,0.0
700.0,True,False,nan,46.4865608215332,0.09810823947191238,0.8395559191703796,10.0,3.0903232097625732,0.0
700.0,True,False,nan,48.679901123046875,0.13482391834259033,0.6367703080177307,10.0,3.061798572540283,0.0
700.0,True,False,nan,47.26780319213867,0.09574198722839355,0.9413860440254211,2.0,2.9374046325683594,0.0
700.0,True,False,nan,52.5011100769043,0.12681473791599274,0.6882032155990601,4.0,3.0601701736450195,0.0
700.0,True,False,nan,51.83311080932617,0.1050412505865097,0.8881576061248779,6.0,3.104576826095581,0.0
700.0,True,False,nan,57.9928092956543,0.12358759343624115,0.8438413739204407,2.0,3.113743305206299,0.0
700.0,True,False,nan,54.33808898925781,0.1293354332447052,0.7440493702888489,4.0,3.0164260864257812,0.0
700.0,True,False,nan,46.549564361572266,0.08742844313383102,1.0171751976013184,3.0,2.967806577682495,0.0
700.0,True,False,nan,45.85744094848633,0.1273793876171112,0.6698633432388306,8.0,2.9869558811187744,0.0
700.0,True,False,nan,57.11374282836914,0.12790709733963013,0.7470005750656128,3.0,2.9324231147766113,0.0
700.0,True,False,nan,51.217594146728516,0.11514705419540405,0.8955947756767273,2.0,2.959620952606201,0.0
700.0,True,False,nan,57.24262237548828,0.10176660120487213,1.0435792207717896,2.0,3.0399551391601562,0.0
700.0,True,False,nan,55.34077072143555,0.07694020867347717,1.2003074884414673,2.0,3.040578842163086,0.0
700.0,True,False,nan,57.666988372802734,0.1014607846736908,1.0115431547164917,4.0,3.0285720825195312,0.0
700.0,True,False,nan,55.45994186401367,0.09656025469303131,1.0631802082061768,5.0,3.020672082901001,0.0
700.0,True,False,nan,50.32944869995117,0.06494640558958054,1.2324002981185913,5.0,3.030627489089966,0.0
700.0,True,False,nan,48.49800491333008,0.062066078186035156,1.232007622718811,4.0,3.0030159950256348,0.0
700.0,True,False,nan,48.54894256591797,0.13512571156024933,0.6521767377853394,8.0,3.249466896057129,0.0
700.0,True,False,nan,47.10127258300781,0.12381134927272797,0.6342039704322815,5.0,3.0864691734313965,0.0
700.0,True,False,nan,48.44663619995117,0.13329917192459106,0.7468235492706299,3.0,3.1125028133392334,0.0
700.0,True,False,nan,54.6025276184082,0.1239132285118103,0.7516299486160278,11.0,3.3304245471954346,0.0
700.0,True,False,nan,54.81875228881836,0.15012507140636444,0.6558011770248413,10.0,3.1858325004577637,0.0
700.0,True,False,nan,57.32682418823242,0.14046983420848846,0.789244532585144,17.0,3.246073007583618,0.0
700.0,True,False,nan,55.868568420410156,0.12109106034040451,0.8088291883468628,9.0,3.045837640762329,0.0
700.0,True,False,nan,54.6405143737793,0.11539032310247421,0.8899751305580139,3.0,2.8989529609680176,0.0
700.0,True,False,nan,53.26360321044922,0.11578186601400375,0.9423302412033081,4.0,2.9473352432250977,0.0
700.0,True,False,nan,58.660240173339844,0.148788183927536,0.6795523762702942,8.0,3.216113805770874,0.0
700.0,True,False,nan,50.860328674316406,0.05914650857448578,1.3595010042190552,4.0,3.1431057453155518,0.0
700.0,True,False,nan,53.96680450439453,0.09168241918087006,1.241100549697876,7.0,3.0276424884796143,0.0
700.0,True,False,nan,52.70072937011719,0.11230739206075668,0.9203031659126282,8.0,3.1630544662475586,0.0
700.0,True,False,nan,48.109127044677734,0.07866086065769196,1.1153980493545532,9.0,3.0717897415161133,0.0
700.0,True,False,nan,45.866878509521484,0.12605950236320496,0.726474404335022,10.0,3.186068296432495,0.0
700.0,True,False,nan,55.775413513183594,0.14437219500541687,0.7666799426078796,9.0,3.16047739982605,0.0
700.0,True,False,nan,48.46159362792969,0.09212791174650192,1.177809715270996,8.0,3.031215190887451,0.0
700.0,True,False,nan,47.24283981323242,0.06504044681787491,1.405815601348877,13.0,3.089613437652588,0.0
700.0,True,False,nan,45.815128326416016,0.08474390208721161,1.3959202766418457,12.0,3.1348652839660645,0.0
700.0,True,False,nan,46.749122619628906,0.04189290478825569,1.4356025457382202,6.0,2.89631986618042,0.0
700.0,True,False,nan,50.73790740966797,0.10579147934913635,0.8998159170150757,9.0,3.01505184173584,0.0
700.0,True,False,nan,49.09748840332031,0.10656929761171341,1.0175318717956543,10.0,3.0487308502197266,0.0
700.0,True,False,nan,52.3746223449707,0.12623776495456696,0.8103405237197876,10.0,3.023676633834839,0.0
700.0,True,False,nan,46.46079635620117,0.09616228938102722,1.205745816230774,10.0,2.9739370346069336,0.0
700.0,True,False,nan,46.81167984008789,0.045008402317762375,1.439461350440979,5.0,3.012518882751465,0.0
700.0,True,False,nan,48.959228515625,0.11283792555332184,0.9273433089256287,10.0,3.0223469734191895,0.0
700.0,True,False,nan,50.120384216308594,0.07022974640130997,1.2754877805709839,5.0,3.04327130317688,0.0
700.0,True,False,nan,45.4844856262207,0.05403759703040123,1.416959285736084,10.0,3.0617589950561523,0.0
700.0,True,False,nan,49.37173080444336,0.08989901840686798,1.7974780797958374,18.0,3.008187770843506,0.0
700.0,True,False,nan,47.005306243896484,0.10760857164859772,1.1748652458190918,10.0,2.9260613918304443,0.0
700.0,True,False,nan,48.02518081665039,0.05529005825519562,1.4172722101211548,10.0,3.027527332305908,0.0
700.0,True,False,nan,45.12912368774414,0.28395864367485046,1.5423743724822998,13.0,2.989109516143799,0.0
700.0,True,False,nan,49.238258361816406,0.06351669132709503,1.3875856399536133,4.0,2.9209070205688477,0.0
700.0,True,False,nan,49.861019134521484,0.07604431360960007,1.3279017210006714,3.0,2.839064598083496,0.0
700.0,True,False,nan,44.96527862548828,0.268062561750412,1.2917075157165527,11.0,2.9168286323547363,0.0
700.0,True,False,nan,48.11349105834961,0.20156307518482208,1.7974876165390015,16.0,3.3641886711120605,90.0
700.0,True,False,nan,46.909671783447266,0.3349974751472473,0.6367754936218262,10.0,2.995149612426758,90.0
700.0,True,False,nan,47.3149528503418,0.33170557022094727,0.7666641473770142,9.0,2.9793331623077393,90.0
700.0,True,False,nan,46.22810745239258,0.26179033517837524,0.7586112022399902,5.0,2.726032018661499,90.0
700.0,True,False,nan,45.20956802368164,0.2765234410762787,1.291713833808899,11.0,3.1188032627105713,90.0
700.0,True,False,nan,45.330562591552734,0.2946208715438843,1.1764757633209229,8.0,3.1175849437713623,90.0
700.0,True,False,nan,48.4279899597168,0.25921013951301575,1.4057989120483398,13.0,3.3268744945526123,90.0
700.0,True,False,nan,48.88824462890625,0.2514130771160126,1.3959029912948608,12.0,3.331475257873535,90.0
700.0,True,False,nan,47.08613967895508,0.28242895007133484,1.2057480812072754,10.0,3.1706526279449463,90.0
700.0,True,False,nan,47.95993423461914,0.2734377980232239,1.1153969764709473,9.0,3.309537410736084,90.0
700.0,True,False,nan,47.30938720703125,0.23946210741996765,1.5423768758773804,13.0,3.3905320167541504,90.0
700.0,True,False,nan,46.512779235839844,0.23764047026634216,1.359507441520691,4.0,3.2570061683654785,90.0
700.0,True,False,nan,45.53416061401367,0.23725098371505737,1.0761332511901855,14.0,2.6972994804382324,90.0
700.0,True,False,nan,48.630455017089844,0.33947259187698364,0.6698695421218872,8.0,3.022779703140259,90.0
700.0,True,False,nan,49.37950134277344,0.29993772506713867,0.9193160533905029,8.0,3.150761365890503,90.0
700.0,True,False,nan,48.03449249267578,0.3044077754020691,1.0175414085388184,10.0,3.028438091278076,90.0
700.0,True,False,nan,45.42866134643555,0.22312137484550476,1.2320207357406616,4.0,3.328798294067383,90.0
700.0,True,False,nan,47.933937072753906,0.30483442544937134,0.7991474866867065,3.0,2.773347854614258,90.0
700.0,True,False,nan,45.791831970214844,0.3757469654083252,0.7264662384986877,10.0,2.673299551010132,90.0
700.0,True,False,nan,48.036354064941406,0.3609466850757599,0.9273335933685303,10.0,2.9323110580444336,90.0
700.0,True,False,nan,48.178619384765625,0.2886674404144287,1.04358971118927,2.0,3.1381072998046875,90.0
700.0,True,False,nan,50.477535247802734,0.3129447400569916,1.0172183513641357,3.0,3.1607065200805664,90.0
700.0,True,False,nan,46.58944320678711,0.39508670568466187,0.5997627377510071,7.0,2.7535150051116943,90.0
700.0,True,False,nan,49.987754821777344,0.3146257996559143,1.241089105606079,7.0,3.1570489406585693,90.0
700.0,True,False,nan,46.93709945678711,0.28952425718307495,0.9214473962783813,9.0,2.606705904006958,90.0
700.0,True,False,nan,48.73636245727539,0.22354470193386078,1.1705266237258911,9.0,2.615842819213867,90.0
700.0,True,False,nan,45.52418518066406,0.30961740016937256,0.8569640517234802,7.0,2.5036685466766357,90.0
700.0,True,False,nan,49.1435546875,0.3853248059749603,0.6558001041412354,10.0,2.675213098526001,90.0
700.0,True,False,nan,49.223873138427734,0.3515380918979645,0.8998222351074219,9.0,3.040412664413452,90.0
700.0,True,False,nan,48.68606185913086,0.24250873923301697,1.2003072500228882,2.0,3.295660972595215,90.0
700.0,True,False,nan,48.643009185791016,0.27132266759872437,1.4172585010528564,6.0,3.241793632507324,90.0
700.0,True,False,nan,48.29945755004883,0.289074182510376,0.941378116607666,2.0,3.0928730964660645,90.0
700.0,True,False,nan,48.699649810791016,0.3368788957595825,0.6882032752037048,4.0,3.0502147674560547,90.0
700.0,True,False,nan,48.11273956298828,0.3807118833065033,0.679556667804718,8.0,2.6678149700164795,90.0
700.0,True,False,nan,49.38903045654297,0.3524562120437622,0.789243757724762,17.0,2.656782865524292,90.0
700.0,True,False,nan,49.18852233886719,0.291442334651947,1.0115424394607544,4.0,3.14850115776062,90.0
700.0,True,False,nan,48.633888244628906,0.28858399391174316,0.8881637454032898,6.0,2.968319892883301,90.0
700.0,True,False,nan,49.26514434814453,0.354331374168396,0.6838892102241516,7.0,2.7012226581573486,90.0
700.0,True,False,nan,49.71171188354492,0.33160680532455444,1.1748483180999756,10.0,3.0730140209198,90.0
700.0,True,False,nan,50.65875244140625,0.26552608609199524,1.2323949337005615,5.0,3.3210017681121826,90.0
700.0,True,False,nan,48.384151458740234,0.3773546814918518,0.8152983784675598,5.0,2.9849653244018555,90.0
700.0,True,False,nan,45.47038650512695,0.37889984250068665,0.6123039722442627,4.0,2.686985969543457,90.0
700.0,True,False,nan,46.1280632019043,0.21263261139392853,1.4356037378311157,6.0,3.4018924236297607,90.0
700.0,True,False,nan,48.208980560302734,0.37498709559440613,0.6522050499916077,8.0,2.6656405925750732,90.0
700.0,True,False,nan,48.395904541015625,0.2660538852214813,0.8615906238555908,2.0,2.697392702102661,90.0
700.0,True,False,nan,47.13470458984375,0.3141639828681946,0.793445885181427,10.0,2.5582284927368164,90.0
700.0,True,False,nan,49.6475830078125,0.24693557620048523,1.4394570589065552,5.0,3.332672595977783,90.0
700.0,True,False,nan,46.592044830322266,0.36110883951187134,0.7470006346702576,3.0,2.9395713806152344,90.0
700.0,True,False,nan,46.477142333984375,0.2864252030849457,0.8395674228668213,10.0,2.6954965591430664,90.0
700.0,True,False,nan,49.654151916503906,0.2778416872024536,1.4169596433639526,10.0,3.29494047164917,90.0
700.0,True,False,nan,46.93872833251953,0.37035420536994934,0.634204626083374,6.0,2.757829189300537,90.0
700.0,True,False,nan,46.19709014892578,0.34146836400032043,0.7440618872642517,4.0,2.923123598098755,90.0
700.0,True,False,nan,46.784854888916016,0.28816908597946167,1.0631792545318604,5.0,3.209595203399658,90.0
700.0,True,False,nan,45.46927261352539,0.2876625061035156,0.8955965638160706,2.0,2.8868534564971924,90.0
700.0,True,False,nan,49.126426696777344,0.3813030421733856,0.8102934956550598,10.0,2.882645845413208,90.0
700.0,True,False,nan,49.41563034057617,0.28749892115592957,1.2754899263381958,5.0,3.2332589626312256,90.0
700.0,True,False,nan,48.91922378540039,0.34189924597740173,0.7516300082206726,10.0,2.5938327312469482,90.0
700.0,True,False,nan,48.509029388427734,0.3708038926124573,0.7166152000427246,3.0,2.7521555423736572,90.0
700.0,True,False,nan,45.52674102783203,0.3265360891819,0.942319393157959,3.0,2.922776699066162,90.0
700.0,True,False,nan,48.96886444091797,0.26775458455085754,1.3875939846038818,4.0,3.2895212173461914,90.0
700.0,True,False,nan,46.735313415527344,0.34175246953964233,0.889980673789978,3.0,2.9544081687927246,90.0
700.0,True,False,nan,47.186065673828125,0.26601076126098633,1.327906608581543,3.0,3.2294464111328125,90.0
700.0,True,False,nan,46.590126037597656,0.36288824677467346,0.7468745708465576,3.0,2.584125518798828,90.0
700.0,True,False,nan,47.09318542480469,0.29546618461608887,1.0289735794067383,5.0,2.5500423908233643,90.0
700.0,True,False,nan,48.88813400268555,0.2514100968837738,1.3959236145019531,12.0,3.331482172012329,90.0
700.0,True,False,nan,48.11366653442383,0.20156165957450867,1.7974945306777954,16.0,3.3642098903656006,90.0
700.0,True,False,nan,46.909603118896484,0.33499860763549805,0.6367618441581726,10.0,2.995148181915283,90.0
700.0,True,False,nan,47.086063385009766,0.2824292778968811,1.2057390213012695,10.0,3.1706457138061523,90.0
700.0,True,False,nan,47.9597053527832,0.2734295725822449,1.1154391765594482,9.0,3.3095500469207764,90.0
700.0,True,False,nan,47.3094367980957,0.23946455121040344,1.542375922203064,13.0,3.3905420303344727,90.0
700.0,True,False,nan,48.630409240722656,0.3394738435745239,0.6698635816574097,8.0,3.0227909088134766,90.0
700.0,True,False,nan,49.37711715698242,0.30047154426574707,0.9169014096260071,8.0,3.1496007442474365,90.0
700.0,True,False,nan,48.03434753417969,0.30440670251846313,1.0175392627716064,10.0,3.0284340381622314,90.0
700.0,True,False,nan,45.42847442626953,0.22311897575855255,1.2320219278335571,4.0,3.3287956714630127,90.0
700.0,True,False,nan,47.31481170654297,0.331706166267395,0.7666525840759277,9.0,2.979326009750366,90.0
700.0,True,False,nan,50.47715759277344,0.31299838423728943,1.0169599056243896,3.0,3.160719156265259,90.0
700.0,True,False,nan,46.22810745239258,0.26179081201553345,0.7586092352867126,5.0,2.7260258197784424,90.0
700.0,True,False,nan,48.664676666259766,0.25909361243247986,1.4037693738937378,13.0,3.321937322616577,90.0
700.0,True,False,nan,48.178565979003906,0.28866758942604065,1.0435861349105835,2.0,3.138108730316162,90.0
700.0,True,False,nan,49.22364044189453,0.35153520107269287,0.8998199701309204,9.0,3.040408134460449,90.0
700.0,True,False,nan,48.68602752685547,0.24250948429107666,1.2003052234649658,2.0,3.2956702709198,90.0
700.0,True,False,nan,48.299522399902344,0.2890714406967163,0.9413902759552002,2.0,3.0928728580474854,90.0
700.0,True,False,nan,49.18883514404297,0.2914447486400604,1.0115426778793335,4.0,3.1485116481781006,90.0
700.0,True,False,nan,45.53399658203125,0.2372511923313141,1.0761269330978394,14.0,2.6973018646240234,90.0
700.0,True,False,nan,50.6586799621582,0.2655254006385803,1.232394814491272,5.0,3.3209965229034424,90.0
700.0,True,False,nan,49.64760971069336,0.24693776667118073,1.4394558668136597,5.0,3.332672119140625,90.0
700.0,True,False,nan,48.71623611450195,0.22367669641971588,1.1705448627471924,9.0,2.616135835647583,90.0
700.0,True,False,nan,48.699649810791016,0.33688002824783325,0.688204288482666,4.0,3.050219774246216,90.0
700.0,True,False,nan,46.784908294677734,0.2881660759449005,1.063196063041687,5.0,3.209585428237915,90.0
700.0,True,False,nan,47.93411636352539,0.3049412965774536,0.7991193532943726,3.0,2.7732813358306885,90.0
700.0,True,False,nan,48.03612518310547,0.3609430193901062,0.9273381233215332,10.0,2.9323201179504395,90.0
700.0,True,False,nan,49.14359664916992,0.3853256404399872,0.6557948589324951,10.0,2.6752138137817383,90.0
700.0,True,False,nan,49.389068603515625,0.3524559736251831,0.7892481088638306,17.0,2.6567890644073486,90.0
700.0,True,False,nan,49.26514434814453,0.35433217883110046,0.6838836073875427,7.0,2.7012200355529785,90.0
700.0,True,False,nan,48.09470748901367,0.37431567907333374,0.8088433146476746,9.0,2.9682676792144775,90.0
700.0,True,False,nan,48.210166931152344,0.3749893605709076,0.6521767973899841,8.0,2.665677785873413,90.0
700.0,True,False,nan,48.342926025390625,0.27443787455558777,0.8438425660133362,2.0,2.6991019248962402,90.0
700.0,True,False,nan,47.13462448120117,0.3141602575778961,0.7934616804122925,10.0,2.5582258701324463,90.0
700.0,True,False,nan,46.59188461303711,0.36110711097717285,0.7470059394836426,3.0,2.9395716190338135,90.0
700.0,True,False,nan,46.197025299072266,0.34146395325660706,0.7440752387046814,4.0,2.9231276512145996,90.0
700.0,True,False,nan,49.1264762878418,0.381300687789917,0.8103004693984985,10.0,2.8826467990875244,90.0
700.0,True,False,nan,48.91912078857422,0.3419005870819092,0.7516271471977234,10.0,2.5938332080841064,90.0
700.0,True,False,nan,45.79178237915039,0.3757476806640625,0.7264679074287415,10.0,2.6732964515686035,90.0
700.0,True,False,nan,46.93711471557617,0.28948545455932617,0.9215981960296631,9.0,2.6066837310791016,90.0
700.0,True,False,nan,45.52401351928711,0.30961769819259644,0.8569648861885071,7.0,2.503664016723633,90.0
700.0,True,False,nan,45.52671432495117,0.3265262544155121,0.9423518180847168,3.0,2.922778844833374,90.0
700.0,True,False,nan,48.1127815246582,0.38071227073669434,0.6795505285263062,8.0,2.667816400527954,90.0
700.0,True,False,nan,48.63386917114258,0.288585901260376,0.8881583213806152,6.0,2.9683165550231934,90.0
700.0,True,False,nan,45.470272064208984,0.3788995146751404,0.6123021245002747,4.0,2.6869823932647705,90.0
700.0,True,False,nan,46.477134704589844,0.2864256799221039,0.8395600914955139,10.0,2.695490837097168,90.0
700.0,True,False,nan,47.18617630004883,0.26601290702819824,1.3278982639312744,3.0,3.2294459342956543,90.0
700.0,True,False,nan,46.93871307373047,0.3703528344631195,0.63420569896698,6.0,2.7578299045562744,90.0
700.0,True,False,nan,46.58953094482422,0.39508572220802307,0.5997704863548279,7.0,2.753511905670166,90.0
700.0,True,False,nan,46.51301193237305,0.2376442700624466,1.359490990638733,4.0,3.2570011615753174,90.0
700.0,True,False,nan,45.469329833984375,0.2876628041267395,0.8955967426300049,2.0,2.886854410171509,90.0
700.0,True,False,nan,46.59020233154297,0.3629060983657837,0.7468201518058777,3.0,2.5841197967529297,90.0
700.0,True,False,nan,49.98775863647461,0.3146250247955322,1.2410879135131836,7.0,3.1570448875427246,90.0
700.0,True,False,nan,45.33074188232422,0.2946200966835022,1.176471471786499,8.0,3.11757755279541,90.0
700.0,True,False,nan,48.50895309448242,0.3708020746707916,0.7166190147399902,3.0,2.7521438598632812,90.0
700.0,True,False,nan,45.209598541259766,0.2765240967273712,1.2917141914367676,11.0,3.118795394897461,90.0
700.0,True,False,nan,48.643062591552734,0.271321564912796,1.4172675609588623,6.0,3.2417914867401123,90.0
700.0,True,False,nan,47.093196868896484,0.2954641878604889,1.0289812088012695,5.0,2.550044536590576,90.0
700.0,True,False,nan,49.711769104003906,0.33160316944122314,1.174862265586853,10.0,3.073021650314331,90.0
700.0,True,False,nan,49.653907775878906,0.2778373062610626,1.4169480800628662,10.0,3.2949330806732178,90.0
700.0,True,False,nan,46.73540115356445,0.3417515158653259,0.8899849057197571,3.0,2.9544074535369873,90.0
700.0,True,False,nan,49.415618896484375,0.28750014305114746,1.2754876613616943,5.0,3.2332570552825928,90.0
700.0,True,False,nan,46.128013610839844,0.21263203024864197,1.4356037378311157,6.0,3.4018940925598145,90.0
700.0,True,False,nan,48.968936920166016,0.26775678992271423,1.3875846862792969,4.0,3.289522409439087,90.0
700.0,True,False,nan,50.708194732666016,0.2711057662963867,1.7974902391433716,16.0,3.7209792137145996,180.0
700.0,True,False,nan,45.643043518066406,0.32458260655403137,1.291719913482666,11.0,3.272690773010254,180.0
700.0,True,False,nan,46.0922966003418,0.35398221015930176,1.1763794422149658,8.0,3.3911473751068115,180.0
700.0,True,False,nan,49.130863189697266,0.3297748565673828,1.4037665128707886,13.0,3.626157283782959,180.0
700.0,True,False,nan,50.74897766113281,0.31406524777412415,1.395933985710144,12.0,3.6632673740386963,180.0
700.0,True,False,nan,45.93714141845703,0.3251137137413025,1.205743432044983,10.0,3.4325828552246094,180.0
700.0,True,False,nan,46.769569396972656,0.27219948172569275,1.5423702001571655,13.0,3.6672203540802,180.0
700.0,True,False,nan,46.10987091064453,0.33778300881385803,1.3595004081726074,4.0,3.540945529937744,180.0
700.0,True,False,nan,47.913818359375,0.3601457178592682,0.9173007011413574,8.0,3.799021005630493,180.0
700.0,True,False,nan,45.04005432128906,0.3676382899284363,0.7666618227958679,9.0,3.6933186054229736,180.0
700.0,True,False,nan,46.42118835449219,0.4030565321445465,1.0169380903244019,3.0,3.5744922161102295,180.0
700.0,True,False,nan,52.028690338134766,0.39527857303619385,1.2410883903503418,7.0,3.3789222240448,180.0
700.0,True,False,nan,47.03754806518555,0.40042510628700256,0.6557986736297607,10.0,3.2798404693603516,180.0
700.0,True,False,nan,45.70520782470703,0.3673061728477478,1.2002977132797241,2.0,3.650467872619629,180.0
700.0,True,False,nan,51.25956344604492,0.3943946361541748,1.1154340505599976,9.0,3.823448896408081,180.0
700.0,True,False,nan,50.303001403808594,0.38941240310668945,1.1748634576797485,10.0,3.246640682220459,180.0
700.0,True,False,nan,47.330867767333984,0.39521485567092896,0.6521796584129333,8.0,3.311432123184204,180.0
700.0,True,False,nan,51.56492233276367,0.39173606038093567,1.017533540725708,10.0,3.5087385177612305,180.0
700.0,True,False,nan,47.77715301513672,0.4314223825931549,0.6367675065994263,10.0,3.9824109077453613,180.0
700.0,True,False,nan,52.11332702636719,0.4084067642688751,0.7585951089859009,5.0,3.8983676433563232,180.0
700.0,True,False,nan,45.61552810668945,0.40046748518943787,1.4172773361206055,6.0,3.512789011001587,180.0
700.0,True,False,nan,50.137290954589844,0.4421497881412506,0.9413954019546509,2.0,3.642167329788208,180.0
700.0,True,False,nan,50.969390869140625,0.3902784287929535,0.78925621509552,17.0,3.263014554977417,180.0
700.0,True,False,nan,50.408023834228516,0.44000375270843506,0.8881536722183228,6.0,3.608518600463867,180.0
700.0,True,False,nan,49.21523666381836,0.2809986174106598,1.0761224031448364,14.0,3.599794864654541,180.0
700.0,True,False,nan,45.41075134277344,0.4094559848308563,1.232388973236084,5.0,3.7652394771575928,180.0
700.0,True,False,nan,50.92899703979492,0.4627023935317993,0.6698722243309021,8.0,3.9405908584594727,180.0
700.0,True,False,nan,51.21525192260742,0.48624303936958313,0.8088314533233643,9.0,3.411811113357544,180.0
700.0,True,False,nan,47.01496887207031,0.3886018693447113,0.7934591174125671,10.0,3.52335786819458,180.0
700.0,True,False,nan,45.427242279052734,0.3892269432544708,1.4394581317901611,5.0,3.562706470489502,180.0
700.0,True,False,nan,48.47040939331055,0.42701849341392517,0.8395675420761108,10.0,3.5147998332977295,180.0
700.0,True,False,nan,47.45107650756836,0.3979940712451935,1.416963815689087,10.0,3.6511497497558594,180.0
700.0,True,False,nan,48.552024841308594,0.48628246784210205,0.6342046856880188,6.0,3.5254476070404053,180.0
700.0,True,False,nan,45.0035285949707,0.4661872386932373,0.810285747051239,10.0,3.3298866748809814,180.0
700.0,True,False,nan,50.015586853027344,0.4168471097946167,1.232015609741211,4.0,3.810333490371704,180.0
700.0,True,False,nan,46.74076843261719,0.4568636417388916,0.7516312599182129,10.0,3.447549819946289,180.0
700.0,True,False,nan,48.95185470581055,0.5075023770332336,0.9273501634597778,10.0,3.3387069702148438,180.0
700.0,True,False,nan,48.46021270751953,0.48367300629615784,1.0435972213745117,2.0,3.5856852531433105,180.0
700.0,True,False,nan,46.5783576965332,0.5117799043655396,0.8998135328292847,9.0,3.602668046951294,180.0
700.0,True,False,nan,46.273277282714844,0.4633879065513611,0.6882386803627014,4.0,4.027522563934326,180.0
700.0,True,False,nan,49.36893081665039,0.48692449927330017,0.6795551180839539,8.0,3.509678363800049,180.0
700.0,True,False,nan,46.40374755859375,0.482563316822052,1.0115357637405396,4.0,3.7267160415649414,180.0
700.0,True,False,nan,46.514827728271484,0.4253136217594147,0.8438502550125122,2.0,3.8760032653808594,180.0
700.0,True,False,nan,49.83781051635742,0.486377090215683,0.8956010937690735,2.0,3.5374152660369873,180.0
700.0,True,False,nan,49.60902404785156,0.4696250259876251,1.2754886150360107,5.0,3.672025203704834,180.0
700.0,True,False,nan,46.429840087890625,0.45532315969467163,0.7991183996200562,3.0,4.157863616943359,180.0
700.0,True,False,nan,46.60115432739258,0.5101302266120911,0.7264659404754639,10.0,3.4697201251983643,180.0
700.0,True,False,nan,47.201805114746094,0.5718826055526733,0.5997664332389832,7.0,3.719257354736328,180.0
700.0,True,False,nan,45.43343734741211,0.2994512915611267,1.1705446243286133,9.0,4.088786602020264,180.0
700.0,True,False,nan,48.68149185180664,0.521454393863678,0.6838907599449158,7.0,3.939028739929199,180.0
700.0,True,False,nan,48.014442443847656,0.47670504450798035,1.4356052875518799,6.0,3.8186910152435303,180.0
700.0,True,False,nan,45.21887969970703,0.5227811932563782,1.0631769895553589,5.0,3.7591419219970703,180.0
700.0,True,False,nan,45.22608947753906,0.48890581727027893,0.8569690585136414,7.0,3.5934183597564697,180.0
700.0,True,False,nan,47.33707809448242,0.6364567875862122,0.7470299005508423,3.0,3.665698528289795,180.0
700.0,True,False,nan,49.18756103515625,0.5332996249198914,1.3278836011886597,3.0,3.4549179077148438,180.0
700.0,True,False,nan,46.18985366821289,0.5136101841926575,0.9216030836105347,9.0,3.796654462814331,180.0
700.0,True,False,nan,46.1295166015625,0.5858450531959534,1.3875864744186401,4.0,3.594646692276001,180.0
700.0,True,False,nan,45.94001388549805,0.6753731966018677,0.6123050451278687,4.0,3.7226080894470215,180.0
700.0,True,False,nan,47.538726806640625,0.6802277565002441,0.7440588474273682,4.0,3.8146920204162598,180.0
700.0,True,False,nan,47.80904006958008,0.7130869030952454,0.716614842414856,3.0,3.6650867462158203,180.0
700.0,True,False,nan,46.81235122680664,0.7378661036491394,0.8899844884872437,3.0,3.514812707901001,180.0
700.0,True,False,nan,45.27845001220703,0.7062882781028748,0.7468214631080627,3.0,3.5258729457855225,180.0
700.0,True,False,nan,46.18633270263672,0.9893863797187805,0.9423307180404663,3.0,3.4211575984954834,180.0
700.0,True,False,nan,45.93446731567383,1.086344838142395,1.0289685726165771,5.0,3.337214231491089,180.0
700.0,True,False,nan,50.70808410644531,0.2711068093776703,1.7974780797958374,16.0,3.7209787368774414,180.0
700.0,True,False,nan,49.18338394165039,0.3290020823478699,1.405786395072937,13.0,3.631518602371216,180.0
700.0,True,False,nan,50.74885940551758,0.3140653967857361,1.3959366083145142,12.0,3.6632683277130127,180.0
700.0,True,False,nan,48.044761657714844,0.36126908659935,0.9169012308120728,8.0,3.793424367904663,180.0
700.0,True,False,nan,45.93708038330078,0.325112909078598,1.205746054649353,10.0,3.4325778484344482,180.0
700.0,True,False,nan,46.76972579956055,0.2722029685974121,1.5423485040664673,13.0,3.6672117710113525,180.0
700.0,True,False,nan,46.109981536865234,0.3377794027328491,1.3594996929168701,4.0,3.540937662124634,180.0
700.0,True,False,nan,45.64297866821289,0.32458576560020447,1.2917120456695557,11.0,3.2726917266845703,180.0
700.0,True,False,nan,46.1033935546875,0.3539252281188965,1.1764800548553467,8.0,3.3905699253082275,180.0
700.0,True,False,nan,51.25975036621094,0.3943917453289032,1.1154464483261108,9.0,3.823436737060547,180.0
700.0,True,False,nan,52.028438568115234,0.3952804207801819,1.241086721420288,7.0,3.3789429664611816,180.0
700.0,True,False,nan,45.705162048339844,0.36730366945266724,1.200304388999939,2.0,3.650466203689575,180.0
700.0,True,False,nan,51.56494903564453,0.3917357921600342,1.01753568649292,10.0,3.5087432861328125,180.0
700.0,True,False,nan,45.04035568237305,0.36763477325439453,0.7666811943054199,9.0,3.693303346633911,180.0
700.0,True,False,nan,46.42119216918945,0.40305623412132263,1.0169283151626587,3.0,3.57448673248291,180.0
700.0,True,False,nan,52.37116241455078,0.40825480222702026,0.758612871170044,5.0,3.893613338470459,180.0
700.0,True,False,nan,50.137245178222656,0.4421478509902954,0.9413999319076538,2.0,3.642167091369629,180.0
700.0,True,False,nan,50.40800476074219,0.4400024712085724,0.8881569504737854,6.0,3.608520746231079,180.0
700.0,True,False,nan,50.302974700927734,0.38941577076911926,1.174851894378662,10.0,3.246645212173462,180.0
700.0,True,False,nan,49.21574020385742,0.2809985280036926,1.076124906539917,14.0,3.599782705307007,180.0
700.0,True,False,nan,50.92900848388672,0.4627044200897217,0.6698605418205261,8.0,3.940587282180786,180.0
700.0,True,False,nan,45.97522735595703,0.43727248907089233,0.8152876496315002,5.0,3.4098405838012695,180.0
700.0,True,False,nan,48.470367431640625,0.42701882123947144,0.839562177658081,10.0,3.5147969722747803,180.0
700.0,True,False,nan,50.015846252441406,0.4168481230735779,1.2320210933685303,4.0,3.810325860977173,180.0
700.0,True,False,nan,47.777400970458984,0.4314219653606415,0.6367694735527039,10.0,3.9824187755584717,180.0
700.0,True,False,nan,47.015377044677734,0.3886060118675232,0.7934464812278748,10.0,3.5233638286590576,180.0
700.0,True,False,nan,48.55196762084961,0.4862818419933319,0.6342067718505859,6.0,3.525448799133301,180.0
700.0,True,False,nan,46.7408332824707,0.45686307549476624,0.7516357898712158,10.0,3.4475533962249756,180.0
700.0,True,False,nan,45.41077423095703,0.409455806016922,1.2323895692825317,5.0,3.765241861343384,180.0
700.0,True,False,nan,45.42748260498047,0.38922733068466187,1.4394580125808716,5.0,3.562695026397705,180.0
700.0,True,False,nan,47.45125198364258,0.3979942202568054,1.4169600009918213,10.0,3.651130437850952,180.0
700.0,True,False,nan,49.83782958984375,0.486381471157074,0.8955844044685364,2.0,3.53741455078125,180.0
700.0,True,False,nan,48.45998764038086,0.4836709797382355,1.043602466583252,2.0,3.5856943130493164,180.0
700.0,True,False,nan,45.6156120300293,0.4004712998867035,1.4172624349594116,6.0,3.512779951095581,180.0
700.0,True,False,nan,46.51482009887695,0.42531561851501465,0.8438393473625183,2.0,3.876007080078125,180.0
700.0,True,False,nan,46.40449523925781,0.4825637638568878,1.0115424394607544,4.0,3.7266905307769775,180.0
700.0,True,False,nan,49.60898208618164,0.4696238040924072,1.2754955291748047,5.0,3.6720259189605713,180.0
700.0,True,False,nan,46.57863235473633,0.5117797255516052,0.8998242020606995,9.0,3.6026551723480225,180.0
700.0,True,False,nan,46.2725830078125,0.4633847773075104,0.6882160305976868,4.0,4.0275726318359375,180.0
700.0,True,False,nan,48.01438522338867,0.47670650482177734,1.435594916343689,6.0,3.8186991214752197,180.0
700.0,True,False,nan,46.430274963378906,0.4553128480911255,0.7991523742675781,3.0,4.157639026641846,180.0
700.0,True,False,nan,47.03734588623047,0.4004240930080414,0.6557996273040771,10.0,3.2798473834991455,180.0
700.0,True,False,nan,48.6812629699707,0.5214580297470093,0.6838787794113159,7.0,3.939026355743408,180.0
700.0,True,False,nan,47.330589294433594,0.3952147364616394,0.6521750092506409,8.0,3.3114449977874756,180.0
700.0,True,False,nan,49.187374114990234,0.5332958698272705,1.3278943300247192,3.0,3.4549152851104736,180.0
700.0,True,False,nan,45.219242095947266,0.5227789878845215,1.0631903409957886,5.0,3.7591373920440674,180.0
700.0,True,False,nan,47.33673095703125,0.6364677548408508,0.7469921708106995,3.0,3.6657068729400635,180.0
700.0,True,False,nan,45.433189392089844,0.29944857954978943,1.170552372932434,9.0,4.088803768157959,180.0
700.0,True,False,nan,50.969295501708984,0.39028075337409973,0.7892501950263977,17.0,3.2630157470703125,180.0
700.0,True,False,nan,47.53866958618164,0.6802312135696411,0.7440439462661743,4.0,3.8146982192993164,180.0
700.0,True,False,nan,47.80826950073242,0.7131438255310059,0.7164398431777954,3.0,3.665114164352417,180.0
700.0,True,False,nan,45.00365447998047,0.46618321537971497,0.8103146553039551,9.0,3.3298654556274414,180.0
700.0,True,False,nan,48.94589614868164,0.5074849724769592,0.9273490905761719,10.0,3.3386077880859375,180.0
700.0,True,False,nan,46.129417419433594,0.5858460068702698,1.3875848054885864,4.0,3.594656467437744,180.0
700.0,True,False,nan,49.36909103393555,0.48693281412124634,0.6795264482498169,8.0,3.5096755027770996,180.0
700.0,True,False,nan,46.601219177246094,0.5101290941238403,0.7264697551727295,10.0,3.4697136878967285,180.0
700.0,True,False,nan,47.202232360839844,0.5718795657157898,0.5997748970985413,8.0,3.7192468643188477,180.0
700.0,True,False,nan,46.81208801269531,0.7378661036491394,0.8899803757667542,3.0,3.5148024559020996,180.0
700.0,True,False,nan,45.22559356689453,0.48890236020088196,0.8569769263267517,7.0,3.5934207439422607,180.0
700.0,True,False,nan,45.94016647338867,0.6753751635551453,0.6122996211051941,4.0,3.722599983215332,180.0
700.0,True,False,nan,45.27838134765625,0.7062653303146362,0.7468830943107605,3.0,3.525864839553833,180.0
700.0,True,False,nan,46.189605712890625,0.5136528611183167,0.921464741230011,9.0,3.7966601848602295,180.0
700.0,True,False,nan,39.4149055480957,0.8043157458305359,0.9423444867134094,4.0,3.42116117477417,180.0
700.0,True,False,nan,27.43807029724121,0.39051008224487305,1.028983473777771,7.0,3.3372092247009277,180.0
700.0,True,False,nan,46.62298583984375,0.17827720940113068,1.7974897623062134,16.0,3.1408488750457764,270.0
700.0,True,False,nan,46.1765251159668,0.3195389211177826,0.7586097121238708,5.0,2.4800686836242676,270.0
700.0,True,False,nan,46.47703170776367,0.24105241894721985,1.4037724733352661,13.0,2.9967761039733887,270.0
700.0,True,False,nan,45.72323989868164,0.24825969338417053,1.3959307670593262,12.0,3.0753014087677,270.0
700.0,True,False,nan,48.65696716308594,0.2491435706615448,1.2003061771392822,2.0,2.8972768783569336,270.0
700.0,True,False,nan,45.081844329833984,0.2356252372264862,1.3595002889633179,4.0,2.935720920562744,270.0
700.0,True,False,nan,45.37800216674805,0.3120088577270508,0.8395545482635498,10.0,2.809598684310913,270.0
700.0,True,False,nan,46.441162109375,0.3115423619747162,0.8956124186515808,2.0,2.878114700317383,270.0
700.0,True,False,nan,57.64487075805664,0.32794561982154846,0.751634955406189,10.0,2.6659867763519287,270.0
700.0,True,False,nan,45.29730224609375,0.3268859386444092,1.0436007976531982,2.0,2.892763614654541,270.0
700.0,True,False,nan,47.43496322631836,0.3247729539871216,1.0169055461883545,3.0,2.932274580001831,270.0
700.0,True,False,nan,47.06328582763672,0.2675890326499939,1.2410862445831299,7.0,2.9886186122894287,270.0
700.0,True,False,nan,45.1529655456543,0.28419581055641174,1.2917109727859497,11.0,2.9555954933166504,270.0
700.0,True,False,nan,47.75774002075195,0.2916345000267029,1.1764874458312988,8.0,2.9221255779266357,270.0
700.0,True,False,nan,45.31181716918945,0.2937699556350708,1.2057405710220337,10.0,2.9999353885650635,270.0
700.0,True,False,nan,46.96785354614258,0.297573447227478,1.4172762632369995,6.0,3.057447910308838,270.0
700.0,True,False,nan,54.6413688659668,0.32675701379776,0.9413873553276062,2.0,2.8555171489715576,270.0
700.0,True,False,nan,50.84876251220703,0.3264870047569275,1.115439772605896,9.0,3.1090049743652344,270.0
700.0,True,False,nan,50.196022033691406,0.2514801621437073,1.5423943996429443,13.0,3.2573981285095215,270.0
700.0,True,False,nan,54.47579574584961,0.3292659521102905,0.888159990310669,6.0,2.781203508377075,270.0
700.0,True,False,nan,53.557289123535156,0.22852808237075806,1.076124906539917,14.0,2.380873441696167,270.0
700.0,True,False,nan,47.3162841796875,0.33949655294418335,1.2323909997940063,5.0,3.1712188720703125,270.0
700.0,True,False,nan,45.75273132324219,0.3421494960784912,1.435601830482483,6.0,3.155031204223633,270.0
700.0,True,False,nan,57.829627990722656,0.30479204654693604,0.7934750318527222,10.0,2.4650039672851562,270.0
700.0,True,False,nan,48.33913040161133,0.3056650757789612,1.4394726753234863,5.0,3.0950160026550293,270.0
700.0,True,False,nan,45.01626205444336,0.3035673499107361,1.4169425964355469,10.0,3.1937551498413086,270.0
700.0,True,False,nan,47.33348846435547,0.3235201835632324,0.9169049859046936,8.0,2.901184320449829,270.0
700.0,True,False,nan,46.14642333984375,0.33340024948120117,1.2754842042922974,5.0,3.0963237285614014,270.0
700.0,True,False,nan,51.97977066040039,0.3222958445549011,1.2320178747177124,4.0,3.0737061500549316,270.0
700.0,True,False,nan,54.83921432495117,0.4037104547023773,0.7991504669189453,3.0,2.6307334899902344,270.0
700.0,True,False,nan,51.356056213378906,0.31180551648139954,1.1705241203308105,9.0,2.5579588413238525,270.0
700.0,True,False,nan,46.37263107299805,0.33384594321250916,0.789252758026123,17.0,2.4090723991394043,270.0
700.0,True,False,nan,47.85198211669922,0.33754029870033264,1.3875905275344849,4.0,2.9874541759490967,270.0
700.0,True,False,nan,51.83087921142578,0.4070946276187897,1.0115362405776978,4.0,3.0374274253845215,270.0
700.0,True,False,nan,48.84587860107422,0.3237141966819763,1.1748530864715576,10.0,2.913846254348755,270.0
700.0,True,False,nan,45.74436950683594,0.3793957829475403,0.8095598816871643,8.0,2.9169440269470215,270.0
700.0,True,False,nan,55.63519287109375,0.3496217727661133,0.652174711227417,8.0,2.51574444770813,270.0
700.0,True,False,nan,51.56324005126953,0.41332846879959106,0.8438490033149719,2.0,2.6273586750030518,270.0
700.0,True,False,nan,46.219139099121094,0.3182893395423889,1.3278934955596924,3.0,3.0437204837799072,270.0
700.0,True,False,nan,54.36497497558594,0.39277875423431396,0.634200394153595,6.0,2.7935049533843994,270.0
700.0,True,False,nan,46.88236618041992,0.3313392102718353,1.0175403356552124,10.0,3.021303653717041,270.0
700.0,True,False,nan,51.216835021972656,0.41243600845336914,1.0631788969039917,5.0,3.1328392028808594,270.0
700.0,True,False,nan,48.34880828857422,0.4994511008262634,0.6367738842964172,10.0,3.170377731323242,270.0
700.0,True,False,nan,53.78351974487305,0.36637091636657715,0.8569720387458801,7.0,2.4893124103546143,270.0
700.0,True,False,nan,52.08849334716797,0.3995712995529175,0.655804455280304,10.0,2.562164306640625,270.0
700.0,True,False,nan,52.742713928222656,0.5408986806869507,0.688214123249054,4.0,3.1523075103759766,270.0
700.0,True,False,nan,48.89826965332031,0.48191267251968384,0.6838839650154114,7.0,2.7458343505859375,270.0
700.0,True,False,nan,50.14124298095703,0.5111483335494995,0.6698780059814453,8.0,3.2225775718688965,270.0
700.0,True,False,nan,45.037933349609375,0.49046075344085693,0.7468230724334717,3.0,2.838277816772461,270.0
700.0,True,False,nan,53.34382629394531,0.48471444845199585,0.7666653394699097,9.0,3.1247522830963135,270.0
700.0,True,False,nan,52.001564025878906,0.4578040838241577,0.9214666485786438,9.0,2.6467440128326416,270.0
700.0,True,False,nan,50.069915771484375,0.5573697686195374,0.7166078090667725,3.0,2.7557969093322754,270.0
700.0,True,False,nan,53.278316497802734,0.5194820165634155,0.8998232483863831,9.0,3.182203531265259,270.0
700.0,True,False,nan,50.104347229003906,0.4796922504901886,1.0289677381515503,5.0,2.757180690765381,270.0
700.0,True,False,nan,48.9921875,0.565435528755188,0.6123014688491821,4.0,2.7240281105041504,270.0
700.0,True,False,nan,47.60685729980469,0.5816003084182739,0.7470033168792725,3.0,2.990696668624878,270.0
700.0,True,False,nan,49.4968376159668,0.5307959914207458,0.8899742364883423,3.0,2.909062385559082,270.0
700.0,True,False,nan,49.80491638183594,0.5991432666778564,0.7440649271011353,4.0,3.073355197906494,270.0
700.0,True,False,nan,55.85895919799805,0.5248371958732605,0.927340030670166,10.0,3.151746988296509,270.0
700.0,True,False,nan,53.16230392456055,0.6031399965286255,0.5997620224952698,7.0,2.8859262466430664,270.0
700.0,True,False,nan,45.73094177246094,0.631569504737854,0.9423477053642273,3.0,2.9815938472747803,270.0
700.0,True,False,nan,51.565250396728516,0.541843831539154,0.6795575618743896,8.0,2.7002670764923096,270.0
700.0,True,False,nan,49.68824768066406,0.5415653586387634,0.8102966547012329,10.0,3.0072197914123535,270.0
700.0,True,False,nan,49.7805061340332,0.5759400725364685,0.726468563079834,10.0,2.7682554721832275,270.0
700.0,True,False,nan,46.176578521728516,0.31953784823417664,0.7586138844490051,5.0,2.4800732135772705,270.0
700.0,True,False,nan,48.657249450683594,0.24914294481277466,1.200308918952942,2.0,2.897275686264038,270.0
700.0,True,False,nan,45.37778091430664,0.31200867891311646,0.8395553827285767,10.0,2.809595823287964,270.0
700.0,True,False,nan,46.44151306152344,0.31154635548591614,0.8955978155136108,2.0,2.878115177154541,270.0
700.0,True,False,nan,57.644859313964844,0.32794591784477234,0.751629114151001,10.0,2.6659908294677734,270.0
700.0,True,False,nan,46.47686004638672,0.24105343222618103,1.403762698173523,13.0,2.9967734813690186,270.0
700.0,True,False,nan,54.64140319824219,0.32675448060035706,0.9413951635360718,2.0,2.855513572692871,270.0
700.0,True,False,nan,54.475982666015625,0.32926398515701294,0.8881614804267883,6.0,2.781200885772705,270.0
700.0,True,False,nan,45.082061767578125,0.23562829196453094,1.3594961166381836,4.0,2.9357166290283203,270.0
700.0,True,False,nan,53.55756378173828,0.2285270243883133,1.0761291980743408,14.0,2.380892038345337,270.0
700.0,True,False,nan,57.82904052734375,0.3047999441623688,0.793445348739624,10.0,2.465010404586792,270.0
700.0,True,False,nan,51.98017883300781,0.32230210304260254,1.2320102453231812,4.0,3.0737106800079346,270.0
700.0,True,False,nan,46.623252868652344,0.1782786250114441,1.797494649887085,16.0,3.140856981277466,270.0
700.0,True,False,nan,45.2974853515625,0.32689133286476135,1.0435819625854492,2.0,2.892766237258911,270.0
700.0,True,False,nan,47.43830490112305,0.32479700446128845,1.0169925689697266,3.0,2.932107925415039,270.0
700.0,True,False,nan,45.72333908081055,0.248261496424675,1.3959170579910278,12.0,3.075300693511963,270.0
700.0,True,False,nan,50.84910583496094,0.3264896869659424,1.1154437065124512,9.0,3.109004259109497,270.0
700.0,True,False,nan,47.316463470458984,0.33949530124664307,1.2324042320251465,5.0,3.171220302581787,270.0
700.0,True,False,nan,45.75240707397461,0.3421460688114166,1.4356067180633545,6.0,3.1550285816192627,270.0
700.0,True,False,nan,48.33858108520508,0.3056638240814209,1.439466953277588,5.0,3.0950162410736084,270.0
700.0,True,False,nan,47.333404541015625,0.3235195577144623,0.9169069528579712,8.0,2.9011833667755127,270.0
700.0,True,False,nan,46.146629333496094,0.33339911699295044,1.2754863500595093,5.0,3.096316337585449,270.0
700.0,True,False,nan,54.84661102294922,0.40360090136528015,0.7991200089454651,3.0,2.6311187744140625,270.0
700.0,True,False,nan,47.757266998291016,0.29163798689842224,1.1764686107635498,8.0,2.922121524810791,270.0
700.0,True,False,nan,51.356388092041016,0.31180357933044434,1.1705262660980225,9.0,2.5579452514648438,270.0
700.0,True,False,nan,45.311851501464844,0.29377129673957825,1.2057398557662964,10.0,2.999926805496216,270.0
700.0,True,False,nan,46.98331069946289,0.2975788116455078,1.4172651767730713,6.0,3.057434558868408,270.0
700.0,True,False,nan,51.83120346069336,0.40709641575813293,1.0115387439727783,4.0,3.0374274253845215,270.0
700.0,True,False,nan,50.196170806884766,0.2514835000038147,1.5423822402954102,13.0,3.257399559020996,270.0
700.0,True,False,nan,55.63461685180664,0.34961703419685364,0.6521781086921692,8.0,2.5157504081726074,270.0
700.0,True,False,nan,45.01572799682617,0.30355679988861084,1.4169670343399048,10.0,3.1937477588653564,270.0
700.0,True,False,nan,54.36515426635742,0.39278408885002136,0.6341990828514099,6.0,2.7935068607330322,270.0
700.0,True,False,nan,51.22380828857422,0.4124866724014282,1.0631976127624512,5.0,3.132704496383667,270.0
700.0,True,False,nan,47.062904357910156,0.2675880789756775,1.2410829067230225,7.0,2.988614797592163,270.0
700.0,True,False,nan,47.85215377807617,0.337541401386261,1.3875912427902222,4.0,2.9874563217163086,270.0
700.0,True,False,nan,51.56310272216797,0.4133297801017761,0.8438364267349243,2.0,2.62736177444458,270.0
700.0,True,False,nan,46.88295364379883,0.33134526014328003,1.0175371170043945,10.0,3.0213115215301514,270.0
700.0,True,False,nan,48.34888458251953,0.4994496703147888,0.6367805004119873,10.0,3.170395851135254,270.0
700.0,True,False,nan,45.1526985168457,0.2841903567314148,1.2917181253433228,11.0,2.9555985927581787,270.0
700.0,True,False,nan,52.74134063720703,0.5408909320831299,0.6882244944572449,4.0,3.1523468494415283,270.0
700.0,True,False,nan,46.372676849365234,0.3338463008403778,0.7892504930496216,17.0,2.4090702533721924,270.0
700.0,True,False,nan,48.84653091430664,0.3237149715423584,1.1748696565628052,10.0,2.9138550758361816,270.0
700.0,True,False,nan,46.21874237060547,0.3182847797870636,1.3278965950012207,3.0,3.0437114238739014,270.0
700.0,True,False,nan,53.784507751464844,0.36636486649513245,0.8569706082344055,7.0,2.489323139190674,270.0
700.0,True,False,nan,52.088478088378906,0.3995727300643921,0.6557984948158264,10.0,2.5621657371520996,270.0
700.0,True,False,nan,48.89822769165039,0.4819115400314331,0.6838864088058472,7.0,2.745835542678833,270.0
700.0,True,False,nan,50.14122009277344,0.5111488699913025,0.6698766946792603,8.0,3.2225842475891113,270.0
700.0,True,False,nan,47.001407623291016,0.363244891166687,0.8088112473487854,9.0,2.9348814487457275,270.0
700.0,True,False,nan,53.344181060791016,0.4847279191017151,0.766639232635498,9.0,3.124758243560791,270.0
700.0,True,False,nan,53.278194427490234,0.5194819569587708,0.8998144268989563,9.0,3.18220853805542,270.0
700.0,True,False,nan,49.804931640625,0.5991448760032654,0.7440531849861145,4.0,3.073361396789551,270.0
700.0,True,False,nan,55.85908508300781,0.5248513221740723,0.9273223876953125,10.0,3.1517295837402344,270.0
700.0,True,False,nan,52.0018310546875,0.4578000009059906,0.9214681386947632,9.0,2.6467392444610596,270.0
700.0,True,False,nan,48.99238204956055,0.5654363036155701,0.6123054623603821,4.0,2.7240376472473145,270.0
700.0,True,False,nan,47.6070442199707,0.5816056132316589,0.7469822764396667,3.0,2.9906954765319824,270.0
700.0,True,False,nan,49.49679183959961,0.5307906866073608,0.8899803161621094,3.0,2.909061908721924,270.0
700.0,True,False,nan,45.038063049316406,0.4904625117778778,0.7468302845954895,3.0,2.8382744789123535,270.0
700.0,True,False,nan,53.162052154541016,0.6031388640403748,0.5997645854949951,7.0,2.8859286308288574,270.0
700.0,True,False,nan,50.06974411010742,0.5573678612709045,0.7166091203689575,3.0,2.755798578262329,270.0
700.0,True,False,nan,50.104270935058594,0.479684054851532,1.028993844985962,5.0,2.7571804523468018,270.0
700.0,True,False,nan,49.68822479248047,0.5415655374526978,0.8102893829345703,10.0,3.0072290897369385,270.0
700.0,True,False,nan,45.73101043701172,0.6315752267837524,0.9423377513885498,3.0,2.981595754623413,270.0
700.0,True,False,nan,51.56528854370117,0.5418453812599182,0.6795521378517151,8.0,2.7002692222595215,270.0
700.0,True,False,nan,49.780704498291016,0.5759422779083252,0.7264718413352966,10.0,2.768249988555908,270.0
