push_n,fell,recovered,recovery_time_s,max_tilt_deg,velocity_loss,pre_push_vel_err,feet_in_contact_at_push,peak_dv,direction_deg
0.0,False,True,0.0,4.072657108306885,0.0,2.022080421447754,5.0,0.28685712814331055,0.0
0.0,False,True,0.0,3.4066855907440186,0.0,0.9018041491508484,3.0,0.32034626603126526,0.0
0.0,False,True,0.0,3.02543306350708,0.0,0.7583759427070618,9.0,0.3028114140033722,0.0
0.0,False,True,0.0,3.694856643676758,0.0,0.7863181829452515,9.0,0.2659108340740204,0.0
0.0,False,True,0.0,3.230285167694092,0.0,0.7544375061988831,9.0,0.24720662832260132,0.0
0.0,False,True,0.0,3.5730857849121094,0.0,1.0641742944717407,6.0,0.218110129237175,0.0
0.0,False,True,0.0,4.650210380554199,0.0,1.3666014671325684,9.0,0.21528257429599762,0.0
0.0,False,True,0.0,3.6668758392333984,0.0,0.8099178075790405,4.0,0.3122193515300751,0.0
0.0,False,True,0.0,4.351271629333496,0.0,1.1987206935882568,7.0,0.21343258023262024,0.0
0.0,False,True,0.0,2.758183002471924,0.0,0.7162070274353027,5.0,0.27988019585609436,0.0
0.0,False,True,0.0,4.090649604797363,0.0,1.5024391412734985,9.0,0.20635901391506195,0.0
0.0,False,True,0.0,3.1201679706573486,0.0,0.8277868032455444,5.0,0.28935950994491577,0.0
0.0,False,True,0.0,3.8327231407165527,0.0,1.4491889476776123,5.0,0.2273503988981247,0.0
0.0,False,True,0.0,2.9307780265808105,0.0,0.9821435809135437,5.0,0.2936569154262543,0.0
0.0,False,True,0.0,3.355905294418335,0.0,1.383998990058899,8.0,0.2149045318365097,0.0
0.0,False,True,0.0,3.4916610717773438,0.0,1.632727861404419,7.0,0.23357796669006348,0.0
0.0,False,True,0.0,3.3197736740112305,0.0,1.2262468338012695,3.0,0.3630676865577698,0.0
0.0,False,True,0.0,3.1361889839172363,0.0,0.8935030102729797,3.0,0.28790390491485596,0.0
0.0,False,True,0.0,3.6388955116271973,0.0,1.5584895610809326,5.0,0.2384701818227768,0.0
0.0,False,True,0.0,3.3970742225646973,0.0,0.7888538241386414,5.0,0.2361169159412384,0.0
0.0,False,True,0.0,5.180205345153809,0.0,0.956866979598999,5.0,0.23748068511486053,0.0
0.0,False,True,0.0,3.8511228561401367,0.0,0.7330510020256042,9.0,0.2999866306781769,0.0
0.0,False,True,0.0,3.2145497798919678,0.0,1.0578845739364624,6.0,0.20417258143424988,0.0
0.0,False,True,0.0,3.798699378967285,0.0,1.3192665576934814,5.0,0.24500814080238342,0.0
0.0,False,True,0.0,5.5639448165893555,0.0,1.4675320386886597,11.0,0.21232850849628448,0.0
0.0,False,True,0.0,4.714386940002441,0.0,1.6996588706970215,14.0,0.21865582466125488,0.0
0.0,False,True,0.0,4.772041320800781,0.0,1.1322283744812012,5.0,0.22665277123451233,0.0
0.0,False,True,0.0,3.271836042404175,0.0,1.4057430028915405,9.0,0.1958182454109192,0.0
0.0,False,True,0.0,2.5419890880584717,0.0,0.803663432598114,6.0,0.2368505597114563,0.0
0.0,False,True,0.0,3.319596767425537,0.0,0.742218554019928,4.0,0.26405707001686096,0.0
0.0,False,True,0.0,4.216029167175293,0.0,0.761809766292572,2.0,0.30070731043815613,0.0
0.0,False,True,0.0,5.880333423614502,0.0,1.6794699430465698,7.0,0.26099807024002075,0.0
0.0,False,True,0.0,3.640455484390259,0.0,1.187330961227417,7.0,0.2083243876695633,0.0
0.0,False,True,0.0,3.741201639175415,0.0,1.5019805431365967,11.0,0.28088894486427307,0.0
0.0,False,True,0.0,4.783563137054443,0.0,0.9397227764129639,3.0,0.25621867179870605,0.0
0.0,False,True,0.0,4.973387241363525,0.0,1.6967265605926514,11.0,0.2275601178407669,0.0
0.0,False,True,0.0,2.600980520248413,0.0,0.8013119697570801,4.0,0.2594277560710907,0.0
0.0,False,True,0.0,3.6303839683532715,0.0,1.0554471015930176,4.0,0.283713698387146,0.0
0.0,False,True,0.0,3.8300652503967285,0.0,1.3501683473587036,5.0,0.25758039951324463,0.0
0.0,False,True,0.0,4.741938591003418,0.0,0.9776467680931091,6.0,0.3193184733390808,0.0
0.0,False,True,0.0,4.155767440795898,0.0,1.5000030994415283,14.0,0.20504936575889587,0.0
0.0,False,True,0.0,2.982356548309326,0.0,0.7973016500473022,4.0,0.22413715720176697,0.0
0.0,False,True,0.0,3.3296079635620117,0.0,1.0060832500457764,8.0,0.23571129143238068,0.0
0.0,False,True,0.0,2.743096113204956,0.0,0.703329861164093,5.0,0.28002020716667175,0.0
0.0,False,True,0.0,5.070027828216553,0.0,1.6332194805145264,13.0,0.2444467693567276,0.0
0.0,False,True,0.0,3.7838761806488037,0.0,0.6904632449150085,12.0,0.3348354995250702,0.0
0.0,False,True,0.0,4.0850443840026855,0.0,0.9236382246017456,6.0,0.281049519777298,0.0
0.0,False,True,0.0,3.365750312805176,0.0,0.8061245679855347,6.0,0.3358762264251709,0.0
0.0,False,True,0.0,5.115616321563721,0.0,1.7798571586608887,14.0,0.24126677215099335,0.0
0.0,False,True,0.0,3.8533084392547607,0.0,0.9564800262451172,6.0,0.2180546373128891,0.0
0.0,False,True,0.0,3.943175792694092,0.0,0.856363832950592,7.0,0.27643051743507385,0.0
0.0,False,True,0.0,3.6171998977661133,0.0,1.5992242097854614,14.0,0.1831957995891571,0.0
0.0,False,True,0.0,4.702530384063721,0.0,0.9888355135917664,6.0,0.2523456811904907,0.0
0.0,False,True,0.0,5.419348239898682,0.0,1.6626839637756348,6.0,0.25755950808525085,0.0
0.0,False,True,0.0,3.092881202697754,0.0,0.8477749824523926,4.0,0.2485257387161255,0.0
0.0,False,True,0.0,3.4872283935546875,0.0,1.0865814685821533,5.0,0.21208256483078003,0.0
0.0,False,True,0.0,3.453547239303589,0.0,1.1048920154571533,5.0,0.25938156247138977,0.0
0.0,False,True,0.0,3.238637924194336,0.0,0.9080865979194641,5.0,0.23236188292503357,0.0
0.0,False,True,0.0,4.3893208503723145,0.0,1.2549540996551514,8.0,0.22984124720096588,0.0
0.0,False,True,0.0,4.871621131896973,0.0,0.9995834827423096,4.0,0.2805318236351013,0.0
0.0,False,True,0.0,3.2601468563079834,0.0,0.9426101446151733,6.0,0.22664308547973633,0.0
0.0,False,True,0.0,4.489648342132568,0.0,1.5625011920928955,14.0,0.20421235263347626,0.0
0.0,False,True,0.0,3.8779783248901367,0.0,0.8075201511383057,3.0,0.28513291478157043,0.0
0.0,False,True,0.0,4.493790626525879,0.0,1.5300008058547974,14.0,0.21218056976795197,0.0
0.0,False,True,0.0,4.07241678237915,0.0,2.0220816135406494,5.0,0.2868596017360687,90.0
0.0,False,True,0.0,3.392979860305786,0.0,0.9039763808250427,3.0,0.320544958114624,90.0
0.0,False,True,0.0,3.02543306350708,0.0,0.758370041847229,9.0,0.30280905961990356,90.0
0.0,False,True,0.0,3.6948037147521973,0.0,0.7863199710845947,9.0,0.26590612530708313,90.0
0.0,False,True,0.0,3.230285167694092,0.0,0.7544381022453308,9.0,0.24721331894397736,90.0
0.0,False,True,0.0,3.5730857849121094,0.0,1.0641696453094482,6.0,0.21811014413833618,90.0
0.0,False,True,0.0,4.650210380554199,0.0,1.3666012287139893,9.0,0.21527385711669922,90.0
0.0,False,True,0.0,3.6668758392333984,0.0,0.8099116683006287,4.0,0.31220361590385437,90.0
0.0,False,True,0.0,4.351226806640625,0.0,1.1987251043319702,7.0,0.21343393623828888,90.0
0.0,False,True,0.0,2.758183002471924,0.0,0.7162078619003296,5.0,0.27986031770706177,90.0
0.0,False,True,0.0,4.090601444244385,0.0,1.5024582147598267,9.0,0.20637819170951843,90.0
0.0,False,True,0.0,3.120105266571045,0.0,0.8277909755706787,5.0,0.2893531620502472,90.0
0.0,False,True,0.0,3.832671880722046,0.0,1.449186086654663,5.0,0.22734993696212769,90.0
0.0,False,True,0.0,2.9306447505950928,0.0,0.9821322560310364,5.0,0.29365476965904236,90.0
0.0,False,True,0.0,3.3652849197387695,0.0,1.3746141195297241,6.0,0.20916631817817688,90.0
0.0,False,True,0.0,3.4916610717773438,0.0,1.632722020149231,7.0,0.23357750475406647,90.0
0.0,False,True,0.0,3.320422410964966,0.0,1.2261732816696167,3.0,0.3628900349140167,90.0
0.0,False,True,0.0,3.1360018253326416,0.0,0.893505871295929,3.0,0.28789573907852173,90.0
0.0,False,True,0.0,3.6387875080108643,0.0,1.5585026741027832,5.0,0.2384968101978302,90.0
0.0,False,True,0.0,3.2804412841796875,0.0,0.7890338897705078,5.0,0.2323809266090393,90.0
0.0,False,True,0.0,5.1801676750183105,0.0,0.9568536281585693,5.0,0.23748032748699188,90.0
0.0,False,True,0.0,3.8511228561401367,0.0,0.7330513000488281,9.0,0.2999846339225769,90.0
0.0,False,True,0.0,3.2145497798919678,0.0,1.0579224824905396,6.0,0.20417094230651855,90.0
0.0,False,True,0.0,3.798699378967285,0.0,1.3192572593688965,5.0,0.2450047731399536,90.0
0.0,False,True,0.0,5.655755519866943,0.0,1.467535138130188,11.0,0.21232877671718597,90.0
0.0,False,True,0.0,4.714469909667969,0.0,1.6996667385101318,14.0,0.21866746246814728,90.0
0.0,False,True,0.0,4.902088165283203,0.0,1.1186277866363525,5.0,0.2404879778623581,90.0
0.0,False,True,0.0,3.2714173793792725,0.0,1.4057844877243042,9.0,0.19642284512519836,90.0
0.0,False,True,0.0,2.5419890880584717,0.0,0.8036605715751648,6.0,0.23684333264827728,90.0
0.0,False,True,0.0,3.319596767425537,0.0,0.7422260046005249,4.0,0.264066219329834,90.0
0.0,False,True,0.0,4.2165398597717285,0.0,0.7618097066879272,2.0,0.3007001280784607,90.0
0.0,False,True,0.0,5.880399703979492,0.0,1.6794761419296265,7.0,0.26099252700805664,90.0
0.0,False,True,0.0,3.6405091285705566,0.0,1.1873513460159302,7.0,0.208313450217247,90.0
0.0,False,True,0.0,3.7411491870880127,0.0,1.502140760421753,11.0,0.2809630334377289,90.0
0.0,False,True,0.0,4.783603668212891,0.0,0.9397146701812744,3.0,0.2562216818332672,90.0
0.0,False,True,0.0,4.95297908782959,0.0,1.7052054405212402,14.0,0.2272443175315857,90.0
0.0,False,True,0.0,2.600830078125,0.0,0.8013100624084473,4.0,0.2594100534915924,90.0
0.0,False,True,0.0,3.6302216053009033,0.0,1.0554407835006714,4.0,0.2837049067020416,90.0
0.0,False,True,0.0,3.8300139904022217,0.0,1.3501657247543335,5.0,0.25758790969848633,90.0
0.0,False,True,0.0,4.741979598999023,0.0,0.9776524305343628,6.0,0.3193310797214508,90.0
0.0,False,True,0.0,4.155861854553223,0.0,1.5000081062316895,14.0,0.20503398776054382,90.0
0.0,False,True,0.0,2.982750177383423,0.0,0.79729825258255,4.0,0.22413118183612823,90.0
0.0,False,True,0.0,3.3296079635620117,0.0,1.0060887336730957,8.0,0.23571106791496277,90.0
0.0,False,True,0.0,2.743096113204956,0.0,0.703334629535675,5.0,0.2799968421459198,90.0
0.0,False,True,0.0,5.070027828216553,0.0,1.6332205533981323,13.0,0.2444656938314438,90.0
0.0,False,True,0.0,3.7839279174804688,0.0,0.6904444098472595,12.0,0.33482667803764343,90.0
0.0,False,True,0.0,4.085188388824463,0.0,0.9236316680908203,6.0,0.2810378968715668,90.0
0.0,False,True,0.0,3.3658084869384766,0.0,0.8060880303382874,6.0,0.33587995171546936,90.0
0.0,False,True,0.0,5.115692615509033,0.0,1.779849886894226,14.0,0.2412654310464859,90.0
0.0,False,True,0.0,3.8532068729400635,0.0,0.9564970135688782,6.0,0.2180551290512085,90.0
0.0,False,True,0.0,3.943175792694092,0.0,0.8563545346260071,7.0,0.27643027901649475,90.0
0.0,False,True,0.0,3.6171457767486572,0.0,1.5992257595062256,14.0,0.18320393562316895,90.0
0.0,False,True,0.0,4.6859211921691895,0.0,0.9888491034507751,6.0,0.25227245688438416,90.0
0.0,False,True,0.0,5.419348239898682,0.0,1.6626771688461304,6.0,0.2575288414955139,90.0
0.0,False,True,0.0,3.092881202697754,0.0,0.8477913737297058,4.0,0.24852965772151947,90.0
0.0,False,True,0.0,3.4872283935546875,0.0,1.0865672826766968,5.0,0.2120828479528427,90.0
0.0,False,True,0.0,3.453547239303589,0.0,1.10489821434021,5.0,0.25939396023750305,90.0
0.0,False,True,0.0,3.238637924194336,0.0,0.9080900549888611,5.0,0.23236511647701263,90.0
0.0,False,True,0.0,4.3893656730651855,0.0,1.2549464702606201,8.0,0.22983746230602264,90.0
0.0,False,True,0.0,4.872425079345703,0.0,0.9994574785232544,4.0,0.27917033433914185,90.0
0.0,False,True,0.0,3.260087013244629,0.0,0.942609965801239,6.0,0.22665803134441376,90.0
0.0,False,True,0.0,4.489648342132568,0.0,1.5625077486038208,14.0,0.20420466363430023,90.0
0.0,False,True,0.0,3.9999778270721436,0.0,0.8057186603546143,3.0,0.2819712460041046,90.0
0.0,False,True,0.0,4.494400501251221,0.0,1.529988408088684,14.0,0.21218101680278778,90.0
0.0,False,True,0.0,4.072752952575684,0.0,2.022063732147217,5.0,0.2868550717830658,180.0
0.0,False,True,0.0,3.3930952548980713,0.0,0.9039780497550964,3.0,0.3205455541610718,180.0
0.0,False,True,0.0,3.02543306350708,0.0,0.7583745718002319,9.0,0.30282527208328247,180.0
0.0,False,True,0.0,3.6948037147521973,0.0,0.7863138318061829,9.0,0.26590457558631897,180.0
0.0,False,True,0.0,3.2303454875946045,0.0,0.7544403076171875,9.0,0.24722084403038025,180.0
0.0,False,True,0.0,3.5730857849121094,0.0,1.064171552658081,6.0,0.21810923516750336,180.0
0.0,False,True,0.0,4.650252819061279,0.0,1.366603970527649,9.0,0.2152862250804901,180.0
0.0,False,True,0.0,3.6668758392333984,0.0,0.8099196553230286,4.0,0.3122187554836273,180.0
0.0,False,True,0.0,4.351226806640625,0.0,1.1987265348434448,7.0,0.21342653036117554,180.0
0.0,False,True,0.0,2.758183002471924,0.0,0.7162066102027893,5.0,0.27984705567359924,180.0
0.0,False,True,0.0,4.090697288513184,0.0,1.502437710762024,9.0,0.20636086165905,180.0
0.0,False,True,0.0,3.1201679706573486,0.0,0.8277878761291504,5.0,0.28934967517852783,180.0
0.0,False,True,0.0,3.832671880722046,0.0,1.4491993188858032,5.0,0.2273384928703308,180.0
0.0,False,True,0.0,2.9307780265808105,0.0,0.9821339249610901,5.0,0.2936442792415619,180.0
0.0,False,True,0.0,3.355905294418335,0.0,1.3825608491897583,8.0,0.21487832069396973,180.0
0.0,False,True,0.0,3.4917171001434326,0.0,1.6327041387557983,7.0,0.23347905278205872,180.0
0.0,False,True,0.0,3.3202455043792725,0.0,1.2261844873428345,3.0,0.36284759640693665,180.0
0.0,False,True,0.0,3.1360018253326416,0.0,0.8935027122497559,3.0,0.2879035770893097,180.0
0.0,False,True,0.0,3.6388418674468994,0.0,1.5584921836853027,5.0,0.23847362399101257,180.0
0.0,False,True,0.0,3.2883691787719727,0.0,0.7890260815620422,5.0,0.23237799108028412,180.0
0.0,False,True,0.0,5.180129528045654,0.0,0.9568639993667603,5.0,0.23748023808002472,180.0
0.0,False,True,0.0,3.8511228561401367,0.0,0.7330499291419983,9.0,0.29998454451560974,180.0
0.0,False,True,0.0,3.2145497798919678,0.0,1.0578944683074951,6.0,0.20417991280555725,180.0
0.0,False,True,0.0,3.79875111579895,0.0,1.3192635774612427,5.0,0.24500887095928192,180.0
0.0,False,True,0.0,5.5639801025390625,0.0,1.4675321578979492,11.0,0.21231934428215027,180.0
0.0,False,True,0.0,4.714428424835205,0.0,1.69965398311615,14.0,0.21866294741630554,180.0
0.0,False,True,0.0,4.7984466552734375,0.0,1.1322270631790161,5.0,0.22665086388587952,180.0
0.0,False,True,0.0,3.2720155715942383,0.0,1.4057382345199585,9.0,0.19583001732826233,180.0
0.0,False,True,0.0,2.5419890880584717,0.0,0.8036665916442871,6.0,0.23685114085674286,180.0
0.0,False,True,0.0,3.3125710487365723,0.0,0.7423086762428284,4.0,0.264735609292984,180.0
0.0,False,True,0.0,4.2165398597717285,0.0,0.7618105411529541,2.0,0.3007040321826935,180.0
0.0,False,True,0.0,5.880300045013428,0.0,1.6794745922088623,7.0,0.26099085807800293,180.0
0.0,False,True,0.0,3.640563488006592,0.0,1.1873618364334106,7.0,0.20832459628582,180.0
0.0,False,True,0.0,3.7413582801818848,0.0,1.5021388530731201,11.0,0.28095102310180664,180.0
0.0,False,True,0.0,4.783563137054443,0.0,0.9397188425064087,3.0,0.25622233748435974,180.0
0.0,False,True,0.0,4.952939987182617,0.0,1.7052093744277954,14.0,0.22725139558315277,180.0
0.0,False,True,0.0,2.600905418395996,0.0,0.8013181090354919,4.0,0.2594282329082489,180.0
0.0,False,True,0.0,3.6303839683532715,0.0,1.0554274320602417,4.0,0.2837176024913788,180.0
0.0,False,True,0.0,3.8301165103912354,0.0,1.3501787185668945,5.0,0.2575850486755371,180.0
0.0,False,True,0.0,4.741979598999023,0.0,0.9776468873023987,6.0,0.31931450963020325,180.0
0.0,False,True,0.0,4.155909061431885,0.0,1.5000020265579224,14.0,0.20501945912837982,180.0
0.0,False,True,0.0,2.982684850692749,0.0,0.7973086833953857,4.0,0.2241547405719757,180.0
0.0,False,True,0.0,3.3295490741729736,0.0,1.0060796737670898,8.0,0.23569880425930023,180.0
0.0,False,True,0.0,2.7430248260498047,0.0,0.7033287882804871,5.0,0.28002750873565674,180.0
0.0,False,True,0.0,5.069988250732422,0.0,1.6332213878631592,13.0,0.24446025490760803,180.0
0.0,False,True,0.0,3.7838761806488037,0.0,0.6904494762420654,12.0,0.33482733368873596,180.0
0.0,False,True,0.0,4.085092544555664,0.0,0.923635721206665,6.0,0.28104978799819946,180.0
0.0,False,True,0.0,3.37028431892395,0.0,0.8065021634101868,7.0,0.3543064296245575,180.0
0.0,False,True,0.0,5.115653991699219,0.0,1.7798490524291992,14.0,0.2412637323141098,180.0
0.0,False,True,0.0,3.8533084392547607,0.0,0.9564573764801025,6.0,0.21809397637844086,180.0
0.0,False,True,0.0,3.943175792694092,0.0,0.8564276695251465,7.0,0.27642619609832764,180.0
0.0,False,True,0.0,3.6170918941497803,0.0,1.5992237329483032,14.0,0.1831948459148407,180.0
0.0,False,True,0.0,4.685879707336426,0.0,0.9888338446617126,6.0,0.2522644102573395,180.0
0.0,False,True,0.0,5.419384002685547,0.0,1.6626784801483154,6.0,0.2575574815273285,180.0
0.0,False,True,0.0,3.092881202697754,0.0,0.8477888703346252,4.0,0.2485223263502121,180.0
0.0,False,True,0.0,3.4884631633758545,0.0,1.086891531944275,5.0,0.2135694921016693,180.0
0.0,False,True,0.0,3.453547239303589,0.0,1.1049046516418457,5.0,0.2593950629234314,180.0
0.0,False,True,0.0,3.2386984825134277,0.0,0.9080848097801208,5.0,0.23236167430877686,180.0
0.0,False,True,0.0,4.3893208503723145,0.0,1.2549738883972168,8.0,0.22982704639434814,180.0
0.0,False,True,0.0,4.871580600738525,0.0,0.9995874762535095,4.0,0.2805270552635193,180.0
0.0,False,True,0.0,3.2601468563079834,0.0,0.9425904154777527,6.0,0.22666136920452118,180.0
0.0,False,True,0.0,4.489691734313965,0.0,1.5625114440917969,14.0,0.20419982075691223,180.0
0.0,False,True,0.0,3.8779783248901367,0.0,0.807527482509613,3.0,0.2851383090019226,180.0
0.0,False,True,0.0,4.493790626525879,0.0,1.5299830436706543,14.0,0.21218007802963257,180.0
0.0,False,True,0.0,4.072752952575684,0.0,2.0220603942871094,5.0,0.28685644268989563,270.0
0.0,False,True,0.0,3.4066855907440186,0.0,0.9018117785453796,3.0,0.3203457295894623,270.0
0.0,False,True,0.0,3.0254979133605957,0.0,0.7583746910095215,9.0,0.302829384803772,270.0
0.0,False,True,0.0,3.6948037147521973,0.0,0.7863199710845947,9.0,0.2659236192703247,270.0
0.0,False,True,0.0,3.230285167694092,0.0,0.7544422149658203,9.0,0.2471969574689865,270.0
0.0,False,True,0.0,3.573030710220337,0.0,1.0641881227493286,6.0,0.2181071788072586,270.0
0.0,False,True,0.0,4.580863952636719,0.0,1.3673815727233887,10.0,0.21320006251335144,270.0
0.0,False,True,0.0,3.6668758392333984,0.0,0.8099098205566406,4.0,0.3122200071811676,270.0
0.0,False,True,0.0,4.351226806640625,0.0,1.1987276077270508,7.0,0.2134302407503128,270.0
0.0,False,True,0.0,2.758183002471924,0.0,0.7162056565284729,5.0,0.2798613905906677,270.0
0.0,False,True,0.0,4.090744972229004,0.0,1.502439260482788,9.0,0.20635537803173065,270.0
0.0,False,True,0.0,3.1202306747436523,0.0,0.8277868032455444,5.0,0.28936126828193665,270.0
0.0,False,True,0.0,3.832671880722046,0.0,1.4491921663284302,5.0,0.22735300660133362,270.0
0.0,False,True,0.0,2.9305777549743652,0.0,0.9821418523788452,5.0,0.29365450143814087,270.0
0.0,False,True,0.0,3.3559634685516357,0.0,1.382577657699585,8.0,0.21488593518733978,270.0
0.0,False,True,0.0,3.4916610717773438,0.0,1.6326981782913208,7.0,0.2334628850221634,270.0
0.0,False,True,0.0,3.3197145462036133,0.0,1.2262375354766846,3.0,0.3630283772945404,270.0
0.0,False,True,0.0,3.136064052581787,0.0,0.8935062289237976,3.0,0.28790125250816345,270.0
0.0,False,True,0.0,3.6388955116271973,0.0,1.5585039854049683,5.0,0.23850002884864807,270.0
0.0,False,True,0.0,3.280381679534912,0.0,0.7890384197235107,5.0,0.23238274455070496,270.0
0.0,False,True,0.0,5.180205345153809,0.0,0.9568793773651123,5.0,0.23749151825904846,270.0
0.0,False,True,0.0,3.8511228561401367,0.0,0.7330479621887207,9.0,0.2999916076660156,270.0
0.0,False,True,0.0,3.214488983154297,0.0,1.0578880310058594,6.0,0.20417483150959015,270.0
0.0,False,True,0.0,3.79864764213562,0.0,1.3192646503448486,5.0,0.24501198530197144,270.0
0.0,False,True,0.0,5.6557207107543945,0.0,1.4675308465957642,11.0,0.2123226821422577,270.0
0.0,False,True,0.0,4.714386940002441,0.0,1.6996556520462036,14.0,0.21865442395210266,270.0
0.0,False,True,0.0,4.90220832824707,0.0,1.1186326742172241,5.0,0.2404959797859192,270.0
0.0,False,True,0.0,3.271836042404175,0.0,1.4057412147521973,9.0,0.19581526517868042,270.0
0.0,False,True,0.0,2.5419890880584717,0.0,0.8036679029464722,6.0,0.23683996498584747,270.0
0.0,False,True,0.0,3.319537878036499,0.0,0.7422225475311279,4.0,0.26405957341194153,270.0
0.0,False,True,0.0,4.215982437133789,0.0,0.7618148326873779,2.0,0.30070483684539795,270.0
0.0,False,True,0.0,5.880333423614502,0.0,1.679476261138916,7.0,0.2609981298446655,270.0
0.0,False,True,0.0,3.6405091285705566,0.0,1.187363862991333,7.0,0.20831114053726196,270.0
0.0,False,True,0.0,3.7410964965820312,0.0,1.5021384954452515,11.0,0.28094762563705444,270.0
0.0,False,True,0.0,4.783603668212891,0.0,0.9397228956222534,3.0,0.2562228739261627,270.0
0.0,False,True,0.0,4.9528608322143555,0.0,1.7052104473114014,14.0,0.22724549472332,270.0
0.0,False,True,0.0,2.600905418395996,0.0,0.8013173937797546,4.0,0.2594349682331085,270.0
0.0,False,True,0.0,3.6303839683532715,0.0,1.0554269552230835,4.0,0.2837078273296356,270.0
0.0,False,True,0.0,3.8301165103912354,0.0,1.350166916847229,5.0,0.25758251547813416,270.0
0.0,False,True,0.0,4.741979598999023,0.0,0.9776502251625061,6.0,0.31930971145629883,270.0
0.0,False,True,0.0,4.155861854553223,0.0,1.5000091791152954,14.0,0.20503820478916168,270.0
0.0,False,True,0.0,2.982619285583496,0.0,0.7973008751869202,4.0,0.22413478791713715,270.0
0.0,False,True,0.0,3.3295490741729736,0.0,1.0060888528823853,8.0,0.23570068180561066,270.0
0.0,False,True,0.0,2.743096113204956,0.0,0.7033326029777527,5.0,0.27998974919319153,270.0
0.0,False,True,0.0,5.070065975189209,0.0,1.6332192420959473,13.0,0.24444136023521423,270.0
0.0,False,True,0.0,3.7838761806488037,0.0,0.6904480457305908,12.0,0.3348254859447479,270.0
0.0,False,True,0.0,4.085188388824463,0.0,0.9236325025558472,6.0,0.2810426950454712,270.0
0.0,False,True,0.0,3.365633964538574,0.0,0.8061166405677795,6.0,0.3358793258666992,270.0
0.0,False,True,0.0,5.115692615509033,0.0,1.779850959777832,14.0,0.24127310514450073,270.0
0.0,False,True,0.0,3.853257656097412,0.0,0.956494152545929,6.0,0.21805362403392792,270.0
0.0,False,True,0.0,3.943175792694092,0.0,0.856346070766449,7.0,0.2764265537261963,270.0
0.0,False,True,0.0,3.6171457767486572,0.0,1.5992321968078613,14.0,0.18318985402584076,270.0
0.0,False,True,0.0,4.6859211921691895,0.0,0.9888452887535095,6.0,0.2522631585597992,270.0
0.0,False,True,0.0,5.419312000274658,0.0,1.6626776456832886,6.0,0.25755658745765686,270.0
0.0,False,True,0.0,3.092881202697754,0.0,0.8477861881256104,4.0,0.24853482842445374,270.0
0.0,False,True,0.0,3.487677574157715,0.0,1.0865721702575684,5.0,0.21209074556827545,270.0
0.0,False,True,0.0,3.453547239303589,0.0,1.1048895120620728,5.0,0.25938886404037476,270.0
0.0,False,True,0.0,3.2386984825134277,0.0,0.908081591129303,5.0,0.23236699402332306,270.0
0.0,False,True,0.0,4.3893208503723145,0.0,1.2549538612365723,8.0,0.2298320233821869,270.0
0.0,False,True,0.0,4.872465133666992,0.0,0.999453604221344,4.0,0.27916866540908813,270.0
0.0,False,True,0.0,3.260087013244629,0.0,0.9425916075706482,6.0,0.22665348649024963,270.0
0.0,False,True,0.0,4.489691734313965,0.0,1.5625007152557373,14.0,0.20421063899993896,270.0
0.0,False,True,0.0,3.877927541732788,0.0,0.8075270056724548,3.0,0.2851203382015228,270.0
0.0,False,True,0.0,4.493747234344482,0.0,1.5299934148788452,14.0,0.21218086779117584,270.0
50.0,False,True,0.0,5.202624797821045,0.0,2.0220818519592285,5.0,0.3858287036418915,0.0
50.0,False,True,0.0,4.428459167480469,0.0,0.9039784073829651,3.0,0.4280315637588501,0.0
50.0,False,True,0.0,3.8657898902893066,0.0,0.7583664655685425,9.0,0.31694158911705017,0.0
50.0,False,True,0.0,3.8019967079162598,0.0,0.7863172888755798,9.0,0.3087320327758789,0.0
50.0,False,True,0.0,4.026230812072754,0.0,0.7544451355934143,9.0,0.3005262613296509,0.0
50.0,False,True,0.0,5.012195587158203,0.0,1.0641684532165527,6.0,0.29773497581481934,0.0
50.0,False,True,0.0,5.508936882019043,0.0,1.3666062355041504,9.0,0.2912561595439911,0.0
50.0,False,True,0.0,4.2865142822265625,0.0,0.8099187612533569,4.0,0.3483811020851135,0.0
50.0,False,True,0.0,4.8456950187683105,0.0,1.1987354755401611,7.0,0.2980222702026367,0.0
50.0,False,True,0.0,3.8811073303222656,0.0,0.7162044048309326,5.0,0.32654622197151184,0.0
50.0,False,True,0.0,4.742021083831787,0.0,1.5024619102478027,9.0,0.29024744033813477,0.0
50.0,False,True,0.0,3.5389482975006104,0.0,0.8277884721755981,5.0,0.3960026502609253,0.0
50.0,False,True,0.0,5.441181182861328,0.0,1.4491996765136719,5.0,0.32686054706573486,0.0
50.0,False,True,0.0,3.264047861099243,0.0,0.9821431636810303,5.0,0.3765920400619507,0.0
50.0,False,True,0.0,4.857525825500488,0.0,1.3840034008026123,8.0,0.33186596632003784,0.0
50.0,False,True,0.0,4.586974620819092,0.0,1.6327319145202637,7.0,0.3385394513607025,0.0
50.0,False,True,0.0,4.0607147216796875,0.0,1.2262367010116577,3.0,0.4363734722137451,0.0
50.0,False,True,0.0,3.128063678741455,0.0,0.8935028314590454,3.0,0.37725457549095154,0.0
50.0,False,True,0.0,5.549838066101074,0.0,1.5584977865219116,5.0,0.35525500774383545,0.0
50.0,False,True,0.0,3.646475076675415,0.0,0.7890371680259705,5.0,0.3115362823009491,0.0
50.0,False,True,0.0,5.751422882080078,0.0,0.9568770527839661,5.0,0.3228514492511749,0.0
50.0,False,True,0.0,4.358198165893555,0.0,0.7330490350723267,9.0,0.3344767093658447,0.0
50.0,False,True,0.0,4.650716304779053,0.0,1.0579429864883423,6.0,0.2954258322715759,0.0
50.0,False,True,0.0,5.394085884094238,0.0,1.3192710876464844,5.0,0.35527923703193665,0.0
50.0,False,True,0.0,6.211135387420654,0.0,1.467531442642212,11.0,0.3243902325630188,0.0
50.0,False,True,0.0,5.307807922363281,0.0,1.6996543407440186,14.0,0.2927801012992859,0.0
50.0,False,True,0.0,5.205297946929932,0.0,1.1186310052871704,5.0,0.3450254797935486,0.0
50.0,False,True,0.0,4.703403949737549,0.0,1.4057866334915161,9.0,0.30711275339126587,0.0
50.0,False,True,0.0,3.440483570098877,0.0,0.8036461472511292,6.0,0.31386908888816833,0.0
50.0,False,True,0.0,3.877321720123291,0.0,0.7423126697540283,4.0,0.3135712146759033,0.0
50.0,False,True,0.0,4.342350482940674,0.0,0.761817455291748,2.0,0.33108702301979065,0.0
50.0,False,True,0.0,6.411969184875488,0.0,1.6794753074645996,7.0,0.33121457695961,0.0
50.0,False,True,0.0,4.673279285430908,0.0,1.1873645782470703,7.0,0.30159685015678406,0.0
50.0,False,True,0.0,5.468197345733643,0.0,1.501976490020752,11.0,0.40179044008255005,0.0
50.0,False,True,0.0,5.313969135284424,0.0,0.9397248029708862,3.0,0.33860132098197937,0.0
50.0,False,True,0.0,5.508616924285889,0.0,1.6967251300811768,11.0,0.30303508043289185,0.0
50.0,False,True,0.0,2.642343521118164,0.0,0.801320493221283,4.0,0.34313884377479553,0.0
50.0,False,True,0.0,4.336121559143066,0.0,1.0554304122924805,4.0,0.3516603410243988,0.0
50.0,False,True,0.0,5.395756721496582,0.0,1.3501715660095215,5.0,0.3542326092720032,0.0
50.0,False,True,0.0,4.875038146972656,0.0,0.9776546955108643,6.0,0.42773404717445374,0.0
50.0,False,True,0.0,5.02476692199707,0.0,1.5000115633010864,14.0,0.2737821936607361,0.0
50.0,False,True,0.0,4.170303821563721,0.0,0.7972961664199829,4.0,0.3142040967941284,0.0
50.0,False,True,0.0,4.18605375289917,0.0,1.0060884952545166,8.0,0.2921600639820099,0.0
50.0,False,True,0.0,3.4598910808563232,0.0,0.7033308148384094,5.0,0.3394472301006317,0.0
50.0,False,True,0.0,5.769456386566162,0.0,1.633227825164795,13.0,0.3017551302909851,0.0
50.0,False,True,0.0,3.7656164169311523,0.0,0.6904624104499817,12.0,0.31444305181503296,0.0
50.0,False,True,0.0,4.328843116760254,0.0,0.9236387014389038,6.0,0.33792898058891296,0.0
50.0,False,True,0.0,3.427769660949707,0.0,0.8061275482177734,6.0,0.32323548197746277,0.0
50.0,False,True,0.0,5.735280990600586,0.0,1.7798115015029907,14.0,0.3193037211894989,0.0
50.0,False,True,0.0,4.435530185699463,0.0,0.9564715027809143,6.0,0.3159586191177368,0.0
50.0,False,True,0.0,4.078567028045654,0.0,0.8563496470451355,7.0,0.31038621068000793,0.0
50.0,False,True,0.0,4.867558002471924,0.0,1.5992377996444702,14.0,0.28926563262939453,0.0
50.0,False,True,0.0,5.214549541473389,0.0,0.9888359904289246,6.0,0.3351960778236389,0.0
50.0,False,True,0.0,5.975927352905273,0.0,1.6626744270324707,6.0,0.31721416115760803,0.0
50.0,False,True,0.0,3.6825947761535645,0.0,0.8477811217308044,4.0,0.3209192156791687,0.0
50.0,False,True,0.0,5.0288591384887695,0.0,1.0865771770477295,5.0,0.3319273591041565,0.0
50.0,False,True,0.0,4.801425933837891,0.0,1.1049036979675293,5.0,0.3506285548210144,0.0
50.0,False,True,0.0,4.114945888519287,0.0,0.9080883264541626,5.0,0.31357550621032715,0.0
50.0,False,True,0.0,5.183872699737549,0.0,1.2549554109573364,8.0,0.31550511717796326,0.0
50.0,False,True,0.0,5.230569362640381,0.0,0.9995887875556946,4.0,0.3660542070865631,0.0
50.0,False,True,0.0,4.496753215789795,0.0,0.9426005482673645,6.0,0.31281575560569763,0.0
50.0,False,True,0.0,5.128201484680176,0.0,1.5625077486038208,14.0,0.28224924206733704,0.0
50.0,False,True,0.0,4.35779333114624,0.0,0.8075176477432251,3.0,0.3526453375816345,0.0
50.0,False,True,0.0,5.593664169311523,0.0,1.5299984216690063,14.0,0.2955094575881958,0.0
50.0,False,True,0.0,4.72662878036499,0.0,2.0220634937286377,5.0,0.15440800786018372,90.0
50.0,False,True,0.0,3.4362127780914307,0.0,0.9018133282661438,3.0,0.22293323278427124,90.0
50.0,False,True,0.0,3.192427158355713,0.0,0.7583673000335693,9.0,0.3104136288166046,90.0
50.0,False,True,0.0,5.279416561126709,0.0,0.7863143086433411,9.0,0.30375221371650696,90.0
50.0,False,True,0.0,5.386451721191406,0.0,0.7544536590576172,9.0,0.25954174995422363,90.0
50.0,False,True,0.0,4.216911315917969,0.0,1.0641900300979614,6.0,0.23430109024047852,90.0
50.0,False,True,0.0,4.769906044006348,0.0,1.3666083812713623,9.0,0.18225860595703125,90.0
50.0,False,True,0.0,5.540825843811035,0.0,0.8099172711372375,4.0,0.2898035943508148,90.0
50.0,False,True,0.0,4.4654130935668945,0.0,1.1987279653549194,7.0,0.17066751420497894,90.0
50.0,False,True,0.0,3.9729597568511963,0.0,0.7162020802497864,5.0,0.26737385988235474,90.0
50.0,False,True,0.0,4.225448131561279,0.0,1.5023797750473022,9.0,0.1960703283548355,90.0
50.0,False,True,0.0,3.207904577255249,0.0,0.8277882933616638,5.0,0.24831324815750122,90.0
50.0,False,True,0.0,4.672986030578613,0.0,1.4491891860961914,5.0,0.19946250319480896,90.0
50.0,False,True,0.0,4.111088752746582,0.0,0.9821411967277527,5.0,0.2977449595928192,90.0
50.0,False,True,0.0,3.757704257965088,0.0,1.3786251544952393,6.0,0.21038341522216797,90.0
50.0,False,True,0.0,3.735229969024658,0.0,1.6327334642410278,7.0,0.1721334457397461,90.0
50.0,False,True,0.0,3.75827693939209,0.0,1.2261813879013062,3.0,0.3581997752189636,90.0
50.0,False,True,0.0,3.6725850105285645,0.0,0.8935037851333618,3.0,0.28393998742103577,90.0
50.0,False,True,0.0,4.547690391540527,0.0,1.5584901571273804,5.0,0.17918427288532257,90.0
50.0,False,True,0.0,3.7382168769836426,0.0,0.7890352010726929,5.0,0.18712909519672394,90.0
50.0,False,True,0.0,5.419023036956787,0.0,0.9568606019020081,5.0,0.166827991604805,90.0
50.0,False,True,0.0,5.343937873840332,0.0,0.7330490350723267,9.0,0.3094843626022339,90.0
50.0,False,True,0.0,3.5530834197998047,0.0,1.0578804016113281,6.0,0.20206141471862793,90.0
50.0,False,True,0.0,4.560937404632568,0.0,1.319271206855774,5.0,0.2023964822292328,90.0
50.0,False,True,0.0,5.6446213722229,0.0,1.467531681060791,11.0,0.24342121183872223,90.0
50.0,False,True,0.0,4.854580402374268,0.0,1.6996530294418335,14.0,0.18267139792442322,90.0
50.0,False,True,0.0,4.8393025398254395,0.0,1.118629813194275,5.0,0.19484074413776398,90.0
50.0,False,True,0.0,3.577028751373291,0.0,1.4057360887527466,9.0,0.16866102814674377,90.0
50.0,False,True,0.0,2.767676591873169,0.0,0.8036537170410156,6.0,0.20541025698184967,90.0
50.0,False,True,0.0,4.868443012237549,0.0,0.7423118352890015,4.0,0.2836083769798279,90.0
50.0,False,True,0.0,5.595555782318115,0.0,0.7618181705474854,2.0,0.314845472574234,90.0
50.0,False,True,0.0,6.1853251457214355,0.0,1.6794748306274414,7.0,0.24132640659809113,90.0
50.0,False,True,0.0,3.7937986850738525,0.0,1.1873359680175781,7.0,0.14108915627002716,90.0
50.0,False,True,0.0,4.653242111206055,0.0,1.5021486282348633,11.0,0.2111767679452896,90.0
50.0,False,True,0.0,4.8725056648254395,0.0,0.9387538433074951,7.0,0.20257911086082458,90.0
50.0,False,True,0.0,5.197688579559326,0.0,1.7052040100097656,14.0,0.1779390424489975,90.0
50.0,False,True,0.0,3.963386297225952,0.0,0.8013156056404114,4.0,0.2585829496383667,90.0
50.0,False,True,0.0,3.8867545127868652,0.0,1.0554219484329224,4.0,0.28834694623947144,90.0
50.0,False,True,0.0,4.485021114349365,0.0,1.3501673936843872,5.0,0.20616662502288818,90.0
50.0,False,True,0.0,5.904252052307129,0.0,0.9776439070701599,6.0,0.3153027594089508,90.0
50.0,False,True,0.0,4.303386211395264,0.0,1.5000085830688477,14.0,0.19412994384765625,90.0
50.0,False,True,0.0,4.398681640625,0.0,0.7972933053970337,4.0,0.24311169981956482,90.0
50.0,False,True,0.0,3.3174140453338623,0.0,1.0060789585113525,8.0,0.247422993183136,90.0
50.0,False,True,0.0,2.9357833862304688,0.0,0.7033312320709229,5.0,0.23769482970237732,90.0
50.0,False,True,0.0,5.16694974899292,0.0,1.6332297325134277,13.0,0.1987837702035904,90.0
50.0,False,True,0.0,4.572260856628418,0.0,0.6904591917991638,12.0,0.33764398097991943,90.0
50.0,False,True,0.0,4.4217753410339355,0.0,0.9236336350440979,6.0,0.22982285916805267,90.0
50.0,False,True,0.0,3.303457021713257,0.0,0.8065016269683838,7.0,0.35556352138519287,90.0
50.0,False,True,0.0,5.368741989135742,0.0,1.7798094749450684,14.0,0.19984178245067596,90.0
50.0,False,True,0.0,4.014101982116699,0.0,0.9564860463142395,6.0,0.16746275126934052,90.0
50.0,False,True,0.0,4.151760578155518,0.0,0.8563523292541504,7.0,0.2559156119823456,90.0
50.0,False,True,0.0,3.985853433609009,0.0,1.5992225408554077,14.0,0.15848606824874878,90.0
50.0,False,True,0.0,5.0502028465271,0.0,0.9888441562652588,6.0,0.14058950543403625,90.0
50.0,False,True,0.0,5.58233642578125,0.0,1.6626746654510498,6.0,0.2292543202638626,90.0
50.0,False,True,0.0,3.1212971210479736,0.0,0.8477925658226013,4.0,0.21563929319381714,90.0
50.0,False,True,0.0,4.1150407791137695,0.0,1.0865676403045654,5.0,0.18497531116008759,90.0
50.0,False,True,0.0,4.383382320404053,0.0,1.1049003601074219,5.0,0.22051513195037842,90.0
50.0,False,True,0.0,3.369703531265259,0.0,0.9080976247787476,5.0,0.17729581892490387,90.0
50.0,False,True,0.0,4.536650657653809,0.0,1.2549580335617065,8.0,0.16527961194515228,90.0
50.0,False,True,0.0,4.898730278015137,0.0,0.9994597434997559,4.0,0.15956872701644897,90.0
50.0,False,True,0.0,4.150108814239502,0.0,0.9426087141036987,6.0,0.24676604568958282,90.0
50.0,False,True,0.0,4.669925212860107,0.0,1.5625004768371582,14.0,0.19115635752677917,90.0
50.0,False,True,0.0,4.235077857971191,0.0,0.8075560927391052,3.0,0.21278217434883118,90.0
50.0,False,True,0.0,4.787983417510986,0.0,1.5299934148788452,14.0,0.2119264155626297,90.0
50.0,False,True,0.0,4.218814849853516,0.0,2.022080898284912,5.0,0.40474897623062134,180.0
50.0,False,True,0.0,4.0983500480651855,0.0,0.902174174785614,3.0,0.42129144072532654,180.0
50.0,False,True,0.0,3.64083194732666,0.0,0.7583771347999573,9.0,0.44078516960144043,180.0
50.0,False,True,0.0,3.969360113143921,0.0,0.7863126993179321,9.0,0.4306935966014862,180.0
50.0,False,True,0.0,3.639648675918579,0.0,0.7544432878494263,9.0,0.38387489318847656,180.0
50.0,False,True,0.0,3.533688545227051,0.0,1.0641721487045288,6.0,0.3963010907173157,180.0
50.0,False,True,0.0,4.767154216766357,0.0,1.3666092157363892,9.0,0.32560157775878906,180.0
50.0,False,True,0.0,3.8275082111358643,0.0,0.8099181652069092,4.0,0.4398990571498871,180.0
50.0,False,True,0.0,4.250265598297119,0.0,1.1987428665161133,7.0,0.354230672121048,180.0
50.0,False,True,0.0,3.320481300354004,0.0,0.7162019610404968,5.0,0.41250675916671753,180.0
50.0,False,True,0.0,3.9974310398101807,0.0,1.5024406909942627,9.0,0.3987441658973694,180.0
50.0,False,True,0.0,3.6000540256500244,0.0,0.8277866840362549,5.0,0.4088982939720154,180.0
50.0,False,True,0.0,3.7562966346740723,0.0,1.4491996765136719,5.0,0.4047882854938507,180.0
50.0,False,True,0.0,3.4794156551361084,0.0,0.9821460843086243,5.0,0.41755983233451843,180.0
50.0,False,True,0.0,3.284497022628784,0.0,1.3782016038894653,6.0,0.41492754220962524,180.0
50.0,False,True,0.0,3.4645280838012695,0.0,1.632724404335022,7.0,0.4122523069381714,180.0
50.0,False,True,0.0,3.9546804428100586,0.0,1.2262386083602905,3.0,0.43517717719078064,180.0
50.0,False,True,0.0,3.601576805114746,0.0,0.8935049176216125,3.0,0.43419432640075684,180.0
50.0,False,True,0.0,3.6121623516082764,0.0,1.5584807395935059,5.0,0.40803059935569763,180.0
50.0,False,True,0.0,3.285212278366089,0.0,0.7890368700027466,5.0,0.34387144446372986,180.0
50.0,False,True,0.0,5.157081604003906,0.0,0.956871509552002,5.0,0.3203711211681366,180.0
50.0,False,True,0.0,3.847357988357544,0.0,0.7330477833747864,9.0,0.4495975375175476,180.0
50.0,False,True,0.0,3.211686134338379,0.0,1.0579372644424438,6.0,0.3721456229686737,180.0
50.0,False,True,0.0,3.7558276653289795,0.0,1.3192592859268188,5.0,0.4056417644023895,180.0
50.0,False,True,0.0,5.820899486541748,0.0,1.467535138130188,11.0,0.3425185978412628,180.0
50.0,False,True,0.0,4.711019515991211,0.0,1.6996477842330933,14.0,0.37218356132507324,180.0
50.0,False,True,0.0,4.874154090881348,0.0,1.1186264753341675,5.0,0.342550665140152,180.0
50.0,False,True,0.0,3.2557601928710938,0.0,1.4057872295379639,9.0,0.3777308762073517,180.0
50.0,False,True,0.0,3.323310375213623,0.0,0.8036552667617798,6.0,0.38973289728164673,180.0
50.0,False,True,0.0,3.5543506145477295,0.0,0.7422173023223877,4.0,0.4209524095058441,180.0
50.0,False,True,0.0,4.318469524383545,0.0,0.7618157863616943,2.0,0.46220338344573975,180.0
50.0,False,True,0.0,5.855747699737549,0.0,1.6794732809066772,7.0,0.32542040944099426,180.0
50.0,False,True,0.0,3.5947747230529785,0.0,1.1873416900634766,7.0,0.32350748777389526,180.0
50.0,False,True,0.0,3.7076590061187744,0.0,1.5019841194152832,11.0,0.4256298840045929,180.0
50.0,False,True,0.0,4.892928123474121,0.0,0.9397234320640564,3.0,0.3772476613521576,180.0
50.0,False,True,0.0,4.979804515838623,0.0,1.7051963806152344,14.0,0.3515933156013489,180.0
50.0,False,True,0.0,3.115018844604492,0.0,0.8013049364089966,4.0,0.3887346386909485,180.0
50.0,False,True,0.0,4.043703556060791,0.0,1.0554295778274536,4.0,0.4007120728492737,180.0
50.0,False,True,0.0,3.8002967834472656,0.0,1.3501839637756348,5.0,0.399922251701355,180.0
50.0,False,True,0.0,5.373010635375977,0.0,0.9776470065116882,6.0,0.4103090167045593,180.0
50.0,False,True,0.0,4.389276504516602,0.0,1.5000145435333252,14.0,0.34816399216651917,180.0
50.0,False,True,0.0,3.2569024562835693,0.0,0.7972940802574158,4.0,0.3819066882133484,180.0
50.0,False,True,0.0,3.1634738445281982,0.0,1.0060862302780151,8.0,0.41739001870155334,180.0
50.0,False,True,0.0,3.0807044506073,0.0,0.703328013420105,5.0,0.39491531252861023,180.0
50.0,False,True,0.0,5.306811332702637,0.0,1.6332184076309204,13.0,0.343420147895813,180.0
50.0,False,True,0.0,4.1203203201293945,0.0,0.6904484033584595,12.0,0.47100213170051575,180.0
50.0,False,True,0.0,4.656482696533203,0.0,0.9236347079277039,6.0,0.408389151096344,180.0
50.0,False,True,0.0,3.599020481109619,0.0,0.806131899356842,6.0,0.46837306022644043,180.0
50.0,False,True,0.0,5.167177677154541,0.0,1.7798160314559937,14.0,0.33261725306510925,180.0
50.0,False,True,0.0,3.8004512786865234,0.0,0.95647794008255,6.0,0.3304685652256012,180.0
50.0,False,True,0.0,4.391729831695557,0.0,0.856362521648407,7.0,0.38902994990348816,180.0
50.0,False,True,0.0,3.588287353515625,0.0,1.5992295742034912,14.0,0.3815118074417114,180.0
50.0,False,True,0.0,4.698487758636475,0.0,0.9888381361961365,6.0,0.3389238715171814,180.0
50.0,False,True,0.0,5.415116310119629,0.0,1.6626750230789185,6.0,0.32041528820991516,180.0
50.0,False,True,0.0,3.208759069442749,0.0,0.8495675921440125,4.0,0.3579142093658447,180.0
50.0,False,True,0.0,3.5689187049865723,0.0,1.0865780115127563,5.0,0.365740031003952,180.0
50.0,False,True,0.0,3.41288685798645,0.0,1.104910135269165,5.0,0.40882840752601624,180.0
50.0,False,True,0.0,3.4294257164001465,0.0,0.908088207244873,5.0,0.346730500459671,180.0
50.0,False,True,0.0,4.344289779663086,0.0,1.254957675933838,8.0,0.3235534727573395,180.0
50.0,False,True,0.0,4.966527938842773,0.0,0.9995855689048767,4.0,0.3695303201675415,180.0
50.0,False,True,0.0,3.1975128650665283,0.0,0.9425907135009766,6.0,0.39378708600997925,180.0
50.0,False,True,0.0,4.4312005043029785,0.0,1.562454104423523,14.0,0.36819592118263245,180.0
50.0,False,True,0.0,3.958244562149048,0.0,0.8075568675994873,3.0,0.37590351700782776,180.0
50.0,False,True,0.0,4.789620399475098,0.0,1.5299971103668213,14.0,0.3261164128780365,180.0
50.0,False,True,0.0,5.47106409072876,0.0,2.02207612991333,5.0,0.5522354245185852,270.0
50.0,False,True,0.0,5.789499282836914,0.0,0.9039804935455322,3.0,0.5513789653778076,270.0
50.0,False,True,0.0,4.864618301391602,0.0,0.7583784461021423,9.0,0.4757404625415802,270.0
50.0,False,True,0.0,3.838747024536133,0.0,0.7863161563873291,9.0,0.4749910533428192,270.0
50.0,False,True,0.0,3.211381196975708,0.0,0.7544419169425964,9.0,0.46807119250297546,270.0
50.0,False,True,0.0,3.5835368633270264,0.0,1.0641732215881348,6.0,0.4473758935928345,270.0
50.0,False,True,0.0,5.987331867218018,0.0,1.3673806190490723,10.0,0.4963841736316681,270.0
50.0,False,True,0.0,3.689925193786621,0.0,0.8099172115325928,4.0,0.5155563354492188,270.0
50.0,False,True,0.0,5.809237003326416,0.0,1.1987279653549194,7.0,0.4945067763328552,270.0
50.0,False,True,0.0,3.6105358600616455,0.0,0.716204047203064,5.0,0.5089743733406067,270.0
50.0,False,True,0.0,4.886998653411865,0.0,1.5024349689483643,9.0,0.48074871301651,270.0
50.0,False,True,0.0,5.362752914428711,0.0,0.8282732963562012,5.0,0.49454718828201294,270.0
50.0,False,True,0.0,4.021120548248291,0.0,1.4491909742355347,5.0,0.46131613850593567,270.0
50.0,False,True,0.0,3.5851757526397705,0.0,0.9821417927742004,5.0,0.5447875261306763,270.0
50.0,False,True,0.0,4.611846446990967,0.0,1.3786041736602783,6.0,0.4741021394729614,270.0
50.0,False,True,0.0,4.808072090148926,0.0,1.6327236890792847,7.0,0.5280997157096863,270.0
50.0,False,True,0.0,4.219186782836914,0.0,1.226231336593628,3.0,0.5356236696243286,270.0
50.0,False,True,0.0,3.4442942142486572,0.0,0.8934999108314514,3.0,0.5211349725723267,270.0
50.0,False,True,0.0,4.8082756996154785,0.0,1.5584908723831177,5.0,0.495128870010376,270.0
50.0,False,True,0.0,5.419746398925781,0.0,0.7890306115150452,5.0,0.5126375555992126,270.0
50.0,False,True,0.0,6.021154880523682,0.0,0.9568593502044678,5.0,0.46899139881134033,270.0
50.0,False,True,0.0,3.945509195327759,0.0,0.7330496907234192,9.0,0.5146699547767639,270.0
50.0,False,True,0.0,4.541224956512451,0.0,1.0578726530075073,6.0,0.4658692181110382,270.0
50.0,False,True,0.0,3.9492299556732178,0.0,1.319268822669983,5.0,0.48719465732574463,270.0
50.0,False,True,0.0,6.550775051116943,0.0,1.467536211013794,11.0,0.4719807505607605,270.0
50.0,False,True,0.0,5.727552890777588,0.0,1.6996649503707886,14.0,0.49390408396720886,270.0
50.0,False,True,0.0,6.244096755981445,0.0,1.1322264671325684,5.0,0.49079516530036926,270.0
50.0,False,True,0.0,4.836265563964844,0.0,1.405738353729248,9.0,0.47186279296875,270.0
50.0,False,True,0.0,4.963292598724365,0.0,0.8036563396453857,6.0,0.4974878132343292,270.0
50.0,False,True,0.0,3.4074900150299072,0.0,0.7422199845314026,4.0,0.48246636986732483,270.0
50.0,False,True,0.0,4.210451126098633,0.0,0.7618151903152466,2.0,0.5135149359703064,270.0
50.0,False,True,0.0,6.563276767730713,0.0,1.6794794797897339,7.0,0.5097334384918213,270.0
50.0,False,True,0.0,5.328993320465088,0.0,1.1873393058776855,7.0,0.4838019013404846,270.0
50.0,False,True,0.0,4.508802890777588,0.0,1.5019772052764893,11.0,0.5114035606384277,270.0
50.0,False,True,0.0,6.111060619354248,0.0,0.939734697341919,3.0,0.4935694932937622,270.0
50.0,False,True,0.0,5.836704730987549,0.0,1.7052083015441895,14.0,0.5295478105545044,270.0
50.0,False,True,0.0,3.638949394226074,0.0,0.8013215065002441,4.0,0.5170619487762451,270.0
50.0,False,True,0.0,5.629079341888428,0.0,1.0554317235946655,4.0,0.499748170375824,270.0
50.0,False,True,0.0,4.335714817047119,0.0,1.350170612335205,5.0,0.48736488819122314,270.0
50.0,False,True,0.0,4.935822486877441,0.0,0.9776484966278076,6.0,0.4689399302005768,270.0
50.0,False,True,0.0,5.757927894592285,0.0,1.5000085830688477,14.0,0.4842919111251831,270.0
50.0,False,True,0.0,3.7158355712890625,0.0,0.7973032593727112,4.0,0.46658453345298767,270.0
50.0,False,True,0.0,4.996575355529785,0.0,1.006077527999878,8.0,0.48836567997932434,270.0
50.0,False,True,0.0,4.969013214111328,0.0,0.7033331990242004,5.0,0.5425766110420227,270.0
50.0,False,True,0.0,6.043351650238037,0.0,1.6332191228866577,13.0,0.49107611179351807,270.0
50.0,False,True,0.0,3.7963271141052246,0.0,0.6904460787773132,12.0,0.5020813345909119,270.0
50.0,False,True,0.0,6.2944159507751465,0.0,0.9236340522766113,6.0,0.4969804286956787,270.0
50.0,False,True,0.0,4.287564754486084,0.0,0.8061246275901794,6.0,0.4863319993019104,270.0
50.0,False,True,0.0,6.265944004058838,0.0,1.7798130512237549,14.0,0.5223939418792725,270.0
50.0,False,True,0.0,5.348483085632324,0.0,0.9564765691757202,6.0,0.4831693470478058,270.0
50.0,False,True,0.0,5.921920299530029,0.0,0.8563581705093384,7.0,0.49507397413253784,270.0
50.0,False,True,0.0,5.069331645965576,0.0,1.5992236137390137,14.0,0.4567946493625641,270.0
50.0,False,True,0.0,5.834151268005371,0.0,0.9888356924057007,6.0,0.5222269892692566,270.0
50.0,False,True,0.0,6.00276517868042,0.0,1.6626691818237305,6.0,0.5097595453262329,270.0
50.0,False,True,0.0,5.2420573234558105,0.0,0.8477827310562134,4.0,0.5061801671981812,270.0
50.0,False,True,0.0,4.321371555328369,0.0,1.0865741968154907,5.0,0.4781883955001831,270.0
50.0,False,True,0.0,3.5432610511779785,0.0,1.104896068572998,5.0,0.4894985258579254,270.0
50.0,False,True,0.0,5.305075645446777,0.0,0.9080870151519775,5.0,0.4992462396621704,270.0
50.0,False,True,0.0,5.835293769836426,0.0,1.2549515962600708,8.0,0.47940996289253235,270.0
50.0,False,True,0.0,6.268446445465088,0.0,0.9994586706161499,4.0,0.5296264886856079,270.0
50.0,False,True,0.0,3.523256540298462,0.0,0.9426052570343018,6.0,0.456834614276886,270.0
50.0,False,True,0.0,5.679718971252441,0.0,1.5625033378601074,14.0,0.47538331151008606,270.0
50.0,False,True,0.0,5.789295673370361,0.0,0.8075259327888489,3.0,0.566702127456665,270.0
50.0,False,True,0.0,5.955456256866455,0.0,1.5299912691116333,14.0,0.5000762343406677,270.0
100.0,False,True,0.0,6.678671836853027,0.0,2.02207350730896,5.0,0.5704252123832703,0.0
100.0,False,True,0.0,6.337843894958496,0.0,0.901812732219696,3.0,0.7059427499771118,0.0
100.0,False,True,0.0,7.16187858581543,0.0,0.7583722472190857,9.0,0.5971645712852478,0.0
100.0,False,True,0.0,5.343094825744629,0.0,0.7863155603408813,9.0,0.4969201385974884,0.0
100.0,False,True,0.0,4.699904441833496,0.0,0.7544451355934143,9.0,0.5296478271484375,0.0
100.0,False,True,0.0,5.983892917633057,0.0,1.0641889572143555,6.0,0.44968464970588684,0.0
100.0,False,True,0.0,5.991291522979736,0.0,1.3666125535964966,9.0,0.45549336075782776,0.0
100.0,False,True,0.0,4.666736125946045,0.0,0.8099160194396973,4.0,0.5066108107566833,0.0
100.0,False,True,0.0,5.851729869842529,0.0,1.1987366676330566,7.0,0.4811147153377533,0.0
100.0,False,True,0.0,5.474644660949707,0.0,0.7162052392959595,5.0,0.4978041648864746,0.0
100.0,False,True,0.0,6.2213544845581055,0.0,1.5024417638778687,9.0,0.46046364307403564,0.0
100.0,False,True,0.0,6.691081523895264,0.0,0.8277862668037415,5.0,0.6750101447105408,0.0
100.0,False,True,0.0,6.838736057281494,0.0,1.4491842985153198,5.0,0.4886656701564789,0.0
100.0,False,True,0.0,6.564441204071045,0.0,0.9821539521217346,5.0,0.6227015852928162,0.0
100.0,False,True,0.0,6.128294944763184,0.0,1.3746098279953003,6.0,0.5004649758338928,0.0
100.0,False,True,0.0,6.199856758117676,0.0,1.632719874382019,7.0,0.5368489027023315,0.0
100.0,False,True,0.0,6.037866592407227,0.0,1.2262386083602905,3.0,0.7177051305770874,0.0
100.0,False,True,0.0,6.006258487701416,0.0,0.8877754211425781,3.0,0.6219614744186401,0.0
100.0,False,True,0.0,6.75946569442749,0.0,1.558498501777649,5.0,0.5394102334976196,0.0
100.0,False,True,0.0,5.825275421142578,0.0,0.7890374064445496,5.0,0.5138843655586243,0.0
100.0,False,True,0.0,6.2381911277771,0.0,0.9568594098091125,5.0,0.5027356147766113,0.0
100.0,False,True,0.0,4.896890163421631,0.0,0.7330517768859863,9.0,0.5169531106948853,0.0
100.0,False,True,0.0,5.570210933685303,0.0,1.0579235553741455,6.0,0.46700677275657654,0.0
100.0,False,True,0.0,6.580970287322998,0.0,1.3192687034606934,5.0,0.5208634734153748,0.0
100.0,False,True,0.0,6.391263961791992,0.0,1.467531681060791,11.0,0.5313870906829834,0.0
100.0,False,True,0.0,6.423426151275635,0.0,1.699653148651123,14.0,0.461487352848053,0.0
100.0,False,True,0.0,5.533145427703857,0.0,1.1322284936904907,5.0,0.5552127361297607,0.0
100.0,False,True,0.0,5.895114421844482,0.0,1.405734896659851,9.0,0.5045534372329712,0.0
100.0,False,True,0.0,5.951340198516846,0.0,0.8036535382270813,6.0,0.5529930591583252,0.0
100.0,False,True,0.0,4.451750755310059,0.0,0.7423071265220642,4.0,0.503807783126831,0.0
100.0,False,True,0.0,4.218072414398193,0.0,0.7618100047111511,2.0,0.5295136570930481,0.0
100.0,False,True,0.0,7.120341777801514,0.0,1.6794748306274414,7.0,0.491531640291214,0.0
100.0,False,True,0.0,5.529495716094971,0.0,1.1873557567596436,7.0,0.4876319169998169,0.0
100.0,False,True,0.0,6.592849254608154,0.0,1.501991868019104,11.0,0.5994706749916077,0.0
100.0,False,True,0.0,6.0613274574279785,0.0,0.938427746295929,7.0,0.5532476305961609,0.0
100.0,False,True,0.0,6.052103042602539,0.0,1.705208420753479,14.0,0.4850795567035675,0.0
100.0,False,True,0.0,5.432241916656494,0.0,0.8013164401054382,4.0,0.5764003396034241,0.0
100.0,False,True,0.0,7.09356689453125,0.0,1.0554291009902954,4.0,0.6108962893486023,0.0
100.0,False,True,0.0,6.585885047912598,0.0,1.350151538848877,5.0,0.5205808281898499,0.0
100.0,False,True,0.0,5.057607650756836,0.00023318528837990016,0.9776469469070435,6.0,0.7073957324028015,0.0
100.0,False,True,0.0,6.090366363525391,0.0,1.500015139579773,14.0,0.46803179383277893,0.0
100.0,False,True,0.0,4.692605018615723,0.0,0.7973060607910156,4.0,0.5009315013885498,0.0
100.0,False,True,0.0,5.123767852783203,0.0,1.0060875415802002,8.0,0.4367382228374481,0.0
100.0,False,True,0.0,6.025548934936523,0.0,0.7033306956291199,5.0,0.5224093198776245,0.0
100.0,False,True,0.0,6.6872992515563965,0.0,1.6332241296768188,13.0,0.48306959867477417,0.0
100.0,False,True,0.0,4.6735310554504395,0.0,0.6904476881027222,12.0,0.5224879384040833,0.0
100.0,False,True,0.0,6.668092727661133,0.0,0.9236344695091248,6.0,0.6694256067276001,0.0
100.0,False,True,0.0,6.645200729370117,2.4020671844482422e-05,0.8061294555664062,6.0,0.6190146803855896,0.0
100.0,False,True,0.0,6.278666019439697,0.0,1.7798100709915161,14.0,0.48211660981178284,0.0
100.0,False,True,0.0,4.943833351135254,0.0,0.9564904570579529,6.0,0.4809902608394623,0.0
100.0,False,True,0.0,7.608986854553223,0.0,0.856365978717804,7.0,0.575000524520874,0.0
100.0,False,True,0.0,6.365195274353027,0.0,1.5992112159729004,14.0,0.483203262090683,0.0
100.0,False,True,0.0,5.6856513023376465,0.0,0.9888450503349304,6.0,0.5052469372749329,0.0
100.0,False,True,0.0,6.575664043426514,0.0,1.6626759767532349,6.0,0.46737921237945557,0.0
100.0,False,True,0.0,5.620612621307373,0.0,0.8495624661445618,4.0,0.5199018120765686,0.0
100.0,False,True,0.0,5.692300796508789,0.0,1.08658766746521,5.0,0.5187438726425171,0.0
100.0,False,True,0.0,5.681478977203369,0.0,1.1049076318740845,5.0,0.4996250867843628,0.0
100.0,False,True,0.0,5.062098979949951,0.0,0.9080936908721924,5.0,0.4983920454978943,0.0
100.0,False,True,0.0,5.762556076049805,0.0,1.25494384765625,8.0,0.4954494535923004,0.0
100.0,False,True,0.0,6.327471733093262,0.0,0.9994514584541321,4.0,0.6209563612937927,0.0
100.0,False,True,0.0,5.418045997619629,0.0,0.9426146149635315,6.0,0.45823806524276733,0.0
100.0,False,True,0.0,6.153260707855225,0.0,1.5625075101852417,14.0,0.4541991651058197,0.0
100.0,False,True,0.0,6.903875350952148,0.0,0.8057126402854919,3.0,0.6252864599227905,0.0
100.0,False,True,0.0,6.025516510009766,0.0,1.5299965143203735,14.0,0.49181199073791504,0.0
100.0,False,True,0.0,5.328331470489502,0.0,2.0220770835876465,5.0,0.27907419204711914,90.0
100.0,False,True,0.0,3.733919382095337,0.0,0.9018107056617737,3.0,0.3238604962825775,90.0
100.0,False,True,0.0,3.4986634254455566,0.0,0.7583797574043274,9.0,0.41147440671920776,90.0
100.0,False,True,0.0,6.8325958251953125,0.0,0.7863138318061829,9.0,0.4417676031589508,90.0
100.0,False,True,0.0,6.957281112670898,0.0,0.7544409036636353,9.0,0.3777366280555725,90.0
100.0,False,True,0.0,5.359572887420654,0.0,1.064173936843872,6.0,0.4002784490585327,90.0
100.0,False,True,0.0,5.228096961975098,0.0,1.3666244745254517,9.0,0.30703824758529663,90.0
100.0,False,True,0.0,7.010561943054199,0.0,0.8099148273468018,4.0,0.4027249217033386,90.0
100.0,False,True,0.0,4.6026201248168945,0.0,1.1987193822860718,7.0,0.3228110671043396,90.0
100.0,False,True,0.0,5.630680561065674,0.0,0.7162045836448669,5.0,0.3961031436920166,90.0
100.0,False,True,0.0,4.5139265060424805,0.0,1.5023796558380127,9.0,0.35306358337402344,90.0
100.0,False,True,0.0,3.9029438495635986,0.0,0.8277901411056519,5.0,0.3413770794868469,90.0
100.0,False,True,0.0,5.326897144317627,0.0,1.4491900205612183,5.0,0.35037869215011597,90.0
100.0,False,True,0.0,5.679132461547852,0.0,0.9821518063545227,5.0,0.4062236547470093,90.0
100.0,False,True,0.0,4.345010757446289,0.0,1.378592848777771,6.0,0.3660985827445984,90.0
100.0,False,True,0.0,4.489822864532471,0.0,1.6327204704284668,7.0,0.30351758003234863,90.0
100.0,False,True,0.0,5.144566059112549,0.0,1.2262228727340698,3.0,0.40005171298980713,90.0
100.0,False,True,0.0,4.821538925170898,0.0,0.8935031890869141,3.0,0.4029424488544464,90.0
100.0,False,True,0.0,4.911909580230713,0.0,1.5584983825683594,5.0,0.33381107449531555,90.0
100.0,False,True,0.0,3.931039810180664,0.0,0.7890365719795227,5.0,0.3476701080799103,90.0
100.0,False,True,0.0,5.6623358726501465,0.0,0.956869900226593,5.0,0.34992390871047974,90.0
100.0,False,True,0.0,6.700952053070068,0.0,0.7330524921417236,9.0,0.4315955936908722,90.0
100.0,False,True,0.0,4.613374710083008,0.0,1.0578837394714355,6.0,0.3658527135848999,90.0
100.0,False,True,0.0,5.728271484375,0.0,1.3192601203918457,5.0,0.3411988914012909,90.0
100.0,False,True,0.0,5.82466983795166,0.0,1.4675310850143433,11.0,0.3063727617263794,90.0
100.0,False,True,0.0,5.5394816398620605,0.0,1.699653148651123,14.0,0.2922757565975189,90.0
100.0,False,True,0.0,4.891566276550293,0.0,1.1322270631790161,5.0,0.2923204004764557,90.0
100.0,False,True,0.0,4.200811386108398,0.0,1.405788779258728,9.0,0.33054497838020325,90.0
100.0,False,True,0.0,4.708815574645996,0.0,0.8036578893661499,6.0,0.3215305507183075,90.0
100.0,False,True,0.0,6.308510780334473,0.0,0.7422174215316772,4.0,0.4186207056045532,90.0
100.0,False,True,0.0,6.840198516845703,0.0,0.7618170976638794,2.0,0.43257567286491394,90.0
100.0,False,True,0.0,6.28562593460083,0.0,1.6794726848602295,7.0,0.29055914282798767,90.0
100.0,False,True,0.0,4.1662163734436035,0.0,1.18734610080719,7.0,0.30505579710006714,90.0
100.0,False,True,0.0,5.828773498535156,0.0,1.501987099647522,11.0,0.3584877550601959,90.0
100.0,False,True,0.0,5.042398929595947,0.0,0.9397279620170593,3.0,0.30527594685554504,90.0
100.0,False,True,0.0,5.486301898956299,0.0,1.7052072286605835,14.0,0.2664252817630768,90.0
100.0,False,True,0.0,5.556825160980225,0.0,0.8013119697570801,4.0,0.38604938983917236,90.0
100.0,False,True,0.0,4.0713582038879395,0.0,1.0554273128509521,4.0,0.4131678640842438,90.0
100.0,False,True,0.0,5.036839962005615,0.0,1.3501766920089722,5.0,0.3526596426963806,90.0
100.0,False,True,0.0,6.633681774139404,0.0,0.9776514172554016,6.0,0.42091041803359985,90.0
100.0,False,True,0.0,4.778728485107422,0.0,1.500011920928955,14.0,0.31498023867607117,90.0
100.0,False,True,0.0,5.946035385131836,0.0,0.7972989678382874,4.0,0.3692770004272461,90.0
100.0,False,True,0.0,4.067605018615723,0.0,1.0060826539993286,8.0,0.3958965241909027,90.0
100.0,False,True,0.0,4.165087699890137,0.0,0.7033284902572632,5.0,0.37202462553977966,90.0
100.0,False,True,0.0,5.392160415649414,0.0,1.6332200765609741,13.0,0.311191201210022,90.0
100.0,False,True,0.0,6.020764350891113,0.0,0.690447211265564,12.0,0.47077345848083496,90.0
100.0,False,True,0.0,4.286559581756592,0.0,0.9236191511154175,6.0,0.3241712152957916,90.0
100.0,False,True,0.0,4.603811740875244,0.0,0.8061228394508362,6.0,0.4263916313648224,90.0
100.0,False,True,0.0,5.78557014465332,0.0,1.7798473834991455,14.0,0.26155903935432434,90.0
100.0,False,True,0.0,4.514577388763428,0.0,0.9564825296401978,6.0,0.34118324518203735,90.0
100.0,False,True,0.0,4.173074245452881,0.0,0.8563631176948547,7.0,0.37101125717163086,90.0
100.0,False,True,0.0,4.68454122543335,0.0,1.5992351770401,14.0,0.32280027866363525,90.0
100.0,False,True,0.0,5.252886772155762,0.0,0.9888384342193604,6.0,0.32511699199676514,90.0
100.0,False,True,0.0,5.748456954956055,0.0,1.6626683473587036,6.0,0.3086434602737427,90.0
100.0,False,True,0.0,3.665006637573242,0.0,0.8477835059165955,4.0,0.3630775809288025,90.0
100.0,False,True,0.0,5.565001487731934,0.0,1.0868788957595825,5.0,0.32121822237968445,90.0
100.0,False,True,0.0,5.701555252075195,0.0,1.1048966646194458,5.0,0.35000181198120117,90.0
100.0,False,True,0.0,4.01629638671875,0.0,0.9080846905708313,5.0,0.3381136953830719,90.0
100.0,False,True,0.0,4.9154582023620605,0.0,1.25496244430542,8.0,0.2902659773826599,90.0
100.0,False,True,0.0,4.994850158691406,0.0,0.9995896220207214,4.0,0.30157625675201416,90.0
100.0,False,True,0.0,5.4341535568237305,0.0,0.942606508731842,6.0,0.40723466873168945,90.0
100.0,False,True,0.0,5.216841220855713,0.0,1.562504768371582,14.0,0.31353428959846497,90.0
100.0,False,True,0.0,4.365248203277588,0.0,0.8075302243232727,3.0,0.36179083585739136,90.0
100.0,False,True,0.0,5.32744836807251,0.0,1.5299949645996094,14.0,0.3134552538394928,90.0
100.0,False,True,0.0,4.553458213806152,0.0,2.0220818519592285,5.0,0.6504616737365723,180.0
100.0,False,True,0.0,4.1512885093688965,0.0,0.9018076062202454,3.0,0.6115223169326782,180.0
100.0,False,True,0.0,4.207472801208496,0.0,0.7583720684051514,9.0,0.6543775200843811,180.0
100.0,False,True,0.0,4.165370464324951,0.0,0.7863124012947083,9.0,0.6782787442207336,180.0
100.0,False,True,0.0,3.27309250831604,0.0,0.7544463872909546,9.0,0.6595656275749207,180.0
100.0,False,True,0.0,3.523589611053467,0.0,1.064171314239502,6.0,0.6779104471206665,180.0
100.0,False,True,0.0,4.520040988922119,0.0,1.3666201829910278,9.0,0.6272727847099304,180.0
100.0,False,True,0.0,3.79988431930542,0.0,0.8099194169044495,4.0,0.7116671800613403,180.0
100.0,False,True,0.0,4.298513889312744,0.0,1.198732852935791,7.0,0.649849534034729,180.0
100.0,False,True,0.0,3.0933876037597656,0.0,0.7162044048309326,5.0,0.6680764555931091,180.0
100.0,False,True,0.0,3.973649501800537,0.0,1.502440333366394,9.0,0.6796374320983887,180.0
100.0,False,True,0.0,3.8763620853424072,0.0,0.8277871012687683,5.0,0.5880898237228394,180.0
100.0,False,True,0.0,3.7111432552337646,0.0,1.4491924047470093,5.0,0.6655178070068359,180.0
100.0,False,True,0.0,3.9879651069641113,0.0,0.9821395874023438,5.0,0.6298854947090149,180.0
100.0,False,True,0.0,3.1968395709991455,0.0,1.3825641870498657,8.0,0.6824144721031189,180.0
100.0,False,True,0.0,3.4374661445617676,0.0,1.6327292919158936,7.0,0.6938889622688293,180.0
100.0,False,True,0.0,4.561367034912109,0.0,1.2262284755706787,3.0,0.6252689361572266,180.0
100.0,False,True,0.0,4.413484573364258,0.0,0.8935080170631409,3.0,0.6580992341041565,180.0
100.0,False,True,0.0,3.5991294384002686,0.0,1.5584973096847534,5.0,0.6652416586875916,180.0
100.0,False,True,0.0,3.3211886882781982,0.0,0.7888681292533875,5.0,0.5787367224693298,180.0
100.0,False,True,0.0,5.1421661376953125,0.0,0.9568637609481812,5.0,0.5964152812957764,180.0
100.0,False,True,0.0,3.7738754749298096,0.0,0.733053982257843,9.0,0.7058919072151184,180.0
100.0,False,True,0.0,3.136563539505005,0.0,1.0578757524490356,6.0,0.6563448309898376,180.0
100.0,False,True,0.0,3.7848591804504395,0.0,1.3192722797393799,5.0,0.6719884276390076,180.0
100.0,False,True,0.0,5.363410472869873,0.0,1.4675343036651611,11.0,0.5907689929008484,180.0
100.0,False,True,0.0,4.70357084274292,0.0,1.6996588706970215,14.0,0.6547161936759949,180.0
100.0,False,True,0.0,4.690893173217773,0.0,1.132230520248413,5.0,0.5792027711868286,180.0
100.0,False,True,0.0,3.2354929447174072,0.0,1.4057376384735107,9.0,0.6767868995666504,180.0
100.0,False,True,0.0,2.968012809753418,0.0,0.8036493062973022,6.0,0.6285685896873474,180.0
100.0,False,True,0.0,3.9601731300354004,0.0,0.7423133850097656,4.0,0.6840229034423828,180.0
100.0,False,True,0.0,4.686297416687012,0.0,0.7618111968040466,2.0,0.7158423662185669,180.0
100.0,False,True,0.0,5.893817901611328,0.0,1.679479718208313,7.0,0.580336332321167,180.0
100.0,False,True,0.0,3.6855175495147705,0.0,1.1873403787612915,7.0,0.6168215870857239,180.0
100.0,False,True,0.0,3.6304380893707275,0.0,1.5021592378616333,11.0,0.672066330909729,180.0
100.0,False,True,0.0,4.66564416885376,0.0,0.9397177696228027,3.0,0.5964553356170654,180.0
100.0,False,True,0.0,4.951871871948242,0.0,1.7052061557769775,14.0,0.6369915008544922,180.0
100.0,False,True,0.0,3.4922778606414795,0.0,0.8013179302215576,4.0,0.6385283470153809,180.0
100.0,False,True,0.0,4.822798728942871,0.0,1.055425763130188,4.0,0.60927814245224,180.0
100.0,False,True,0.0,3.7531681060791016,0.0,1.3501452207565308,5.0,0.664216160774231,180.0
100.0,False,True,0.0,5.761841297149658,0.0,0.9776492118835449,6.0,0.6241858601570129,180.0
100.0,False,True,0.0,4.361252784729004,0.0,1.5000126361846924,14.0,0.6507135033607483,180.0
100.0,False,True,0.0,2.907777786254883,0.0,0.7972974181175232,4.0,0.6736275553703308,180.0
100.0,False,True,0.0,3.1185991764068604,0.0,1.00608229637146,8.0,0.6995018124580383,180.0
100.0,False,True,0.0,3.240994453430176,0.0,0.7033364772796631,5.0,0.65537428855896,180.0
100.0,False,True,0.0,5.001003742218018,0.0,1.63321852684021,13.0,0.6052835583686829,180.0
100.0,False,True,0.0,4.429388046264648,0.0,0.6904484629631042,12.0,0.69969242811203,180.0
100.0,False,True,0.0,4.772575378417969,0.0,0.9236338138580322,6.0,0.589306116104126,180.0
100.0,False,True,0.0,4.203934192657471,0.0,0.8061315417289734,6.0,0.6785422563552856,180.0
100.0,False,True,0.0,5.074817180633545,0.0,1.7798495292663574,14.0,0.6174649000167847,180.0
100.0,False,True,0.0,3.7544198036193848,0.0,0.9564787149429321,6.0,0.6298654079437256,180.0
100.0,False,True,0.0,4.918765544891357,0.0,0.8563657999038696,7.0,0.6213703751564026,180.0
100.0,False,True,0.0,3.58129620552063,0.0,1.5992355346679688,14.0,0.672800600528717,180.0
100.0,False,True,0.0,4.6199517250061035,0.0,0.988841712474823,6.0,0.5812626481056213,180.0
100.0,False,True,0.0,5.457615375518799,0.0,1.662671685218811,6.0,0.5678722262382507,180.0
100.0,False,True,0.0,3.485543727874756,0.0,0.8495654463768005,4.0,0.6359450817108154,180.0
100.0,False,True,0.0,3.371039628982544,0.0,1.0865837335586548,5.0,0.6558212041854858,180.0
100.0,False,True,0.0,3.4216525554656982,0.0,1.104914665222168,5.0,0.6837710738182068,180.0
100.0,False,True,0.0,3.4321649074554443,0.0,0.908092737197876,5.0,0.6106536984443665,180.0
100.0,False,True,0.0,4.284548759460449,0.0,1.254960060119629,8.0,0.6160404086112976,180.0
100.0,False,True,0.0,4.757693290710449,0.0,0.9994562268257141,4.0,0.557117760181427,180.0
100.0,False,True,0.0,3.1944503784179688,0.0,0.9425978064537048,6.0,0.6743873357772827,180.0
100.0,False,True,0.0,4.4845404624938965,0.0,1.5625076293945312,14.0,0.6545960903167725,180.0
100.0,False,True,0.0,4.257172107696533,0.0,0.8075305223464966,3.0,0.5906192660331726,180.0
100.0,False,True,0.0,4.456060886383057,0.0,1.5299954414367676,14.0,0.6293997764587402,180.0
100.0,False,True,0.0,6.61037540435791,0.0,2.0220654010772705,5.0,0.8971615433692932,270.0
100.0,False,True,0.0,7.096580505371094,0.0,0.9018166065216064,3.0,0.7927380204200745,270.0
100.0,False,True,0.0,6.7718729972839355,0.0,0.7583686709403992,9.0,0.6829392313957214,270.0
100.0,False,True,0.0,3.90073561668396,0.0,0.7863185405731201,9.0,0.7202847599983215,270.0
100.0,False,True,0.0,4.790478706359863,0.0,0.7544431090354919,9.0,0.7575804591178894,270.0
100.0,False,True,0.0,4.489386081695557,0.0,1.0641708374023438,6.0,0.7104726433753967,270.0
100.0,False,True,0.0,6.725928783416748,0.0,1.3673793077468872,10.0,0.8105765581130981,270.0
100.0,False,True,0.0,3.9594311714172363,0.0,0.8099168539047241,4.0,0.7719637155532837,270.0
100.0,False,True,0.0,6.313698768615723,0.0,1.1987204551696777,7.0,0.7717196345329285,270.0
100.0,False,True,0.0,5.223222255706787,0.0,0.7162158489227295,5.0,0.7889761924743652,270.0
100.0,False,True,0.0,5.112934589385986,0.0,1.5024383068084717,9.0,0.7539154291152954,270.0
100.0,False,True,0.0,6.724237442016602,0.0,0.8277884125709534,5.0,0.7546901702880859,270.0
100.0,False,True,0.0,4.775160312652588,0.0,1.4491897821426392,5.0,0.760172426700592,270.0
100.0,False,True,0.0,5.276966094970703,0.0,0.9821452498435974,5.0,0.8029094338417053,270.0
100.0,False,True,0.0,5.1649017333984375,0.0,1.378206491470337,6.0,0.7508092522621155,270.0
100.0,False,True,0.0,5.702861309051514,0.0,1.6327247619628906,7.0,0.8256983757019043,270.0
100.0,False,True,0.0,5.956575393676758,0.0,1.2262239456176758,3.0,0.7754939794540405,270.0
100.0,False,True,0.0,4.784709930419922,0.0,0.8935059309005737,3.0,0.7736833095550537,270.0
100.0,False,True,0.0,5.760038375854492,0.0,1.5584897994995117,5.0,0.839516282081604,270.0
100.0,False,True,0.0,6.226834774017334,0.0,0.7890358567237854,5.0,0.8112583756446838,270.0
100.0,False,True,0.0,6.399296283721924,0.0,0.9568545818328857,5.0,0.7558767795562744,270.0
100.0,False,True,0.0,4.0853800773620605,0.0,0.7330504059791565,9.0,0.7582881450653076,270.0
100.0,False,True,0.0,5.435848236083984,0.0,1.0578813552856445,6.0,0.7401291728019714,270.0
100.0,False,True,0.0,4.819263935089111,0.0,1.3192704916000366,5.0,0.7734735608100891,270.0
100.0,False,True,0.0,6.932681083679199,0.0,1.4674429893493652,14.0,0.8456317782402039,270.0
100.0,False,True,0.0,6.154502868652344,0.0,1.6996519565582275,14.0,0.8006356358528137,270.0
100.0,False,True,0.0,6.855722427368164,0.0,1.1322296857833862,5.0,0.8028501868247986,270.0
100.0,False,True,0.0,5.862405776977539,0.0,1.4057422876358032,9.0,0.7882288098335266,270.0
100.0,False,True,0.0,6.45518684387207,0.0,0.8036566376686096,6.0,0.7932775616645813,270.0
100.0,False,True,0.0,4.071743488311768,0.0,0.7422153949737549,4.0,0.7378143072128296,270.0
100.0,False,True,0.0,4.223362445831299,0.0,0.7618144154548645,2.0,0.7538980841636658,270.0
100.0,False,True,0.0,6.315282821655273,0.0,1.6794723272323608,7.0,0.8160491585731506,270.0
100.0,False,True,0.0,6.126023292541504,0.0,1.1873347759246826,7.0,0.7601287961006165,270.0
100.0,False,True,0.0,5.133967399597168,0.0,1.5019761323928833,11.0,0.8058973550796509,270.0
100.0,False,True,0.0,7.086511135101318,0.0,0.9397313594818115,3.0,0.8228769302368164,270.0
100.0,False,True,0.0,6.357181072235107,0.0,1.7052061557769775,14.0,0.8678931593894958,270.0
100.0,False,True,0.0,5.236635208129883,0.0,0.8013180494308472,4.0,0.7858808040618896,270.0
100.0,False,True,0.0,6.850255966186523,0.0,1.055429458618164,4.0,0.7518051266670227,270.0
100.0,False,True,0.0,4.9587907791137695,0.0,1.3501653671264648,5.0,0.7772338390350342,270.0
100.0,False,True,0.0,5.201230525970459,0.0,0.9776486754417419,6.0,0.6731178164482117,270.0
100.0,False,True,0.0,6.650540351867676,0.0,1.5000132322311401,14.0,0.8182143568992615,270.0
100.0,False,True,0.0,5.117492198944092,0.0,0.7973017692565918,4.0,0.7659785747528076,270.0
100.0,False,True,0.0,5.736443042755127,0.0,1.0060843229293823,8.0,0.756951630115509,270.0
100.0,False,True,0.0,6.010499477386475,0.0,0.7033435106277466,5.0,0.7921857237815857,270.0
100.0,False,True,0.0,6.547871112823486,0.0,1.633223295211792,13.0,0.8447020649909973,270.0
100.0,False,True,0.0,3.887711763381958,0.0,0.6906867027282715,12.0,0.7502045631408691,270.0
100.0,False,True,0.0,7.280227184295654,0.0,0.9236340522766113,6.0,0.7736436724662781,270.0
100.0,False,True,0.0,5.7699995040893555,0.0,0.8061282634735107,6.0,0.6963629126548767,270.0
100.0,False,True,0.0,6.74767541885376,0.0,1.7798494100570679,14.0,0.8497050404548645,270.0
100.0,False,True,0.0,6.08843469619751,0.0,0.9564738273620605,6.0,0.7685373425483704,270.0
100.0,False,True,0.0,7.663624286651611,0.0,0.8563449382781982,7.0,0.8325895667076111,270.0
100.0,False,True,0.0,5.606123447418213,0.0,1.599223017692566,14.0,0.7460440993309021,270.0
100.0,False,True,0.0,6.5331196784973145,0.0,0.9888389110565186,6.0,0.8086909651756287,270.0
100.0,False,True,0.0,6.119043350219727,0.0,1.6626760959625244,6.0,0.8054322600364685,270.0
100.0,False,True,0.0,6.179712295532227,0.0,0.8477869629859924,4.0,0.7441529035568237,270.0
100.0,False,True,0.0,5.374651908874512,0.0,1.0865857601165771,5.0,0.80112624168396,270.0
100.0,False,True,0.0,4.816213607788086,0.0,1.1049156188964844,5.0,0.7789260149002075,270.0
100.0,False,True,0.0,6.1703782081604,0.0,0.9080946445465088,5.0,0.7371832728385925,270.0
100.0,False,True,0.0,6.289897918701172,0.0,1.254944920539856,8.0,0.7837066054344177,270.0
100.0,False,True,0.0,6.979069232940674,0.0,0.9994574189186096,4.0,0.8150506615638733,270.0
100.0,False,True,0.0,4.499758243560791,0.0,0.9425835609436035,6.0,0.7228614091873169,270.0
100.0,False,True,0.0,6.136702537536621,0.0,1.562504768371582,14.0,0.7566313147544861,270.0
100.0,False,True,0.0,6.790903091430664,0.0,0.8075640201568604,3.0,0.8005958795547485,270.0
100.0,False,True,0.0,6.669974327087402,0.0,1.5299922227859497,14.0,0.8417954444885254,270.0
150.0,False,True,0.0,6.667945384979248,0.0,2.0220725536346436,5.0,0.7601410150527954,0.0
150.0,False,True,0.0,8.134918212890625,0.008633533492684364,0.9039785265922546,3.0,1.0155047178268433,0.0
150.0,False,True,0.5199999809265137,22.8321475982666,0.08487722277641296,0.758363664150238,9.0,0.8899843692779541,0.0
150.0,False,True,0.0,7.5391082763671875,0.004317048937082291,0.7863205075263977,9.0,0.732775092124939,0.0
150.0,False,True,0.0,6.952655792236328,0.008283311501145363,0.754439115524292,9.0,0.8114928603172302,0.0
150.0,False,True,0.0,6.036178112030029,0.0,1.064174771308899,6.0,0.6180213689804077,0.0
150.0,False,True,0.0,7.37246036529541,0.0,1.3666082620620728,9.0,0.6958518624305725,0.0
150.0,False,True,0.0,6.437392234802246,0.0022290158085525036,0.8099113702774048,4.0,0.7723394632339478,0.0
150.0,False,True,0.0,7.299551963806152,0.0,1.1987221240997314,7.0,0.7226144075393677,0.0
150.0,False,True,0.0,7.899806499481201,0.0049551865085959435,0.7162075638771057,5.0,0.740251362323761,0.0
150.0,False,True,0.0,6.562678337097168,0.0,1.502433180809021,9.0,0.5984708070755005,0.0
150.0,False,True,0.0,11.679750442504883,0.009052085690200329,0.8277866244316101,5.0,0.9730722308158875,0.0
150.0,False,True,0.0,7.098570346832275,0.0,1.4492000341415405,5.0,0.6716392636299133,0.0
150.0,False,True,0.0,7.771121978759766,0.0035251546651124954,0.9821312427520752,5.0,0.8726158738136292,0.0
150.0,False,True,0.0,6.7876386642456055,0.0,1.3840060234069824,8.0,0.6383779048919678,0.0
150.0,False,True,0.0,6.3757829666137695,0.0,1.6326924562454224,7.0,0.6910607218742371,0.0
150.0,False,True,0.0,6.748227596282959,0.0035659358836710453,1.2262299060821533,3.0,0.9881173968315125,0.0
150.0,False,True,0.0,7.57097864151001,0.00434615695849061,0.8877770900726318,3.0,0.8577578663825989,0.0
150.0,False,True,0.0,6.9727983474731445,0.0,1.558508276939392,5.0,0.7395431995391846,0.0
150.0,False,True,0.0,8.026269912719727,0.0,0.7890328764915466,5.0,0.804167628288269,0.0
150.0,False,True,0.0,8.648813247680664,0.0,0.9568639397621155,5.0,0.7272592186927795,0.0
150.0,False,True,0.0,6.42833948135376,0.0015673028538003564,0.7330468893051147,9.0,0.7442088723182678,0.0
150.0,False,True,0.0,6.51625919342041,0.0,1.057863712310791,6.0,0.6697894930839539,0.0
150.0,False,True,0.0,6.982693672180176,0.0,1.3192780017852783,5.0,0.7163508534431458,0.0
150.0,False,True,0.0,7.7086405754089355,0.0,1.467532992362976,11.0,0.8239868879318237,0.0
150.0,False,True,0.0,6.825357913970947,0.0,1.6996550559997559,14.0,0.6058640480041504,0.0
150.0,False,True,0.0,7.587730884552002,0.0,1.1186283826828003,5.0,0.8723995089530945,0.0
150.0,False,True,0.0,5.91264533996582,0.0,1.4057323932647705,9.0,0.7293381690979004,0.0
150.0,False,True,0.0,7.920800685882568,0.005354305729269981,0.8036731481552124,6.0,0.8487018346786499,0.0
150.0,False,True,0.0,7.122572898864746,0.005831618327647448,0.7423133254051208,4.0,0.7499160170555115,0.0
150.0,False,True,0.0,6.223244667053223,0.006675646174699068,0.761809229850769,2.0,0.7634420990943909,0.0
150.0,False,True,0.0,8.289558410644531,0.0,1.6794735193252563,7.0,0.6907991170883179,0.0
150.0,False,True,0.0,6.825760364532471,0.0,1.1873399019241333,7.0,0.725614607334137,0.0
150.0,False,True,0.0,6.880624771118164,0.0,1.5019874572753906,11.0,0.7751636505126953,0.0
150.0,False,True,0.0,9.917880058288574,0.0,0.9397313594818115,3.0,0.9032763242721558,0.0
150.0,False,True,0.0,6.650865077972412,0.0,1.6967271566390991,11.0,0.647088348865509,0.0
150.0,False,True,0.0,6.9631147384643555,0.007647056598216295,0.8013205528259277,4.0,0.8682165741920471,0.0
150.0,False,True,0.0,8.221488952636719,0.00018689155695028603,1.0554307699203491,4.0,0.8528847098350525,0.0
150.0,False,True,0.0,6.992070198059082,0.0,1.3501641750335693,5.0,0.6704328060150146,0.0
150.0,False,True,0.0,6.380670547485352,0.011275624856352806,0.9776562452316284,6.0,0.9726691842079163,0.0
150.0,False,True,0.0,6.255672454833984,0.0,1.5000114440917969,14.0,0.6934438347816467,0.0
150.0,False,True,0.0,5.908333778381348,0.0001783347106538713,0.7972959280014038,4.0,0.8115415573120117,0.0
150.0,False,True,0.0,6.679376602172852,0.0,1.0060815811157227,8.0,0.6641683578491211,0.0
150.0,False,True,0.0,7.979023456573486,0.004042503423988819,0.7033243775367737,5.0,0.8004868626594543,0.0
150.0,False,True,0.0,6.823633670806885,0.0,1.633225440979004,13.0,0.7147411108016968,0.0
150.0,False,True,0.0,6.917442321777344,0.009151228703558445,0.6904655694961548,12.0,0.7618716955184937,0.0
150.0,False,True,0.0,8.092525482177734,0.0019112896407023072,0.9236316084861755,6.0,0.9454033970832825,0.0
150.0,False,True,0.0,9.362061500549316,0.008853754960000515,0.8061253428459167,6.0,0.8726375102996826,0.0
150.0,False,True,0.0,7.24445915222168,0.0,1.7798457145690918,14.0,0.6817728281021118,0.0
150.0,False,True,0.0,7.004739284515381,0.0,0.9564841389656067,6.0,0.7414999604225159,0.0
150.0,False,True,0.5199999809265137,17.341012954711914,0.28372734785079956,0.8563597798347473,7.0,0.9108303189277649,0.0
150.0,False,True,0.0,6.649419784545898,0.0,1.5992242097854614,14.0,0.640104353427887,0.0
150.0,False,True,0.0,7.901844024658203,0.0,0.9888424873352051,6.0,0.7672451734542847,0.0
150.0,False,True,0.0,8.03597354888916,0.0,1.6626743078231812,6.0,0.6592748761177063,0.0
150.0,False,True,0.0,8.289416313171387,0.0,0.8477861881256104,4.0,0.774861216545105,0.0
150.0,False,True,0.0,5.543760776519775,0.0,1.0868796110153198,5.0,0.7689798474311829,0.0
150.0,False,True,0.0,5.894184112548828,0.0,1.1049091815948486,5.0,0.7263864874839783,0.0
150.0,False,True,0.0,7.648371696472168,0.0,0.9080992937088013,5.0,0.760084331035614,0.0
150.0,False,True,0.0,7.2232232093811035,0.0,1.2549411058425903,8.0,0.7359023094177246,0.0
150.0,False,True,0.0,8.324565887451172,0.0,0.9992972016334534,4.0,0.883324921131134,0.0
150.0,False,True,0.0,6.0559563636779785,0.0,0.9426090121269226,6.0,0.66580730676651,0.0
150.0,False,True,0.0,6.6924591064453125,0.0,1.5625102519989014,14.0,0.6200112104415894,0.0
150.0,False,True,0.0,8.652809143066406,0.000815968494862318,0.8074779510498047,3.0,0.8594862222671509,0.0
150.0,False,True,0.0,6.070958137512207,0.0,1.5299954414367676,14.0,0.7663721442222595,0.0
150.0,False,True,0.0,6.258273124694824,0.0,2.0220773220062256,5.0,0.5679000616073608,90.0
150.0,False,True,0.0,4.727954864501953,0.0,0.901813268661499,3.0,0.4866262674331665,90.0
150.0,False,True,0.0,4.744912147521973,0.0,0.7583707571029663,9.0,0.5790919065475464,90.0
150.0,False,True,0.0,8.196494102478027,0.003988172858953476,0.786301851272583,9.0,0.6241852045059204,90.0
150.0,False,True,0.0,8.375667572021484,0.005064751952886581,0.7544500231742859,9.0,0.632275402545929,90.0
150.0,False,True,0.0,6.843696117401123,0.0,1.0641981363296509,6.0,0.6022810339927673,90.0
150.0,False,True,0.0,5.450356960296631,0.0,1.3673796653747559,10.0,0.5586411952972412,90.0
150.0,False,True,0.0,8.530069351196289,0.007743481546640396,0.8099223375320435,4.0,0.62257981300354,90.0
150.0,False,True,0.0,4.792073726654053,0.0,1.1987338066101074,7.0,0.5457062721252441,90.0
150.0,False,True,0.0,6.924980640411377,0.0033024977892637253,0.716206967830658,5.0,0.5752801299095154,90.0
150.0,False,True,0.0,5.027183532714844,0.0,1.5024387836456299,9.0,0.5638425350189209,90.0
150.0,False,True,0.0,5.055398941040039,0.0,0.8277866244316101,5.0,0.5195891857147217,90.0
150.0,False,True,0.0,6.9170451164245605,0.0,1.449184775352478,5.0,0.5668762922286987,90.0
150.0,False,True,0.0,6.7626566886901855,0.0,0.982136607170105,5.0,0.5618218779563904,90.0
150.0,False,True,0.0,5.707773685455322,0.0,1.378197193145752,6.0,0.5740089416503906,90.0
150.0,False,True,0.0,5.635620594024658,0.0,1.632738471031189,7.0,0.5642080903053284,90.0
150.0,False,True,0.0,6.146534442901611,0.0,1.2262413501739502,3.0,0.5357728600502014,90.0
150.0,False,True,0.0,6.0531721115112305,0.0,0.8935005068778992,3.0,0.5608057379722595,90.0
150.0,False,True,0.0,6.825185298919678,0.0,1.5585020780563354,5.0,0.6095262169837952,90.0
150.0,False,True,0.0,5.418878555297852,0.0,0.7890397906303406,5.0,0.5298789739608765,90.0
150.0,False,True,0.0,5.851093769073486,0.0,0.9568650722503662,5.0,0.5525584816932678,90.0
150.0,False,True,0.0,8.259706497192383,0.004252656828612089,0.733050525188446,9.0,0.6063616871833801,90.0
150.0,False,True,0.0,6.056959629058838,0.0,1.0579396486282349,6.0,0.5681167244911194,90.0
150.0,False,True,0.0,7.4211106300354,0.0,1.3192726373672485,5.0,0.5640375018119812,90.0
150.0,False,True,0.0,6.1793951988220215,0.0,1.4675321578979492,11.0,0.5841476321220398,90.0
150.0,False,True,0.0,5.8010663986206055,0.0,1.6996550559997559,14.0,0.5352872610092163,90.0
150.0,False,True,0.0,5.245159149169922,0.0,1.1186290979385376,5.0,0.5506150722503662,90.0
150.0,False,True,0.0,6.074057102203369,0.0,1.4057878255844116,9.0,0.6155803203582764,90.0
150.0,False,True,0.0,6.034456729888916,0.0,0.8036622405052185,6.0,0.5751655101776123,90.0
150.0,False,True,0.0,7.712280750274658,0.0037470445968210697,0.7422232031822205,4.0,0.6020959615707397,90.0
150.0,False,True,0.0,8.322040557861328,0.0032517933286726475,0.7618173360824585,2.0,0.6041277647018433,90.0
150.0,False,True,0.0,6.801147937774658,0.0,1.6794770956039429,7.0,0.5100845098495483,90.0
150.0,False,True,0.0,5.339645862579346,0.0,1.1873517036437988,7.0,0.5539485216140747,90.0
150.0,False,True,0.0,7.828646659851074,0.0,1.5019805431365967,11.0,0.6440623998641968,90.0
150.0,False,True,0.0,5.291799068450928,0.0,0.9397250413894653,3.0,0.5193480253219604,90.0
150.0,False,True,0.0,5.846099853515625,0.0,1.7052110433578491,14.0,0.5339750647544861,90.0
150.0,False,True,0.0,6.601231575012207,0.0,0.8013076782226562,4.0,0.5646441578865051,90.0
150.0,False,True,0.0,4.833550930023193,0.0,1.0554279088974,4.0,0.5829263925552368,90.0
150.0,False,True,0.0,6.520230293273926,0.0,1.350174069404602,5.0,0.5537116527557373,90.0
150.0,False,True,0.0,7.766221523284912,0.0,0.9776501655578613,6.0,0.5835161805152893,90.0
150.0,False,True,0.0,5.247325897216797,0.0,1.5000227689743042,14.0,0.5945290327072144,90.0
150.0,False,True,0.0,7.2580952644348145,0.0016477536410093307,0.7973066568374634,4.0,0.6040083169937134,90.0
150.0,False,True,0.0,5.297423839569092,0.0,1.0060853958129883,8.0,0.5855564475059509,90.0
150.0,False,True,0.0,5.430654525756836,0.0,0.703330934047699,5.0,0.5441346764564514,90.0
150.0,False,True,0.0,5.710794448852539,0.0,1.6332261562347412,13.0,0.5691868662834167,90.0
150.0,False,True,0.0,7.2690348625183105,0.00012244224490132183,0.6904480457305908,12.0,0.6387669444084167,90.0
150.0,False,True,0.0,4.57722806930542,0.0,0.9236300587654114,6.0,0.4941810667514801,90.0
150.0,False,True,0.0,5.417647838592529,0.0,0.8065001964569092,7.0,0.5806318521499634,90.0
150.0,False,True,0.0,6.1287431716918945,0.0,1.779853105545044,14.0,0.527689516544342,90.0
150.0,False,True,0.0,5.037384033203125,0.0,0.9564819931983948,6.0,0.5338137149810791,90.0
150.0,False,True,0.0,4.523029804229736,0.0,0.8563621640205383,7.0,0.5303995609283447,90.0
150.0,False,True,0.0,5.926156044006348,0.0,1.5992512702941895,14.0,0.5884348154067993,90.0
150.0,False,True,0.0,5.45876407623291,0.0,0.9888430833816528,6.0,0.5226482152938843,90.0
150.0,False,True,0.0,6.1568284034729,0.0,1.662671685218811,6.0,0.5116219520568848,90.0
150.0,False,True,0.0,5.058769226074219,0.0,0.8477843999862671,4.0,0.5427626967430115,90.0
150.0,False,True,0.0,6.977410793304443,0.0,1.086877703666687,5.0,0.6068683862686157,90.0
150.0,False,True,0.0,7.310348987579346,0.0,1.1049093008041382,5.0,0.5639023184776306,90.0
150.0,False,True,0.0,5.351340293884277,0.0,0.908091127872467,5.0,0.530195415019989,90.0
150.0,False,True,0.0,5.151607036590576,0.0,1.2549519538879395,8.0,0.5378584265708923,90.0
150.0,False,True,0.0,5.12873649597168,0.0,0.9994574785232544,4.0,0.4892669916152954,90.0
150.0,False,True,0.0,6.7965617179870605,0.0,0.9425991177558899,6.0,0.6028417944908142,90.0
150.0,False,True,0.0,5.530027866363525,0.0,1.5625126361846924,14.0,0.5683990120887756,90.0
150.0,False,True,0.0,4.56329870223999,0.0,0.8075218200683594,3.0,0.5428146123886108,90.0
150.0,False,True,0.0,5.460666179656982,0.0,1.529994249343872,14.0,0.6022146344184875,90.0
150.0,False,True,0.0,3.887963056564331,0.0,2.0220882892608643,5.0,0.8954002857208252,180.0
150.0,False,True,0.0,4.898250579833984,0.0,0.9039783477783203,3.0,0.8885799050331116,180.0
150.0,False,True,0.0,6.0958356857299805,0.0,0.7583799958229065,9.0,0.9269987940788269,180.0
150.0,False,True,0.0,4.951238632202148,0.0,0.7863134741783142,9.0,0.9602088332176208,180.0
150.0,False,True,0.0,3.2190535068511963,0.0003339958202559501,0.7544499039649963,9.0,0.9618649482727051,180.0
150.0,False,True,0.0,3.4698925018310547,0.0,1.0641827583312988,6.0,0.9609168767929077,180.0
150.0,False,True,0.0,4.501281261444092,0.0,1.3666114807128906,9.0,0.9125205278396606,180.0
150.0,False,True,0.0,3.8964154720306396,0.0001321685267612338,0.809917151927948,4.0,0.9889482855796814,180.0
150.0,False,True,0.0,4.632400035858154,0.0,1.1987314224243164,7.0,0.9352339506149292,180.0
150.0,False,True,0.0,4.277595043182373,0.0012121653417125344,0.7162011861801147,5.0,0.9535947442054749,180.0
150.0,False,True,0.0,4.010831356048584,0.0,1.502374529838562,9.0,0.9614369869232178,180.0
150.0,False,True,0.0,4.916454792022705,0.0,0.8277843594551086,5.0,0.8956226706504822,180.0
150.0,False,True,0.0,3.6334567070007324,0.0,1.4491984844207764,5.0,0.934730052947998,180.0
150.0,False,True,0.0,5.410699367523193,0.0,0.9821419715881348,5.0,0.9203287959098816,180.0
150.0,False,True,0.0,3.287773609161377,0.0,1.3839985132217407,8.0,0.9572317004203796,180.0
150.0,False,True,0.0,3.429140329360962,0.0,1.6330437660217285,7.0,0.93461012840271,180.0
150.0,False,True,0.0,5.256913661956787,0.0,1.226182460784912,3.0,0.8829856514930725,180.0
150.0,False,True,0.0,5.8483123779296875,0.0,0.8877787590026855,3.0,0.9531311988830566,180.0
150.0,False,True,0.0,3.6057605743408203,0.0,1.5584980249404907,5.0,0.9202334880828857,180.0
150.0,False,True,0.0,5.4366774559021,0.0,0.7890409231185913,5.0,0.8670737147331238,180.0
150.0,False,True,0.0,5.7712225914001465,0.0,0.9568551778793335,5.0,0.861746072769165,180.0
150.0,False,True,0.0,4.662284851074219,0.001417052699252963,0.7330509424209595,9.0,0.9625194668769836,180.0
150.0,False,True,0.0,4.218536853790283,0.0,1.057875394821167,6.0,0.9310370683670044,180.0
150.0,False,True,0.0,3.733656883239746,0.0,1.3192760944366455,5.0,0.9267107248306274,180.0
150.0,False,True,0.0,5.433107852935791,0.0,1.4675331115722656,11.0,0.8775717616081238,180.0
150.0,False,True,0.0,4.685169219970703,0.0,1.6996577978134155,14.0,0.9369651675224304,180.0
150.0,False,True,0.0,4.7617268562316895,0.0,1.132232427597046,5.0,0.8739940524101257,180.0
150.0,False,True,0.0,3.231194019317627,0.0,1.4057409763336182,9.0,0.9611451625823975,180.0
150.0,False,True,0.0,4.265949726104736,0.0,0.8036619424819946,6.0,0.9370993971824646,180.0
150.0,False,True,0.0,4.904485702514648,0.0,0.742218554019928,4.0,0.9657562971115112,180.0
150.0,False,True,0.0,5.624899864196777,0.0,0.7618165016174316,2.0,0.9856576919555664,180.0
150.0,False,True,0.0,5.879432678222656,0.0,1.679474949836731,7.0,0.8516013622283936,180.0
150.0,False,True,0.0,3.7785422801971436,0.0,1.1873382329940796,7.0,0.8950842022895813,180.0
150.0,False,True,0.0,3.56282377243042,0.0,1.5021395683288574,11.0,0.9231613278388977,180.0
150.0,False,True,0.0,5.5569305419921875,0.0,0.939730167388916,3.0,0.9016569256782532,180.0
150.0,False,True,0.0,4.750523567199707,0.0,1.7052028179168701,14.0,0.9351356625556946,180.0
150.0,False,True,0.0,4.991318225860596,0.0,0.8013128638267517,4.0,0.936460018157959,180.0
150.0,False,True,0.0,6.2214484214782715,0.0,1.0554215908050537,4.0,0.8744442462921143,180.0
150.0,False,True,0.0,3.7007343769073486,0.0,1.350175142288208,5.0,0.9377734065055847,180.0
150.0,False,True,0.0,6.256518840789795,0.0,0.9776524305343628,6.0,0.9168893694877625,180.0
150.0,False,True,0.0,4.139336109161377,0.0,1.5000056028366089,14.0,0.9445189237594604,180.0
150.0,False,True,0.0,3.739840269088745,0.002481266390532255,0.7972964644432068,4.0,0.965549886226654,180.0
150.0,False,True,0.0,4.996693134307861,7.978677604114637e-05,1.0060855150222778,8.0,0.9821418523788452,180.0
150.0,False,True,0.0,5.13976526260376,0.0010299026034772396,0.7033396363258362,5.0,0.9378253221511841,180.0
150.0,False,True,0.0,5.056715965270996,0.0,1.6332265138626099,13.0,0.8899282813072205,180.0
150.0,False,True,0.0,6.602301120758057,0.0004763603210449219,0.6904469132423401,12.0,0.9697653651237488,180.0
150.0,False,True,0.0,5.0228166580200195,0.0,0.9236247539520264,6.0,0.8778056502342224,180.0
150.0,False,True,0.0,6.054985046386719,0.0,0.8061200976371765,6.0,0.9753711223602295,180.0
150.0,False,True,0.0,5.031312942504883,0.0,1.779820442199707,14.0,0.8986402153968811,180.0
150.0,False,True,0.0,5.2855000495910645,0.0,0.9564769268035889,6.0,0.9141719341278076,180.0
150.0,False,True,0.0,8.213484764099121,0.0,0.8564305305480957,7.0,0.9432116150856018,180.0
150.0,False,True,0.0,3.570344924926758,0.0,1.5992354154586792,14.0,0.9581902027130127,180.0
150.0,False,True,0.0,5.307291030883789,0.0,0.9888357520103455,6.0,0.8549959659576416,180.0
150.0,False,True,0.0,5.513239860534668,0.0,1.6626776456832886,6.0,0.8361321091651917,180.0
150.0,False,True,0.0,5.8596296310424805,0.001518982695415616,0.8477826118469238,4.0,0.9257146120071411,180.0
150.0,False,True,0.0,3.3397645950317383,0.0,1.086585283279419,5.0,0.9225062727928162,180.0
150.0,False,True,0.0,3.3989756107330322,0.0,1.104915976524353,5.0,0.9517678618431091,180.0
150.0,False,True,0.0,5.076399326324463,0.0,0.9080791473388672,5.0,0.89554363489151,180.0
150.0,False,True,0.0,4.282033920288086,0.0,1.254969596862793,8.0,0.8923184275627136,180.0
150.0,False,True,0.0,4.988805294036865,0.0,0.9994567036628723,4.0,0.8486400842666626,180.0
150.0,False,True,0.0,3.800091028213501,0.0009091055253520608,0.9426072835922241,6.0,0.9614021182060242,180.0
150.0,False,True,0.0,4.408599853515625,0.0,1.5625110864639282,14.0,0.9350249171257019,180.0
150.0,False,True,0.0,6.244441986083984,0.0,0.8075186014175415,3.0,0.8610461950302124,180.0
150.0,False,True,0.0,4.425228595733643,0.0,1.5299925804138184,14.0,0.9250885248184204,180.0
150.0,True,False,nan,45.62543869018555,0.3261164426803589,0.856361448764801,7.0,1.155060052871704,270.0
150.0,False,True,0.0,6.623859882354736,0.0,2.022080183029175,5.0,1.2434744834899902,270.0
150.0,False,True,0.0,7.55413818359375,0.004533874802291393,0.9018064141273499,3.0,1.0579532384872437,270.0
150.0,False,True,0.47999998927116394,15.109354972839355,0.17457759380340576,0.7583746314048767,9.0,1.0411728620529175,270.0
150.0,False,True,0.0,4.12919807434082,0.00043320536497049034,0.7863194942474365,9.0,0.9928454756736755,270.0
150.0,False,True,0.0,5.399387359619141,0.003295202273875475,0.7544502019882202,9.0,1.0689390897750854,270.0
150.0,False,True,0.0,4.741732120513916,0.0,1.0641685724258423,6.0,0.9634225368499756,270.0
150.0,False,True,0.0,6.577125072479248,0.0,1.3666105270385742,9.0,1.1315608024597168,270.0
150.0,False,True,0.0,4.5170063972473145,0.00012280464579816908,0.8099169135093689,4.0,1.0851514339447021,270.0
150.0,False,True,0.0,6.372522354125977,0.0,1.1987184286117554,7.0,1.133978247642517,270.0
150.0,False,True,0.0,5.757894039154053,0.005009578075259924,0.7161991596221924,5.0,1.061804175376892,270.0
150.0,False,True,0.0,5.6385064125061035,0.0,1.5023857355117798,9.0,1.1046289205551147,270.0
150.0,False,True,0.0,7.308952331542969,0.004286633804440498,0.8277902007102966,5.0,1.0395841598510742,270.0
150.0,False,True,0.0,5.0391340255737305,0.0,1.4491891860961914,5.0,1.051105260848999,270.0
150.0,False,True,0.0,6.29204797744751,0.0005950629711151123,0.9821543097496033,5.0,1.0247946977615356,270.0
150.0,False,True,0.0,4.9679484367370605,0.0,1.3782023191452026,6.0,1.0678033828735352,270.0
150.0,False,True,0.0,5.829883098602295,0.0,1.632733941078186,7.0,1.1883398294448853,270.0
150.0,False,True,0.0,7.207125186920166,0.0,1.226242184638977,3.0,1.0098317861557007,270.0
150.0,False,True,0.0,5.91761589050293,0.0019024478970095515,0.8935031294822693,3.0,1.0178824663162231,270.0
150.0,False,True,0.0,5.987462520599365,0.0,1.5585083961486816,5.0,1.1531224250793457,270.0
150.0,False,True,0.0,6.792635440826416,0.007065233774483204,0.7890275716781616,5.0,1.0453391075134277,270.0
150.0,False,True,0.0,6.485915660858154,0.0017270325915887952,0.95685875415802,5.0,1.0752220153808594,270.0
150.0,False,True,0.0,4.462473392486572,0.0012924527982249856,0.7330518960952759,9.0,1.0088889598846436,270.0
150.0,False,True,0.0,5.479761123657227,0.0,1.057878851890564,6.0,1.0134917497634888,270.0
150.0,False,True,0.0,4.97697114944458,0.0,1.3192758560180664,5.0,1.0485477447509766,270.0
150.0,False,True,0.0,7.372034072875977,0.0,1.4675326347351074,11.0,1.1832807064056396,270.0
150.0,False,True,0.0,6.042150974273682,0.0,1.6996501684188843,14.0,1.1272246837615967,270.0
150.0,False,True,0.0,7.052157878875732,0.0,1.118622899055481,5.0,1.139615535736084,270.0
150.0,False,True,0.0,5.793763637542725,0.0,1.4057368040084839,9.0,1.1372451782226562,270.0
150.0,False,True,0.0,6.912818908691406,0.008292325772345066,0.8036585450172424,6.0,1.0595805644989014,270.0
150.0,False,True,0.0,4.5510053634643555,0.002436228794977069,0.7423073649406433,4.0,1.019892930984497,270.0
150.0,False,True,0.0,4.2885236740112305,0.0012225436512380838,0.7618143558502197,2.0,1.0003366470336914,270.0
150.0,False,True,0.0,6.387335777282715,0.0,1.6794754266738892,7.0,1.151074767112732,270.0
150.0,False,True,0.0,6.139289855957031,0.0,1.187326192855835,7.0,1.1099669933319092,270.0
150.0,False,True,0.0,5.804544925689697,0.0,1.5021427869796753,11.0,1.132204294204712,270.0
150.0,False,True,0.0,9.22507095336914,0.0014541244599968195,0.9396582841873169,4.0,1.157380223274231,270.0
150.0,False,True,0.0,8.478364944458008,0.0,1.7051998376846313,14.0,1.1206538677215576,270.0
150.0,False,True,0.0,6.063655853271484,0.0051976037211716175,0.8013089895248413,4.0,1.022485375404358,270.0
150.0,False,True,0.0,7.443446159362793,0.0006934356642886996,1.0554274320602417,4.0,1.018758773803711,270.0
150.0,False,True,0.0,5.117147922515869,0.0,1.3501559495925903,5.0,1.0465716123580933,270.0
150.0,False,True,0.0,5.554320335388184,0.0,0.9776456952095032,6.0,0.9226449131965637,270.0
150.0,False,True,0.0,6.635692119598389,0.0,1.5000174045562744,14.0,1.1520965099334717,270.0
150.0,False,True,0.0,5.649930953979492,0.002998701296746731,0.7972960472106934,4.0,1.061000108718872,270.0
150.0,False,True,0.0,5.524283409118652,0.0,1.0060862302780151,8.0,1.031677484512329,270.0
150.0,False,True,0.0,6.789892196655273,0.010088151320815086,0.7033290863037109,5.0,1.0374146699905396,270.0
150.0,False,True,0.0,6.773204803466797,0.0,1.6332194805145264,13.0,1.2436878681182861,270.0
150.0,False,True,0.0,4.725261211395264,0.003370711812749505,0.6906812787055969,12.0,0.9555730819702148,270.0
150.0,False,True,0.0,7.939341068267822,0.0049769519828259945,0.9236389994621277,6.0,1.0789982080459595,270.0
150.0,False,True,0.0,7.919958114624023,0.0005811238079331815,0.8065016865730286,7.0,0.9455530643463135,270.0
150.0,False,True,0.0,6.685246467590332,0.0,1.7798547744750977,14.0,1.2002973556518555,270.0
150.0,False,True,0.0,6.019885540008545,0.00011398673086659983,0.9564839005470276,6.0,1.0389519929885864,270.0
150.0,False,True,0.0,5.73042631149292,0.0,1.5992286205291748,14.0,1.0657908916473389,270.0
150.0,False,True,0.0,6.44296407699585,0.0004278027918189764,0.9888425469398499,6.0,1.072257399559021,270.0
150.0,False,True,0.0,6.1571784019470215,0.0,1.6626816987991333,6.0,1.168792963027954,270.0
150.0,False,True,0.0,6.298931121826172,0.0019854784477502108,0.8477761149406433,4.0,1.039381742477417,270.0
150.0,False,True,0.0,5.576083183288574,0.0,1.086591362953186,5.0,1.1157503128051758,270.0
150.0,False,True,0.0,5.206614971160889,0.0,1.1049062013626099,5.0,1.065423607826233,270.0
150.0,False,True,0.0,6.377473831176758,0.002056477125734091,0.9080841541290283,5.0,1.0657026767730713,270.0
150.0,False,True,0.0,6.598438262939453,0.0,1.2549530267715454,8.0,1.1563634872436523,270.0
150.0,False,True,0.0,7.001462459564209,0.0025940202176570892,0.9992972612380981,4.0,1.1535356044769287,270.0
150.0,False,True,0.0,4.84185266494751,0.0,0.9426004886627197,6.0,0.9907427430152893,270.0
150.0,False,True,0.0,6.206209182739258,0.0,1.5624983310699463,14.0,1.128565788269043,270.0
150.0,False,True,0.0,7.413863182067871,0.007362745702266693,0.8075220584869385,3.0,0.9864362478256226,270.0
150.0,False,True,0.0,6.7130866050720215,0.0,1.5300042629241943,14.0,1.1995611190795898,270.0
200.0,True,False,nan,45.38580322265625,0.11754923313856125,0.7583743333816528,9.0,1.1594836711883545,0.0
200.0,True,False,nan,46.2149658203125,0.20749793946743011,0.8563578724861145,7.0,1.266186237335205,0.0
200.0,True,False,nan,45.73114776611328,0.22035908699035645,0.8065022230148315,7.0,1.182417392730713,0.0
200.0,True,False,nan,47.72450256347656,0.22979868948459625,0.939725399017334,3.0,1.2125569581985474,0.0
200.0,False,True,0.0,7.497372150421143,0.0,2.02207350730896,5.0,0.9802790880203247,0.0
200.0,False,True,0.29999998211860657,8.63913345336914,0.04029187560081482,0.90398108959198,3.0,1.266374111175537,0.0
200.0,False,True,0.0,8.494841575622559,0.029082071036100388,0.7863214612007141,9.0,0.96489417552948,0.0
200.0,False,True,0.3199999928474426,7.738016128540039,0.038545459508895874,0.754445493221283,9.0,1.0854257345199585,0.0
200.0,False,True,0.0,7.826064109802246,0.0,1.0641851425170898,6.0,0.86527419090271,0.0
200.0,False,True,0.0,8.483089447021484,0.0,1.3673765659332275,10.0,0.9600527882575989,0.0
200.0,False,True,0.0,7.395499229431152,0.017099210992455482,0.809914767742157,4.0,1.004265546798706,0.0
200.0,False,True,0.0,8.290315628051758,0.0,1.198732614517212,7.0,0.9788981676101685,0.0
200.0,False,True,0.0,8.710841178894043,0.03163052722811699,0.7162002325057983,5.0,0.9818569421768188,0.0
200.0,False,True,0.0,7.52109956741333,0.0,1.5023783445358276,9.0,0.8209598064422607,0.0
200.0,False,True,0.5199999809265137,23.14192008972168,0.08383294939994812,0.8277866840362549,5.0,1.3124738931655884,0.0
200.0,False,True,0.0,7.866865158081055,0.0,1.4491913318634033,5.0,0.8813113570213318,0.0
200.0,False,True,0.0,8.462018966674805,0.02879108116030693,0.9821429252624512,5.0,1.1129419803619385,0.0
200.0,False,True,0.0,7.144765377044678,0.0,1.3786104917526245,6.0,0.8807881474494934,0.0
200.0,False,True,0.0,7.065719127655029,0.0,1.632737159729004,7.0,0.9306346774101257,0.0
200.0,False,True,0.0,10.253191947937012,0.03409954160451889,1.2262318134307861,3.0,1.2072200775146484,0.0
200.0,False,True,0.0,8.19201374053955,0.03283262625336647,0.8877745270729065,3.0,1.0912163257598877,0.0
200.0,False,True,0.0,7.369984149932861,0.0,1.5584814548492432,5.0,0.9729982018470764,0.0
200.0,False,True,0.0,8.877678871154785,0.00942382775247097,0.7890269756317139,5.0,1.0764447450637817,0.0
200.0,False,True,0.0,9.7759370803833,0.0,0.9568486213684082,5.0,0.9678688645362854,0.0
200.0,False,True,0.0,7.99767541885376,0.0209688488394022,0.7330482006072998,9.0,0.9704580903053284,0.0
200.0,False,True,0.0,8.289108276367188,0.0,1.0578913688659668,6.0,0.9141603112220764,0.0
200.0,False,True,0.0,7.380732536315918,0.0,1.3192706108093262,5.0,0.9311192631721497,0.0
200.0,False,True,0.0,8.53711223602295,0.0,1.467442512512207,14.0,1.112748384475708,0.0
200.0,False,True,0.0,8.116507530212402,0.0,1.6996546983718872,14.0,0.8416094183921814,0.0
200.0,False,True,0.0,8.39730167388916,0.0,1.1322273015975952,5.0,1.145503282546997,0.0
200.0,False,True,0.0,6.2710418701171875,0.0,1.405788540840149,9.0,1.02097487449646,0.0
200.0,False,True,0.0,8.636768341064453,0.0297392550855875,0.8036608695983887,6.0,1.132301688194275,0.0
200.0,False,True,0.0,7.663086414337158,0.036167923361063004,0.7422163486480713,4.0,1.0030488967895508,0.0
200.0,False,True,0.0,7.437934398651123,0.03816461190581322,0.7618144154548645,2.0,0.9985606670379639,0.0
200.0,False,True,0.0,9.941051483154297,0.0,1.6794745922088623,7.0,0.9108719229698181,0.0
200.0,False,True,0.0,8.218766212463379,0.0,1.1873369216918945,7.0,0.9932234287261963,0.0
200.0,False,True,0.0,7.446741104125977,0.0,1.5021454095840454,11.0,0.9945217370986938,0.0
200.0,False,True,0.0,7.865866184234619,0.0,1.7052040100097656,14.0,0.8986496925354004,0.0
200.0,False,True,0.29999998211860657,7.985295295715332,0.044318538159132004,0.8013141751289368,4.0,1.129917025566101,0.0
200.0,False,True,0.0,8.423453330993652,0.011543934233486652,1.0554111003875732,4.0,1.0914278030395508,0.0
200.0,False,True,0.0,7.783514499664307,0.0,1.3501784801483154,5.0,0.874622106552124,0.0
200.0,False,True,0.0,7.515540599822998,0.046205226331949234,0.97765052318573,6.0,1.201173186302185,0.0
200.0,False,True,0.0,7.583410739898682,0.0,1.500006914138794,14.0,0.97791588306427,0.0
200.0,False,True,0.0,6.876119136810303,0.013815454207360744,0.7973026037216187,4.0,1.0794578790664673,0.0
200.0,False,True,0.0,8.062606811523438,0.0,1.0060839653015137,8.0,0.9072065353393555,0.0
200.0,False,True,0.0,8.639291763305664,0.03698257729411125,0.7033293843269348,5.0,1.0609228610992432,0.0
200.0,False,True,0.0,8.009498596191406,0.0,1.6332244873046875,13.0,0.9923003315925598,0.0
200.0,False,True,0.29999998211860657,9.729063034057617,0.044493597000837326,0.6904439330101013,12.0,1.0396069288253784,0.0
200.0,False,True,0.0,8.235185623168945,0.020234856754541397,0.9236341714859009,6.0,1.213670015335083,0.0
200.0,False,True,0.0,8.583343505859375,0.0,1.7798511981964111,14.0,0.9406110644340515,0.0
200.0,False,True,0.0,8.01667594909668,0.0,0.9564846754074097,6.0,1.0061596632003784,0.0
200.0,False,True,0.0,6.949326038360596,0.0,1.5992339849472046,14.0,0.8771735429763794,0.0
200.0,False,True,0.0,8.937845230102539,0.0,0.988857626914978,6.0,1.0139201879501343,0.0
200.0,False,True,0.0,9.784360885620117,0.0,1.6626707315444946,6.0,0.907385528087616,0.0
200.0,False,True,0.0,9.231545448303223,0.0008180355653166771,0.8477661609649658,4.0,1.0190173387527466,0.0
200.0,False,True,0.0,6.971870422363281,0.0,1.0865648984909058,5.0,1.029423475265503,0.0
200.0,False,True,0.0,7.450508117675781,0.0,1.1048945188522339,5.0,0.966861367225647,0.0
200.0,False,True,0.0,8.665397644042969,0.0003920221352018416,0.908079981803894,5.0,1.0223137140274048,0.0
200.0,False,True,0.0,8.251262664794922,0.0,1.2549575567245483,8.0,1.0052576065063477,0.0
200.0,False,True,0.0,8.8566312789917,0.0,0.9994574189186096,4.0,1.1384897232055664,0.0
200.0,False,True,0.0,7.869584560394287,0.0,0.9426024556159973,6.0,0.8951144814491272,0.0
200.0,False,True,0.0,8.074090957641602,0.0,1.562512993812561,14.0,0.8700535297393799,0.0
200.0,False,True,0.0,9.338983535766602,0.01841185986995697,0.8075193166732788,3.0,1.0907647609710693,0.0
200.0,False,True,0.0,7.019649505615234,0.0,1.5299912691116333,14.0,1.057705044746399,0.0
200.0,False,True,0.0,7.5733113288879395,0.0,2.022068738937378,5.0,0.9347532987594604,90.0
200.0,False,True,0.0,5.664688587188721,0.0,0.9018085598945618,3.0,0.7216665148735046,90.0
200.0,False,True,0.0,6.09020471572876,0.0,0.7583791613578796,9.0,0.7662672400474548,90.0
200.0,False,True,0.0,9.295233726501465,0.054662130773067474,0.7863139510154724,9.0,0.8552435040473938,90.0
200.0,False,True,0.0,9.422393798828125,0.08166443556547165,0.7544417381286621,9.0,0.895172119140625,90.0
200.0,False,True,0.0,8.168156623840332,0.005072006955742836,1.064180612564087,6.0,0.828559935092926,90.0
200.0,False,True,0.0,6.600874900817871,0.0,1.3673232793807983,10.0,0.8341367840766907,90.0
200.0,False,True,0.0,9.504046440124512,0.0800570547580719,0.809918224811554,4.0,0.8849310874938965,90.0
200.0,False,True,0.0,5.927247524261475,0.0,1.1987237930297852,7.0,0.821575403213501,90.0
200.0,False,True,0.0,8.047423362731934,0.06923460960388184,0.7162033915519714,5.0,0.8219088912010193,90.0
200.0,False,True,0.0,6.550894737243652,0.0,1.502440333366394,9.0,0.818845808506012,90.0
200.0,False,True,0.0,6.482892036437988,0.0,0.8277900218963623,5.0,0.7678804993629456,90.0
200.0,False,True,0.0,8.152950286865234,0.0,1.449194073677063,5.0,0.8535148501396179,90.0
200.0,False,True,0.0,7.979984283447266,0.0,0.9821286201477051,5.0,0.7822033762931824,90.0
200.0,False,True,0.0,7.28416109085083,0.0,1.382564902305603,8.0,0.8393792510032654,90.0
200.0,False,True,0.0,7.637176036834717,0.0,1.6327142715454102,7.0,0.8676121234893799,90.0
200.0,False,True,0.0,7.562264919281006,0.0,1.2262319326400757,3.0,0.7454394698143005,90.0
200.0,False,True,0.0,7.398655891418457,0.0009916352573782206,0.8935072422027588,3.0,0.7538967728614807,90.0
200.0,False,True,0.0,7.833735466003418,0.0,1.5584944486618042,5.0,0.9694257378578186,90.0
200.0,False,True,0.0,6.706539154052734,0.004225312732160091,0.7890368700027466,5.0,0.7770786881446838,90.0
200.0,False,True,0.0,6.259682655334473,0.0,0.956866443157196,5.0,0.7709596753120422,90.0
200.0,False,True,0.0,9.274913787841797,0.05809862166643143,0.7330493330955505,9.0,0.819956362247467,90.0
200.0,False,True,0.0,7.438778877258301,0.0024993657134473324,1.0578818321228027,6.0,0.8324171900749207,90.0
200.0,False,True,0.0,8.6316499710083,0.0010104966349899769,1.3192652463912964,5.0,0.8514741659164429,90.0
200.0,False,True,0.0,6.2907395362854,0.0,1.4675341844558716,11.0,0.8649566769599915,90.0
200.0,False,True,0.0,6.704668045043945,0.0,1.699647068977356,14.0,0.8065652251243591,90.0
200.0,False,True,0.0,5.863743305206299,0.0,1.1322295665740967,5.0,0.8350217342376709,90.0
200.0,False,True,0.0,7.713603496551514,0.0,1.405738353729248,9.0,0.9291055798530579,90.0
200.0,False,True,0.0,7.33002233505249,0.011819940991699696,0.8036597967147827,6.0,0.8449609279632568,90.0
200.0,False,True,0.0,8.861376762390137,0.059295229613780975,0.7422187924385071,4.0,0.8353530168533325,90.0
200.0,False,True,0.0,9.554338455200195,0.04628492891788483,0.7618160843849182,2.0,0.8151149749755859,90.0
200.0,False,True,0.0,6.863842487335205,0.0,1.6794734001159668,7.0,0.7738751173019409,90.0
200.0,False,True,0.0,7.061636447906494,0.0,1.187340259552002,7.0,0.8286203145980835,90.0
200.0,False,True,0.0,8.29879093170166,0.0,1.5019886493682861,11.0,1.0620262622833252,90.0
200.0,False,True,0.0,5.697394371032715,0.0,0.9397228360176086,3.0,0.7776514887809753,90.0
200.0,False,True,0.0,13.083614349365234,0.0,1.7052110433578491,14.0,0.8262401819229126,90.0
200.0,False,True,0.0,7.789513111114502,0.004999999888241291,0.8013115525245667,4.0,0.808400571346283,90.0
200.0,False,True,0.0,6.015259265899658,0.0,1.0554263591766357,4.0,0.7717247605323792,90.0
200.0,False,True,0.0,8.050984382629395,0.0007103085517883301,1.350181221961975,5.0,0.8005579113960266,90.0
200.0,False,True,0.0,9.363553047180176,0.0,0.9776479601860046,6.0,0.7631589770317078,90.0
200.0,False,True,0.0,7.133114337921143,0.0,1.5000141859054565,14.0,0.8925055265426636,90.0
200.0,False,True,0.0,8.590502738952637,0.06361870467662811,0.79730224609375,4.0,0.8845564723014832,90.0
200.0,False,True,0.0,6.763149738311768,0.002333814976736903,1.0060806274414062,8.0,0.8048840165138245,90.0
200.0,False,True,0.0,6.588921546936035,0.02719477377831936,0.7033272385597229,5.0,0.7684946060180664,90.0
200.0,False,True,0.0,6.38051700592041,0.0,1.6332255601882935,13.0,0.852671205997467,90.0
200.0,False,True,0.0,8.523045539855957,0.03546338900923729,0.6904473304748535,12.0,0.8370078802108765,90.0
200.0,False,True,0.0,5.540118217468262,0.0,0.9236428141593933,6.0,0.7338045835494995,90.0
200.0,False,True,0.0,6.744623184204102,0.0,0.8061267137527466,6.0,0.7468026876449585,90.0
200.0,False,True,0.0,6.478806972503662,0.0,1.7798539400100708,14.0,0.8108556866645813,90.0
200.0,False,True,0.0,6.704843044281006,0.0035290599334985018,0.9564889669418335,6.0,0.7878041863441467,90.0
200.0,False,True,0.0,5.588300704956055,0.0,0.8563696146011353,7.0,0.736784040927887,90.0
200.0,False,True,0.0,7.756890773773193,0.0,1.5992324352264404,14.0,0.8786908984184265,90.0
200.0,False,True,0.0,6.021383285522461,0.0001857495226431638,0.9888389110565186,6.0,0.738044798374176,90.0
200.0,False,True,0.0,5.9912590980529785,0.0,1.662673830986023,6.0,0.7569734454154968,90.0
200.0,False,True,0.0,6.424739360809326,0.0017949140165001154,0.847780704498291,4.0,0.7657203078269958,90.0
200.0,False,True,0.0,8.561877250671387,0.0018326090648770332,1.0868785381317139,5.0,0.8873190879821777,90.0
200.0,False,True,0.0,8.367691993713379,0.006048652809113264,1.1048979759216309,5.0,0.8441431522369385,90.0
200.0,False,True,0.0,6.792895793914795,0.0012689149007201195,0.9080953001976013,5.0,0.7940554618835449,90.0
200.0,False,True,0.0,6.267977714538574,0.0,1.2549644708633423,8.0,0.807112991809845,90.0
200.0,False,True,0.0,5.75499963760376,0.0,0.9994556903839111,4.0,0.7437534332275391,90.0
200.0,False,True,0.0,8.153817176818848,0.01171068474650383,0.9426019191741943,6.0,0.830363929271698,90.0
200.0,False,True,0.0,6.537710666656494,0.0,1.5624967813491821,14.0,0.8446205854415894,90.0
200.0,False,True,0.0,5.288687229156494,0.0,0.8075613975524902,3.0,0.740546464920044,90.0
200.0,False,True,0.0,7.025124549865723,0.0,1.5299967527389526,14.0,0.9110228419303894,90.0
200.0,False,True,0.0,5.012274265289307,0.0,2.0220654010772705,5.0,1.1088236570358276,180.0
200.0,False,True,0.0,5.989623069763184,0.0,0.9021731615066528,3.0,1.1611878871917725,180.0
200.0,False,True,0.0,10.016180992126465,0.006641344632953405,0.7583726644515991,9.0,1.2208013534545898,180.0
200.0,False,True,0.0,5.569964408874512,0.008958995342254639,0.7863180041313171,9.0,1.2462947368621826,180.0
200.0,False,True,0.0,4.917331218719482,0.025755852460861206,0.7544467449188232,9.0,1.24004065990448,180.0
200.0,False,True,0.0,4.40464448928833,0.011635511182248592,1.0641781091690063,6.0,1.2289841175079346,180.0
200.0,False,True,0.0,4.553501605987549,0.0009189891861751676,1.3666083812713623,9.0,1.1729354858398438,180.0
200.0,False,True,0.0,5.254788875579834,0.02002582512795925,0.809913694858551,4.0,1.2470790147781372,180.0
200.0,False,True,0.0,5.660327434539795,0.007628102321177721,1.1987286806106567,7.0,1.1938095092773438,180.0
200.0,False,True,0.0,5.516153812408447,0.023424465209245682,0.7162015438079834,5.0,1.2261863946914673,180.0
200.0,False,True,0.0,5.803903579711914,0.0005989479832351208,1.5024328231811523,9.0,1.2384940385818481,180.0
200.0,False,True,0.0,7.24500036239624,0.005358393769711256,0.8277892470359802,5.0,1.1970549821853638,180.0
200.0,False,True,0.0,4.622409820556641,0.00015196562162600458,1.4491984844207764,5.0,1.1806116104125977,180.0
200.0,False,True,0.0,6.7809319496154785,0.0,0.9821379780769348,5.0,1.2011934518814087,180.0
200.0,False,True,0.0,5.521018981933594,0.0023154544178396463,1.3839994668960571,8.0,1.2238988876342773,180.0
200.0,False,True,0.0,5.949462413787842,0.0,1.6327003240585327,7.0,1.1813571453094482,180.0
200.0,False,True,0.0,6.367812633514404,0.0,1.2261794805526733,3.0,1.1727129220962524,180.0
200.0,False,True,0.0,7.998191833496094,0.0,0.8935051560401917,3.0,1.2331666946411133,180.0
200.0,False,True,0.0,5.144908905029297,0.0,1.5584936141967773,5.0,1.1485494375228882,180.0
200.0,False,True,0.0,6.972376823425293,0.018280064687132835,0.7890349626541138,5.0,1.1349258422851562,180.0
200.0,False,True,0.0,6.830844402313232,0.009772725403308868,0.9568696618080139,5.0,1.1221505403518677,180.0
200.0,False,True,0.0,6.481106758117676,0.020084133371710777,0.7330501675605774,9.0,1.2343999147415161,180.0
200.0,False,True,0.0,5.236710071563721,0.012829849496483803,1.0578875541687012,6.0,1.1986607313156128,180.0
200.0,False,True,0.0,4.587401866912842,0.0021224594675004482,1.3192652463912964,5.0,1.1623449325561523,180.0
200.0,False,True,0.0,5.280381202697754,0.0,1.4680079221725464,11.0,1.1469476222991943,180.0
200.0,False,True,0.0,4.702862739562988,0.0,1.6996597051620483,14.0,1.1954253911972046,180.0
200.0,False,True,0.0,5.009498119354248,0.00833964068442583,1.1322230100631714,5.0,1.1444097757339478,180.0
200.0,False,True,0.0,5.180016040802002,0.0010260820854455233,1.4057517051696777,9.0,1.1993286609649658,180.0
200.0,False,True,0.0,5.162662982940674,0.02617007866501808,0.8036594390869141,6.0,1.2174620628356934,180.0
200.0,False,True,0.0,6.104512691497803,0.01434173434972763,0.7422172427177429,4.0,1.242235779762268,180.0
200.0,False,True,0.0,7.401678085327148,0.009003868326544762,0.7618189454078674,2.0,1.2497705221176147,180.0
200.0,False,True,0.0,5.848379611968994,0.0,1.679478645324707,7.0,1.1270387172698975,180.0
200.0,False,True,0.0,4.95262336730957,0.006529321428388357,1.1873314380645752,7.0,1.159398078918457,180.0
200.0,False,True,0.0,4.1855387687683105,0.0,1.5019766092300415,11.0,1.1424522399902344,180.0
200.0,False,True,0.0,9.4124174118042,0.026569513604044914,0.9397285580635071,3.0,1.2168604135513306,180.0
200.0,False,True,0.0,4.933122634887695,0.0,1.7052040100097656,14.0,1.2089741230010986,180.0
200.0,False,True,0.0,6.678349018096924,0.005644706077873707,0.8013173937797546,4.0,1.212722659111023,180.0
200.0,False,True,0.0,7.887050151824951,0.0,1.0554344654083252,4.0,1.1414347887039185,180.0
200.0,False,True,0.0,3.958590269088745,0.0016913104336708784,1.3501695394515991,5.0,1.1894055604934692,180.0
200.0,False,True,0.0,7.829926490783691,0.0,0.9776514172554016,6.0,1.2124547958374023,180.0
200.0,False,True,0.0,4.168049335479736,0.0,1.500014305114746,14.0,1.2007906436920166,180.0
200.0,False,True,0.0,4.771918773651123,0.03336367756128311,0.797295331954956,4.0,1.2272558212280273,180.0
200.0,False,True,0.0,6.1384596824646,0.015798306092619896,1.0060808658599854,8.0,1.2576690912246704,180.0
200.0,False,True,0.0,6.9616498947143555,0.02213461510837078,0.7033306956291199,5.0,1.2135601043701172,180.0
200.0,False,True,0.0,4.989041328430176,0.0,1.6332292556762695,13.0,1.1511927843093872,180.0
200.0,False,True,0.0,8.970495223999023,0.01818794012069702,0.6904464960098267,12.0,1.2449814081192017,180.0
200.0,False,True,0.0,5.8268561363220215,0.0007559680379927158,0.9236317276954651,6.0,1.1377897262573242,180.0
200.0,False,True,0.0,8.897926330566406,0.004168888088315725,0.8100475072860718,5.0,1.2625263929367065,180.0
200.0,False,True,0.0,4.992496013641357,0.0,1.779848575592041,14.0,1.161030888557434,180.0
200.0,False,True,0.0,6.245164394378662,0.017774423584342003,0.9564943909645081,6.0,1.1825721263885498,180.0
200.0,False,True,0.0,19.302474975585938,0.2446228712797165,0.8563634753227234,7.0,1.2345162630081177,180.0
200.0,False,True,0.0,4.07280158996582,0.0,1.5992393493652344,14.0,1.209134817123413,180.0
200.0,False,True,0.0,6.35029935836792,0.010081400163471699,0.9888534545898438,6.0,1.1159098148345947,180.0
200.0,False,True,0.0,5.4300408363342285,0.0,1.6626839637756348,6.0,1.102762222290039,180.0
200.0,False,True,0.0,6.920163631439209,0.025536607950925827,0.847792387008667,4.0,1.1922789812088013,180.0
200.0,False,True,0.0,6.233129024505615,0.013077395968139172,1.0865716934204102,5.0,1.1701526641845703,180.0
200.0,False,True,0.0,4.631977558135986,0.009540567174553871,1.104914665222168,5.0,1.1885322332382202,180.0
200.0,False,True,0.0,6.132931709289551,0.015896830707788467,0.9080843329429626,5.0,1.1610751152038574,180.0
200.0,False,True,0.0,4.501629829406738,0.003129076911136508,1.2549574375152588,8.0,1.151149034500122,180.0
200.0,False,True,0.0,5.691577434539795,0.008537640795111656,0.999454140663147,4.0,1.0994515419006348,180.0
200.0,False,True,0.0,4.571104526519775,0.01772947609424591,0.942603349685669,6.0,1.2311582565307617,180.0
200.0,False,True,0.0,4.503934860229492,0.0,1.5625118017196655,14.0,1.1908173561096191,180.0
200.0,False,True,0.0,8.374189376831055,0.005945737473666668,0.8075244426727295,3.0,1.129461407661438,180.0
200.0,False,True,0.0,4.757652282714844,0.0,1.5299946069717407,14.0,1.1838935613632202,180.0
200.0,True,False,nan,48.46406555175781,0.2282356470823288,0.75837242603302,9.0,1.1981042623519897,270.0
200.0,True,False,nan,46.380897521972656,0.31198346614837646,0.8563599586486816,7.0,1.2304102182388306,270.0
200.0,False,True,0.0,6.52762508392334,0.0,2.022073268890381,5.0,1.6201738119125366,270.0
200.0,False,True,0.0,8.205543518066406,0.01706654205918312,0.9018110036849976,3.0,1.300699234008789,270.0
200.0,False,True,0.0,4.759093284606934,0.010217089205980301,0.7863129377365112,9.0,1.2273118495941162,270.0
200.0,False,True,0.0,5.954929351806641,0.02065320499241352,0.7544427514076233,9.0,1.3229306936264038,270.0
200.0,False,True,0.0,4.625417709350586,0.0005416965577751398,1.0641670227050781,6.0,1.2478175163269043,270.0
200.0,False,True,0.0,6.785760402679443,0.0016428756061941385,1.3669540882110596,11.0,1.5024702548980713,270.0
200.0,False,True,0.0,5.094930171966553,0.011182752437889576,0.8099141716957092,4.0,1.3591281175613403,270.0
200.0,False,True,0.0,6.399479866027832,0.0046938038431108,1.1987309455871582,7.0,1.4359824657440186,270.0
200.0,False,True,0.29999998211860657,6.250216960906982,0.024316292256116867,0.7162036299705505,5.0,1.282326102256775,270.0
200.0,False,True,0.0,9.258944511413574,0.0,1.5023736953735352,9.0,1.2520986795425415,270.0
200.0,False,True,0.0,12.891188621520996,0.030361484736204147,0.827789306640625,5.0,1.2923598289489746,270.0
200.0,False,True,0.0,4.814789772033691,0.0,1.4492018222808838,5.0,1.3531215190887451,270.0
200.0,False,True,0.0,7.017608642578125,0.009253306314349174,0.982149600982666,5.0,1.220003604888916,270.0
200.0,False,True,0.0,4.924696445465088,0.0,1.3825697898864746,8.0,1.3905802965164185,270.0
200.0,False,True,0.0,5.8090009689331055,0.0,1.6327357292175293,7.0,1.4238240718841553,270.0
200.0,False,True,0.0,7.920701503753662,0.0017106770537793636,1.2262356281280518,3.0,1.1942362785339355,270.0
200.0,False,True,0.0,6.640566349029541,0.008324854075908661,0.8935034275054932,3.0,1.1483784914016724,270.0
200.0,False,True,0.0,5.8593621253967285,0.0,1.558487057685852,5.0,1.4972366094589233,270.0
200.0,False,True,0.2800000011920929,6.9462199211120605,0.025683196261525154,0.7888703942298889,5.0,1.2680939435958862,270.0
200.0,False,True,0.0,6.677056312561035,0.013877807185053825,0.9568617939949036,5.0,1.3415385484695435,270.0
200.0,False,True,0.0,4.568703651428223,0.014329768717288971,0.7330502271652222,9.0,1.216774821281433,270.0
200.0,False,True,0.0,5.558905601501465,0.004220747854560614,1.057947039604187,6.0,1.3449738025665283,270.0
200.0,False,True,0.0,4.864779472351074,0.0,1.3192672729492188,5.0,1.3982012271881104,270.0
200.0,False,True,0.0,8.148855209350586,0.0,1.4674415588378906,14.0,1.452902913093567,270.0
200.0,False,True,0.0,5.873462677001953,0.0,1.6996535062789917,14.0,1.43715500831604,270.0
200.0,False,True,0.0,7.963115215301514,0.003086073324084282,1.1186258792877197,5.0,1.3976794481277466,270.0
200.0,False,True,0.0,6.0597100257873535,0.0004642820276785642,1.4057356119155884,9.0,1.520395040512085,270.0
200.0,False,True,0.2800000011920929,7.199799060821533,0.03279361128807068,0.8036523461341858,6.0,1.3793621063232422,270.0
200.0,False,True,0.0,5.3387651443481445,0.01707819104194641,0.7422176599502563,4.0,1.2512296438217163,270.0
200.0,False,True,0.0,4.625121116638184,0.011957578361034393,0.761812150478363,2.0,1.2202739715576172,270.0
200.0,False,True,0.0,6.5629472732543945,0.0,1.6794745922088623,7.0,1.3985766172409058,270.0
200.0,False,True,0.0,6.3532938957214355,0.004021954722702503,1.187333583831787,7.0,1.4162119626998901,270.0
200.0,False,True,0.0,5.688374042510986,0.0,1.501984715461731,11.0,1.478539228439331,270.0
200.0,False,True,0.0,12.16464900970459,0.004301480017602444,0.939725399017334,3.0,1.3278107643127441,270.0
200.0,False,True,0.0,9.135682106018066,0.0,1.7052154541015625,14.0,1.3077061176300049,270.0
200.0,False,True,0.0,6.4551262855529785,0.01932007260620594,0.8013134598731995,4.0,1.234046220779419,270.0
200.0,False,True,0.0,7.958528995513916,0.007658438757061958,1.055415391921997,4.0,1.2619127035140991,270.0
200.0,False,True,0.0,4.905204772949219,0.0,1.3501756191253662,5.0,1.3534107208251953,270.0
200.0,False,True,0.0,6.381223678588867,0.005101771093904972,0.9776492118835449,6.0,1.1348258256912231,270.0
200.0,False,True,0.0,6.876518249511719,0.0,1.5000014305114746,14.0,1.536329746246338,270.0
200.0,False,True,0.0,5.755238056182861,0.019208107143640518,0.7972984910011292,4.0,1.3338264226913452,270.0
200.0,False,True,0.0,5.572883605957031,0.004502174444496632,1.0060856342315674,8.0,1.3026611804962158,270.0
200.0,False,True,0.2800000011920929,6.947124004364014,0.03524799644947052,0.7033312320709229,5.0,1.2658839225769043,270.0
200.0,False,True,0.0,7.012436389923096,0.0,1.6332265138626099,13.0,1.547966480255127,270.0
200.0,False,True,0.0,5.994137763977051,0.013752663508057594,0.6904675960540771,12.0,1.0656355619430542,270.0
200.0,False,True,0.2800000011920929,8.69047737121582,0.022960718721151352,0.9236354231834412,6.0,1.4055984020233154,270.0
200.0,False,True,0.0,14.546262741088867,0.009784530848264694,0.8100525140762329,5.0,1.2332489490509033,270.0
200.0,False,True,0.0,6.753979682922363,0.0,1.7798153162002563,14.0,1.5052361488342285,270.0
200.0,False,True,0.0,6.283161163330078,0.010895973071455956,0.9564701914787292,6.0,1.353126883506775,270.0
200.0,False,True,0.0,5.813722610473633,0.0,1.5992095470428467,14.0,1.4386138916015625,270.0
200.0,False,True,0.0,6.755925178527832,0.01097811944782734,0.9888499975204468,6.0,1.3827823400497437,270.0
200.0,False,True,0.0,6.345357418060303,0.0,1.6626732349395752,6.0,1.45913565158844,270.0
200.0,False,True,0.0,7.462533950805664,0.009578023105859756,0.8477846384048462,4.0,1.214582920074463,270.0
200.0,False,True,0.0,5.728921413421631,0.005057339556515217,1.086876392364502,5.0,1.4486801624298096,270.0
200.0,False,True,0.0,5.088812351226807,0.0,1.1049001216888428,5.0,1.3369590044021606,270.0
200.0,False,True,0.0,6.786367416381836,0.017977455630898476,0.9080766439437866,5.0,1.3869717121124268,270.0
200.0,False,True,0.0,6.72622013092041,0.002979724435135722,1.2549571990966797,8.0,1.4443919658660889,270.0
200.0,False,True,0.0,7.870980262756348,0.011511332355439663,0.9994597434997559,4.0,1.3021572828292847,270.0
200.0,False,True,0.0,4.61630392074585,0.004280216991901398,0.9426193833351135,6.0,1.2380427122116089,270.0
200.0,False,True,0.0,6.088756561279297,0.0,1.5624998807907104,14.0,1.425033450126648,270.0
200.0,False,True,0.0,7.593288898468018,0.024739298969507217,0.8075211048126221,3.0,1.2135212421417236,270.0
200.0,False,True,0.0,7.142266750335693,0.0009149574907496572,1.5299890041351318,14.0,1.5920045375823975,270.0
200.0,True,False,nan,2.6445648670196533,0.0,0.7583672404289246,9.0,0.477531373500824,270.0
250.0,True,False,nan,45.87467575073242,0.12959502637386322,0.7583716511726379,9.0,1.3373799324035645,0.0
250.0,True,False,nan,45.50752639770508,0.20222331583499908,0.8061273097991943,6.0,1.3635836839675903,0.0
250.0,True,False,nan,46.32246398925781,0.06530826538801193,0.8563668727874756,7.0,1.5131452083587646,0.0
250.0,True,False,nan,49.44675064086914,0.10796935856342316,0.9397209286689758,3.0,1.5137345790863037,0.0
250.0,True,False,nan,47.588584899902344,0.31179603934288025,0.8277892470359802,5.0,1.433215618133545,0.0
250.0,False,True,0.0,9.217548370361328,0.0,2.022076368331909,5.0,1.2449101209640503,0.0
250.0,False,True,0.3199999928474426,18.094003677368164,0.12655484676361084,0.9039751291275024,3.0,1.3453096151351929,0.0
250.0,False,True,0.3199999928474426,9.695905685424805,0.08596599102020264,0.7862985730171204,9.0,1.1561002731323242,0.0
250.0,False,True,0.3400000035762787,17.195709228515625,0.11213288456201553,0.7544419765472412,9.0,1.2973780632019043,0.0
250.0,False,True,0.0,8.36900520324707,0.0,1.0641826391220093,6.0,1.0898423194885254,0.0
250.0,False,True,0.0,8.969837188720703,0.0,1.3666132688522339,9.0,1.2322872877120972,0.0
250.0,False,True,0.3199999928474426,11.377330780029297,0.0745491236448288,0.8099112510681152,4.0,1.231558084487915,0.0
250.0,False,True,0.0,8.73446273803711,0.0,1.1987274885177612,7.0,1.2288762331008911,0.0
250.0,False,True,0.3199999928474426,11.196510314941406,0.09340116381645203,0.7162086367607117,5.0,1.1870062351226807,0.0
250.0,False,True,0.0,8.31772232055664,0.0,1.5023797750473022,9.0,1.0424102544784546,0.0
250.0,False,True,0.0,9.08772087097168,0.0,1.4491914510726929,5.0,1.1086273193359375,0.0
250.0,False,True,0.3199999928474426,16.37002182006836,0.10119008272886276,0.9821422696113586,5.0,1.2358804941177368,0.0
250.0,False,True,0.0,7.965950012207031,0.0,1.3781518936157227,6.0,1.1097869873046875,0.0
250.0,False,True,0.0,8.284368515014648,0.0,1.6327358484268188,7.0,1.179368019104004,0.0
250.0,False,True,0.19999998807907104,24.087594985961914,0.09613251686096191,1.2262464761734009,3.0,1.492989420890808,0.0
250.0,False,True,0.29999998211860657,11.828933715820312,0.09675063192844391,0.8935069441795349,3.0,1.2482078075408936,0.0
250.0,False,True,0.0,8.553017616271973,0.0,1.5585060119628906,5.0,1.2214059829711914,0.0
250.0,False,True,0.29999998211860657,8.921674728393555,0.056394822895526886,0.7890368103981018,5.0,1.321162462234497,0.0
250.0,False,True,0.0,10.24779987335205,0.0017080353572964668,0.9568561315536499,5.0,1.2009522914886475,0.0
250.0,False,True,0.29999998211860657,7.730582237243652,0.06657674908638,0.7330499887466431,9.0,1.1966321468353271,0.0
250.0,False,True,0.0,8.865610122680664,0.0,1.0579062700271606,6.0,1.151795506477356,0.0
250.0,False,True,0.0,8.458630561828613,0.0,1.3192603588104248,5.0,1.1605403423309326,0.0
250.0,False,True,0.0,8.616482734680176,0.0,1.4675335884094238,11.0,1.4108000993728638,0.0
250.0,False,True,0.0,8.767550468444824,0.0,1.6996703147888184,14.0,1.0537426471710205,0.0
250.0,False,True,0.0,8.983014106750488,0.0,1.132217526435852,5.0,1.417725920677185,0.0
250.0,False,True,0.0,6.971532344818115,0.0,1.4057623147964478,9.0,1.2881364822387695,0.0
250.0,False,True,0.3400000035762787,14.315177917480469,0.11353543400764465,0.8036619424819946,6.0,1.3355607986450195,0.0
250.0,False,True,0.3199999928474426,8.740015983581543,0.09268923103809357,0.742218554019928,4.0,1.191343069076538,0.0
250.0,False,True,0.29999998211860657,7.394861698150635,0.08934389799833298,0.761817216873169,2.0,1.19880211353302,0.0
250.0,False,True,0.0,10.795140266418457,0.0,1.6794712543487549,7.0,1.1344876289367676,0.0
250.0,False,True,0.0,8.502443313598633,0.0,1.1873338222503662,7.0,1.2725207805633545,0.0
250.0,False,True,0.0,8.530462265014648,0.0,1.5019804239273071,11.0,1.2440565824508667,0.0
250.0,False,True,0.0,9.257035255432129,0.0,1.7052093744277954,14.0,1.195682168006897,0.0
250.0,False,True,0.3199999928474426,15.000096321105957,0.11643747240304947,0.8013189435005188,4.0,1.2631086111068726,0.0
250.0,False,True,0.0,11.073467254638672,0.062137387692928314,1.055424690246582,4.0,1.2904107570648193,0.0
250.0,False,True,0.0,9.062150001525879,0.0,1.3501735925674438,5.0,1.0947374105453491,0.0
250.0,False,True,0.29999998211860657,22.004026412963867,0.1016223281621933,0.9776469469070435,6.0,1.3496296405792236,0.0
250.0,False,True,0.0,8.405739784240723,0.0,1.5000090599060059,14.0,1.2546741962432861,0.0
250.0,False,True,0.3199999928474426,9.149352073669434,0.06733716279268265,0.7972975969314575,4.0,1.3107587099075317,0.0
250.0,False,True,0.0,8.687153816223145,0.0,1.0060757398605347,8.0,1.1389055252075195,0.0
250.0,False,True,0.3199999928474426,11.627270698547363,0.09566608816385269,0.7033348083496094,5.0,1.2526984214782715,0.0
250.0,False,True,0.0,8.68358039855957,0.0,1.6332217454910278,13.0,1.2627956867218018,0.0
250.0,False,True,0.85999995470047,21.818395614624023,0.08307010680437088,0.6904419660568237,12.0,1.2361161708831787,0.0
250.0,False,True,0.3199999928474426,11.792977333068848,0.08312062919139862,0.9236264228820801,6.0,1.4114667177200317,0.0
250.0,False,True,0.0,9.278388977050781,0.0,1.7798490524291992,14.0,1.1961140632629395,0.0
250.0,False,True,0.0,8.680753707885742,0.001013154978863895,0.9564805030822754,6.0,1.2544361352920532,0.0
250.0,False,True,0.0,7.866865158081055,0.0,1.599219799041748,14.0,1.1270138025283813,0.0
250.0,False,True,0.0,9.5067138671875,0.0004429960099514574,0.9888461828231812,6.0,1.285187005996704,0.0
250.0,False,True,0.0,10.761300086975098,0.0,1.6626776456832886,6.0,1.2125471830368042,0.0
250.0,False,True,0.5399999618530273,15.650797843933105,0.019634904339909554,0.8477954864501953,4.0,1.2580132484436035,0.0
250.0,False,True,0.0,7.329834461212158,0.0,1.0865731239318848,5.0,1.2766913175582886,0.0
250.0,False,True,0.0,7.6171064376831055,0.0,1.1049171686172485,5.0,1.2041326761245728,0.0
250.0,False,True,0.0,8.948719024658203,0.01686209999024868,0.9080732464790344,5.0,1.2721500396728516,0.0
250.0,False,True,0.0,8.651152610778809,0.0,1.2549612522125244,8.0,1.2639628648757935,0.0
250.0,False,True,0.0,9.097575187683105,0.007166826631873846,0.9995860457420349,4.0,1.3939414024353027,0.0
250.0,False,True,0.0,8.13947868347168,0.000758485752157867,0.9425950050354004,6.0,1.1390602588653564,0.0
250.0,False,True,0.0,8.634881019592285,0.0,1.5625131130218506,14.0,1.1422045230865479,0.0
250.0,False,True,0.29999998211860657,9.641307830810547,0.0648491233587265,0.8075183033943176,3.0,1.3119010925292969,0.0
250.0,False,True,0.0,7.3694257736206055,0.0,1.5299986600875854,14.0,1.349184274673462,0.0
250.0,True,False,nan,2.9018476009368896,0.0009357976960018277,0.7583824992179871,9.0,0.6035258173942566,0.0
250.0,True,False,nan,2.7159883975982666,0.0,0.8065000176429749,7.0,0.41022542119026184,0.0
250.0,True,False,nan,2.0702757835388184,0.0,0.856357753276825,7.0,0.1711089015007019,0.0
250.0,True,False,nan,45.94662094116211,0.0,1.6967295408248901,11.0,1.272688865661621,90.0
250.0,False,True,0.0,7.53554105758667,0.0006504202028736472,2.022071123123169,5.0,1.3295772075653076,90.0
250.0,False,True,0.0,7.073960304260254,0.0037333224900066853,0.9018112421035767,3.0,0.9574283361434937,90.0
250.0,False,True,0.0,7.3633527755737305,0.027588684111833572,0.758378803730011,9.0,0.9680075645446777,90.0
250.0,False,True,0.5,10.12140941619873,0.12934356927871704,0.7863147854804993,9.0,1.0797823667526245,90.0
250.0,False,True,0.47999998927116394,9.856003761291504,0.17214876413345337,0.7544454336166382,9.0,1.1697983741760254,90.0
250.0,False,True,0.0,8.521708488464355,0.054213184863328934,1.0641615390777588,6.0,1.0872151851654053,90.0
250.0,False,True,0.0,6.9355950355529785,0.0,1.366605520248413,9.0,1.1590478420257568,90.0
250.0,False,True,0.4599999785423279,9.819066047668457,0.16393503546714783,0.8099163174629211,4.0,1.143876552581787,90.0
250.0,False,True,0.0,6.92551851272583,0.006808578968048096,1.1987264156341553,7.0,1.1242554187774658,90.0
250.0,False,True,0.5,8.940834045410156,0.15072564780712128,0.7162145376205444,5.0,1.0649821758270264,90.0
250.0,False,True,0.0,8.85966968536377,0.0011457204818725586,1.5024327039718628,9.0,1.233255386352539,90.0
250.0,False,True,0.0,7.946161270141602,0.019948069006204605,0.8277862668037415,5.0,0.9793070554733276,90.0
250.0,False,True,0.0,8.532050132751465,0.015306295827031136,1.4491896629333496,5.0,1.19368577003479,90.0
250.0,False,True,0.0,9.226988792419434,0.0011522328713908792,0.9821431040763855,5.0,1.0043416023254395,90.0
250.0,False,True,0.0,7.752562046051025,0.01223657839000225,1.3825738430023193,8.0,1.1883199214935303,90.0
250.0,False,True,0.0,7.749093055725098,0.0035927342250943184,1.632704734802246,7.0,1.252606987953186,90.0
250.0,False,True,0.0,9.180292129516602,0.0,1.2262260913848877,3.0,0.9496220946311951,90.0
250.0,False,True,0.0,8.640974998474121,0.020880665630102158,0.8935034871101379,3.0,0.9749841690063477,90.0
250.0,False,True,0.0,8.007242202758789,0.01623709499835968,1.5585063695907593,5.0,1.3255223035812378,90.0
250.0,False,True,0.0,7.656219482421875,0.08413845300674438,0.7890358567237854,5.0,1.0325075387954712,90.0
250.0,False,True,0.0,6.648534774780273,0.020802361890673637,0.9568788409233093,5.0,1.011017918586731,90.0
250.0,False,True,0.5,9.991036415100098,0.13233894109725952,0.7330513000488281,9.0,1.0309298038482666,90.0
250.0,False,True,0.0,7.7634663581848145,0.04925912246108055,1.0578689575195312,6.0,1.107704520225525,90.0
250.0,False,True,0.0,8.771066665649414,0.027451619505882263,1.3192747831344604,5.0,1.2246664762496948,90.0
250.0,False,True,0.0,6.655669689178467,0.0,1.4675313234329224,11.0,1.1727982759475708,90.0
250.0,False,True,0.0,7.5484466552734375,0.0003953337436541915,1.6996694803237915,14.0,1.1847624778747559,90.0
250.0,False,True,0.0,6.761206150054932,0.00927587877959013,1.1186374425888062,5.0,1.106094241142273,90.0
250.0,False,True,0.0,7.631263732910156,0.016188649460673332,1.405746579170227,9.0,1.3553744554519653,90.0
250.0,False,True,0.0,8.145699501037598,0.09435605257749557,0.8036632537841797,6.0,1.1244479417800903,90.0
250.0,False,True,0.5,9.65732192993164,0.13572771847248077,0.7422212362289429,4.0,1.0648202896118164,90.0
250.0,False,True,0.0,10.355353355407715,0.12014205753803253,0.7618130445480347,2.0,1.0349897146224976,90.0
250.0,False,True,0.0,7.1759443283081055,0.0,1.679476261138916,7.0,1.0442231893539429,90.0
250.0,False,True,0.0,7.571885585784912,0.009409556165337563,1.1873447895050049,7.0,1.1713447570800781,90.0
250.0,False,True,0.0,8.524566650390625,0.04603526368737221,1.5021475553512573,11.0,1.3598593473434448,90.0
250.0,False,True,0.0,7.564107418060303,0.019664907827973366,0.9453688859939575,7.0,1.010391116142273,90.0
250.0,False,True,0.0,8.900708198547363,0.06842796504497528,0.8013136386871338,4.0,1.0369787216186523,90.0
250.0,False,True,0.0,7.182339191436768,0.0,1.0554131269454956,4.0,0.975541353225708,90.0
250.0,False,True,0.0,8.224711418151855,0.01066909171640873,1.3501704931259155,5.0,1.1015865802764893,90.0
250.0,False,True,0.0,10.935619354248047,0.015908999368548393,0.9776461720466614,6.0,0.9453349709510803,90.0
250.0,False,True,0.0,7.221294403076172,0.0,1.500003457069397,14.0,1.2788245677947998,90.0
250.0,False,True,0.47999998927116394,8.872808456420898,0.15153099596500397,0.7972980737686157,4.0,1.2030165195465088,90.0
250.0,False,True,0.0,7.310295104980469,0.050273433327674866,1.0060750246047974,8.0,1.0596773624420166,90.0
250.0,False,True,0.0,7.544051647186279,0.12208741903305054,0.703328549861908,5.0,1.0140550136566162,90.0
250.0,False,True,0.0,7.376185417175293,0.0,1.633223295211792,13.0,1.199057698249817,90.0
250.0,False,True,0.5399999618530273,9.576144218444824,0.1114911362528801,0.6904642581939697,12.0,1.0466290712356567,90.0
250.0,False,True,0.0,6.887577056884766,0.00020166515605524182,0.9236335158348083,6.0,0.9670268893241882,90.0
250.0,False,True,0.0,8.054372787475586,0.02338753268122673,0.806119441986084,6.0,0.9641079306602478,90.0
250.0,False,True,0.0,7.454405307769775,0.0,1.7798130512237549,14.0,1.166643500328064,90.0
250.0,False,True,0.0,7.371129035949707,0.05820758640766144,0.9564926624298096,6.0,1.0609252452850342,90.0
250.0,False,True,0.0,7.669920921325684,0.03241044655442238,0.8563617467880249,7.0,0.9772335886955261,90.0
250.0,False,True,0.0,7.605323314666748,0.0006866621552035213,1.5992240905761719,14.0,1.2701400518417358,90.0
250.0,False,True,0.0,6.924839019775391,0.025290679186582565,0.9888326525688171,6.0,1.0023925304412842,90.0
250.0,False,True,0.0,7.25249719619751,0.0,1.6626771688461304,6.0,1.072721242904663,90.0
250.0,False,True,0.0,7.337031841278076,0.05764327943325043,0.8477849364280701,4.0,1.0129482746124268,90.0
250.0,False,True,0.0,8.598980903625488,0.06012286990880966,1.0865877866744995,5.0,1.255550503730774,90.0
250.0,False,True,0.0,8.706329345703125,0.07238607853651047,1.1049116849899292,5.0,1.1770679950714111,90.0
250.0,False,True,0.0,7.509088516235352,0.05162212997674942,0.9080690145492554,5.0,1.0547770261764526,90.0
250.0,False,True,0.0,7.099095344543457,0.004940979182720184,1.2549450397491455,8.0,1.1219075918197632,90.0
250.0,False,True,0.0,6.720123767852783,0.0012492728419601917,0.9994540214538574,4.0,0.9939262270927429,90.0
250.0,False,True,0.0,8.523690223693848,0.08890677988529205,0.9425967931747437,6.0,1.0885473489761353,90.0
250.0,False,True,0.0,7.1258769035339355,0.0,1.5625030994415283,14.0,1.1837018728256226,90.0
250.0,False,True,0.0,6.509726047515869,0.018862463533878326,0.8075202107429504,3.0,0.9619541168212891,90.0
250.0,False,True,0.0,7.259716987609863,0.0002899122191593051,1.5300005674362183,14.0,1.325738549232483,90.0
250.0,False,True,0.0,6.708205699920654,0.0,2.0220746994018555,5.0,1.4206857681274414,180.0
250.0,False,True,0.0,6.533659934997559,0.014503175392746925,0.9039827585220337,3.0,1.4217652082443237,180.0
250.0,False,True,0.14000000059604645,13.890929222106934,0.10153470933437347,0.758381187915802,9.0,1.5075395107269287,180.0
250.0,False,True,0.14000000059604645,7.116979598999023,0.036901701241731644,0.7863053679466248,9.0,1.5174603462219238,180.0
250.0,False,True,0.3799999952316284,7.085625648498535,0.1469510793685913,0.7544406056404114,9.0,1.4847016334533691,180.0
250.0,False,True,0.0,6.677526473999023,0.05561868101358414,1.0641857385635376,6.0,1.4756011962890625,180.0
250.0,False,True,0.0,5.873495578765869,0.03717038035392761,1.3673155307769775,10.0,1.4199659824371338,180.0
250.0,False,True,0.1599999964237213,6.918151378631592,0.11741285026073456,0.809914767742157,4.0,1.4752529859542847,180.0
250.0,False,True,0.0,6.821707248687744,0.05632981285452843,1.1987322568893433,7.0,1.4327439069747925,180.0
250.0,False,True,0.17999999225139618,6.480834484100342,0.09859015792608261,0.7162096500396729,5.0,1.4889953136444092,180.0
250.0,False,True,0.0,7.681504249572754,0.013810682110488415,1.5023751258850098,9.0,1.492546796798706,180.0
250.0,False,True,0.1599999964237213,10.567975997924805,0.06060681864619255,0.8277912139892578,5.0,1.4956146478652954,180.0
250.0,False,True,0.0,6.248302936553955,0.013435106724500656,1.4491864442825317,5.0,1.4163213968276978,180.0
250.0,False,True,0.0,8.303450584411621,0.0025180685333907604,0.9821469187736511,5.0,1.4579308032989502,180.0
250.0,False,True,0.0,7.43727445602417,0.0208527073264122,1.3840008974075317,8.0,1.4582172632217407,180.0
250.0,False,True,0.0,7.552423000335693,0.011548924259841442,1.632737636566162,7.0,1.4179562330245972,180.0
250.0,False,True,0.0,7.7637939453125,0.0,1.2262283563613892,3.0,1.441264271736145,180.0
250.0,False,True,0.0,9.443918228149414,0.009985722601413727,0.8935042023658752,3.0,1.5058512687683105,180.0
250.0,False,True,0.0,6.48803186416626,0.015225407667458057,1.5584931373596191,5.0,1.3636131286621094,180.0
250.0,False,True,0.1599999964237213,7.923450469970703,0.09150010347366333,0.7890315055847168,5.0,1.3760278224945068,180.0
250.0,False,True,0.0,7.70020866394043,0.0576288141310215,0.9568727016448975,5.0,1.3773351907730103,180.0
250.0,False,True,0.1599999964237213,9.601750373840332,0.10355891287326813,0.7330499887466431,9.0,1.487993597984314,180.0
250.0,False,True,0.0,6.895261764526367,0.06662435829639435,1.0578819513320923,6.0,1.4511690139770508,180.0
250.0,False,True,0.0,6.476687908172607,0.028945032507181168,1.3192743062973022,5.0,1.393917202949524,180.0
250.0,False,True,0.0,6.264660835266113,0.030848810449242592,1.4675304889678955,11.0,1.4521033763885498,180.0
250.0,False,True,0.0,5.3379950523376465,0.0058736843056976795,1.6996564865112305,14.0,1.4557163715362549,180.0
250.0,False,True,0.0,6.659911155700684,0.06979542970657349,1.1322232484817505,5.0,1.4000904560089111,180.0
250.0,False,True,0.0,7.245785713195801,0.0408773198723793,1.405788540840149,9.0,1.421844720840454,180.0
250.0,False,True,0.3400000035762787,7.320433616638184,0.12471818923950195,0.803652822971344,6.0,1.4676486253738403,180.0
250.0,False,True,0.1599999964237213,7.912171363830566,0.059447187930345535,0.7422182559967041,4.0,1.5039440393447876,180.0
250.0,False,True,0.14000000059604645,10.302441596984863,0.04302333667874336,0.7618165016174316,2.0,1.520763635635376,180.0
250.0,False,True,0.0,5.8209333419799805,0.0033460569102317095,1.6794766187667847,7.0,1.38771390914917,180.0
250.0,False,True,0.0,6.283847332000732,0.06003465875983238,1.1873295307159424,7.0,1.398775339126587,180.0
250.0,False,True,0.0,6.197010040283203,0.023503851145505905,1.5019829273223877,11.0,1.3546345233917236,180.0
250.0,False,True,0.1599999964237213,10.829874992370605,0.09074230492115021,0.9397207498550415,3.0,1.4448823928833008,180.0
250.0,False,True,0.0,7.510526657104492,0.005078301299363375,1.7052148580551147,14.0,1.4514673948287964,180.0
250.0,False,True,0.0,7.762580871582031,0.034676361829042435,0.8013180494308472,4.0,1.4615098237991333,180.0
250.0,False,True,0.0,9.446977615356445,0.0,1.0554254055023193,4.0,1.386513590812683,180.0
250.0,False,True,0.0,6.071539402008057,0.01891590654850006,1.35016667842865,5.0,1.4250186681747437,180.0
250.0,False,True,0.0,10.798476219177246,0.0022524737287312746,0.9776410460472107,6.0,1.4993008375167847,180.0
250.0,False,True,0.0,6.3615899085998535,0.03083198145031929,1.5000110864639282,14.0,1.4335912466049194,180.0
250.0,False,True,0.35999998450279236,7.177202224731445,0.14327752590179443,0.7972971200942993,4.0,1.4620018005371094,180.0
250.0,False,True,0.11999999731779099,8.071587562561035,0.06655977666378021,1.0060837268829346,8.0,1.5098319053649902,180.0
250.0,False,True,0.17999999225139618,7.657398700714111,0.08856881409883499,0.703334629535675,5.0,1.4761872291564941,180.0
250.0,False,True,0.0,5.551391124725342,0.00992694590240717,1.6332223415374756,13.0,1.4527806043624878,180.0
250.0,False,True,0.1599999964237213,12.02704906463623,0.08939642459154129,0.6904476284980774,12.0,1.5071252584457397,180.0
250.0,False,True,0.0,6.270010471343994,0.041337404400110245,0.9236347079277039,6.0,1.372517704963684,180.0
250.0,False,True,0.0,11.776423454284668,0.029754046350717545,0.806128740310669,6.0,1.5134812593460083,180.0
250.0,False,True,0.0,5.58191442489624,0.002734866226091981,1.779860019683838,14.0,1.411858081817627,180.0
250.0,False,True,0.14000000059604645,7.188809871673584,0.08395124226808548,0.956475019454956,6.0,1.4311989545822144,180.0
250.0,False,True,0.17999999225139618,44.84450912475586,0.6002281904220581,0.8563627600669861,7.0,1.4950082302093506,180.0
250.0,False,True,0.0,6.166469097137451,0.012283519841730595,1.599318504333496,14.0,1.450465440750122,180.0
250.0,False,True,0.0,7.187936782836914,0.06009964272379875,0.988842785358429,6.0,1.353562355041504,180.0
250.0,False,True,0.0,5.386524677276611,0.0021986293140798807,1.6626757383346558,6.0,1.36346435546875,180.0
250.0,False,True,0.1599999964237213,8.768692970275879,0.1037084311246872,0.847786009311676,4.0,1.4522069692611694,180.0
250.0,False,True,0.0,8.285223007202148,0.08756676316261292,1.0868735313415527,5.0,1.3998026847839355,180.0
250.0,False,True,0.0,6.862899303436279,0.06961202621459961,1.1049138307571411,5.0,1.416374683380127,180.0
250.0,False,True,0.14000000059604645,7.08579158782959,0.08480077236890793,0.9080838561058044,5.0,1.4043071269989014,180.0
250.0,False,True,0.0,5.772037506103516,0.04820243641734123,1.2549625635147095,8.0,1.3879371881484985,180.0
250.0,False,True,0.0,6.931407928466797,0.06663360446691513,0.999457597732544,4.0,1.3494834899902344,180.0
250.0,False,True,0.14000000059604645,7.1074910163879395,0.07884106785058975,0.9425956010818481,6.0,1.4792762994766235,180.0
250.0,False,True,0.0,6.135616779327393,0.014248469844460487,1.5625087022781372,14.0,1.422526478767395,180.0
250.0,False,True,0.0,9.423604011535645,0.03919987753033638,0.8074803352355957,3.0,1.3913472890853882,180.0
250.0,False,True,0.0,7.052018642425537,0.030797114595770836,1.5299980640411377,14.0,1.466737985610962,180.0
250.0,True,False,nan,45.11185073852539,0.18099762499332428,0.7583767175674438,9.0,1.33372163772583,270.0
250.0,True,False,nan,48.4016227722168,0.34573855996131897,0.8563665151596069,7.0,1.5034559965133667,270.0
250.0,False,True,0.0,6.698434352874756,0.0,2.0220696926116943,5.0,1.8717775344848633,270.0
250.0,False,True,0.2800000011920929,8.915595054626465,0.04180784523487091,0.9018133282661438,3.0,1.4952878952026367,270.0
250.0,False,True,0.29999998211860657,5.326675891876221,0.031676284968853,0.78631991147995,9.0,1.4102290868759155,270.0
250.0,False,True,0.29999998211860657,6.470448017120361,0.054136645048856735,0.7544443607330322,9.0,1.561149001121521,270.0
250.0,False,True,0.0,4.632019519805908,0.010448787361383438,1.0641733407974243,6.0,1.5089308023452759,270.0
250.0,False,True,0.0,6.716795921325684,0.007059471681714058,1.3666173219680786,9.0,1.61734938621521,270.0
250.0,False,True,0.29999998211860657,5.419999122619629,0.035814106464385986,0.8099165558815002,4.0,1.5468542575836182,270.0
250.0,False,True,0.0,7.356048107147217,0.007981815375387669,1.1987395286560059,7.0,1.6552767753601074,270.0
250.0,False,True,0.29999998211860657,6.3711371421813965,0.062288496643304825,0.7162027955055237,5.0,1.5112073421478271,270.0
250.0,False,True,0.0,8.703216552734375,0.0,1.5024409294128418,9.0,1.49468195438385,270.0
250.0,False,True,1.3799999952316284,15.427725791931152,0.47711747884750366,0.8277881741523743,5.0,1.4817806482315063,270.0
250.0,False,True,0.0,4.593546390533447,3.7467478250619024e-05,1.4491925239562988,5.0,1.637838363647461,270.0
250.0,False,True,0.0,7.3004655838012695,0.023691590875387192,0.9821540713310242,5.0,1.4335930347442627,270.0
250.0,False,True,0.0,5.27432918548584,0.0011591743677854538,1.3839613199234009,8.0,1.6262151002883911,270.0
250.0,False,True,0.0,7.219120502471924,0.0,1.632733941078186,7.0,1.4904448986053467,270.0
250.0,False,True,0.0,8.459001541137695,0.009938731789588928,1.226171612739563,3.0,1.3909543752670288,270.0
250.0,False,True,0.0,7.142019271850586,0.021976519376039505,0.8935062289237976,3.0,1.299551248550415,270.0
250.0,False,True,0.0,6.058966159820557,0.0011061286786571145,1.5584988594055176,5.0,1.7774009704589844,270.0
250.0,False,True,0.2800000011920929,7.320862293243408,0.06216742843389511,0.7890396118164062,5.0,1.5419704914093018,270.0
250.0,False,True,0.2800000011920929,6.978759765625,0.04791370406746864,0.9568579792976379,5.0,1.6084792613983154,270.0
250.0,False,True,0.2800000011920929,4.8731489181518555,0.04296472296118736,0.7330479621887207,9.0,1.4208990335464478,270.0
250.0,False,True,0.0,5.769795894622803,0.01878926157951355,1.0578830242156982,6.0,1.6011605262756348,270.0
250.0,False,True,0.0,4.754851818084717,0.0035246466286480427,1.3192617893218994,5.0,1.6672275066375732,270.0
250.0,False,True,0.0,9.730761528015137,0.005025594029575586,1.4675285816192627,11.0,1.7596224546432495,270.0
250.0,False,True,0.0,5.888062000274658,0.0,1.6996660232543945,14.0,1.6033905744552612,270.0
250.0,False,True,0.0,10.252904891967773,0.017990317195653915,1.1186327934265137,5.0,1.7504260540008545,270.0
250.0,False,True,0.0,6.33867883682251,0.008176595903933048,1.4057475328445435,9.0,1.7681814432144165,270.0
250.0,False,True,0.29999998211860657,7.682934284210205,0.07269208133220673,0.8036617040634155,6.0,1.6746037006378174,270.0
250.0,False,True,0.29999998211860657,5.85671854019165,0.046690620481967926,0.7422244548797607,4.0,1.4104255437850952,270.0
250.0,False,True,0.29999998211860657,5.144870758056641,0.03188551589846611,0.761817455291748,2.0,1.361555576324463,270.0
250.0,False,True,0.0,6.84575891494751,0.0003586673701647669,1.6794781684875488,7.0,1.6457347869873047,270.0
250.0,False,True,0.0,6.654667854309082,0.018593359738588333,1.187335729598999,7.0,1.7125439643859863,270.0
250.0,False,True,0.0,5.735486030578613,0.0019170546438544989,1.501975417137146,11.0,1.8474626541137695,270.0
250.0,False,True,0.0,12.80290412902832,0.025446949526667595,0.9397335648536682,3.0,1.5920511484146118,270.0
250.0,False,True,0.0,9.53526782989502,0.0,1.7052046060562134,14.0,1.597055196762085,270.0
250.0,False,True,0.2800000011920929,6.92132568359375,0.04501352086663246,0.801321804523468,4.0,1.4608885049819946,270.0
250.0,False,True,0.0,8.566875457763672,0.02439623512327671,1.0554249286651611,4.0,1.484309196472168,270.0
250.0,False,True,0.0,4.705029010772705,0.001622805604711175,1.3501662015914917,5.0,1.615572214126587,270.0
250.0,False,True,0.0,6.855922222137451,0.014279017224907875,0.977651834487915,6.0,1.3271067142486572,270.0
250.0,False,True,0.0,7.237360954284668,0.0074385423213243484,1.5000135898590088,14.0,1.8153314590454102,270.0
250.0,False,True,0.2800000011920929,6.148958206176758,0.05246661230921745,0.7973014712333679,4.0,1.6382828950881958,270.0
250.0,False,True,0.0,6.040171146392822,0.01664070412516594,1.0060851573944092,8.0,1.4611482620239258,270.0
250.0,False,True,0.2800000011920929,7.383018970489502,0.07374921441078186,0.703357994556427,5.0,1.500659465789795,270.0
250.0,False,True,0.0,7.37174129486084,0.007586266845464706,1.6332212686538696,13.0,1.8042922019958496,270.0
250.0,False,True,0.2800000011920929,23.905960083007812,1.7707093954086304,0.690447211265564,12.0,1.338321328163147,270.0
250.0,False,True,0.2800000011920929,9.048566818237305,0.05326510965824127,0.9236235022544861,6.0,1.555166482925415,270.0
250.0,False,True,1.71999990940094,16.21299171447754,0.44517388939857483,0.8060932159423828,6.0,1.31089186668396,270.0
250.0,False,True,0.0,6.996192932128906,0.0,1.7798182964324951,14.0,1.7364856004714966,270.0
250.0,False,True,0.2800000011920929,6.425135612487793,0.03461555391550064,0.9564775824546814,6.0,1.569907546043396,270.0
250.0,False,True,0.0,5.842913627624512,0.0007650470361113548,1.5992213487625122,14.0,1.6956770420074463,270.0
250.0,False,True,0.0,6.826593399047852,0.031532712280750275,0.9888474941253662,6.0,1.4841417074203491,270.0
250.0,False,True,0.0,6.377105236053467,0.0007861113408580422,1.662669062614441,6.0,1.6335480213165283,270.0
250.0,False,True,0.0,9.492871284484863,0.027401627972722054,0.8477823734283447,4.0,1.4444016218185425,270.0
250.0,False,True,0.0,5.768368721008301,0.01836877129971981,1.0865877866744995,5.0,1.7072325944900513,270.0
250.0,False,True,0.0,5.319718837738037,0.01044118870049715,1.104902744293213,5.0,1.661328673362732,270.0
250.0,False,True,0.2800000011920929,7.1642889976501465,0.05043471232056618,0.9080843329429626,5.0,1.6102633476257324,270.0
250.0,False,True,0.0,6.776968479156494,0.014848174527287483,1.2549633979797363,8.0,1.6263128519058228,270.0
250.0,False,True,0.0,9.115181922912598,0.034649912267923355,0.9995865821838379,4.0,1.6000885963439941,270.0
250.0,False,True,0.0,4.7691264152526855,0.02100948803126812,0.9426032304763794,6.0,1.5331953763961792,270.0
250.0,False,True,0.0,6.107787609100342,0.0008777641924098134,1.562503457069397,14.0,1.6057409048080444,270.0
250.0,False,True,0.2800000011920929,8.247883796691895,0.06036018952727318,0.8075258731842041,3.0,1.409779667854309,270.0
250.0,False,True,0.0,7.562108993530273,0.008849816396832466,1.5299932956695557,14.0,1.8342907428741455,270.0
250.0,True,False,nan,3.778852939605713,0.0010570716112852097,0.758365273475647,9.0,0.8483173251152039,270.0
300.0,True,False,nan,48.52149200439453,0.2965681850910187,0.7583692669868469,9.0,1.5531021356582642,0.0
300.0,True,False,nan,45.31456756591797,0.17564351856708527,0.856366753578186,7.0,1.5695393085479736,0.0
300.0,True,False,nan,48.93058776855469,0.2408781200647354,0.6904612183570862,12.0,1.594412922859192,0.0
300.0,True,False,nan,47.749019622802734,0.3303840160369873,0.8100443482398987,5.0,1.8278635740280151,0.0
300.0,True,False,nan,45.960296630859375,0.3836926817893982,0.8277882933616638,5.0,1.9452399015426636,0.0
300.0,True,False,nan,48.162841796875,0.1621813327074051,0.9393158555030823,7.0,1.5393027067184448,0.0
300.0,True,False,nan,47.07828140258789,0.1624525785446167,0.8495634198188782,4.0,1.4666798114776611,0.0
300.0,False,True,0.0,10.833089828491211,0.0,2.0220744609832764,5.0,1.471765160560608,0.0
300.0,False,True,0.3199999928474426,28.000905990600586,0.18211720883846283,0.9039796590805054,3.0,1.8203215599060059,0.0
300.0,False,True,0.3199999928474426,18.95807456970215,0.14004801213741302,0.7863082885742188,9.0,1.4788851737976074,0.0
300.0,False,True,0.3199999928474426,26.414663314819336,0.1576060652732849,0.754447877407074,9.0,1.7461919784545898,0.0
300.0,False,True,0.0,8.417506217956543,0.0014930606121197343,1.0641653537750244,6.0,1.3146357536315918,0.0
300.0,False,True,0.0,9.439900398254395,0.0,1.3673747777938843,10.0,1.48827064037323,0.0
300.0,False,True,0.3199999928474426,23.36000633239746,0.12283262610435486,0.8099145293235779,4.0,1.6551017761230469,0.0
300.0,False,True,0.0,10.883072853088379,0.0,1.1987330913543701,7.0,1.4459733963012695,0.0
300.0,False,True,0.3199999928474426,18.810583114624023,0.15458185970783234,0.7162032127380371,5.0,1.521714448928833,0.0
300.0,False,True,0.0,8.778499603271484,0.0,1.5023553371429443,9.0,1.2729183435440063,0.0
300.0,False,True,0.0,10.485671997070312,0.0,1.4491969347000122,5.0,1.337453007698059,0.0
300.0,False,True,0.29999998211860657,27.449193954467773,0.1434662640094757,0.9821365475654602,5.0,1.8042126893997192,0.0
300.0,False,True,0.0,9.15538501739502,0.0,1.3785687685012817,6.0,1.2731069326400757,0.0
300.0,False,True,0.0,9.124533653259277,0.0,1.6327356100082397,7.0,1.4125322103500366,0.0
300.0,False,True,0.29999998211860657,32.563255310058594,0.202992245554924,1.2262284755706787,3.0,2.0104105472564697,0.0
300.0,False,True,0.29999998211860657,24.50346565246582,0.14716652035713196,0.8934987783432007,3.0,1.674277901649475,0.0
300.0,False,True,0.0,10.065971374511719,0.0,1.5585042238235474,5.0,1.4533876180648804,0.0
300.0,False,True,0.3199999928474426,12.040186882019043,0.11995819211006165,0.7890409827232361,5.0,1.5003447532653809,0.0
300.0,False,True,0.0,10.36613941192627,0.03430891036987305,0.956855058670044,5.0,1.460561990737915,0.0
300.0,False,True,0.29999998211860657,14.370142936706543,0.1212984099984169,0.7330491542816162,9.0,1.3511879444122314,0.0
300.0,False,True,0.0,9.798036575317383,0.004034976940602064,1.0578737258911133,6.0,1.4179930686950684,0.0
300.0,False,True,0.0,10.35755729675293,0.0,1.3192710876464844,5.0,1.3765056133270264,0.0
300.0,False,True,0.0,9.350970268249512,0.0,1.467529296875,11.0,1.667380452156067,0.0
300.0,False,True,0.0,9.049609184265137,0.0,1.6996532678604126,14.0,1.2864493131637573,0.0
300.0,False,True,0.5,19.315837860107422,0.006939072627574205,1.1322283744812012,5.0,1.6878058910369873,0.0
300.0,False,True,0.0,9.68773078918457,0.0,1.4057382345199585,9.0,1.516069769859314,0.0
300.0,False,True,0.3199999928474426,25.450090408325195,0.16550523042678833,0.8036552667617798,6.0,1.6981159448623657,0.0
300.0,False,True,0.29999998211860657,19.769954681396484,0.14852537214756012,0.7422217726707458,4.0,1.5108184814453125,0.0
300.0,False,True,0.29999998211860657,19.52359962463379,0.14051271975040436,0.7618125677108765,2.0,1.4786403179168701,0.0
300.0,False,True,0.0,11.060514450073242,0.0,1.6794723272323608,7.0,1.33889639377594,0.0
300.0,False,True,0.0,10.262857437133789,0.0,1.1873642206192017,7.0,1.5049960613250732,0.0
300.0,False,True,0.0,9.94615364074707,0.0,1.5019843578338623,11.0,1.4804080724716187,0.0
300.0,False,True,0.5199999809265137,16.07787322998047,0.0,1.7052011489868164,14.0,1.4512619972229004,0.0
300.0,False,True,0.29999998211860657,25.54351806640625,0.16254021227359772,0.801319420337677,4.0,1.719632625579834,0.0
300.0,False,True,0.3199999928474426,18.102920532226562,0.12906277179718018,1.0554122924804688,4.0,1.4421648979187012,0.0
300.0,False,True,0.0,10.129761695861816,0.0,1.3501629829406738,5.0,1.311836838722229,0.0
300.0,False,True,0.2800000011920929,32.87242126464844,0.15103569626808167,0.9776524305343628,6.0,1.9952611923217773,0.0
300.0,False,True,0.0,8.847776412963867,0.0,1.5000163316726685,14.0,1.5089884996414185,0.0
300.0,False,True,0.3199999928474426,21.946231842041016,0.12559132277965546,0.7972983717918396,4.0,1.6332309246063232,0.0
300.0,False,True,0.0,9.401824951171875,0.00933404453098774,1.006080985069275,8.0,1.3539355993270874,0.0
300.0,False,True,0.3199999928474426,18.15047264099121,0.1628890484571457,0.703336775302887,5.0,1.490978717803955,0.0
300.0,False,True,0.0,8.914690971374512,0.0,1.6332192420959473,13.0,1.5204520225524902,0.0
300.0,False,True,0.3199999928474426,21.836271286010742,0.1590472161769867,0.9236303567886353,6.0,1.6186388731002808,0.0
300.0,False,True,0.0,9.610549926757812,0.0,1.7798526287078857,14.0,1.4352121353149414,0.0
300.0,False,True,0.0,10.202378273010254,0.0321451760828495,0.9564784169197083,6.0,1.4687169790267944,0.0
300.0,False,True,0.0,8.263081550598145,0.0,1.5993133783340454,14.0,1.3560230731964111,0.0
300.0,False,True,0.0,9.645772933959961,0.026969756931066513,0.9888442158699036,6.0,1.516658902168274,0.0
300.0,False,True,0.0,11.075901985168457,0.0,1.6626684665679932,6.0,1.4575031995773315,0.0
300.0,False,True,0.0,13.802728652954102,0.016253136098384857,1.0865851640701294,5.0,1.4541369676589966,0.0
300.0,False,True,0.0,9.849198341369629,0.006235909182578325,1.104904294013977,5.0,1.3856005668640137,0.0
300.0,False,True,0.0,13.011882781982422,0.08445432037115097,0.9080902338027954,5.0,1.442274570465088,0.0
300.0,False,True,0.0,9.077012062072754,0.0,1.2549492120742798,8.0,1.507872462272644,0.0
300.0,False,True,0.5199999809265137,15.61636734008789,0.043559443205595016,0.9994552135467529,4.0,1.6435428857803345,0.0
300.0,False,True,0.0,8.639201164245605,0.020965497940778732,0.9426097869873047,6.0,1.348779559135437,0.0
300.0,False,True,0.0,9.35712718963623,0.0,1.5625083446502686,14.0,1.3745226860046387,0.0
300.0,False,True,0.3199999928474426,11.873002052307129,0.1313656121492386,0.807524561882019,3.0,1.438045859336853,0.0
300.0,False,True,0.0,8.172937393188477,0.0,1.5299981832504272,14.0,1.6201350688934326,0.0
300.0,True,False,nan,11.844749450683594,0.047904934734106064,0.7583826184272766,9.0,1.4408464431762695,0.0
300.0,True,False,nan,4.287336349487305,0.008004839532077312,0.8277879357337952,5.0,0.8544567823410034,0.0
300.0,True,False,nan,3.172187566757202,0.008734200149774551,0.9397229552268982,3.0,1.1863203048706055,0.0
300.0,True,False,nan,3.472600221633911,0.008276288397610188,0.6904467940330505,12.0,0.782575249671936,0.0
300.0,True,False,nan,15.012137413024902,0.04703783988952637,0.8061253428459167,6.0,1.5116032361984253,0.0
300.0,True,False,nan,10.962374687194824,0.032140690833330154,0.85636305809021,7.0,1.4096966981887817,0.0
300.0,True,False,nan,45.81507873535156,0.08418117463588715,0.9397312998771667,3.0,1.3027806282043457,90.0
300.0,True,False,nan,46.869712829589844,0.12761257588863373,0.8563615679740906,7.0,1.2119810581207275,90.0
300.0,True,False,nan,53.82237243652344,0.11313782632350922,0.7583820223808289,9.0,1.177138090133667,90.0
300.0,True,False,nan,49.27897644042969,0.013523902744054794,1.7052143812179565,14.0,1.5324604511260986,90.0
300.0,True,False,nan,49.61046600341797,0.6132301688194275,0.806093692779541,6.0,1.1520882844924927,90.0
300.0,False,True,0.0,7.65147590637207,0.024548355489969254,2.022068977355957,5.0,1.6165590286254883,90.0
300.0,False,True,0.0,7.830552577972412,0.05516500398516655,0.902167797088623,3.0,1.1705551147460938,90.0
300.0,False,True,0.4599999785423279,10.945030212402344,0.19897179305553436,0.7863069772720337,9.0,1.2894078493118286,90.0
300.0,False,True,0.4599999785423279,10.117424011230469,0.2542150616645813,0.7544446587562561,9.0,1.4936381578445435,90.0
300.0,False,True,0.41999998688697815,9.056727409362793,0.1339845359325409,1.0641658306121826,6.0,1.3455184698104858,90.0
300.0,False,True,0.0,7.249332427978516,0.04452070593833923,1.3673404455184937,14.0,1.4360935688018799,90.0
300.0,False,True,0.4399999976158142,10.149664878845215,0.2444031536579132,0.8099153637886047,4.0,1.4170786142349243,90.0
300.0,False,True,0.0,7.013638973236084,0.07381073385477066,1.1987223625183105,7.0,1.4594745635986328,90.0
300.0,False,True,0.4599999785423279,9.648442268371582,0.2236780822277069,0.7162121534347534,5.0,1.2863608598709106,90.0
300.0,False,True,0.0,19.363584518432617,0.0833306759595871,1.5024363994598389,9.0,1.43686044216156,90.0
300.0,False,True,0.0,14.27880573272705,0.07243656367063522,0.8277900218963623,5.0,1.1866461038589478,90.0
300.0,False,True,0.0,9.242969512939453,0.08744367212057114,1.4491872787475586,5.0,1.4251832962036133,90.0
300.0,False,True,0.0,10.254764556884766,0.038919541984796524,0.9821372032165527,5.0,1.2023332118988037,90.0
300.0,False,True,0.0,7.808011054992676,0.07312662899494171,1.3840044736862183,8.0,1.4667617082595825,90.0
300.0,False,True,0.0,7.719606399536133,0.04553638771176338,1.632728934288025,7.0,1.5840122699737549,90.0
300.0,False,True,0.0,10.923280715942383,0.0009541368344798684,1.226191759109497,3.0,1.1082440614700317,90.0
300.0,False,True,0.0,9.398982048034668,0.08018369227647781,0.8935026526451111,3.0,1.18486750125885,90.0
300.0,False,True,0.0,8.267191886901855,0.08651534467935562,1.5584936141967773,5.0,1.6287249326705933,90.0
300.0,False,True,0.4599999785423279,8.7872896194458,0.15766768157482147,0.7890432476997375,5.0,1.2770729064941406,90.0
300.0,False,True,0.0,7.134626388549805,0.1149030327796936,0.9568701982498169,5.0,1.2717875242233276,90.0
300.0,False,True,0.4599999785423279,10.7875337600708,0.20485234260559082,0.7330488562583923,9.0,1.2480062246322632,90.0
300.0,False,True,0.4399999976158142,8.247241020202637,0.13405273854732513,1.05788254737854,6.0,1.401868462562561,90.0
300.0,False,True,0.41999998688697815,9.251959800720215,0.10946469008922577,1.3192660808563232,5.0,1.4548615217208862,90.0
300.0,False,True,0.0,6.562828063964844,0.022206243127584457,1.4683696031570435,9.0,1.506807804107666,90.0
300.0,False,True,0.0,7.185479640960693,0.015077972784638405,1.699643850326538,14.0,1.4517700672149658,90.0
300.0,False,True,0.0,6.7855000495910645,0.06131818890571594,1.1322273015975952,5.0,1.426417589187622,90.0
300.0,False,True,0.0,7.910459041595459,0.08668866008520126,1.4057867527008057,9.0,1.6201659440994263,90.0
300.0,False,True,0.4599999785423279,8.42140007019043,0.17909109592437744,0.8036648035049438,6.0,1.4443168640136719,90.0
300.0,False,True,0.4599999785423279,10.452160835266113,0.20477193593978882,0.7422145009040833,4.0,1.263830542564392,90.0
300.0,False,True,0.4599999785423279,10.902283668518066,0.19156280159950256,0.7618158459663391,2.0,1.2312384843826294,90.0
300.0,False,True,0.0,7.631237983703613,0.001814618124626577,1.6794694662094116,7.0,1.4350563287734985,90.0
300.0,False,True,0.0,7.866639614105225,0.08725548535585403,1.187348484992981,7.0,1.4764920473098755,90.0
300.0,False,True,0.41999998688697815,8.618967056274414,0.1255180686712265,1.5019856691360474,11.0,1.6338034868240356,90.0
300.0,False,True,0.47999998927116394,9.605640411376953,0.1437937319278717,0.8013172149658203,4.0,1.22459876537323,90.0
300.0,False,True,0.0,8.380517959594727,0.0022200942039489746,1.055443525314331,4.0,1.1996135711669922,90.0
300.0,False,True,0.0,8.948016166687012,0.08088286221027374,1.3501722812652588,5.0,1.3797893524169922,90.0
300.0,False,True,0.0,12.281240463256836,0.06681283563375473,0.9776531457901001,6.0,1.1112576723098755,90.0
300.0,False,True,0.0,7.493838787078857,0.050246600061655045,1.5000178813934326,14.0,1.5677070617675781,90.0
300.0,False,True,0.4599999785423279,9.126106262207031,0.24219202995300293,0.7973008751869202,4.0,1.5303300619125366,90.0
300.0,False,True,0.4399999976158142,7.984189033508301,0.12146376073360443,1.0060821771621704,8.0,1.3075255155563354,90.0
300.0,False,True,0.47999998927116394,8.31583309173584,0.19247649610042572,0.7033283114433289,5.0,1.261287808418274,90.0
300.0,False,True,0.0,7.246895790100098,0.010005414485931396,1.6332279443740845,13.0,1.5704766511917114,90.0
300.0,False,False,nan,32.63551330566406,1.4866143465042114,0.6904481649398804,12.0,1.256334900856018,90.0
300.0,False,True,0.0,7.623673915863037,0.04275047779083252,0.9236392974853516,6.0,1.204121708869934,90.0
300.0,False,True,0.0,7.236817836761475,0.009651659987866879,1.7798454761505127,14.0,1.4923186302185059,90.0
300.0,False,True,0.4399999976158142,7.5968804359436035,0.1331038773059845,0.9564958810806274,6.0,1.3304049968719482,90.0
300.0,False,True,0.0,7.738422393798828,0.04212856665253639,1.599245309829712,14.0,1.5379869937896729,90.0
300.0,False,True,0.0,7.752992153167725,0.10388440638780594,0.9888444542884827,6.0,1.2729823589324951,90.0
300.0,False,True,0.0,7.718767166137695,0.0,1.6626659631729126,6.0,1.358307123184204,90.0
300.0,False,True,0.0,11.09496021270752,0.13126511871814728,0.8477903604507446,4.0,1.2538013458251953,90.0
300.0,False,True,0.41999998688697815,8.809036254882812,0.14321167767047882,1.0868769884109497,5.0,1.5657680034637451,90.0
300.0,False,True,0.41999998688697815,9.478655815124512,0.15820389986038208,1.1049078702926636,5.0,1.4144718647003174,90.0
300.0,False,True,0.4599999785423279,8.015254974365234,0.1332462877035141,0.9080924391746521,5.0,1.332188606262207,90.0
300.0,False,True,0.0,7.255201816558838,0.06670760363340378,1.2549644708633423,8.0,1.4649149179458618,90.0
300.0,False,True,0.0,7.233943939208984,0.06250661611557007,0.9994595050811768,4.0,1.2529895305633545,90.0
300.0,False,True,0.4399999976158142,9.105002403259277,0.16553530097007751,0.9426045417785645,6.0,1.335876703262329,90.0
300.0,False,True,0.0,6.928803443908691,0.03045468032360077,1.5625056028366089,14.0,1.4857009649276733,90.0
300.0,False,True,0.0,7.59977388381958,0.09679952263832092,0.8074766397476196,3.0,1.196926474571228,90.0
300.0,False,True,0.0,7.22794771194458,0.05463160574436188,1.5300019979476929,14.0,1.6061567068099976,90.0
300.0,False,True,0.0,7.318073749542236,0.012833476066589355,2.022082567214966,5.0,1.801834225654602,180.0
300.0,False,True,0.0,8.165847778320312,0.09202229231595993,0.9018059372901917,3.0,1.6480798721313477,180.0
300.0,False,True,0.17999999225139618,14.74924373626709,0.29538407921791077,0.7583706378936768,9.0,1.743484616279602,180.0
300.0,False,True,0.17999999225139618,9.085644721984863,0.13109762966632843,0.7863088250160217,9.0,1.778761863708496,180.0
300.0,False,True,0.47999998927116394,9.277606010437012,0.28973597288131714,0.7544493675231934,9.0,1.7193773984909058,180.0
300.0,False,True,0.14000000059604645,8.126829147338867,0.14716850221157074,1.0641683340072632,6.0,1.7230870723724365,180.0
300.0,False,True,0.0,7.675727367401123,0.10126068443059921,1.3666073083877563,9.0,1.6442211866378784,180.0
300.0,False,True,0.4399999976158142,8.37756633758545,0.2580692172050476,0.8099166750907898,4.0,1.7153549194335938,180.0
300.0,False,True,0.14000000059604645,7.784875392913818,0.13000887632369995,1.1987261772155762,7.0,1.6587700843811035,180.0
300.0,False,True,0.41999998688697815,8.48609733581543,0.21790117025375366,0.7162055969238281,5.0,1.7419092655181885,180.0
300.0,False,True,0.0,8.829840660095215,0.06092354282736778,1.502352237701416,9.0,1.7470451593399048,180.0
300.0,False,True,0.23999999463558197,10.947403907775879,0.10775232315063477,0.828277051448822,5.0,1.707154393196106,180.0
300.0,False,True,0.0,7.34277868270874,0.07958134263753891,1.4491891860961914,5.0,1.6637601852416992,180.0
300.0,False,True,0.0,9.503384590148926,0.022370820865035057,0.9821426868438721,5.0,1.709907054901123,180.0
300.0,False,True,0.0,8.134580612182617,0.08080270886421204,1.382564902305603,8.0,1.706161379814148,180.0
300.0,False,True,0.0,8.315218925476074,0.057997964322566986,1.6327053308486938,7.0,1.7176591157913208,180.0
300.0,False,True,0.0,8.943953514099121,0.0,1.2262390851974487,3.0,1.6832908391952515,180.0
300.0,False,True,0.11999999731779099,11.308187484741211,0.04129743576049805,0.8935052752494812,3.0,1.7676327228546143,180.0
300.0,False,True,0.0,7.462981700897217,0.08486196398735046,1.5584927797317505,5.0,1.6903663873672485,180.0
300.0,False,True,0.3400000035762787,8.720802307128906,0.1850796490907669,0.7888752818107605,5.0,1.6134414672851562,180.0
300.0,False,True,0.3199999928474426,8.499971389770508,0.1349043995141983,0.9568608999252319,5.0,1.6209474802017212,180.0
300.0,False,True,0.5799999833106995,11.219053268432617,0.2421429306268692,0.7330493927001953,9.0,1.742424726486206,180.0
300.0,False,True,0.1599999964237213,8.1096830368042,0.15283805131912231,1.0578712224960327,6.0,1.704474687576294,180.0
300.0,False,True,0.0,7.390137672424316,0.1294287145137787,1.3192673921585083,5.0,1.630697250366211,180.0
300.0,False,True,0.0,7.563613414764404,0.08776063472032547,1.4675403833389282,11.0,1.7758146524429321,180.0
300.0,False,True,0.0,6.836269378662109,0.04155311360955238,1.699649453163147,14.0,1.7076722383499146,180.0
300.0,False,True,0.17999999225139618,8.02717399597168,0.12028805911540985,1.132226824760437,5.0,1.6324034929275513,180.0
300.0,False,True,0.0,9.215843200683594,0.12457968294620514,1.405738353729248,9.0,1.7177711725234985,180.0
300.0,False,True,0.3999999761581421,9.631698608398438,0.25010746717453003,0.8036599159240723,6.0,1.7027957439422607,180.0
300.0,False,True,0.3799999952316284,9.709602355957031,0.16344349086284637,0.7422193884849548,4.0,1.7571368217468262,180.0
300.0,False,True,0.1599999964237213,12.820414543151855,0.1542874425649643,0.7618155479431152,2.0,1.773740530014038,180.0
300.0,False,True,0.0,6.656818389892578,0.0356488898396492,1.679478645324707,7.0,1.6440969705581665,180.0
300.0,False,True,0.14000000059604645,8.010600090026855,0.14073880016803741,1.1873401403427124,7.0,1.631596565246582,180.0
300.0,False,True,0.0,7.6042914390563965,0.12762415409088135,1.5021429061889648,11.0,1.6301733255386353,180.0
300.0,False,True,0.23999999463558197,12.602118492126465,0.12369313836097717,0.9397215247154236,3.0,1.653535008430481,180.0
300.0,False,True,0.0,9.164117813110352,0.03575419262051582,1.7052078247070312,14.0,1.6818910837173462,180.0
300.0,False,True,0.17999999225139618,9.601874351501465,0.12301299721002579,0.8013150691986084,4.0,1.708095669746399,180.0
300.0,False,True,0.0,10.511443138122559,0.006466600578278303,1.055430293083191,4.0,1.620335340499878,180.0
300.0,False,True,0.0,7.113698959350586,0.0932331532239914,1.350172519683838,5.0,1.6731700897216797,180.0
300.0,False,True,0.0,13.343799591064453,0.021227391436696053,0.9776094555854797,6.0,1.7156816720962524,180.0
300.0,False,True,0.0,8.169116973876953,0.09565627574920654,1.5000096559524536,14.0,1.7427886724472046,180.0
300.0,False,True,0.4399999976158142,8.928828239440918,0.28402820229530334,0.7972978949546814,4.0,1.6919078826904297,180.0
300.0,False,True,0.1599999964237213,9.7516508102417,0.15269993245601654,1.006080150604248,8.0,1.7658778429031372,180.0
300.0,False,True,0.3799999952316284,8.79211711883545,0.19043517112731934,0.7033312320709229,5.0,1.7244840860366821,180.0
300.0,False,True,0.0,7.1530256271362305,0.0626806691288948,1.6332147121429443,13.0,1.7826666831970215,180.0
300.0,False,True,0.3799999952316284,13.384562492370605,0.3344399631023407,0.6904658675193787,12.0,1.7689892053604126,180.0
300.0,False,True,0.3199999928474426,8.544195175170898,0.13067297637462616,0.9236404299736023,6.0,1.6049281358718872,180.0
300.0,False,True,0.17999999225139618,13.636893272399902,0.08442581444978714,0.8060888648033142,6.0,1.7774710655212402,180.0
300.0,False,True,0.0,7.076455593109131,0.040114205330610275,1.7798174619674683,14.0,1.6824595928192139,180.0
300.0,False,True,0.3400000035762787,8.263699531555176,0.17293579876422882,0.9564834833145142,6.0,1.675525188446045,180.0
300.0,False,True,0.23999999463558197,15.959039688110352,0.8165274262428284,0.8563608527183533,7.0,1.709607720375061,180.0
300.0,False,True,0.0,7.732357978820801,0.06283281743526459,1.59922456741333,14.0,1.698961853981018,180.0
300.0,False,True,0.1599999964237213,8.024214744567871,0.1374458372592926,0.9888295531272888,6.0,1.5999011993408203,180.0
300.0,False,True,0.0,7.0053277015686035,0.034000638872385025,1.6626837253570557,6.0,1.61244535446167,180.0
300.0,False,True,0.3400000035762787,10.392979621887207,0.18639768660068512,0.8477748036384583,4.0,1.695697546005249,180.0
300.0,False,True,0.3400000035762787,9.238057136535645,0.21159948408603668,1.086564064025879,5.0,1.6325170993804932,180.0
300.0,False,True,0.14000000059604645,8.196446418762207,0.1952819675207138,1.1048985719680786,5.0,1.6450976133346558,180.0
300.0,False,True,0.3400000035762787,8.102150917053223,0.1788444221019745,0.9080840349197388,5.0,1.6355770826339722,180.0
300.0,False,True,0.0,7.59060001373291,0.12233243137598038,1.2549529075622559,8.0,1.6295186281204224,180.0
300.0,False,True,0.29999998211860657,8.389488220214844,0.13783906400203705,0.9994550347328186,4.0,1.5864022970199585,180.0
300.0,False,True,0.3400000035762787,8.5792236328125,0.18415924906730652,0.9426068067550659,6.0,1.728269338607788,180.0
300.0,False,True,0.0,7.634888648986816,0.06551507860422134,1.562505841255188,14.0,1.668315052986145,180.0
300.0,False,True,0.17999999225139618,10.15561294555664,0.11407976597547531,0.8075188994407654,3.0,1.6304094791412354,180.0
300.0,False,True,0.0,8.738285064697266,0.09614872187376022,1.5299874544143677,14.0,1.8157776594161987,180.0
300.0,True,False,nan,45.619205474853516,0.14706026017665863,0.8563603162765503,7.0,1.6734941005706787,270.0
300.0,True,False,nan,46.79629898071289,0.20305225253105164,0.7583746314048767,9.0,1.5132713317871094,270.0
300.0,True,False,nan,49.12710189819336,0.2565859854221344,0.9397155046463013,3.0,1.7522608041763306,270.0
300.0,True,False,nan,45.37996292114258,0.29877692461013794,0.8277918100357056,5.0,1.6911512613296509,270.0
300.0,True,False,nan,49.48842239379883,0.7610895037651062,0.6904668211936951,12.0,1.3789767026901245,270.0
300.0,False,True,0.0,6.564201831817627,0.0,2.0220744609832764,5.0,2.03289794921875,270.0
300.0,False,True,0.2800000011920929,9.278367042541504,0.0783386379480362,0.9021837711334229,3.0,1.7021492719650269,270.0
300.0,False,True,0.29999998211860657,5.820562839508057,0.06925133615732193,0.7863159775733948,9.0,1.6020774841308594,270.0
300.0,False,True,0.29999998211860657,6.752498626708984,0.0959208607673645,0.7544468641281128,9.0,1.8308645486831665,270.0
300.0,False,True,0.0,4.68926477432251,0.03849811851978302,1.0641931295394897,6.0,1.7039068937301636,270.0
300.0,False,True,0.0,7.582141876220703,0.02279268577694893,1.367375373840332,10.0,1.926111102104187,270.0
300.0,False,True,0.29999998211860657,5.678649425506592,0.07625098526477814,0.8099203705787659,4.0,1.8187055587768555,270.0
300.0,False,True,0.0,8.774872779846191,0.03281595557928085,1.1987191438674927,7.0,1.9150904417037964,270.0
300.0,False,True,0.29999998211860657,6.786280632019043,0.10483665764331818,0.716200590133667,5.0,1.7549561262130737,270.0
300.0,False,True,0.0,9.324935913085938,0.0,1.5024375915527344,9.0,1.4921510219573975,270.0
300.0,False,True,0.0,4.729487895965576,0.004753780551254749,1.449185848236084,5.0,1.8033512830734253,270.0
300.0,False,True,0.2800000011920929,7.703318119049072,0.048597343266010284,0.9821480512619019,5.0,1.6329225301742554,270.0
300.0,False,True,0.0,6.984407424926758,0.0019756031688302755,1.382567286491394,8.0,1.654687523841858,270.0
300.0,False,True,0.0,9.079977989196777,0.0,1.6327345371246338,7.0,1.741896629333496,270.0
300.0,False,True,0.0,8.787893295288086,0.02628275565803051,1.2261806726455688,3.0,1.584346055984497,270.0
300.0,False,True,0.2800000011920929,7.842024803161621,0.05155690386891365,0.8877702951431274,3.0,1.5186874866485596,270.0
300.0,False,True,0.0,6.11721658706665,0.006718606688082218,1.5584938526153564,5.0,1.9423577785491943,270.0
300.0,False,True,0.2800000011920929,7.315071105957031,0.10181408375501633,0.7890388369560242,5.0,1.7239209413528442,270.0
300.0,False,True,0.2800000011920929,6.711216926574707,0.09677040576934814,0.9568614363670349,5.0,1.8848580121994019,270.0
300.0,False,True,0.2800000011920929,5.17566442489624,0.07852843403816223,0.7330512404441833,9.0,1.6358387470245361,270.0
300.0,False,True,0.2800000011920929,5.835596084594727,0.05456583574414253,1.0578781366348267,6.0,1.7580896615982056,270.0
300.0,False,True,0.0,4.799834728240967,0.012376797385513783,1.319261908531189,5.0,1.8456658124923706,270.0
300.0,False,True,0.0,13.04567813873291,0.019213436171412468,1.4675253629684448,11.0,1.9925001859664917,270.0
300.0,False,True,0.0,6.2575836181640625,0.0038801836781203747,1.6996556520462036,14.0,1.900901436805725,270.0
300.0,False,True,0.25999999046325684,13.185942649841309,0.05145839601755142,1.1322336196899414,5.0,1.9449604749679565,270.0
300.0,False,True,0.0,6.680521488189697,0.01890687644481659,1.4057888984680176,9.0,1.9619001150131226,270.0
300.0,False,True,0.29999998211860657,8.207650184631348,0.11473547667264938,0.8036675453186035,6.0,1.9424235820770264,270.0
300.0,False,True,0.29999998211860657,5.8913893699646,0.0842001736164093,0.7422221899032593,4.0,1.6093416213989258,270.0
300.0,False,True,0.29999998211860657,5.247698783874512,0.06208522617816925,0.7618163228034973,2.0,1.5399658679962158,270.0
300.0,False,True,0.0,7.181219100952148,0.012001044116914272,1.679477334022522,7.0,1.9749159812927246,270.0
300.0,False,True,0.2800000011920929,6.658085346221924,0.05226585641503334,1.187328577041626,7.0,1.9251216650009155,270.0
300.0,False,True,0.0,6.132452487945557,0.011926822364330292,1.5021438598632812,11.0,2.1837611198425293,270.0
300.0,False,True,0.0,11.542668342590332,0.0,1.7052100896835327,14.0,1.7252581119537354,270.0
300.0,False,True,0.2800000011920929,7.4130425453186035,0.0792350247502327,0.8013123273849487,4.0,1.6716347932815552,270.0
300.0,False,True,0.2800000011920929,8.988151550292969,0.054505620151758194,1.0554184913635254,4.0,1.596425175666809,270.0
300.0,False,True,0.0,4.704403877258301,0.008280856534838676,1.3501704931259155,5.0,1.8051422834396362,270.0
300.0,False,True,0.0,9.579428672790527,0.028456488624215126,0.9776505827903748,6.0,1.5061893463134766,270.0
300.0,False,True,0.0,7.7731428146362305,0.025932788848876953,1.5000184774398804,14.0,2.235595703125,270.0
300.0,False,True,0.29999998211860657,6.6972336769104,0.09314824640750885,0.7973014712333679,4.0,1.9170618057250977,270.0
300.0,False,True,0.25999999046325684,6.931209564208984,0.04492459073662758,1.0060880184173584,8.0,1.7266452312469482,270.0
300.0,False,True,0.2800000011920929,7.749118804931641,0.11336853355169296,0.7033255100250244,5.0,1.6497429609298706,270.0
300.0,False,True,0.0,7.847378730773926,0.024375036358833313,1.6332310438156128,13.0,2.1305863857269287,270.0
300.0,False,True,0.2800000011920929,9.264568328857422,0.09056157618761063,0.9236337542533875,6.0,1.7420873641967773,270.0
300.0,False,True,0.5199999809265137,15.197437286376953,0.10864482074975967,0.8061283230781555,6.0,1.5133240222930908,270.0
300.0,False,True,0.0,7.343099594116211,0.005499272141605616,1.7798177003860474,14.0,1.9757601022720337,270.0
300.0,False,True,0.2800000011920929,6.234858512878418,0.07515779137611389,0.9564748406410217,6.0,1.737198829650879,270.0
300.0,False,True,0.0,5.96154260635376,0.0074799563735723495,1.5992430448532104,14.0,1.8760837316513062,270.0
300.0,False,True,0.2800000011920929,6.592105388641357,0.07376433908939362,0.9888461828231812,6.0,1.781050443649292,270.0
300.0,False,True,0.0,7.325229644775391,0.010313443839550018,1.662672758102417,6.0,1.9450287818908691,270.0
300.0,False,True,0.23999999463558197,11.458892822265625,0.05477219074964523,0.8477608561515808,4.0,1.5779680013656616,270.0
300.0,False,True,0.25999999046325684,6.51580810546875,0.03859931230545044,1.0868802070617676,5.0,1.8538053035736084,270.0
300.0,False,True,0.0,5.5016398429870605,0.030227161943912506,1.1049151420593262,5.0,1.8807560205459595,270.0
300.0,False,True,0.2800000011920929,7.092930793762207,0.09207957237958908,0.9080858826637268,5.0,1.751699686050415,270.0
300.0,False,True,0.25999999046325684,6.890082836151123,0.04475623369216919,1.254960536956787,8.0,1.9551200866699219,270.0
300.0,False,True,0.2800000011920929,12.29720401763916,0.0773540586233139,0.9994577169418335,4.0,1.8531030416488647,270.0
300.0,False,True,0.2800000011920929,4.983501434326172,0.05988238379359245,0.9426016211509705,6.0,1.7318264245986938,270.0
300.0,False,True,0.0,6.317455291748047,0.011220287531614304,1.5624982118606567,14.0,1.9123876094818115,270.0
300.0,False,True,0.2800000011920929,8.268973350524902,0.09975838661193848,0.805715799331665,3.0,1.5255764722824097,270.0
300.0,False,True,0.0,8.205328941345215,0.025856895372271538,1.5299935340881348,14.0,2.281256675720215,270.0
300.0,True,False,nan,4.689807891845703,0.01993197575211525,0.7583756446838379,9.0,1.2090134620666504,270.0
300.0,True,False,nan,5.661746978759766,0.0315713956952095,0.8563461303710938,7.0,1.371057391166687,270.0
350.0,True,False,nan,45.78199768066406,0.3720158040523529,0.7583752274513245,9.0,2.0241453647613525,0.0
350.0,True,False,nan,46.747093200683594,0.3325806260108948,0.8563598394393921,7.0,2.0065925121307373,0.0
350.0,True,False,nan,53.91276168823242,0.2919721007347107,0.6904656887054443,12.0,2.098809003829956,0.0
350.0,True,False,nan,46.22985076904297,0.28453031182289124,0.9397260546684265,3.0,2.013787269592285,0.0
350.0,True,False,nan,46.37948989868164,0.3868359625339508,0.8061298131942749,6.0,2.30792236328125,0.0
350.0,True,False,nan,47.356849670410156,0.171000674366951,1.1322274208068848,5.0,1.7855618000030518,0.0
350.0,True,False,nan,45.0596809387207,0.04735242575407028,1.467525601387024,11.0,1.807468295097351,0.0
350.0,True,False,nan,47.18634033203125,0.01742694526910782,1.6967341899871826,11.0,1.7159472703933716,0.0
350.0,False,True,0.0,14.104643821716309,0.0,2.0220649242401123,5.0,1.6469696760177612,0.0
350.0,False,True,0.85999995470047,36.547420501708984,0.4962020516395569,0.9021767377853394,3.0,2.3380959033966064,0.0
350.0,False,True,0.29999998211860657,26.511241912841797,0.21052715182304382,0.7863039374351501,9.0,1.978243112564087,0.0
350.0,False,True,0.6200000047683716,33.58531951904297,0.2670693099498749,0.7544431090354919,9.0,2.280423164367676,0.0
350.0,False,True,0.0,9.233014106750488,0.03002154268324375,1.0641639232635498,6.0,1.599320888519287,0.0
350.0,False,True,0.0,13.42175006866455,0.0,1.3666157722473145,9.0,1.6545510292053223,0.0
350.0,False,True,0.29999998211860657,31.24830436706543,0.20740988850593567,0.8099198341369629,4.0,2.1897590160369873,0.0
350.0,False,True,0.1599999964237213,15.295121192932129,0.025354616343975067,1.1987223625183105,7.0,1.704169750213623,0.0
350.0,False,True,0.29999998211860657,26.574138641357422,0.20707687735557556,0.7162076830863953,5.0,2.0483641624450684,0.0
350.0,False,True,0.0,13.887286186218262,0.0,1.5024421215057373,9.0,1.5281161069869995,0.0
350.0,False,True,0.2800000011920929,36.729862213134766,0.1894916445016861,0.8317182064056396,5.0,2.3561019897460938,0.0
350.0,False,True,0.0,11.853898048400879,0.0,1.4491894245147705,5.0,1.539042353630066,0.0
350.0,False,True,0.29999998211860657,33.316795349121094,0.3210081458091736,0.9821404814720154,5.0,2.2232398986816406,0.0
350.0,False,True,0.0,10.082331657409668,0.0,1.382560133934021,8.0,1.5209541320800781,0.0
350.0,False,True,0.0,13.54960823059082,0.0,1.6327357292175293,7.0,1.5824201107025146,0.0
350.0,False,True,0.85999995470047,39.19162368774414,0.4406030774116516,1.2261831760406494,3.0,2.4151105880737305,0.0
350.0,False,True,0.29999998211860657,30.514720916748047,0.3082239329814911,0.8935068249702454,3.0,2.1179850101470947,0.0
350.0,False,True,0.0,11.53904914855957,0.0,1.5585061311721802,5.0,1.6677231788635254,0.0
350.0,False,True,0.3199999928474426,19.10616683959961,0.19030044972896576,0.7890440225601196,5.0,1.723505973815918,0.0
350.0,False,True,0.14000000059604645,13.081999778747559,0.0962461531162262,0.9568620324134827,5.0,1.5878468751907349,0.0
350.0,False,True,0.2800000011920929,25.206995010375977,0.17274439334869385,0.7330472469329834,9.0,1.9404593706130981,0.0
350.0,False,True,0.0,12.891218185424805,0.052035920321941376,1.0579174757003784,6.0,1.651894450187683,0.0
350.0,False,True,0.0,12.579339027404785,0.0,1.3192639350891113,5.0,1.5593371391296387,0.0
350.0,False,True,0.0,11.144967079162598,0.0,1.6996514797210693,14.0,1.537095069885254,0.0
350.0,False,True,0.17999999225139618,16.140851974487305,0.000298838596791029,1.4057987928390503,9.0,1.747111201286316,0.0
350.0,False,True,0.3199999928474426,32.3808479309082,0.32658150792121887,0.8036586046218872,6.0,2.1689839363098145,0.0
350.0,False,True,0.29999998211860657,27.560190200805664,0.23219840228557587,0.7422188520431519,4.0,2.0308353900909424,0.0
350.0,False,True,0.2800000011920929,28.709077835083008,0.20989911258220673,0.7618138790130615,2.0,2.06943678855896,0.0
350.0,False,True,0.0,10.940155029296875,0.0,1.6794720888137817,7.0,1.5503853559494019,0.0
350.0,False,True,0.0,12.928133964538574,0.03656337410211563,1.187334418296814,7.0,1.6529463529586792,0.0
350.0,False,True,0.17999999225139618,15.019453048706055,0.0,1.5019845962524414,11.0,1.7153974771499634,0.0
350.0,False,True,0.5799999833106995,32.35566329956055,0.33681830763816833,0.8013131618499756,4.0,2.171215295791626,0.0
350.0,False,True,0.29999998211860657,26.862520217895508,0.22703056037425995,1.055420160293579,4.0,1.9532971382141113,0.0
350.0,False,True,0.0,11.862871170043945,0.0,1.3501702547073364,5.0,1.4898898601531982,0.0
350.0,False,True,0.5999999642372131,39.113155364990234,0.2389651983976364,0.9776465892791748,6.0,2.335318088531494,0.0
350.0,False,True,0.0,12.990767478942871,0.0,1.5000113248825073,14.0,1.6835004091262817,0.0
350.0,False,True,0.29999998211860657,29.275697708129883,0.16807802021503448,0.7973017692565918,4.0,2.133099317550659,0.0
350.0,False,True,0.11999999731779099,14.841439247131348,0.056829772889614105,1.0060778856277466,8.0,1.6474429368972778,0.0
350.0,False,True,0.29999998211860657,26.21169662475586,0.22224128246307373,0.7033306956291199,5.0,1.9760830402374268,0.0
350.0,False,True,0.0,11.75838851928711,0.0,1.6332238912582397,13.0,1.748545527458191,0.0
350.0,False,True,0.8199999928474426,30.67961883544922,0.30759236216545105,0.9236294031143188,6.0,2.087805986404419,0.0
350.0,False,True,0.0,12.940491676330566,0.0,1.7798136472702026,14.0,1.6695852279663086,0.0
350.0,False,True,0.1599999964237213,14.544889450073242,0.09668134152889252,0.95648193359375,6.0,1.6794191598892212,0.0
350.0,False,True,0.0,10.126673698425293,0.0,1.599228858947754,14.0,1.5647313594818115,0.0
350.0,False,True,0.0,12.806524276733398,0.08666349947452545,0.9888449311256409,6.0,1.6843795776367188,0.0
350.0,False,True,0.0,10.966880798339844,0.0,1.6626724004745483,6.0,1.6782056093215942,0.0
350.0,False,True,0.5199999809265137,21.861276626586914,0.13706056773662567,0.8477702140808105,4.0,1.8405193090438843,0.0
350.0,False,True,0.19999998807907104,22.029390335083008,0.05767035484313965,1.0865623950958252,5.0,1.939585566520691,0.0
350.0,False,True,0.17999999225139618,19.297534942626953,0.04636065661907196,1.1049127578735352,5.0,1.820319652557373,0.0
350.0,False,True,0.3199999928474426,20.099117279052734,0.14364749193191528,0.9080941677093506,5.0,1.7617206573486328,0.0
350.0,False,True,0.0,13.400781631469727,0.0142926424741745,1.2549642324447632,8.0,1.6724613904953003,0.0
350.0,False,True,1.399999976158142,28.511159896850586,0.2568098306655884,0.99945467710495,4.0,1.7337589263916016,0.0
350.0,False,True,0.14000000059604645,11.95327091217041,0.07677219063043594,0.9425863027572632,6.0,1.64944589138031,0.0
350.0,False,True,0.0,13.052637100219727,0.0,1.5625088214874268,14.0,1.5704265832901,0.0
350.0,False,True,0.3199999928474426,20.531803131103516,0.202047660946846,0.8075195550918579,3.0,1.759163737297058,0.0
350.0,False,True,0.17999999225139618,15.236822128295898,0.0,1.5300078392028809,14.0,1.7550321817398071,0.0
350.0,True,False,nan,17.90936279296875,0.07039489597082138,0.7583611011505127,9.0,1.8517565727233887,0.0
350.0,True,False,nan,2.683579683303833,0.0,0.9397279620170593,3.0,0.414463073015213,0.0
350.0,True,False,nan,26.622316360473633,0.09727431833744049,0.6904642581939697,12.0,2.098813772201538,0.0
350.0,True,False,nan,26.46991539001465,0.08366155624389648,0.8563681840896606,7.0,2.006605625152588,0.0
350.0,True,False,nan,46.02640914916992,0.19004616141319275,1.7052160501480103,14.0,1.7621136903762817,90.0
350.0,True,False,nan,46.0920295715332,0.13926541805267334,0.8563595414161682,7.0,1.4974877834320068,90.0
350.0,True,False,nan,50.574920654296875,0.2506120204925537,0.6824981570243835,12.0,1.4608659744262695,90.0
350.0,True,False,nan,48.343597412109375,0.1508544683456421,0.9397184252738953,3.0,1.6382719278335571,90.0
350.0,True,False,nan,45.613731384277344,0.20588448643684387,0.8277913928031921,5.0,1.4295145273208618,90.0
350.0,True,False,nan,46.02859878540039,0.21714109182357788,0.8061272501945496,6.0,1.356510043144226,90.0
350.0,False,True,0.0,9.771149635314941,0.09013465791940689,2.0220818519592285,5.0,1.8668019771575928,90.0
350.0,False,True,0.2800000011920929,8.196517944335938,0.14119747281074524,0.9021846055984497,3.0,1.4124585390090942,90.0
350.0,False,False,nan,29.59260368347168,0.6812976002693176,0.7583751678466797,9.0,1.3930203914642334,90.0
350.0,False,True,0.4399999976158142,11.892489433288574,0.26034075021743774,0.7863064408302307,9.0,1.473844289779663,90.0
350.0,False,True,0.4599999785423279,10.418146133422852,0.3460316061973572,0.7544490098953247,9.0,1.7675849199295044,90.0
350.0,False,True,0.41999998688697815,9.918633460998535,0.23117801547050476,1.0641870498657227,6.0,1.594437837600708,90.0
350.0,False,True,0.3999999761581421,8.329635620117188,0.11532509326934814,1.3666050434112549,9.0,1.6312775611877441,90.0
350.0,False,True,0.4599999785423279,10.57614803314209,0.3366726338863373,0.8099133968353271,4.0,1.6647424697875977,90.0
350.0,False,True,0.3999999761581421,7.845278263092041,0.1454533189535141,1.1987251043319702,7.0,1.7503255605697632,90.0
350.0,False,True,0.4399999976158142,10.617950439453125,0.29651039838790894,0.7161989808082581,5.0,1.4744033813476562,90.0
350.0,False,True,0.0,8.230439186096191,0.11335673928260803,1.5024396181106567,9.0,1.761656403541565,90.0
350.0,False,True,0.3999999761581421,10.163375854492188,0.15047524869441986,1.4491859674453735,5.0,1.7118277549743652,90.0
350.0,False,True,0.0,10.86096477508545,0.11699259281158447,0.9821497201919556,5.0,1.3709138631820679,90.0
350.0,False,True,0.3799999952316284,8.732372283935547,0.14605645835399628,1.3781940937042236,6.0,1.778583288192749,90.0
350.0,False,True,0.0,8.165751457214355,0.10440084338188171,1.6327242851257324,7.0,1.8781001567840576,90.0
350.0,False,True,0.0,11.93282413482666,0.015274181962013245,1.2262217998504639,3.0,1.2386151552200317,90.0
350.0,False,True,0.4599999785423279,10.5108642578125,0.15370142459869385,0.8935046195983887,3.0,1.3841475248336792,90.0
350.0,False,True,0.3799999952316284,8.657711029052734,0.1397273987531662,1.5584945678710938,5.0,1.8851680755615234,90.0
350.0,False,True,0.41999998688697815,9.53866958618164,0.2277916818857193,0.789042055606842,5.0,1.4810669422149658,90.0
350.0,False,True,0.4399999976158142,7.927636623382568,0.18504494428634644,0.9568445086479187,5.0,1.5211853981018066,90.0
350.0,False,True,0.41999998688697815,14.618939399719238,0.6024197936058044,0.7330499887466431,9.0,1.4262851476669312,90.0
350.0,False,True,0.41999998688697815,9.063840866088867,0.2285468429327011,1.057938814163208,6.0,1.6108028888702393,90.0
350.0,False,True,0.3999999761581421,9.828353881835938,0.1794937700033188,1.3192658424377441,5.0,1.716490626335144,90.0
350.0,False,True,0.0,17.521852493286133,0.28372639417648315,1.4675359725952148,11.0,1.7419300079345703,90.0
350.0,False,True,0.0,7.644496440887451,0.08073006570339203,1.69966459274292,14.0,1.701668620109558,90.0
350.0,False,True,0.29999998211860657,7.486187934875488,0.1351427435874939,1.1322178840637207,5.0,1.7552034854888916,90.0
350.0,False,True,0.3999999761581421,8.41806697845459,0.15885064005851746,1.405790090560913,9.0,1.8343212604522705,90.0
350.0,False,True,0.4399999976158142,8.611214637756348,0.26212358474731445,0.8036653995513916,6.0,1.7343453168869019,90.0
350.0,False,True,0.4399999976158142,11.389944076538086,0.2701825499534607,0.7422149181365967,4.0,1.4360902309417725,90.0
350.0,False,True,0.41999998688697815,11.632454872131348,0.23576335608959198,0.7618091106414795,2.0,1.406896948814392,90.0
350.0,False,True,0.0,7.797873497009277,0.035393472760915756,1.679474949836731,7.0,1.6226917505264282,90.0
350.0,False,True,0.41999998688697815,8.601081848144531,0.1796247363090515,1.1873449087142944,7.0,1.7121632099151611,90.0
350.0,False,True,0.3999999761581421,9.01497745513916,0.18132205307483673,1.5019874572753906,11.0,1.9461332559585571,90.0
350.0,False,True,0.4599999785423279,9.994361877441406,0.21886153519153595,0.8013253211975098,4.0,1.3958759307861328,90.0
350.0,False,True,0.0,9.40811538696289,0.043696094304323196,1.0554333925247192,4.0,1.4288996458053589,90.0
350.0,False,True,0.3999999761581421,9.773080825805664,0.15467511117458344,1.350172519683838,5.0,1.6170909404754639,90.0
350.0,False,True,0.2800000011920929,13.006603240966797,0.12342222034931183,0.9776531457901001,6.0,1.244368076324463,90.0
350.0,False,True,0.41999998688697815,7.668565273284912,0.12762349843978882,1.500012993812561,14.0,1.8279523849487305,90.0
350.0,False,True,0.4399999976158142,9.325166702270508,0.3274976909160614,0.7972967624664307,4.0,1.8114979267120361,90.0
350.0,False,True,0.3999999761581421,8.872013092041016,0.19121846556663513,1.006075382232666,8.0,1.5513745546340942,90.0
350.0,False,True,0.4399999976158142,9.254444122314453,0.2609519958496094,0.7033290266990662,5.0,1.4645280838012695,90.0
350.0,False,True,0.0,7.547797203063965,0.07432789355516434,1.6332191228866577,13.0,1.8154869079589844,90.0
350.0,False,True,0.0,8.537895202636719,0.12219621986150742,0.9236302375793457,6.0,1.434008002281189,90.0
350.0,False,True,0.0,7.5699944496154785,0.0630861148238182,1.7798570394515991,14.0,1.742958903312683,90.0
350.0,False,True,0.4399999976158142,9.207181930541992,0.230459526181221,0.9564918279647827,6.0,1.5628414154052734,90.0
350.0,False,True,0.3999999761581421,8.487462997436523,0.1066201701760292,1.599216341972351,14.0,1.7701677083969116,90.0
350.0,False,True,0.41999998688697815,9.179179191589355,0.1858774870634079,0.9888359308242798,6.0,1.5253934860229492,90.0
350.0,False,True,0.0,7.877312660217285,0.02193773165345192,1.662681221961975,6.0,1.563602089881897,90.0
350.0,False,True,0.41999998688697815,16.219409942626953,0.18765363097190857,0.849559485912323,4.0,1.4847700595855713,90.0
350.0,False,True,0.3999999761581421,9.573967933654785,0.20507177710533142,1.0865665674209595,5.0,1.871971845626831,90.0
350.0,False,True,0.41999998688697815,9.952993392944336,0.23716452717781067,1.1048938035964966,5.0,1.6523971557617188,90.0
350.0,False,True,0.4399999976158142,8.805891036987305,0.21651402115821838,0.9080780148506165,5.0,1.5787899494171143,90.0
350.0,False,True,0.4399999976158142,7.756460189819336,0.1615397036075592,1.2549604177474976,8.0,1.7016366720199585,90.0
350.0,False,True,0.29999998211860657,8.40064525604248,0.1268266886472702,0.999589204788208,4.0,1.5560555458068848,90.0
350.0,False,True,0.4399999976158142,10.268165588378906,0.2742694616317749,0.942603588104248,6.0,1.5651947259902954,90.0
350.0,False,True,0.41999998688697815,7.3713154792785645,0.10371556878089905,1.5625039339065552,14.0,1.7261849641799927,90.0
350.0,False,True,0.4399999976158142,8.534052848815918,0.16453635692596436,0.8075330257415771,3.0,1.4328820705413818,90.0
350.0,False,True,0.41999998688697815,7.680405139923096,0.1268521249294281,1.5299879312515259,14.0,1.8055881261825562,90.0
350.0,True,False,nan,45.014854431152344,0.3443438410758972,0.8563610315322876,7.0,1.941489815711975,180.0
350.0,False,True,0.0,8.871923446655273,0.06971518695354462,2.0220813751220703,5.0,2.0633230209350586,180.0
350.0,False,True,0.35999998450279236,10.466402053833008,0.19016148149967194,0.9039791822433472,3.0,1.8808834552764893,180.0
350.0,False,True,0.2199999988079071,14.090005874633789,0.531273365020752,0.7583775520324707,9.0,1.9845587015151978,180.0
350.0,False,True,0.4399999976158142,10.729300498962402,0.25919950008392334,0.7863065600395203,9.0,2.0363852977752686,180.0
350.0,False,True,0.6599999666213989,11.376500129699707,0.44537511467933655,0.7544474601745605,9.0,1.9249080419540405,180.0
350.0,False,True,0.3400000035762787,9.308417320251465,0.2604895830154419,1.0641732215881348,6.0,1.9706302881240845,180.0
350.0,False,True,0.29999998211860657,8.864679336547852,0.18195737898349762,1.3673440217971802,14.0,1.9376593828201294,180.0
350.0,False,True,0.6399999856948853,9.947300910949707,0.4123050570487976,0.8099226951599121,4.0,1.9351418018341064,180.0
350.0,False,True,0.3199999928474426,9.149846076965332,0.20284801721572876,1.1987214088439941,7.0,1.8950529098510742,180.0
350.0,False,True,0.5,10.082233428955078,0.3433355987071991,0.716203510761261,5.0,1.994480848312378,180.0
350.0,False,True,0.11999999731779099,11.53747844696045,0.10245981067419052,1.5024480819702148,9.0,2.0056674480438232,180.0
350.0,False,True,0.2800000011920929,13.678244590759277,0.21767114102840424,0.8277851939201355,5.0,1.9201806783676147,180.0
350.0,False,True,0.11999999731779099,8.91759967803955,0.18059027194976807,1.4492077827453613,5.0,1.914167046546936,180.0
350.0,False,True,0.14000000059604645,11.27237606048584,0.09190771728754044,0.9821540713310242,5.0,1.9549181461334229,180.0
350.0,False,True,0.14000000059604645,9.218209266662598,0.18014013767242432,1.3781694173812866,6.0,1.9587470293045044,180.0
350.0,False,True,0.0,10.086036682128906,0.15837465226650238,1.632736086845398,7.0,1.9606566429138184,180.0
350.0,False,True,0.0,11.364218711853027,0.010258810594677925,1.226229190826416,3.0,1.911653995513916,180.0
350.0,False,True,0.1599999964237213,12.639364242553711,0.11566836386919022,0.8935030102729797,3.0,2.011880397796631,180.0
350.0,False,True,0.0,9.25641918182373,0.19889792799949646,1.5585137605667114,5.0,1.9899834394454956,180.0
350.0,False,True,0.41999998688697815,10.245783805847168,0.2952164113521576,0.7890360355377197,5.0,1.8582967519760132,180.0
350.0,False,True,0.3400000035762787,9.151070594787598,0.2243802398443222,0.956850528717041,5.0,1.8686449527740479,180.0
350.0,False,True,0.6200000047683716,11.302961349487305,0.37871333956718445,0.7330470085144043,9.0,1.9943630695343018,180.0
350.0,False,True,0.3400000035762787,9.59013557434082,0.2611660957336426,1.0578744411468506,6.0,1.964775800704956,180.0
350.0,False,True,0.3199999928474426,8.930191993713379,0.2451646775007248,1.319280743598938,5.0,1.8749644756317139,180.0
350.0,False,True,0.0,6.847936153411865,0.1556239128112793,1.4679973125457764,11.0,1.9241563081741333,180.0
350.0,False,True,0.0,8.166906356811523,0.095412477850914,1.699649453163147,14.0,1.9673093557357788,180.0
350.0,False,True,0.2800000011920929,8.26655101776123,0.2028617411851883,1.1322236061096191,5.0,1.8792779445648193,180.0
350.0,False,True,0.3199999928474426,11.074231147766113,0.24883784353733063,1.405789852142334,9.0,1.991208553314209,180.0
350.0,False,True,0.6599999666213989,11.647130966186523,0.4013032019138336,0.8036518096923828,6.0,1.924355387687683,180.0
350.0,False,True,0.47999998927116394,11.050898551940918,0.29588890075683594,0.7422179579734802,4.0,2.009183883666992,180.0
350.0,False,True,0.5999999642372131,12.717103958129883,0.29520708322525024,0.7618083953857422,2.0,1.9999523162841797,180.0
350.0,False,True,0.0,7.567245960235596,0.08616070449352264,1.679471731185913,7.0,1.8861143589019775,180.0
350.0,False,True,0.3199999928474426,9.653882026672363,0.24191421270370483,1.187361478805542,7.0,1.8977290391921997,180.0
350.0,False,True,0.3199999928474426,9.081210136413574,0.26051831245422363,1.5019792318344116,11.0,1.9612349271774292,180.0
350.0,False,True,0.7999999523162842,15.94962215423584,0.2267906814813614,0.9397335648536682,3.0,1.8864567279815674,180.0
350.0,False,True,0.0,8.560110092163086,0.0815204381942749,1.7051992416381836,14.0,1.9369474649429321,180.0
350.0,False,True,0.3999999761581421,11.213644981384277,0.2275637537240982,0.8013120293617249,4.0,1.9386287927627563,180.0
350.0,False,True,0.0,11.720319747924805,0.05111498385667801,1.0554291009902954,4.0,1.8462735414505005,180.0
350.0,False,True,0.11999999731779099,8.233348846435547,0.19900476932525635,1.3501547574996948,5.0,1.9186962842941284,180.0
350.0,False,True,0.14000000059604645,14.792523384094238,0.09369803220033646,0.9776480197906494,6.0,1.9525086879730225,180.0
350.0,False,True,0.0,9.194323539733887,0.1985509991645813,1.5000039339065552,14.0,2.0651392936706543,180.0
350.0,False,True,0.6399999856948853,11.620914459228516,0.4363917410373688,0.7973020672798157,4.0,1.8944287300109863,180.0
350.0,False,True,0.3400000035762787,10.55556869506836,0.2550605833530426,1.0060847997665405,8.0,2.009009599685669,180.0
350.0,False,True,0.4599999785423279,9.936184883117676,0.3033941090106964,0.7033230066299438,5.0,1.972408652305603,180.0
350.0,False,True,0.0,8.070054054260254,0.1303407996892929,1.6332240104675293,13.0,2.073230504989624,180.0
350.0,False,True,0.6599999666213989,13.4417724609375,0.36228570342063904,0.6904664039611816,12.0,2.0128557682037354,180.0
350.0,False,True,0.35999998450279236,10.503240585327148,0.24310161173343658,0.9236332178115845,6.0,1.8349088430404663,180.0
350.0,False,True,0.2199999988079071,14.071097373962402,0.1749616116285324,0.8061245083808899,6.0,2.028238534927368,180.0
350.0,False,True,0.0,7.9697442054748535,0.09400839358568192,1.779820203781128,14.0,1.9956828355789185,180.0
350.0,False,True,0.35999998450279236,9.661698341369629,0.2709786295890808,0.9564827680587769,6.0,1.923431158065796,180.0
350.0,False,True,0.0,9.181384086608887,0.14107833802700043,1.5992344617843628,14.0,1.9351370334625244,180.0
350.0,False,True,0.3400000035762787,8.75739574432373,0.22986210882663727,0.9888319969177246,6.0,1.8564542531967163,180.0
350.0,False,True,0.0,7.735632419586182,0.08538227528333664,1.662672996520996,6.0,1.8676378726959229,180.0
350.0,False,True,0.3400000035762787,12.692989349365234,0.254312664270401,0.8477847576141357,4.0,1.9435157775878906,180.0
350.0,False,True,0.3799999952316284,9.822409629821777,0.32698091864585876,1.0865812301635742,5.0,1.9623475074768066,180.0
350.0,False,True,0.5999999642372131,9.233078002929688,0.3232704997062683,1.1049035787582397,5.0,1.8936119079589844,180.0
350.0,False,True,0.3799999952316284,10.046842575073242,0.29126057028770447,0.908079981803894,5.0,1.876232624053955,180.0
350.0,False,True,0.3199999928474426,8.966375350952148,0.21851718425750732,1.2549676895141602,8.0,1.9152898788452148,180.0
350.0,False,True,0.29999998211860657,8.501750946044922,0.1875750720500946,0.9994580745697021,4.0,1.8214436769485474,180.0
350.0,False,True,0.3999999761581421,10.18506908416748,0.30719345808029175,0.9425831437110901,6.0,1.9764227867126465,180.0
350.0,False,True,0.0,8.71099853515625,0.1275988519191742,1.5625076293945312,14.0,1.9420284032821655,180.0
350.0,False,True,0.3400000035762787,10.690451622009277,0.20173883438110352,0.8074867129325867,3.0,1.859824776649475,180.0
350.0,False,True,0.29999998211860657,10.07618522644043,0.21530285477638245,1.529994249343872,14.0,2.1110568046569824,180.0
350.0,True,False,nan,46.76523208618164,0.16638943552970886,0.8563640117645264,7.0,1.7726149559020996,270.0
350.0,True,False,nan,48.28002166748047,0.18099243938922882,0.758375346660614,9.0,1.4896289110183716,270.0
350.0,True,False,nan,46.322566986083984,0.21146252751350403,0.9393182992935181,7.0,1.9055535793304443,270.0
350.0,False,True,0.0,7.829174518585205,0.0027032995130866766,2.022080898284912,5.0,2.3143234252929688,270.0
350.0,False,True,0.2800000011920929,10.264640808105469,0.11961736530065536,0.9039837718009949,3.0,2.0096921920776367,270.0
350.0,False,True,0.29999998211860657,5.956575393676758,0.11042960733175278,0.7863126397132874,9.0,1.808694839477539,270.0
350.0,False,True,0.29999998211860657,7.043250560760498,0.13935032486915588,0.7544506192207336,9.0,2.074984073638916,270.0
350.0,False,True,0.2800000011920929,4.743301868438721,0.07896807044744492,1.0641850233078003,6.0,1.9224542379379272,270.0
350.0,False,True,0.0,10.218561172485352,0.04804351180791855,1.3666132688522339,9.0,2.1616294384002686,270.0
350.0,False,True,0.29999998211860657,6.112953186035156,0.11934837698936462,0.8099198341369629,4.0,2.0789506435394287,270.0
350.0,False,True,0.25999999046325684,11.422581672668457,0.06755539774894714,1.1987320184707642,7.0,2.134552478790283,270.0
350.0,False,True,0.29999998211860657,7.0937323570251465,0.145528182387352,0.7162086367607117,5.0,1.883177638053894,270.0
350.0,False,True,0.0,10.962894439697266,0.006981594953685999,1.5024369955062866,9.0,1.720517873764038,270.0
350.0,False,True,2.059999942779541,23.744260787963867,0.6308800578117371,0.827786922454834,5.0,1.799567699432373,270.0
350.0,False,True,0.0,4.902647972106934,0.01719074510037899,1.4491915702819824,5.0,2.0877745151519775,270.0
350.0,False,True,0.2800000011920929,8.025266647338867,0.0806792825460434,0.9821419715881348,5.0,1.8106144666671753,270.0
350.0,False,True,0.0,9.152702331542969,0.01577196642756462,1.3825651407241821,8.0,1.8910510540008545,270.0
350.0,False,True,0.0,11.286343574523926,0.0015027784975245595,1.6327396631240845,7.0,1.8490265607833862,270.0
350.0,False,True,0.2800000011920929,8.942657470703125,0.04630411043763161,1.2262444496154785,3.0,1.7736176252365112,270.0
350.0,False,True,0.2800000011920929,7.696691036224365,0.08300735801458359,0.8935043811798096,3.0,1.648841142654419,270.0
350.0,False,True,0.0,7.536999225616455,0.014069921337068081,1.5585107803344727,5.0,2.217733144760132,270.0
350.0,False,True,0.29999998211860657,6.993023872375488,0.15598668158054352,0.7890415787696838,5.0,2.0089898109436035,270.0
350.0,False,True,0.29999998211860657,8.977499961853027,0.15221573412418365,0.9568641781806946,5.0,2.2388319969177246,270.0
350.0,False,True,0.2800000011920929,5.28331184387207,0.10195961594581604,0.7330524921417236,9.0,1.7255902290344238,270.0
350.0,False,True,0.2800000011920929,5.914369106292725,0.09976425021886826,1.057868480682373,6.0,2.036471128463745,270.0
350.0,False,True,0.0,5.263246536254883,0.03189995139837265,1.3192718029022217,5.0,2.129699230194092,270.0
350.0,False,True,0.2800000011920929,16.398738861083984,0.05810883641242981,1.4683754444122314,9.0,2.1665685176849365,270.0
350.0,False,True,0.0,6.347519874572754,0.016569063067436218,1.6996574401855469,14.0,2.1785888671875,270.0
350.0,False,True,0.29999998211860657,16.23566246032715,0.09733737260103226,1.132224678993225,5.0,2.0850229263305664,270.0
350.0,False,True,0.0,7.598172187805176,0.03995683044195175,1.4057921171188354,9.0,2.192107677459717,270.0
350.0,False,True,0.29999998211860657,7.664673805236816,0.1619667112827301,0.8036622405052185,6.0,2.1731936931610107,270.0
350.0,False,True,0.29999998211860657,6.228944301605225,0.1237565204501152,0.7422157526016235,4.0,1.7959585189819336,270.0
350.0,False,True,0.2800000011920929,5.302304744720459,0.08862707018852234,0.7618111968040466,2.0,1.7098466157913208,270.0
350.0,False,True,0.0,8.925615310668945,0.030746806412935257,1.6794742345809937,7.0,2.236032247543335,270.0
350.0,False,True,0.2800000011920929,7.084323883056641,0.10225710272789001,1.1873447895050049,7.0,2.391721248626709,270.0
350.0,False,True,0.0,6.626523494720459,0.031433604657649994,1.5021388530731201,11.0,2.4939064979553223,270.0
350.0,False,True,0.0,13.794395446777344,0.001060783863067627,1.705207109451294,14.0,1.7753077745437622,270.0
350.0,False,True,0.2800000011920929,7.693808555603027,0.11628378182649612,0.8013151288032532,4.0,1.857034683227539,270.0
350.0,False,True,0.2800000011920929,9.701662063598633,0.09041037410497665,1.055422306060791,4.0,1.7498276233673096,270.0
350.0,False,True,0.0,5.15958833694458,0.023206060752272606,1.3501715660095215,5.0,2.094853401184082,270.0
350.0,False,True,0.2800000011920929,11.438021659851074,0.04524463415145874,0.9776507019996643,6.0,1.7182750701904297,270.0
350.0,False,True,0.2800000011920929,8.39201545715332,0.053812362253665924,1.5000163316726685,14.0,2.5084078311920166,270.0
350.0,False,True,0.29999998211860657,6.686654567718506,0.13839557766914368,0.7972991466522217,4.0,2.16212797164917,270.0
350.0,False,True,0.25999999046325684,8.8458890914917,0.07416507601737976,1.0060815811157227,8.0,1.8517155647277832,270.0
350.0,False,True,0.29999998211860657,7.687326908111572,0.15487997233867645,0.7033289074897766,5.0,1.8190209865570068,270.0
350.0,False,True,0.2800000011920929,9.238908767700195,0.056434936821460724,1.6332279443740845,13.0,2.5103631019592285,270.0
350.0,False,True,0.25999999046325684,10.372211456298828,0.1329486221075058,0.6904443502426147,12.0,1.4868992567062378,270.0
350.0,False,True,0.2800000011920929,11.682499885559082,0.13499674201011658,0.9236273765563965,6.0,2.0938737392425537,270.0
350.0,False,True,0.25999999046325684,14.303542137145996,0.1470736265182495,0.8064963817596436,7.0,1.498494267463684,270.0
350.0,False,True,0.0,7.672812461853027,0.020810332149267197,1.7798582315444946,14.0,2.2380285263061523,270.0
350.0,False,True,0.2800000011920929,7.555851459503174,0.12428385019302368,0.9564799666404724,6.0,2.085582733154297,270.0
350.0,False,True,0.0,6.225796222686768,0.022427743300795555,1.5992496013641357,14.0,2.1642720699310303,270.0
350.0,False,True,0.2800000011920929,8.426553726196289,0.12547016143798828,0.9888444542884827,6.0,2.2561984062194824,270.0
350.0,False,True,0.0,9.691240310668945,0.02764665149152279,1.6626724004745483,6.0,2.1462438106536865,270.0
350.0,False,True,0.25999999046325684,13.800166130065918,0.11691367626190186,0.8477876782417297,4.0,1.725082516670227,270.0
350.0,False,True,0.25999999046325684,8.741499900817871,0.0755852460861206,1.0865715742111206,5.0,2.137755870819092,270.0
350.0,False,True,0.2800000011920929,5.821842193603516,0.06754287332296371,1.1048998832702637,5.0,2.092480421066284,270.0
350.0,False,True,0.29999998211860657,7.1258769035339355,0.1469724476337433,0.9080755114555359,5.0,2.2205495834350586,270.0
350.0,False,True,0.2800000011920929,8.370648384094238,0.09577945619821548,1.2549606561660767,8.0,2.4601314067840576,270.0
350.0,False,True,0.29999998211860657,15.029464721679688,0.11515752971172333,0.9994526505470276,4.0,2.006458282470703,270.0
350.0,False,True,0.2800000011920929,4.953295707702637,0.10113819688558578,0.942579448223114,6.0,1.8803772926330566,270.0
350.0,False,True,0.0,6.5555033683776855,0.031388770788908005,1.5625048875808716,14.0,2.19111704826355,270.0
350.0,False,True,0.2800000011920929,8.4624605178833,0.1449216604232788,0.8075120449066162,3.0,1.789369821548462,270.0
350.0,False,True,0.2800000011920929,9.948803901672363,0.05271530523896217,1.5300018787384033,14.0,2.500152111053467,270.0
350.0,True,False,nan,6.049316883087158,0.05122397094964981,0.7583703398704529,9.0,1.4115331172943115,270.0
350.0,True,False,nan,3.7502973079681396,0.0,0.9397222399711609,3.0,0.5580934286117554,270.0
350.0,True,False,nan,7.432155132293701,0.050628405064344406,0.8563594222068787,7.0,1.591024398803711,270.0
400.0,True,False,nan,47.17909622192383,0.5713268518447876,0.7583746314048767,9.0,2.2414352893829346,0.0
400.0,True,False,nan,52.874942779541016,0.4224018454551697,0.6904454827308655,12.0,2.3052215576171875,0.0
400.0,True,False,nan,45.82596206665039,0.4454769790172577,0.856367826461792,7.0,2.394421339035034,0.0
400.0,True,False,nan,45.90921401977539,0.45522886514663696,0.9397194385528564,3.0,2.3903422355651855,0.0
400.0,True,False,nan,45.50114059448242,0.0,1.632717490196228,7.0,2.065807580947876,0.0
400.0,True,False,nan,51.382266998291016,0.013787953183054924,1.7052104473114014,14.0,1.932922601699829,0.0
400.0,True,False,nan,49.64921188354492,0.36473459005355835,1.118636131286621,5.0,2.1205222606658936,0.0
400.0,True,False,nan,50.45999526977539,0.5216129422187805,0.9994568824768066,4.0,2.090934991836548,0.0
400.0,True,False,nan,45.09375,0.096910759806633,1.4675352573394775,11.0,2.0306003093719482,0.0
400.0,False,True,0.17999999225139618,18.277128219604492,0.0,2.0220742225646973,5.0,2.151151180267334,0.0
400.0,False,True,0.85999995470047,39.43569564819336,0.769091784954071,0.903975248336792,3.0,2.57891583442688,0.0
400.0,False,True,0.6200000047683716,28.666000366210938,0.3277612626552582,0.7863116264343262,9.0,2.238166332244873,0.0
400.0,False,True,0.6200000047683716,37.32301712036133,0.43862825632095337,0.7544445991516113,9.0,2.457695245742798,0.0
400.0,False,True,0.14000000059604645,14.810596466064453,0.08036778122186661,1.0641814470291138,6.0,1.9896724224090576,0.0
400.0,False,True,0.1599999964237213,16.680936813354492,0.02447403036057949,1.3673175573349,10.0,1.898192048072815,0.0
400.0,False,True,0.6200000047683716,35.9629020690918,0.33251139521598816,0.8099141716957092,4.0,2.533794403076172,0.0
400.0,False,True,0.17999999225139618,22.671903610229492,0.06908991932868958,1.1987195014953613,7.0,2.1393821239471436,0.0
400.0,False,True,0.6200000047683716,30.494874954223633,0.33059757947921753,0.716203510761261,5.0,2.473907232284546,0.0
400.0,False,True,0.5199999809265137,20.227251052856445,0.0006447267369367182,1.5023777484893799,9.0,1.8876055479049683,0.0
400.0,False,True,0.6599999666213989,40.66349792480469,0.2958439290523529,0.8277854323387146,5.0,2.712395191192627,0.0
400.0,False,True,0.0,13.981863021850586,0.0007082676747813821,1.449194312095642,5.0,1.8442895412445068,0.0
400.0,False,True,0.5999999642372131,36.1817626953125,0.431682288646698,0.9821434020996094,5.0,2.393174171447754,0.0
400.0,False,True,0.0,14.228386878967285,0.008824626915156841,1.3825650215148926,8.0,1.9305776357650757,0.0
400.0,False,True,0.85999995470047,43.186771392822266,0.5104057788848877,1.226233720779419,3.0,2.604426383972168,0.0
400.0,False,True,0.6200000047683716,32.602745056152344,0.3718512952327728,0.8935026526451111,3.0,2.343822956085205,0.0
400.0,False,True,0.17999999225139618,21.01270294189453,0.004139253869652748,1.5584893226623535,5.0,2.193324565887451,0.0
400.0,False,True,0.8399999737739563,25.09416389465332,0.3630550503730774,0.7890361547470093,5.0,2.1358256340026855,0.0
400.0,False,True,0.29999998211860657,17.117504119873047,0.16006916761398315,0.9568607807159424,5.0,1.8884965181350708,0.0
400.0,False,True,0.6200000047683716,28.391456604003906,0.2683311998844147,0.733052134513855,9.0,2.2098987102508545,0.0
400.0,False,True,0.17999999225139618,19.763107299804688,0.10103502869606018,1.0578739643096924,6.0,2.1035730838775635,0.0
400.0,False,True,0.17999999225139618,19.026063919067383,0.01915932632982731,1.3192777633666992,5.0,2.102046489715576,0.0
400.0,False,True,0.0,12.19084358215332,0.0,1.6996605396270752,14.0,1.8955382108688354,0.0
400.0,False,True,0.19999998807907104,23.689693450927734,0.023130636662244797,1.405745267868042,9.0,2.2576894760131836,0.0
400.0,False,True,0.8799999952316284,36.952117919921875,0.607740044593811,0.8036555647850037,6.0,2.537299156188965,0.0
400.0,False,True,0.6399999856948853,29.735454559326172,0.3622952699661255,0.742312490940094,4.0,2.287431240081787,0.0
400.0,False,True,0.6200000047683716,31.34063148498535,0.31442496180534363,0.7618182301521301,2.0,2.3212978839874268,0.0
400.0,False,True,0.0,11.892637252807617,0.0,1.679476022720337,7.0,1.8890043497085571,0.0
400.0,False,True,0.17999999225139618,20.57243537902832,0.0859767347574234,1.1873347759246826,7.0,2.065253734588623,0.0
400.0,False,True,0.19999998807907104,21.40526580810547,0.0026236344128847122,1.5021384954452515,11.0,2.1517934799194336,0.0
400.0,False,True,0.6200000047683716,35.67073059082031,0.4956511855125427,0.8013091087341309,4.0,2.5893115997314453,0.0
400.0,False,True,0.8199999928474426,31.508731842041016,0.5070657134056091,1.0554242134094238,4.0,2.2924866676330566,0.0
400.0,False,True,0.0,13.876355171203613,0.007869970053434372,1.3501695394515991,5.0,1.9176982641220093,0.0
400.0,False,True,0.8799999952316284,42.37101745605469,0.40404388308525085,0.977647066116333,6.0,2.694105386734009,0.0
400.0,False,True,0.17999999225139618,19.20702362060547,0.0061281295493245125,1.5000085830688477,14.0,1.9882944822311401,0.0
400.0,False,True,0.29999998211860657,35.32550811767578,0.274778813123703,0.7973008155822754,4.0,2.478212594985962,0.0
400.0,False,True,0.17999999225139618,20.693588256835938,0.09916019439697266,1.0060855150222778,8.0,2.0725789070129395,0.0
400.0,False,True,0.8799999952316284,29.171472549438477,0.4189932346343994,0.7033386826515198,5.0,2.382690906524658,0.0
400.0,False,True,0.0,13.051078796386719,0.00015211581194307655,1.6332228183746338,13.0,1.9282904863357544,0.0
400.0,False,True,0.7999999523162842,35.75851821899414,0.5904983282089233,0.9236357808113098,6.0,2.4256656169891357,0.0
400.0,False,True,0.2800000011920929,35.75235366821289,0.2802765965461731,0.8061245083808899,6.0,2.474407911300659,0.0
400.0,False,True,0.0,13.06604290008545,0.0,1.7798603773117065,14.0,1.8465869426727295,0.0
400.0,False,True,0.29999998211860657,19.712364196777344,0.14583322405815125,0.9564781785011292,6.0,2.0749034881591797,0.0
400.0,False,True,0.0,12.274446487426758,0.0,1.59922194480896,14.0,1.94325590133667,0.0
400.0,False,True,0.3199999928474426,16.33151626586914,0.14939488470554352,0.9888469576835632,6.0,1.8820240497589111,0.0
400.0,False,True,0.0,11.299946784973145,0.0,1.6626811027526855,6.0,1.8926727771759033,0.0
400.0,False,True,0.5399999618530273,26.637720108032227,0.19922678172588348,0.8477784991264343,4.0,2.244663715362549,0.0
400.0,False,True,0.2199999988079071,29.669918060302734,0.0910358652472496,1.0868713855743408,5.0,2.3754000663757324,0.0
400.0,False,True,0.19999998807907104,26.4263916015625,0.08235055208206177,1.1048979759216309,5.0,2.3457388877868652,0.0
400.0,False,True,0.29999998211860657,26.352455139160156,0.2106158286333084,0.9080856442451477,5.0,2.1870651245117188,0.0
400.0,False,True,0.17999999225139618,19.183090209960938,0.06907451152801514,1.2549598217010498,8.0,1.9783304929733276,0.0
400.0,False,True,0.19999998807907104,18.788618087768555,0.12277495861053467,0.9425868391990662,6.0,2.050380229949951,0.0
400.0,False,True,0.0,13.770569801330566,0.0006155467126518488,1.562510371208191,14.0,1.9712529182434082,0.0
400.0,False,True,0.8199999928474426,25.91985321044922,0.438411682844162,0.8075621724128723,3.0,2.128072738647461,0.0
400.0,False,True,0.19999998807907104,22.65904426574707,0.013637725263834,1.52998948097229,14.0,2.041067361831665,0.0
400.0,True,False,nan,22.310970306396484,0.09336672723293304,0.7583701610565186,9.0,2.2414350509643555,0.0
400.0,True,False,nan,1.280236005783081,0.0,1.6327221393585205,7.0,0.5337390303611755,0.0
400.0,True,False,nan,5.877199172973633,0.01626848243176937,0.9397284984588623,3.0,1.3780243396759033,0.0
400.0,True,False,nan,2.28224778175354,0.0,1.7052032947540283,14.0,0.30106276273727417,0.0
400.0,True,False,nan,31.52204704284668,0.18326984345912933,0.6906824707984924,12.0,2.302565097808838,0.0
400.0,True,False,nan,31.735477447509766,0.11230967938899994,0.8563618659973145,7.0,2.394531726837158,0.0
400.0,True,False,nan,45.35197830200195,0.32524996995925903,1.7051994800567627,14.0,1.959615707397461,90.0
400.0,True,False,nan,46.429195404052734,0.40863215923309326,1.502432107925415,9.0,1.920406460762024,90.0
400.0,True,False,nan,45.449947357177734,0.22247764468193054,0.8061278462409973,6.0,1.5179173946380615,90.0
400.0,True,False,nan,45.5638313293457,0.424051433801651,1.4675310850143433,11.0,1.9977864027023315,90.0
400.0,True,False,nan,45.6838493347168,0.2646394371986389,0.6904485821723938,12.0,1.633268117904663,90.0
400.0,True,False,nan,46.604583740234375,0.4497887194156647,0.9397205114364624,3.0,1.7381917238235474,90.0
400.0,True,False,nan,45.774322509765625,0.41538676619529724,0.8563594222068787,7.0,1.631849765777588,90.0
400.0,True,False,nan,45.213661193847656,0.5913529992103577,1.6327006816864014,7.0,2.0927727222442627,90.0
400.0,True,False,nan,55.26422119140625,0.2218220978975296,0.827789843082428,5.0,1.6645654439926147,90.0
400.0,True,False,nan,47.752498626708984,0.4454127848148346,0.7583662271499634,9.0,1.6090975999832153,90.0
400.0,False,True,0.7799999713897705,17.22580909729004,0.3220785856246948,2.0220863819122314,5.0,2.121983528137207,90.0
400.0,False,True,0.4599999785423279,8.895541191101074,0.20208077132701874,0.9039792418479919,3.0,1.6142703294754028,90.0
400.0,False,True,0.4399999976158142,12.434016227722168,0.321135938167572,0.7863173484802246,9.0,1.651837944984436,90.0
400.0,False,True,0.4399999976158142,14.540021896362305,0.3731750249862671,0.7544451355934143,9.0,2.0143544673919678,90.0
400.0,False,True,0.41999998688697815,10.606879234313965,0.29480183124542236,1.0641549825668335,6.0,1.8053580522537231,90.0
400.0,False,True,0.3799999952316284,8.51539134979248,0.1868903487920761,1.3666032552719116,9.0,1.9403358697891235,90.0
400.0,False,True,0.4399999976158142,10.813085556030273,0.42913493514060974,0.8099188208580017,4.0,1.9461112022399902,90.0
400.0,False,True,0.3799999952316284,8.330036163330078,0.372754842042923,1.1987265348434448,7.0,1.9765979051589966,90.0
400.0,False,True,0.4399999976158142,11.2594575881958,0.3646337687969208,0.7162023782730103,5.0,1.6479377746582031,90.0
400.0,False,True,0.3999999761581421,10.76854133605957,0.4644460082054138,1.4491982460021973,5.0,1.956865668296814,90.0
400.0,False,True,0.4399999976158142,11.454833984375,0.18206489086151123,0.9821403622627258,5.0,1.51289963722229,90.0
400.0,False,True,1.6399999856948853,22.422443389892578,0.6301843523979187,1.38258695602417,8.0,1.9645569324493408,90.0
400.0,False,True,0.0,12.799481391906738,0.07774817198514938,1.2262310981750488,3.0,1.4339202642440796,90.0
400.0,False,True,0.41999998688697815,11.199094772338867,0.20514926314353943,0.8877756595611572,3.0,1.5526561737060547,90.0
400.0,False,True,0.3799999952316284,10.215056419372559,0.39869919419288635,1.5584967136383057,5.0,2.1417293548583984,90.0
400.0,False,True,0.4399999976158142,10.304980278015137,0.31376564502716064,0.7890349626541138,5.0,1.6724656820297241,90.0
400.0,False,True,0.4399999976158142,8.746935844421387,0.29294055700302124,0.9568526744842529,5.0,1.76431405544281,90.0
400.0,False,True,0.3999999761581421,14.600159645080566,0.3455791771411896,0.7330540418624878,9.0,1.603851079940796,90.0
400.0,False,True,0.3999999761581421,9.446124076843262,0.2761952877044678,1.0579279661178589,6.0,1.9241482019424438,90.0
400.0,False,True,0.3999999761581421,10.210394859313965,0.36388373374938965,1.3192728757858276,5.0,2.0035104751586914,90.0
400.0,False,True,0.3999999761581421,9.255718231201172,0.30214428901672363,1.6996486186981201,14.0,1.9019665718078613,90.0
400.0,False,True,0.3799999952316284,13.157437324523926,0.7271837592124939,1.1186336278915405,5.0,1.9290226697921753,90.0
400.0,False,True,0.3799999952316284,9.368189811706543,0.269633024930954,1.4057397842407227,9.0,2.206399917602539,90.0
400.0,False,True,0.4399999976158142,9.063450813293457,0.32966893911361694,0.8036530017852783,6.0,2.0073561668395996,90.0
400.0,False,True,0.4399999976158142,11.972991943359375,0.34172502160072327,0.7422155141830444,4.0,1.6039471626281738,90.0
400.0,False,True,0.3999999761581421,12.162980079650879,0.37889179587364197,0.7618154883384705,2.0,1.5835282802581787,90.0
400.0,False,True,0.0,8.420747756958008,0.10629551857709885,1.679478645324707,7.0,1.8582483530044556,90.0
400.0,False,True,0.3799999952316284,10.024757385253906,0.2163771688938141,1.1873481273651123,7.0,2.0560848712921143,90.0
400.0,False,True,0.8399999737739563,13.174155235290527,0.5117531418800354,1.5021443367004395,11.0,2.2647128105163574,90.0
400.0,False,True,0.4399999976158142,10.416465759277344,0.29612284898757935,0.8013155460357666,4.0,1.6333204507827759,90.0
400.0,False,True,0.0,10.236698150634766,0.11900158226490021,1.0554203987121582,4.0,1.640702247619629,90.0
400.0,False,True,0.3999999761581421,10.652811050415039,0.41498053073883057,1.3501687049865723,5.0,1.8756020069122314,90.0
400.0,False,True,0.3999999761581421,14.071364402770996,0.21163620054721832,0.9776519536972046,6.0,1.4119596481323242,90.0
400.0,False,True,0.3799999952316284,9.060502052307129,0.18876975774765015,1.500008225440979,14.0,2.13997483253479,90.0
400.0,False,True,0.4399999976158142,12.926546096801758,0.4098346531391144,0.7972997426986694,4.0,2.039512872695923,90.0
400.0,False,True,0.3999999761581421,9.914905548095703,0.2641628384590149,1.006085991859436,8.0,1.7559622526168823,90.0
400.0,False,True,0.4599999785423279,9.943325996398926,0.3446989059448242,0.7033566236495972,5.0,1.643390417098999,90.0
400.0,False,True,0.0,8.600236892700195,0.1505017727613449,1.6332303285598755,13.0,2.133404493331909,90.0
400.0,False,True,0.3999999761581421,9.489494323730469,0.16178394854068756,0.9236366748809814,6.0,1.6559062004089355,90.0
400.0,False,True,0.0,8.866497039794922,0.16251899302005768,1.7798494100570679,14.0,1.9783680438995361,90.0
400.0,False,True,0.4399999976158142,9.207799911499023,0.3199350833892822,0.9564731121063232,6.0,1.7679624557495117,90.0
400.0,False,True,0.3799999952316284,9.090703964233398,0.2909705340862274,1.5992331504821777,14.0,2.0875046253204346,90.0
400.0,False,True,0.4399999976158142,9.432402610778809,0.2988996207714081,0.9888263940811157,6.0,1.7317436933517456,90.0
400.0,False,True,0.0,8.957387924194336,0.09049893915653229,1.6626675128936768,6.0,1.7928438186645508,90.0
400.0,False,True,0.3999999761581421,16.949729919433594,0.6811108589172363,0.8495652079582214,4.0,1.6665369272232056,90.0
400.0,False,True,0.3999999761581421,13.455194473266602,0.3017154037952423,1.0868767499923706,5.0,2.092139720916748,90.0
400.0,False,True,0.41999998688697815,10.169896125793457,0.32908204197883606,1.1048897504806519,5.0,1.8820661306381226,90.0
400.0,False,True,0.4399999976158142,9.31282901763916,0.3137378692626953,0.9080957770347595,5.0,1.7881102561950684,90.0
400.0,False,True,0.3799999952316284,8.9335355758667,0.21501675248146057,1.2549526691436768,8.0,2.038534164428711,90.0
400.0,False,True,0.3799999952316284,8.958198547363281,0.17946279048919678,0.9994564056396484,4.0,1.69114089012146,90.0
400.0,False,True,0.4399999976158142,11.05212688446045,0.35809049010276794,0.9425928592681885,6.0,1.7612519264221191,90.0
400.0,False,True,0.0,9.208142280578613,0.2625100612640381,1.562510371208191,14.0,2.043224334716797,90.0
400.0,False,True,0.41999998688697815,9.650113105773926,0.23357291519641876,0.8075225949287415,3.0,1.6719251871109009,90.0
400.0,False,True,0.3999999761581421,8.351859092712402,0.23375092446804047,1.530003309249878,14.0,2.115550994873047,90.0
400.0,True,False,nan,1.6005890369415283,0.0,1.5023753643035889,9.0,0.0,90.0
400.0,True,False,nan,2.28224778175354,0.0,1.7052030563354492,14.0,0.0,90.0
400.0,True,False,nan,3.45926833152771,0.014738205820322037,0.8061253428459167,6.0,1.2097541093826294,90.0
400.0,False,True,0.0,11.462879180908203,0.22298860549926758,2.0220797061920166,5.0,2.2487034797668457,180.0
400.0,False,True,0.3999999761581421,12.323233604431152,0.2909499704837799,0.9018085598945618,3.0,2.133363962173462,180.0
400.0,False,True,0.7799999713897705,25.735469818115234,0.41600996255874634,0.7583653330802917,9.0,2.23779559135437,180.0
400.0,False,True,0.6200000047683716,12.529157638549805,0.39278972148895264,0.786314845085144,9.0,2.292191982269287,180.0
400.0,False,True,0.699999988079071,14.351581573486328,0.628028154373169,0.7544479966163635,9.0,2.2235770225524902,180.0
400.0,False,True,0.3799999952316284,10.429132461547852,0.36842963099479675,1.0641698837280273,6.0,2.228785514831543,180.0
400.0,False,True,0.29999998211860657,10.056333541870117,0.3015351891517639,1.3673279285430908,10.0,2.1402668952941895,180.0
400.0,False,True,0.6800000071525574,11.914493560791016,0.5639506578445435,0.8099082112312317,4.0,2.139359712600708,180.0
400.0,False,True,0.3199999928474426,11.114395141601562,0.3398398756980896,1.1987299919128418,7.0,2.150524139404297,180.0
400.0,False,True,0.6399999856948853,11.962089538574219,0.47541770339012146,0.716205894947052,5.0,2.2478652000427246,180.0
400.0,False,True,0.14000000059604645,10.436280250549316,0.19946233928203583,1.502375602722168,9.0,2.2804465293884277,180.0
400.0,False,True,0.8399999737739563,15.49043083190918,0.41429775953292847,0.8277895450592041,5.0,2.1943576335906982,180.0
400.0,False,True,0.3199999928474426,10.798604011535645,0.3217935264110565,1.4491838216781616,5.0,2.1564974784851074,180.0
400.0,False,True,0.35999998450279236,12.747567176818848,0.17538872361183167,0.9821385741233826,5.0,2.202265739440918,180.0
400.0,False,True,0.29999998211860657,11.423340797424316,0.30360785126686096,1.3781981468200684,6.0,2.2168567180633545,180.0
400.0,False,True,0.29999998211860657,11.852168083190918,0.3116699159145355,1.632722020149231,7.0,2.1570982933044434,180.0
400.0,False,True,0.0,13.592745780944824,0.07354454696178436,1.2262271642684937,3.0,2.1449053287506104,180.0
400.0,False,True,0.35999998450279236,13.782731056213379,0.2035796195268631,0.8934982419013977,3.0,2.2675068378448486,180.0
400.0,False,True,0.5999999642372131,12.320289611816406,0.36332836747169495,1.5584930181503296,5.0,2.20233416557312,180.0
400.0,False,True,0.5199999809265137,12.062448501586914,0.402333527803421,0.7890327572822571,5.0,2.112823724746704,180.0
400.0,False,True,0.35999998450279236,10.439239501953125,0.31319618225097656,0.9568649530410767,5.0,2.0993423461914062,180.0
400.0,False,True,1.159999966621399,14.08098316192627,0.6170819997787476,0.7330511212348938,9.0,2.2262656688690186,180.0
400.0,False,True,0.3999999761581421,10.848034858703613,0.38253605365753174,1.0578787326812744,6.0,2.197974920272827,180.0
400.0,False,True,0.5999999642372131,11.642426490783691,0.3891022503376007,1.319261908531189,5.0,2.097463607788086,180.0
400.0,False,True,0.2800000011920929,7.157220363616943,0.38822463154792786,1.4676017761230469,14.0,2.1110966205596924,180.0
400.0,False,True,0.11999999731779099,9.658482551574707,0.18437129259109497,1.6996546983718872,14.0,2.2251670360565186,180.0
400.0,False,True,0.6200000047683716,8.010331153869629,0.44213801622390747,1.1322298049926758,5.0,2.136263847351074,180.0
400.0,False,True,0.6200000047683716,13.485542297363281,0.446018248796463,1.4057389497756958,9.0,2.1925318241119385,180.0
400.0,False,True,0.699999988079071,12.72305965423584,0.5738150477409363,0.8036699891090393,6.0,2.1868555545806885,180.0
400.0,False,True,0.6399999856948853,12.2225980758667,0.4314541816711426,0.7422211170196533,4.0,2.26804780960083,180.0
400.0,False,True,0.8399999737739563,15.22099781036377,0.4285716712474823,0.7618144154548645,2.0,2.279222011566162,180.0
400.0,False,True,0.0,8.205232620239258,0.14289484918117523,1.679471492767334,7.0,2.126188278198242,180.0
400.0,False,True,0.35999998450279236,10.03562068939209,0.3877267837524414,1.1873464584350586,7.0,2.1175122261047363,180.0
400.0,False,True,0.5999999642372131,11.155385971069336,0.4402279555797577,1.5021461248397827,11.0,2.2218194007873535,180.0
400.0,False,True,0.7400000095367432,13.406688690185547,0.6341584920883179,0.9397230744361877,3.0,2.154099941253662,180.0
400.0,False,True,0.0,8.430536270141602,0.19896069169044495,1.7051997184753418,14.0,2.1832761764526367,180.0
400.0,False,True,0.47999998927116394,13.674057006835938,0.3593212068080902,0.801319420337677,4.0,2.1901638507843018,180.0
400.0,False,True,0.14000000059604645,12.627747535705566,0.11853434890508652,1.055424451828003,4.0,2.07877516746521,180.0
400.0,False,True,0.3199999928474426,10.235121726989746,0.30936795473098755,1.3501681089401245,5.0,2.1608855724334717,180.0
400.0,False,True,0.85999995470047,16.209369659423828,0.2214534431695938,0.9776507019996643,6.0,2.1789536476135254,180.0
400.0,False,True,0.3199999928474426,11.15188980102539,0.37434500455856323,1.500009298324585,14.0,2.273818254470825,180.0
400.0,False,True,0.699999988079071,13.448851585388184,0.6280837655067444,0.7972953915596008,4.0,2.2134618759155273,180.0
400.0,False,True,0.3999999761581421,11.830248832702637,0.36928388476371765,1.0060827732086182,8.0,2.2755539417266846,180.0
400.0,False,True,0.5399999618530273,11.483586311340332,0.42452195286750793,0.7033247947692871,5.0,2.2224655151367188,180.0
400.0,False,True,0.29999998211860657,9.338709831237793,0.28679361939430237,1.6332197189331055,13.0,2.29535174369812,180.0
400.0,False,True,0.9399999976158142,15.449138641357422,0.5714355707168579,0.6906862854957581,12.0,2.2458081245422363,180.0
400.0,False,True,0.41999998688697815,11.210501670837402,0.34467998147010803,0.9236365556716919,6.0,2.11008882522583,180.0
400.0,False,True,0.29999998211860657,14.978240966796875,0.36357176303863525,0.8061277866363525,6.0,2.2683916091918945,180.0
400.0,False,True,0.0,9.967387199401855,0.2116420716047287,1.779809832572937,14.0,2.226330041885376,180.0
400.0,False,True,0.41999998688697815,11.134130477905273,0.37620002031326294,0.9564931392669678,6.0,2.1709234714508057,180.0
400.0,False,True,0.5600000023841858,14.214333534240723,0.42865294218063354,0.8563591241836548,7.0,2.187177896499634,180.0
400.0,False,True,0.14000000059604645,9.288846969604492,0.29651710391044617,1.5992431640625,14.0,2.161684036254883,180.0
400.0,False,True,0.35999998450279236,9.800926208496094,0.31963029503822327,0.9888484477996826,6.0,2.123326539993286,180.0
400.0,False,True,0.0,8.07598876953125,0.1406920850276947,1.6626774072647095,6.0,2.107103109359741,180.0
400.0,False,True,0.47999998927116394,12.278766632080078,0.3749099671840668,0.8477606773376465,4.0,2.2059051990509033,180.0
400.0,False,True,0.6200000047683716,14.164414405822754,0.4975699484348297,1.0865716934204102,5.0,2.1404337882995605,180.0
400.0,False,True,0.6200000047683716,10.304999351501465,0.47663941979408264,1.1048897504806519,5.0,2.1137382984161377,180.0
400.0,False,True,0.4599999785423279,11.279851913452148,0.4107324182987213,0.9080808758735657,5.0,2.1491506099700928,180.0
400.0,False,True,0.3199999928474426,9.368022918701172,0.3464842438697815,1.2549583911895752,8.0,2.124973773956299,180.0
400.0,False,True,0.3199999928474426,8.723864555358887,0.3289169371128082,0.9994592070579529,4.0,2.1001970767974854,180.0
400.0,False,True,0.5999999642372131,11.246874809265137,0.42262884974479675,0.9425981044769287,6.0,2.233867645263672,180.0
400.0,False,True,0.14000000059604645,10.69317626953125,0.2459946572780609,1.5625087022781372,14.0,2.1453118324279785,180.0
400.0,False,True,0.3999999761581421,11.358567237854004,0.2942507863044739,0.8075300455093384,3.0,2.096662998199463,180.0
400.0,False,True,0.3199999928474426,10.953193664550781,0.4068276584148407,1.530003309249878,14.0,2.363072395324707,180.0
400.0,True,False,nan,46.55155944824219,0.18435555696487427,0.7583678960800171,9.0,1.6308109760284424,270.0
400.0,True,False,nan,45.33883285522461,0.17861400544643402,0.8563598394393921,7.0,1.792848825454712,270.0
400.0,True,False,nan,47.348304748535156,0.2554015815258026,0.9397253394126892,3.0,1.9349418878555298,270.0
400.0,True,False,nan,46.7838134765625,0.21413926780223846,0.8282803297042847,5.0,1.8162299394607544,270.0
400.0,False,True,0.0,10.053692817687988,0.006107296794652939,2.022073268890381,5.0,2.3767454624176025,270.0
400.0,False,True,0.29999998211860657,11.028034210205078,0.16747985780239105,0.9021764397621155,3.0,2.168433427810669,270.0
400.0,False,True,0.29999998211860657,6.044583797454834,0.15206070244312286,0.7863140106201172,9.0,1.980355143547058,270.0
400.0,False,True,0.3199999928474426,6.993136405944824,0.18814823031425476,0.7544419765472412,9.0,2.281038522720337,270.0
400.0,False,True,0.2800000011920929,4.818653583526611,0.12709347903728485,1.0641725063323975,6.0,2.1786320209503174,270.0
400.0,False,True,0.25999999046325684,12.978121757507324,0.09153535217046738,1.3673427104949951,14.0,2.3517909049987793,270.0
400.0,False,True,0.3199999928474426,5.931842803955078,0.17140783369541168,0.8099133372306824,4.0,2.2928388118743896,270.0
400.0,False,True,0.25999999046325684,13.95798397064209,0.10451453924179077,1.1987295150756836,7.0,2.3260035514831543,270.0
400.0,False,True,0.29999998211860657,6.7142839431762695,0.1899511218070984,0.7162083983421326,5.0,2.0696027278900146,270.0
400.0,False,True,0.0,12.631855010986328,0.02338806539773941,1.502431035041809,9.0,1.9532359838485718,270.0
400.0,False,True,0.0,5.873763084411621,0.04335732012987137,1.4492089748382568,5.0,2.3283209800720215,270.0
400.0,False,True,0.2800000011920929,8.140177726745605,0.11514165997505188,0.9821365475654602,5.0,1.9795434474945068,270.0
400.0,False,True,0.0,10.816488265991211,0.03774542361497879,1.383996844291687,8.0,1.907315969467163,270.0
400.0,False,True,0.0,13.095978736877441,0.014598212204873562,1.6327379941940308,7.0,2.0127017498016357,270.0
400.0,False,True,0.2800000011920929,10.330415725708008,0.07669036835432053,1.2262481451034546,3.0,1.9958908557891846,270.0
400.0,False,True,0.29999998211860657,9.075908660888672,0.11619305610656738,0.89350426197052,3.0,1.8413548469543457,270.0
400.0,False,True,0.0,9.744833946228027,0.03779740631580353,1.5585006475448608,5.0,2.4945764541625977,270.0
400.0,False,True,0.3199999928474426,9.604269027709961,0.20915423333644867,0.7890310883522034,5.0,2.2190897464752197,270.0
400.0,False,True,0.29999998211860657,10.687119483947754,0.20152698457241058,0.9568747878074646,5.0,2.470475673675537,270.0
400.0,False,True,0.2800000011920929,6.670327186584473,0.12177392840385437,0.7330521941184998,9.0,1.900946855545044,270.0
400.0,False,True,0.2800000011920929,6.214165210723877,0.1504383087158203,1.0578724145889282,6.0,2.353515863418579,270.0
400.0,False,True,0.25999999046325684,6.200046062469482,0.06620635092258453,1.3192733526229858,5.0,2.3714585304260254,270.0
400.0,False,True,0.5199999809265137,19.185771942138672,0.11917988210916519,1.4674522876739502,14.0,2.345970869064331,270.0
400.0,False,True,0.0,7.089942932128906,0.03864613175392151,1.6996634006500244,14.0,2.4499120712280273,270.0
400.0,False,True,0.3799999952316284,18.670265197753906,0.12091784924268723,1.1322239637374878,5.0,2.2476084232330322,270.0
400.0,False,True,0.25999999046325684,10.597524642944336,0.07815422862768173,1.405786395072937,9.0,2.4520809650421143,270.0
400.0,False,True,0.3199999928474426,9.228032112121582,0.21688395738601685,0.8036531805992126,6.0,2.363051414489746,270.0
400.0,False,True,0.29999998211860657,6.074057102203369,0.161927729845047,0.7422189116477966,4.0,1.9695545434951782,270.0
400.0,False,True,0.2800000011920929,6.242620944976807,0.1146184504032135,0.7618145942687988,2.0,1.9204745292663574,270.0
400.0,False,True,0.0,10.15439224243164,0.06322641670703888,1.6794803142547607,7.0,2.4265356063842773,270.0
400.0,False,True,0.2800000011920929,9.454963684082031,0.14508609473705292,1.1873517036437988,7.0,2.650953531265259,270.0
400.0,False,True,0.2800000011920929,7.166534423828125,0.06446532160043716,1.5019804239273071,11.0,2.769622802734375,270.0
400.0,False,True,0.29999998211860657,16.68694496154785,0.015129953622817993,1.7052067518234253,14.0,2.021653175354004,270.0
400.0,False,True,0.29999998211860657,7.359994888305664,0.15758542716503143,0.8013149499893188,4.0,2.046947479248047,270.0
400.0,False,True,0.2800000011920929,10.415501594543457,0.12864308059215546,1.0554081201553345,4.0,1.9198834896087646,270.0
400.0,False,True,0.0,6.150201320648193,0.053516872227191925,1.3501710891723633,5.0,2.22879695892334,270.0
400.0,False,True,0.2800000011920929,12.381009101867676,0.06634312123060226,0.9776527881622314,6.0,1.7637524604797363,270.0
400.0,False,True,0.2800000011920929,10.581710815429688,0.09341021627187729,1.5000230073928833,14.0,2.699253797531128,270.0
400.0,False,True,0.29999998211860657,6.416676998138428,0.19261567294597626,0.7973050475120544,4.0,2.407162666320801,270.0
400.0,False,True,0.25999999046325684,11.036404609680176,0.10473816841840744,1.006088137626648,8.0,1.9763643741607666,270.0
400.0,False,True,0.29999998211860657,7.56439208984375,0.2028183490037918,0.7033302783966064,5.0,2.0276100635528564,270.0
400.0,False,True,0.2800000011920929,11.616811752319336,0.09605447947978973,1.6332234144210815,13.0,2.775627851486206,270.0
400.0,False,True,0.25999999046325684,11.514370918273926,0.10365144908428192,0.690448522567749,12.0,1.6281744241714478,270.0
400.0,False,True,0.29999998211860657,13.207918167114258,0.17999273538589478,0.9236194491386414,6.0,2.220013380050659,270.0
400.0,False,True,1.0199999809265137,19.460071563720703,0.15294109284877777,0.8100420236587524,5.0,1.5893317461013794,270.0
400.0,False,True,0.0,9.2924222946167,0.0401783362030983,1.7798560857772827,14.0,2.4413721561431885,270.0
400.0,False,True,0.29999998211860657,9.468280792236328,0.16994713246822357,0.9564741253852844,6.0,2.464876651763916,270.0
400.0,False,True,0.0,6.735660552978516,0.05513189733028412,1.5992231369018555,14.0,2.4117002487182617,270.0
400.0,False,True,0.29999998211860657,11.749067306518555,0.17287816107273102,0.9888473749160767,6.0,2.4465160369873047,270.0
400.0,False,True,0.0,11.099129676818848,0.06245297193527222,1.662683129310608,6.0,2.3660035133361816,270.0
400.0,False,True,0.3400000035762787,16.23822593688965,0.14911852777004242,0.8477839827537537,4.0,1.8736217021942139,270.0
400.0,False,True,0.2800000011920929,11.315936088562012,0.11143850535154343,1.086570143699646,5.0,2.360917091369629,270.0
400.0,False,True,0.2800000011920929,5.7858076095581055,0.112704798579216,1.1048994064331055,5.0,2.3523924350738525,270.0
400.0,False,True,0.29999998211860657,9.767909049987793,0.1991819143295288,0.9080899953842163,5.0,2.4525585174560547,270.0
400.0,False,True,0.2800000011920929,11.05421257019043,0.13803903758525848,1.2549556493759155,8.0,2.7136471271514893,270.0
400.0,False,True,0.3400000035762787,17.215911865234375,0.1512664258480072,0.9994581341743469,4.0,2.1696324348449707,270.0
400.0,False,True,0.2800000011920929,4.968381881713867,0.14729765057563782,0.9426068663597107,6.0,2.1196699142456055,270.0
400.0,False,True,0.0,8.14895248413086,0.062379390001297,1.5625081062316895,14.0,2.3923752307891846,270.0
400.0,False,True,0.29999998211860657,9.083785057067871,0.1990317702293396,0.8075252771377563,3.0,2.1087021827697754,270.0
400.0,False,True,0.2800000011920929,13.325911521911621,0.09489941596984863,1.5299981832504272,14.0,2.742858409881592,270.0
400.0,True,False,nan,5.429138660430908,0.026054982095956802,0.7583825588226318,9.0,1.3563916683197021,270.0
400.0,True,False,nan,3.8787355422973633,0.0,0.939730167388916,3.0,0.6335518956184387,270.0
400.0,True,False,nan,9.741443634033203,0.06859423965215683,0.856367826461792,7.0,1.7928439378738403,270.0
450.0,True,False,nan,47.02427291870117,0.09343180805444717,1.2262438535690308,3.0,2.8478140830993652,0.0
450.0,True,False,nan,46.006980895996094,0.29060783982276917,0.9776568412780762,6.0,2.762002944946289,0.0
450.0,True,False,nan,50.52379608154297,0.5893281102180481,0.6904637813568115,12.0,2.675259828567505,0.0
450.0,True,False,nan,48.69016647338867,0.010490932501852512,1.6327377557754517,7.0,2.500150442123413,0.0
450.0,True,False,nan,45.53242874145508,0.6362435817718506,0.7583791613578796,9.0,2.6014270782470703,0.0
450.0,True,False,nan,48.418670654296875,0.03090847283601761,1.3788018226623535,6.0,2.305689811706543,0.0
450.0,True,False,nan,48.63230514526367,0.5224161148071289,0.8563640713691711,7.0,2.554319381713867,0.0
450.0,True,False,nan,45.48405838012695,0.039648789912462234,1.7052061557769775,14.0,2.3332440853118896,0.0
450.0,True,False,nan,46.03287887573242,0.013024198822677135,1.5024583339691162,9.0,2.234330177307129,0.0
450.0,True,False,nan,49.29225158691406,0.7807505130767822,0.9397265911102295,3.0,2.762101411819458,0.0
450.0,True,False,nan,48.084129333496094,1.4203248023986816,1.4675308465957642,11.0,2.2140984535217285,0.0
450.0,True,False,nan,49.66830825805664,1.462314486503601,0.9994615912437439,4.0,2.371262788772583,0.0
450.0,True,False,nan,49.9061279296875,0.848809540271759,1.1322304010391235,5.0,2.3929126262664795,0.0
450.0,False,True,0.17999999225139618,22.428449630737305,0.0,2.0220823287963867,5.0,2.4783716201782227,0.0
450.0,False,True,0.8999999761581421,42.93144989013672,0.6856068968772888,0.9021734595298767,3.0,2.8858087062835693,0.0
450.0,False,True,0.6200000047683716,31.608619689941406,0.42974650859832764,0.7863097190856934,9.0,2.584371566772461,0.0
450.0,False,True,0.9599999785423279,40.14324188232422,0.603258490562439,0.75444495677948,9.0,2.6594464778900146,0.0
450.0,False,True,0.17999999225139618,19.755874633789062,0.1246100589632988,1.0641682147979736,6.0,2.3403937816619873,0.0
450.0,False,True,0.17999999225139618,22.95684242248535,0.06933412700891495,1.3666164875030518,9.0,2.3132238388061523,0.0
450.0,False,True,0.6200000047683716,38.66238784790039,0.5180943012237549,0.8099170923233032,4.0,2.785956382751465,0.0
450.0,False,True,0.19999998807907104,26.966890335083008,0.0998249500989914,1.1987221240997314,7.0,2.505321979522705,0.0
450.0,False,True,0.6200000047683716,31.623485565185547,0.47379520535469055,0.7162073254585266,5.0,2.5889101028442383,0.0
450.0,False,True,0.6599999666213989,42.98871994018555,0.46783480048179626,0.8277879953384399,5.0,2.9778120517730713,0.0
450.0,False,True,0.6399999856948853,16.06975746154785,0.015270087867975235,1.449204683303833,5.0,2.225424289703369,0.0
450.0,False,True,0.7999999523162842,38.27742004394531,0.585240364074707,0.9821354150772095,5.0,2.6542906761169434,0.0
450.0,False,True,0.5999999642372131,34.05889129638672,0.4368748962879181,0.8935058116912842,3.0,2.6458818912506104,0.0
450.0,False,True,0.19999998807907104,26.547231674194336,0.016291150823235512,1.5585088729858398,5.0,2.5730695724487305,0.0
450.0,False,True,0.8199999928474426,28.60035514831543,0.5978277921676636,0.7890331149101257,5.0,2.478285312652588,0.0
450.0,False,True,0.7999999523162842,21.359760284423828,0.2684481739997864,0.9568577408790588,5.0,2.2090511322021484,0.0
450.0,False,True,0.5999999642372131,31.050647735595703,0.39210689067840576,0.7330511212348938,9.0,2.565916061401367,0.0
450.0,False,True,0.29999998211860657,24.034147262573242,0.14433157444000244,1.0578866004943848,6.0,2.4636898040771484,0.0
450.0,False,True,0.17999999225139618,23.44162368774414,0.061789657920598984,1.3192832469940186,5.0,2.5219266414642334,0.0
450.0,False,True,0.1599999964237213,15.289658546447754,0.0029527400620281696,1.6996508836746216,14.0,2.269040584564209,0.0
450.0,False,True,0.19999998807907104,27.670366287231445,0.05420610308647156,1.4057408571243286,9.0,2.574493885040283,0.0
450.0,False,True,0.8799999952316284,40.3514404296875,0.7938741445541382,0.8036604523658752,6.0,2.72392201423645,0.0
450.0,False,True,0.6200000047683716,32.147369384765625,0.46161356568336487,0.7422107458114624,4.0,2.6011855602264404,0.0
450.0,False,True,0.5999999642372131,34.27827072143555,0.5043142437934875,0.7618163228034973,2.0,2.5907211303710938,0.0
450.0,False,True,0.0,12.658032417297363,0.0,1.6794743537902832,7.0,2.111875295639038,0.0
450.0,False,True,0.29999998211860657,27.08219337463379,0.136702299118042,1.1873316764831543,7.0,2.476206064224243,0.0
450.0,False,True,0.19999998807907104,26.79151725769043,0.03378887474536896,1.5021421909332275,11.0,2.4985928535461426,0.0
450.0,False,True,0.9199999570846558,37.694820404052734,0.6312800645828247,0.8013220429420471,4.0,2.6744301319122314,0.0
450.0,False,True,0.8399999737739563,33.102962493896484,0.7026041150093079,1.055405855178833,4.0,2.445178985595703,0.0
450.0,False,True,0.1599999964237213,16.462005615234375,0.03138234093785286,1.350163221359253,5.0,2.28151798248291,0.0
450.0,False,True,0.19999998807907104,24.98822784423828,0.044033538550138474,1.5000088214874268,14.0,2.3523082733154297,0.0
450.0,False,True,0.6200000047683716,38.32331848144531,0.3998662531375885,0.797294020652771,4.0,2.7584362030029297,0.0
450.0,False,True,0.2800000011920929,23.200218200683594,0.13414321839809418,1.0060818195343018,8.0,2.375485897064209,0.0
450.0,False,True,0.8799999952316284,30.338300704956055,0.6223762631416321,0.7033544182777405,5.0,2.5363821983337402,0.0
450.0,False,True,0.17999999225139618,19.7200984954834,0.018231403082609177,1.633217453956604,13.0,2.1126949787139893,0.0
450.0,False,True,0.8199999928474426,39.3578987121582,0.7228602170944214,0.923633873462677,6.0,2.738527297973633,0.0
450.0,False,True,0.5999999642372131,36.87974548339844,0.4763588011264801,0.806113064289093,6.0,2.697227954864502,0.0
450.0,False,True,0.17999999225139618,18.993425369262695,0.0,1.7798212766647339,14.0,2.240485191345215,0.0
450.0,False,True,0.29999998211860657,24.389453887939453,0.1970815360546112,0.9564778208732605,6.0,2.4235992431640625,0.0
450.0,False,True,0.1599999964237213,18.332073211669922,0.011676184833049774,1.5992523431777954,14.0,2.3473634719848633,0.0
450.0,False,True,0.3199999928474426,20.237611770629883,0.24508360028266907,0.9888409376144409,6.0,2.1804065704345703,0.0
450.0,False,True,0.0,11.714534759521484,0.00047770023229531944,1.6626687049865723,6.0,2.1118030548095703,0.0
450.0,False,True,0.2800000011920929,28.77793312072754,0.21243883669376373,0.8477783799171448,4.0,2.459078073501587,0.0
450.0,False,True,0.23999999463558197,33.67855453491211,0.15274593234062195,1.0865927934646606,5.0,2.7358322143554688,0.0
450.0,False,True,0.19999998807907104,29.405550003051758,0.13611339032649994,1.1049113273620605,5.0,2.7283482551574707,0.0
450.0,False,True,0.85999995470047,30.921772003173828,0.45369458198547363,0.9080818295478821,5.0,2.5644121170043945,0.0
450.0,False,True,0.19999998807907104,25.53301429748535,0.11717895418405533,1.254955530166626,8.0,2.372364044189453,0.0
450.0,False,True,0.2800000011920929,22.428129196166992,0.15996085107326508,0.9425937533378601,6.0,2.394954204559326,0.0
450.0,False,True,0.1599999964237213,18.92521858215332,0.016106093302369118,1.5625118017196655,14.0,2.34464693069458,0.0
450.0,False,True,0.8199999928474426,27.688390731811523,0.6780862212181091,0.807523250579834,3.0,2.345104217529297,0.0
450.0,False,True,0.2199999988079071,27.915298461914062,0.047751642763614655,1.5299992561340332,14.0,2.366687536239624,0.0
450.0,True,False,nan,32.023502349853516,0.1622343808412552,0.7583708763122559,9.0,2.601447105407715,0.0
450.0,True,False,nan,1.4194107055664062,0.0,1.3825743198394775,8.0,0.7655210494995117,0.0
450.0,True,False,nan,23.27751922607422,0.010490650311112404,1.6327383518218994,7.0,2.50016450881958,0.0
450.0,True,False,nan,2.2823336124420166,0.0,1.7052112817764282,14.0,0.3394341468811035,0.0
450.0,True,False,nan,44.64509201049805,0.12735480070114136,0.9776530265808105,6.0,2.7620046138763428,0.0
450.0,True,False,nan,33.66447830200195,0.23021890223026276,0.6904681921005249,12.0,2.6752610206604004,0.0
450.0,True,False,nan,33.829769134521484,0.1504785269498825,0.8563683032989502,7.0,2.554337978363037,0.0
450.0,True,False,nan,50.00676727294922,0.5902212262153625,1.502437949180603,9.0,2.140810012817383,90.0
450.0,True,False,nan,45.10658645629883,0.48758846521377563,1.7052011489868164,14.0,2.227463722229004,90.0
450.0,True,False,nan,46.83977127075195,0.2972792685031891,0.8061279058456421,6.0,1.6778810024261475,90.0
450.0,True,False,nan,51.452598571777344,0.6043466329574585,0.939724862575531,3.0,2.006263494491577,90.0
450.0,True,False,nan,48.0280876159668,0.9490510821342468,1.3781684637069702,6.0,2.2382490634918213,90.0
450.0,True,False,nan,48.8707275390625,0.4654867649078369,0.8563663959503174,7.0,1.8307150602340698,90.0
450.0,True,False,nan,48.542701721191406,0.35483500361442566,0.6904645562171936,12.0,1.8041157722473145,90.0
450.0,True,False,nan,46.5444450378418,0.4526465833187103,0.7583734393119812,9.0,1.8145796060562134,90.0
450.0,True,False,nan,57.01647186279297,0.22395777702331543,0.8277890682220459,5.0,1.8602913618087769,90.0
450.0,False,True,2.059999942779541,43.225120544433594,1.9401066303253174,2.022080183029175,5.0,2.3237876892089844,90.0
450.0,False,True,0.41999998688697815,12.139339447021484,0.257958322763443,0.9039801955223083,3.0,1.8486449718475342,90.0
450.0,False,True,0.41999998688697815,12.95238208770752,0.3812582790851593,0.7863174676895142,9.0,1.8322257995605469,90.0
450.0,False,True,1.059999942779541,26.063861846923828,0.48056760430336,0.7544426918029785,9.0,2.328953266143799,90.0
450.0,False,True,0.41999998688697815,11.650124549865723,0.5773279666900635,1.06419038772583,6.0,2.0531327724456787,90.0
450.0,False,True,0.3999999761581421,9.231630325317383,0.4829052984714508,1.3673820495605469,10.0,2.185011148452759,90.0
450.0,False,True,1.0,21.35131072998047,0.5372964143753052,0.8099209070205688,4.0,2.204871654510498,90.0
450.0,False,True,1.1799999475479126,13.33454704284668,0.812201738357544,1.1987266540527344,7.0,2.2555034160614014,90.0
450.0,False,True,0.41999998688697815,12.456804275512695,0.3828285038471222,0.7162052989006042,5.0,1.8549244403839111,90.0
450.0,False,True,1.1399999856948853,16.588783264160156,0.730510950088501,1.4491865634918213,5.0,2.2224600315093994,90.0
450.0,False,True,0.41999998688697815,11.964314460754395,0.22327464818954468,0.9821364879608154,5.0,1.6723895072937012,90.0
450.0,False,True,1.459999918937683,27.763469696044922,1.1212835311889648,1.6327180862426758,7.0,2.3164446353912354,90.0
450.0,False,True,0.25999999046325684,13.448044776916504,0.13797593116760254,1.2262334823608398,3.0,1.674859642982483,90.0
450.0,False,True,0.3999999761581421,11.576292991638184,0.2508014738559723,0.8935030102729797,3.0,1.74196457862854,90.0
450.0,False,True,1.1200000047683716,13.448749542236328,0.8201962113380432,1.5584911108016968,5.0,2.3819472789764404,90.0
450.0,False,True,0.5,11.13909912109375,0.4075881242752075,0.7890372276306152,5.0,1.833827018737793,90.0
450.0,False,True,0.47999998927116394,9.91274356842041,0.5372167825698853,0.956868588924408,5.0,1.9893004894256592,90.0
450.0,False,True,0.3999999761581421,13.195220947265625,0.3764127790927887,0.7330520749092102,9.0,1.7667498588562012,90.0
450.0,False,True,0.41999998688697815,10.193273544311523,0.5483153462409973,1.057875394821167,6.0,2.18662166595459,90.0
450.0,False,True,1.159999966621399,15.484583854675293,0.8177242279052734,1.3192640542984009,5.0,2.26827073097229,90.0
450.0,False,True,1.459999918937683,20.64556121826172,1.2477389574050903,1.4675326347351074,11.0,2.1990416049957275,90.0
450.0,False,True,0.7799999713897705,13.931171417236328,0.6012358665466309,1.6996548175811768,14.0,2.1860275268554688,90.0
450.0,False,True,1.7599999904632568,15.325491905212402,1.1274642944335938,1.1322287321090698,5.0,2.2173855304718018,90.0
450.0,False,True,1.1399999856948853,13.455458641052246,0.7141244411468506,1.405735731124878,9.0,2.441040277481079,90.0
450.0,False,True,0.4599999785423279,21.46148681640625,0.3506772518157959,0.8036506772041321,6.0,2.2615599632263184,90.0
450.0,False,True,0.47999998927116394,12.803720474243164,0.43006154894828796,0.742219090461731,4.0,1.7703731060028076,90.0
450.0,False,True,0.3999999761581421,12.912769317626953,0.44318687915802,0.7618147134780884,2.0,1.7378946542739868,90.0
450.0,False,True,0.0,13.402505874633789,0.47443845868110657,1.679476022720337,7.0,2.1922271251678467,90.0
450.0,False,True,0.3799999952316284,11.271031379699707,0.48051297664642334,1.1873512268066406,7.0,2.3004508018493652,90.0
450.0,False,True,1.100000023841858,16.969036102294922,0.8837214708328247,1.5019845962524414,11.0,2.5200467109680176,90.0
450.0,False,True,0.3999999761581421,15.705581665039062,0.31159716844558716,0.8013109564781189,4.0,1.860021948814392,90.0
450.0,False,True,0.3999999761581421,11.073591232299805,0.17318260669708252,1.0554333925247192,4.0,1.8569728136062622,90.0
450.0,False,True,1.159999966621399,16.277250289916992,0.7162398099899292,1.3501704931259155,5.0,2.124384641647339,90.0
450.0,False,True,0.7400000095367432,21.980955123901367,0.3272989094257355,0.9776561856269836,6.0,1.6443930864334106,90.0
450.0,False,True,0.3999999761581421,9.887993812561035,0.5248596668243408,1.5000050067901611,14.0,2.343693733215332,90.0
450.0,False,True,0.9799999594688416,20.32479476928711,0.6402774453163147,0.797301173210144,4.0,2.3921148777008057,90.0
450.0,False,True,0.3999999761581421,10.693342208862305,0.5315446257591248,1.0060845613479614,8.0,1.9751032590866089,90.0
450.0,False,True,0.5,10.612035751342773,0.4336632192134857,0.7033553123474121,5.0,1.7877418994903564,90.0
450.0,False,True,0.3799999952316284,10.541801452636719,0.38086384534835815,1.6332159042358398,13.0,2.3785388469696045,90.0
450.0,False,True,0.3799999952316284,12.084864616394043,0.21723279356956482,0.923633873462677,6.0,1.896009087562561,90.0
450.0,False,True,0.3799999952316284,13.523768424987793,0.38441553711891174,1.7798583507537842,14.0,2.273991823196411,90.0
450.0,False,True,0.4599999785423279,9.958267211914062,0.4209834039211273,0.9564764499664307,6.0,2.0389106273651123,90.0
450.0,False,True,0.7999999523162842,11.490633964538574,0.5457423329353333,1.599231243133545,14.0,2.329960584640503,90.0
450.0,False,True,0.4399999976158142,10.637855529785156,0.36730024218559265,0.988844096660614,6.0,1.9404218196868896,90.0
450.0,False,True,0.8199999928474426,19.77821159362793,0.3592311441898346,1.6626732349395752,6.0,2.01798152923584,90.0
450.0,False,True,0.3999999761581421,10.063000679016113,0.322024405002594,0.8495632410049438,4.0,1.8648141622543335,90.0
450.0,False,True,1.0799999237060547,17.41897201538086,0.7155123353004456,1.086578130722046,5.0,2.3881757259368896,90.0
450.0,False,True,1.059999942779541,10.56710147857666,0.7202228307723999,1.1048998832702637,5.0,2.160168170928955,90.0
450.0,False,True,0.4399999976158142,9.68429946899414,0.37835708260536194,0.9080989956855774,5.0,2.0158419609069824,90.0
450.0,False,True,0.3999999761581421,9.54604434967041,0.5469964742660522,1.254961371421814,8.0,2.2583627700805664,90.0
450.0,False,True,0.3999999761581421,9.48574447631836,0.2835833430290222,0.9995891451835632,4.0,1.8980860710144043,90.0
450.0,False,True,0.4399999976158142,11.417545318603516,0.4225347936153412,0.9426097273826599,6.0,1.97600257396698,90.0
450.0,False,True,0.7999999523162842,14.35012149810791,0.5812911987304688,1.5624996423721313,14.0,2.2350504398345947,90.0
450.0,False,True,0.41999998688697815,10.710077285766602,0.3043688237667084,0.80756676197052,3.0,1.8836547136306763,90.0
450.0,False,True,1.1200000047683716,11.487908363342285,0.6805229783058167,1.5299994945526123,14.0,2.413360357284546,90.0
450.0,True,False,nan,1.892688512802124,0.0,1.5024375915527344,9.0,0.645117998123169,90.0
450.0,True,False,nan,2.2823336124420166,0.0,1.705208420753479,14.0,0.5934370160102844,90.0
450.0,True,False,nan,52.37815475463867,0.557884931564331,0.6824984550476074,12.0,2.515427827835083,180.0
450.0,True,False,nan,50.005985260009766,0.8805674910545349,0.8277897834777832,5.0,2.5201544761657715,180.0
450.0,True,False,nan,48.72369384765625,0.5712047815322876,1.7052024602890015,14.0,2.4608538150787354,180.0
450.0,False,True,0.6399999856948853,17.47618293762207,0.38695889711380005,2.022078514099121,5.0,2.470059394836426,180.0
450.0,False,True,0.41999998688697815,13.899859428405762,0.3727521002292633,0.9018176794052124,3.0,2.4295196533203125,180.0
450.0,False,True,0.41999998688697815,12.805538177490234,0.3806668519973755,0.7583736181259155,9.0,2.4731740951538086,180.0
450.0,False,True,0.6399999856948853,14.54080867767334,0.5212891697883606,0.7863170504570007,9.0,2.5387513637542725,180.0
450.0,False,True,0.9599999785423279,17.635608673095703,0.8406512141227722,0.7544487714767456,9.0,2.49204158782959,180.0
450.0,False,True,0.6200000047683716,12.288222312927246,0.5137840509414673,1.0641661882400513,6.0,2.4533023834228516,180.0
450.0,False,True,0.6200000047683716,11.360352516174316,0.48770326375961304,1.3666070699691772,9.0,2.3871943950653076,180.0
450.0,False,True,0.7400000095367432,13.676339149475098,0.7745991349220276,0.8099162578582764,4.0,2.4462618827819824,180.0
450.0,False,True,0.6399999856948853,11.17688274383545,0.551464855670929,1.1987186670303345,7.0,2.424614906311035,180.0
450.0,False,True,0.699999988079071,13.8618803024292,0.6239542365074158,0.7162022590637207,5.0,2.4985365867614746,180.0
450.0,False,True,0.17999999225139618,13.222243309020996,0.35072389245033264,1.5024387836456299,9.0,2.5286407470703125,180.0
450.0,False,True,0.5999999642372131,14.234457969665527,0.47921547293663025,1.4491859674453735,5.0,2.3967742919921875,180.0
450.0,False,True,0.3799999952316284,14.752704620361328,0.27274778485298157,0.9821359515190125,5.0,2.450352430343628,180.0
450.0,False,True,0.5999999642372131,13.276496887207031,0.4375247657299042,1.3825627565383911,8.0,2.4587578773498535,180.0
450.0,False,True,0.5600000023841858,15.477585792541504,0.738081157207489,1.6327041387557983,7.0,2.444361925125122,180.0
450.0,False,True,0.6200000047683716,15.295872688293457,0.1454446017742157,1.2262369394302368,3.0,2.468548059463501,180.0
450.0,False,True,0.6200000047683716,15.015262603759766,0.3104962110519409,0.8935073614120483,3.0,2.5211572647094727,180.0
450.0,False,True,0.5600000023841858,13.571776390075684,0.5998104810714722,1.5584959983825684,5.0,2.3654448986053467,180.0
450.0,False,True,0.6599999666213989,13.123638153076172,0.5244367718696594,0.7890278697013855,5.0,2.3550479412078857,180.0
450.0,False,True,0.41999998688697815,11.116927146911621,0.4017488360404968,0.9568731188774109,5.0,2.3457190990448,180.0
450.0,False,True,1.100000023841858,18.236738204956055,0.7772728800773621,0.7330483198165894,9.0,2.4854722023010254,180.0
450.0,False,True,0.6599999666213989,11.209500312805176,0.5617316365242004,1.0578804016113281,6.0,2.441368579864502,180.0
450.0,False,True,0.6200000047683716,14.848543167114258,0.5780735015869141,1.3192640542984009,5.0,2.4156434535980225,180.0
450.0,False,True,0.8399999737739563,12.001619338989258,0.6155316233634949,1.4675326347351074,11.0,2.368908643722534,180.0
450.0,False,True,0.29999998211860657,11.385897636413574,0.3394488990306854,1.6996639966964722,14.0,2.4313814640045166,180.0
450.0,False,True,0.85999995470047,14.389970779418945,0.8679521679878235,1.11863112449646,5.0,2.4460501670837402,180.0
450.0,False,True,0.5999999642372131,11.805036544799805,0.6566346883773804,1.4057291746139526,9.0,2.5077273845672607,180.0
450.0,False,True,0.8399999737739563,15.809895515441895,0.8210588693618774,0.8036597967147827,6.0,2.455919027328491,180.0
450.0,False,True,0.6599999666213989,14.350410461425781,0.5655972957611084,0.7423101663589478,4.0,2.5300533771514893,180.0
450.0,False,True,0.8999999761581421,18.099735260009766,0.5790788531303406,0.7618146538734436,2.0,2.5000221729278564,180.0
450.0,False,True,0.1599999964237213,10.439634323120117,0.2745502293109894,1.6794729232788086,7.0,2.3586513996124268,180.0
450.0,False,True,0.6399999856948853,13.545366287231445,0.5679463744163513,1.1873399019241333,7.0,2.4353508949279785,180.0
450.0,False,True,0.5600000023841858,14.441383361816406,0.7048786878585815,1.501983642578125,11.0,2.5360844135284424,180.0
450.0,False,False,nan,19.223262786865234,1.330822467803955,0.939725399017334,3.0,2.4671859741210938,180.0
450.0,False,True,0.8799999952316284,15.883920669555664,0.5082041621208191,0.8013131618499756,4.0,2.44468355178833,180.0
450.0,False,True,0.3400000035762787,12.988852500915527,0.1865464150905609,1.0554159879684448,4.0,2.3193516731262207,180.0
450.0,False,True,0.5999999642372131,13.121757507324219,0.4754005968570709,1.350164771080017,5.0,2.399374008178711,180.0
450.0,False,True,0.9199999570846558,18.50785255432129,0.3711756467819214,0.9776456356048584,6.0,2.4206292629241943,180.0
450.0,False,True,0.5999999642372131,11.110247611999512,0.5894070863723755,1.5000098943710327,14.0,2.526021957397461,180.0
450.0,False,True,0.8999999761581421,16.821300506591797,0.8415494561195374,0.7973082065582275,4.0,2.4461376667022705,180.0
450.0,False,True,0.5999999642372131,13.694165229797363,0.49106135964393616,1.0060839653015137,8.0,2.50740909576416,180.0
450.0,False,True,0.6599999666213989,12.831582069396973,0.5438084602355957,0.7033240795135498,5.0,2.469862699508667,180.0
450.0,False,True,0.5999999642372131,10.367182731628418,0.5146160125732422,1.6332192420959473,13.0,2.5150835514068604,180.0
450.0,False,True,0.4599999785423279,11.798473358154297,0.42724040150642395,0.9236322641372681,6.0,2.391702175140381,180.0
450.0,False,True,0.8399999737739563,23.677738189697266,0.6130695343017578,0.8064984083175659,7.0,2.5225348472595215,180.0
450.0,False,True,0.29999998211860657,11.798073768615723,0.3707294762134552,1.7798465490341187,14.0,2.4185523986816406,180.0
450.0,False,True,0.6599999666213989,11.973979949951172,0.5282143950462341,0.9564792513847351,6.0,2.410623788833618,180.0
450.0,False,True,1.0399999618530273,16.958595275878906,0.9471693634986877,0.8563632965087891,7.0,2.4427671432495117,180.0
450.0,False,True,0.6200000047683716,13.072762489318848,0.46187952160835266,1.5992275476455688,14.0,2.4466781616210938,180.0
450.0,False,True,0.4399999976158142,10.085238456726074,0.44859805703163147,0.988859236240387,6.0,2.3922011852264404,180.0
450.0,False,True,0.1599999964237213,8.647994995117188,0.26356402039527893,1.662685751914978,6.0,2.3354175090789795,180.0
450.0,False,True,0.6599999666213989,12.365741729736328,0.5676490068435669,0.8477649092674255,4.0,2.4607436656951904,180.0
450.0,False,True,0.6599999666213989,13.043636322021484,0.7707034349441528,1.086870551109314,5.0,2.4494118690490723,180.0
450.0,False,True,0.6399999856948853,13.794625282287598,0.6688481569290161,1.1048994064331055,5.0,2.4337339401245117,180.0
450.0,False,True,0.6800000071525574,11.98701000213623,0.5650159120559692,0.9080997705459595,5.0,2.38069486618042,180.0
450.0,False,True,0.6399999856948853,12.316720008850098,0.5546824336051941,1.2549647092819214,8.0,2.3877036571502686,180.0
450.0,False,True,0.7199999690055847,9.546928405761719,0.6092159152030945,0.9995879530906677,4.0,2.391662359237671,180.0
450.0,False,True,0.6399999856948853,13.248943328857422,0.5642867088317871,0.9426047801971436,6.0,2.4654040336608887,180.0
450.0,False,True,0.29999998211860657,12.069620132446289,0.40962088108062744,1.5625088214874268,14.0,2.3951821327209473,180.0
450.0,False,True,0.4599999785423279,12.094078063964844,0.39060667157173157,0.8074901103973389,3.0,2.3431310653686523,180.0
450.0,False,True,0.5999999642372131,10.340713500976562,0.6299229264259338,1.5299922227859497,14.0,2.6239469051361084,180.0
450.0,True,False,nan,48.472023010253906,0.18648004531860352,0.7583791613578796,9.0,1.8430781364440918,270.0
450.0,True,False,nan,45.5956916809082,0.23443274199962616,0.8061273694038391,6.0,1.7777636051177979,270.0
450.0,False,True,0.0,12.582772254943848,0.01439853198826313,2.0220770835876465,5.0,2.5193803310394287,270.0
450.0,False,True,0.29999998211860657,16.798534393310547,0.21386753022670746,0.9039801955223083,3.0,2.320342540740967,270.0
450.0,False,True,0.29999998211860657,5.673780918121338,0.1959298551082611,0.7863102555274963,9.0,2.1547508239746094,270.0
450.0,False,True,0.3199999928474426,7.507782459259033,0.2495877593755722,0.7544459700584412,9.0,2.5566420555114746,270.0
450.0,False,True,0.29999998211860657,5.9342546463012695,0.1765720099210739,1.0641628503799438,6.0,2.410818576812744,270.0
450.0,False,True,0.2800000011920929,15.827284812927246,0.1295388638973236,1.3673105239868164,10.0,2.5302491188049316,270.0
450.0,False,True,0.3199999928474426,7.310938835144043,0.22835880517959595,0.8099188804626465,4.0,2.507692575454712,270.0
450.0,False,True,0.3199999928474426,16.506513595581055,0.12666136026382446,1.1987273693084717,7.0,2.2119741439819336,270.0
450.0,False,True,0.3199999928474426,6.8408002853393555,0.24850735068321228,0.716197669506073,5.0,2.3521552085876465,270.0
450.0,False,True,0.2800000011920929,15.368549346923828,0.04875347763299942,1.5024412870407104,9.0,2.199948787689209,270.0
450.0,False,True,1.4800000190734863,39.31623077392578,0.4284074902534485,0.8277866244316101,5.0,1.8397793769836426,270.0
450.0,False,True,0.25999999046325684,7.904476642608643,0.07877520471811295,1.4491881132125854,5.0,2.5828518867492676,270.0
450.0,False,True,0.29999998211860657,8.059367179870605,0.1525326818227768,0.9821437001228333,5.0,2.1612815856933594,270.0
450.0,False,True,0.0,12.66468620300293,0.06708342581987381,1.3746154308319092,6.0,2.0965256690979004,270.0
450.0,False,True,0.2800000011920929,15.422796249389648,0.035976238548755646,1.632704496383667,7.0,2.220733404159546,270.0
450.0,False,True,0.2800000011920929,11.54287338256836,0.11135990917682648,1.2262219190597534,3.0,2.22253155708313,270.0
450.0,False,True,0.2800000011920929,8.918193817138672,0.14664128422737122,0.893502950668335,3.0,2.001883029937744,270.0
450.0,False,True,0.25999999046325684,11.895636558532715,0.07314983755350113,1.5584845542907715,5.0,2.739297866821289,270.0
450.0,False,True,0.3199999928474426,12.614102363586426,0.2615838050842285,0.7890309691429138,5.0,2.4112401008605957,270.0
450.0,False,True,0.3199999928474426,13.501304626464844,0.2572357654571533,0.9568577408790588,5.0,2.684199333190918,270.0
450.0,False,True,0.2800000011920929,8.640110969543457,0.15389776229858398,0.7330490946769714,9.0,2.0692663192749023,270.0
450.0,False,True,0.29999998211860657,8.29959487915039,0.19763459265232086,1.0578758716583252,6.0,2.6934356689453125,270.0
450.0,False,True,0.2800000011920929,7.821197509765625,0.10983622819185257,1.319270372390747,5.0,2.59997296333313,270.0
450.0,False,True,0.5999999642372131,20.874608993530273,0.2403937131166458,1.4675297737121582,11.0,2.563760757446289,270.0
450.0,False,True,0.0,9.7374267578125,0.07237575203180313,1.6996535062789917,14.0,2.56636643409729,270.0
450.0,False,True,0.4599999785423279,21.04840850830078,0.15996591746807098,1.118626594543457,5.0,2.404545545578003,270.0
450.0,False,True,0.2800000011920929,13.805190086364746,0.11540477722883224,1.405747890472412,9.0,2.629786729812622,270.0
450.0,False,True,0.3199999928474426,13.741156578063965,0.2773759961128235,0.8036646842956543,6.0,2.8545069694519043,270.0
450.0,False,True,0.29999998211860657,5.983958721160889,0.21153834462165833,0.7422141432762146,4.0,2.1728174686431885,270.0
450.0,False,True,0.29999998211860657,6.544216156005859,0.15493692457675934,0.7618135809898376,2.0,2.072514295578003,270.0
450.0,False,True,0.25999999046325684,11.380844116210938,0.09539350122213364,1.6794685125350952,7.0,2.5547354221343994,270.0
450.0,False,True,0.29999998211860657,11.872237205505371,0.200425386428833,1.1873407363891602,7.0,2.837033987045288,270.0
450.0,False,True,0.2800000011920929,7.664700031280518,0.11723127216100693,1.5021426677703857,11.0,3.06013560295105,270.0
450.0,False,True,0.7799999713897705,23.90436553955078,0.18650346994400024,0.9397327899932861,3.0,2.1244702339172363,270.0
450.0,False,True,0.35999998450279236,20.03928565979004,0.031432367861270905,1.7052090167999268,14.0,2.270597457885742,270.0
450.0,False,True,0.29999998211860657,7.201897621154785,0.20090781152248383,0.8013095259666443,4.0,2.2183351516723633,270.0
450.0,False,True,0.29999998211860657,11.134078025817871,0.18078169226646423,1.055412769317627,4.0,2.2354979515075684,270.0
450.0,False,True,0.25999999046325684,8.223184585571289,0.09086104482412338,1.350175380706787,5.0,2.462036609649658,270.0
450.0,False,True,0.2800000011920929,14.643802642822266,0.09445022791624069,0.977647066116333,6.0,1.832908034324646,270.0
450.0,False,True,0.2800000011920929,12.452733993530273,0.13898448646068573,1.5000077486038208,14.0,2.939476728439331,270.0
450.0,False,True,0.3400000035762787,8.829462051391602,0.2571319341659546,0.7972938418388367,4.0,2.612157106399536,270.0
450.0,False,True,0.25999999046325684,13.575952529907227,0.1391601413488388,1.006082534790039,8.0,2.1427152156829834,270.0
450.0,False,True,0.3199999928474426,8.93331527709961,0.265914648771286,0.7033312320709229,5.0,2.351436138153076,270.0
450.0,False,True,0.2800000011920929,13.250821113586426,0.1874018907546997,1.6332216262817383,13.0,2.763669967651367,270.0
450.0,False,True,0.25999999046325684,14.0289945602417,0.12837950885295868,0.6904449462890625,12.0,1.8537830114364624,270.0
450.0,False,True,0.3199999928474426,18.5662899017334,0.20330408215522766,0.923638105392456,6.0,2.333873987197876,270.0
450.0,False,True,0.25999999046325684,11.432888984680176,0.07544012367725372,1.7798117399215698,14.0,2.6729536056518555,270.0
450.0,False,True,0.29999998211860657,11.849407196044922,0.2147892415523529,0.9564847350120544,6.0,2.627124786376953,270.0
450.0,False,True,0.9199999570846558,29.46188735961914,0.14818567037582397,0.8563652634620667,7.0,2.0493109226226807,270.0
450.0,False,True,0.2800000011920929,7.826817035675049,0.09696388244628906,1.5992331504821777,14.0,2.609462022781372,270.0
450.0,False,True,0.29999998211860657,13.73061466217041,0.22471290826797485,0.9888488054275513,6.0,2.672180414199829,270.0
450.0,False,True,0.25999999046325684,12.284466743469238,0.091526098549366,1.6626756191253662,6.0,2.49161434173584,270.0
450.0,False,True,0.35999998450279236,18.164466857910156,0.13517190515995026,0.8477780818939209,4.0,2.0182485580444336,270.0
450.0,False,True,0.25999999046325684,14.486368179321289,0.13991516828536987,1.0865918397903442,5.0,2.5379810333251953,270.0
450.0,False,True,0.29999998211860657,6.779051780700684,0.16643176972866058,1.1049091815948486,5.0,2.708879232406616,270.0
450.0,False,True,0.3199999928474426,11.922496795654297,0.25030040740966797,0.9080924987792969,5.0,2.6651015281677246,270.0
450.0,False,True,0.29999998211860657,12.86388111114502,0.1898205578327179,1.2549564838409424,8.0,2.9062671661376953,270.0
450.0,False,True,0.3799999952316284,19.626089096069336,0.18218553066253662,0.9995907545089722,4.0,2.2811062335968018,270.0
450.0,False,True,0.29999998211860657,5.122161388397217,0.19493158161640167,0.9426037669181824,6.0,2.3451342582702637,270.0
450.0,False,True,0.25999999046325684,10.434450149536133,0.09756292402744293,1.5625033378601074,14.0,2.6193172931671143,270.0
450.0,False,True,0.29999998211860657,12.2014799118042,0.235830619931221,0.8075252771377563,3.0,2.22641658782959,270.0
450.0,False,True,0.2800000011920929,16.038253784179688,0.19415144622325897,1.5299901962280273,14.0,2.6413497924804688,270.0
500.0,True,False,nan,45.482242584228516,0.09623553603887558,0.9776513576507568,6.0,2.996065378189087,0.0
500.0,True,False,nan,45.36654281616211,0.1336652934551239,0.9018108248710632,3.0,3.0905282497406006,0.0
500.0,True,False,nan,46.14133834838867,0.13831326365470886,0.8277889490127563,5.0,3.1932246685028076,0.0
500.0,True,False,nan,49.685882568359375,0.10484857857227325,1.2262368202209473,3.0,3.055994749069214,0.0
500.0,True,False,nan,46.23427200317383,0.32159164547920227,0.8061276078224182,6.0,3.084197521209717,0.0
500.0,True,False,nan,47.27426528930664,0.4251435399055481,0.6904662251472473,12.0,3.072443723678589,0.0
500.0,True,False,nan,47.346763610839844,0.5550408959388733,0.7583827972412109,9.0,2.7274842262268066,0.0
500.0,True,False,nan,46.0299186706543,0.8945547938346863,0.7618160247802734,2.0,2.942173719406128,0.0
500.0,True,False,nan,48.98637008666992,0.022785712033510208,1.6327041387557983,7.0,2.789515972137451,0.0
500.0,True,False,nan,45.88303756713867,0.08468110859394073,1.696732521057129,11.0,2.7167725563049316,0.0
500.0,True,False,nan,46.94160461425781,0.14427340030670166,1.5023982524871826,9.0,2.558910369873047,0.0
500.0,False,True,0.17999999225139618,23.89474868774414,0.0,2.022087335586548,5.0,2.6050591468811035,0.0
500.0,False,True,0.6200000047683716,32.89836883544922,0.5444144010543823,0.7863107323646545,9.0,2.935760021209717,0.0
500.0,False,True,0.9199999570846558,42.67329788208008,0.8195834159851074,0.7544431090354919,9.0,2.7938127517700195,0.0
500.0,False,True,0.2800000011920929,22.591346740722656,0.1597318947315216,1.0641608238220215,6.0,2.6818459033966064,0.0
500.0,False,True,0.19999998807907104,27.64873504638672,0.1129310131072998,1.3673826456069946,10.0,2.596348762512207,0.0
500.0,False,True,1.1200000047683716,40.25794982910156,0.9182462692260742,0.809914231300354,4.0,2.967198371887207,0.0
500.0,False,True,0.19999998807907104,30.106176376342773,0.13619446754455566,1.198728322982788,7.0,2.8182525634765625,0.0
500.0,False,True,0.6399999856948853,33.24344253540039,0.6246588826179504,0.7162029147148132,5.0,2.9078636169433594,0.0
500.0,False,True,0.85999995470047,20.00181007385254,0.055205341428518295,1.4491878747940063,5.0,2.5533792972564697,0.0
500.0,False,True,0.8999999761581421,39.83644485473633,0.7680609822273254,0.9821291565895081,5.0,2.9626967906951904,0.0
500.0,False,True,0.17999999225139618,21.10381317138672,0.05572741851210594,1.382574439048767,8.0,2.623927116394043,0.0
500.0,False,True,0.8999999761581421,36.982513427734375,0.7273576855659485,0.8935045599937439,3.0,3.0354127883911133,0.0
500.0,False,True,0.19999998807907104,29.213565826416016,0.034165553748607635,1.5584794282913208,5.0,2.8059961795806885,0.0
500.0,False,True,0.8199999928474426,31.35066032409668,0.8323591351509094,0.7890316247940063,5.0,2.8049776554107666,0.0
500.0,False,True,0.7999999523162842,24.18450927734375,0.49376413226127625,0.9568620920181274,5.0,2.4958364963531494,0.0
500.0,False,True,1.1799999475479126,33.27783203125,0.8773558139801025,0.7330474257469177,9.0,2.9347591400146484,0.0
500.0,False,True,0.29999998211860657,26.66336441040039,0.18041658401489258,1.0578747987747192,6.0,2.716991662979126,0.0
500.0,False,True,0.19999998807907104,25.421419143676758,0.12666907906532288,1.3192744255065918,5.0,2.6503078937530518,0.0
500.0,False,True,0.3199999928474426,29.130189895629883,0.13437049090862274,1.4675281047821045,11.0,2.487761974334717,0.0
500.0,False,True,0.1599999964237213,19.972105026245117,0.018248029053211212,1.6996476650238037,14.0,2.6150269508361816,0.0
500.0,False,True,0.8199999928474426,33.46992492675781,0.2994040250778198,1.1186295747756958,5.0,2.6838152408599854,0.0
500.0,False,True,0.2199999988079071,31.452341079711914,0.08360331505537033,1.4057444334030151,9.0,2.770667791366577,0.0
500.0,False,True,0.8799999952316284,42.13803482055664,0.9386552572250366,0.8036516308784485,6.0,2.865241289138794,0.0
500.0,False,True,0.6200000047683716,34.37532424926758,0.6219574809074402,0.7422166466712952,4.0,2.9353489875793457,0.0
500.0,False,True,0.1599999964237213,15.425043106079102,0.019201314076781273,1.6794697046279907,7.0,2.2510287761688232,0.0
500.0,False,True,0.29999998211860657,30.81529426574707,0.22811183333396912,1.1873390674591064,7.0,2.7853052616119385,0.0
500.0,False,True,0.19999998807907104,28.959243774414062,0.10672754049301147,1.5019879341125488,11.0,2.694246292114258,0.0
500.0,False,True,0.6599999666213989,38.557373046875,0.33999142050743103,0.9396563768386841,4.0,3.029994487762451,0.0
500.0,False,True,0.9199999570846558,39.56526184082031,0.732299268245697,0.8013128042221069,4.0,2.848740339279175,0.0
500.0,False,True,0.85999995470047,35.2148323059082,0.8390178680419922,1.0554242134094238,4.0,2.783088445663452,0.0
500.0,False,True,0.1599999964237213,19.33905601501465,0.07450692355632782,1.3501694202423096,5.0,2.610351800918579,0.0
500.0,False,True,0.2199999988079071,27.897079467773438,0.08993956446647644,1.5000026226043701,14.0,2.6039154529571533,0.0
500.0,False,True,0.9199999570846558,40.48103713989258,0.6227065920829773,0.7972978353500366,4.0,2.911766529083252,0.0
500.0,False,True,0.2800000011920929,26.138900756835938,0.16599492728710175,1.00608491897583,8.0,2.7067928314208984,0.0
500.0,False,True,0.8999999761581421,32.49739074707031,0.8079174160957336,0.7033312916755676,5.0,2.861772298812866,0.0
500.0,False,True,0.19999998807907104,25.946882247924805,0.07373743504285812,1.6332188844680786,13.0,2.4042623043060303,0.0
500.0,False,True,0.8999999761581421,42.332481384277344,0.7117078304290771,0.9236317276954651,6.0,2.991797924041748,0.0
500.0,False,True,0.19999998807907104,24.676067352294922,0.012009634636342525,1.7798495292663574,14.0,2.599795341491699,0.0
500.0,False,True,0.29999998211860657,27.15436553955078,0.3991403877735138,0.956470787525177,6.0,2.750086784362793,0.0
500.0,False,True,0.8199999928474426,35.71866989135742,0.6548040509223938,0.8563595414161682,7.0,2.7592434883117676,0.0
500.0,False,True,0.17999999225139618,22.999473571777344,0.029470395296812057,1.5992186069488525,14.0,2.6899075508117676,0.0
500.0,False,True,0.7799999713897705,23.597726821899414,0.468533992767334,0.9888648390769958,6.0,2.4704864025115967,0.0
500.0,False,True,0.0,13.22958755493164,0.023938436061143875,1.662675142288208,6.0,2.2933552265167236,0.0
500.0,False,True,0.2800000011920929,30.907920837402344,0.29494374990463257,0.8477811217308044,4.0,2.7757511138916016,0.0
500.0,False,True,0.5799999833106995,36.124755859375,0.23316681385040283,1.0865731239318848,5.0,2.931455373764038,0.0
500.0,False,True,0.2800000011920929,30.68583106994629,0.23321625590324402,1.1049169301986694,5.0,2.7828760147094727,0.0
500.0,False,True,0.85999995470047,33.615447998046875,0.6852813959121704,0.9080780744552612,5.0,2.8761508464813232,0.0
500.0,False,True,0.29999998211860657,29.89740562438965,0.1988263577222824,1.2549619674682617,8.0,2.6925270557403564,0.0
500.0,False,True,0.8199999928474426,31.788179397583008,0.45968353748321533,0.9994567632675171,4.0,2.643449544906616,0.0
500.0,False,True,0.29999998211860657,24.40488052368164,0.24523304402828217,0.9425994753837585,6.0,2.74037504196167,0.0
500.0,False,True,0.17999999225139618,24.492998123168945,0.04284022003412247,1.5625005960464478,14.0,2.690685272216797,0.0
500.0,False,True,0.8199999928474426,29.891263961791992,0.8699416518211365,0.8075209259986877,3.0,2.6557812690734863,0.0
500.0,False,True,0.23999999463558197,30.393474578857422,0.07761702686548233,1.5299955606460571,14.0,2.5386481285095215,0.0
500.0,True,False,nan,45.48217010498047,0.09623520076274872,0.977651834487915,6.0,2.9960598945617676,0.0
500.0,True,False,nan,33.386043548583984,0.21567076444625854,0.7583612203598022,9.0,2.72747540473938,0.0
500.0,True,False,nan,3.1731748580932617,0.0,0.827787458896637,5.0,0.6392713189125061,0.0
500.0,True,False,nan,2.2821621894836426,0.0,1.7051974534988403,14.0,0.3781324028968811,0.0
500.0,True,False,nan,35.607547760009766,0.2757253646850586,0.6824959516525269,12.0,3.071284055709839,0.0
500.0,True,False,nan,39.66912078857422,0.275721937417984,0.8100471496582031,5.0,3.064028024673462,0.0
500.0,True,False,nan,48.46717834472656,0.7447761297225952,1.5023733377456665,9.0,2.327518939971924,90.0
500.0,True,False,nan,45.781681060791016,0.712340772151947,1.7052099704742432,14.0,2.44081974029541,90.0
500.0,True,False,nan,49.244728088378906,0.7556273937225342,1.1987229585647583,7.0,2.546562433242798,90.0
500.0,True,False,nan,45.23235321044922,0.7671984434127808,1.3782011270523071,6.0,2.468827724456787,90.0
500.0,True,False,nan,45.501705169677734,0.6102733016014099,1.4683785438537598,9.0,2.512218475341797,90.0
500.0,True,False,nan,47.674072265625,0.787809431552887,1.4491990804672241,5.0,2.4993162155151367,90.0
500.0,True,False,nan,49.23365020751953,0.7463411092758179,1.632737636566162,7.0,2.59971284866333,90.0
500.0,True,False,nan,46.02808380126953,0.856119692325592,1.6794778108596802,7.0,2.35581636428833,90.0
500.0,True,False,nan,52.5394287109375,0.29072725772857666,0.8061292767524719,6.0,1.8402152061462402,90.0
500.0,True,False,nan,48.994140625,0.47899553179740906,1.226186752319336,3.0,1.9062148332595825,90.0
500.0,True,False,nan,48.12540054321289,0.7917854189872742,0.6904482245445251,12.0,1.9574350118637085,90.0
500.0,True,False,nan,49.02055358886719,1.3341368436813354,1.1322296857833862,5.0,2.416900157928467,90.0
500.0,True,False,nan,47.501258850097656,0.4081571698188782,0.9397285580635071,3.0,2.155651569366455,90.0
500.0,False,True,1.1999999284744263,24.387094497680664,1.2499786615371704,2.022073745727539,5.0,2.6107006072998047,90.0
500.0,False,True,0.4399999976158142,18.97075843811035,0.2835320830345154,0.9021781086921692,3.0,2.067394971847534,90.0
500.0,False,True,0.3799999952316284,18.94335174560547,0.5381361246109009,0.7583749294281006,9.0,2.011260747909546,90.0
500.0,False,True,0.3999999761581421,15.396706581115723,0.46284815669059753,0.7863172292709351,9.0,1.991123914718628,90.0
500.0,False,True,0.7199999690055847,32.63473129272461,0.6710458993911743,0.7544440627098083,9.0,2.654803991317749,90.0
500.0,False,True,1.0799999237060547,12.773913383483887,0.8768599033355713,1.0641623735427856,6.0,2.2885854244232178,90.0
500.0,False,True,1.459999918937683,26.052682876586914,1.4480544328689575,1.366612434387207,9.0,2.4780311584472656,90.0
500.0,False,True,0.699999988079071,25.538970947265625,0.7158706188201904,0.8099172115325928,4.0,2.4856488704681396,90.0
500.0,False,True,1.1399999856948853,15.640375137329102,0.6200050115585327,0.7162019610404968,5.0,2.074777364730835,90.0
500.0,False,True,0.5,23.593332290649414,0.37133708596229553,0.8277857899665833,5.0,2.0025808811187744,90.0
500.0,False,True,0.6599999666213989,15.895183563232422,0.30040693283081055,0.9821396470069885,5.0,1.8593584299087524,90.0
500.0,False,True,0.3799999952316284,21.67556381225586,0.443383127450943,0.8935019969940186,3.0,1.908079743385315,90.0
500.0,False,True,1.2599999904632568,18.797935485839844,1.320494294166565,1.558503270149231,5.0,2.688934087753296,90.0
500.0,False,True,0.5799999833106995,12.083331108093262,0.5537893176078796,0.7890363335609436,5.0,2.0933663845062256,90.0
500.0,False,True,1.0799999237060547,10.905424118041992,0.7811466455459595,0.9568685293197632,5.0,2.2234790325164795,90.0
500.0,False,True,0.41999998688697815,15.146428108215332,0.41336488723754883,0.7330501675605774,9.0,1.9716248512268066,90.0
500.0,False,True,1.1200000047683716,11.814997673034668,0.9788869023323059,1.0578768253326416,6.0,2.4272186756134033,90.0
500.0,False,False,nan,36.387657165527344,3.5562939643859863,1.3192644119262695,5.0,2.5703039169311523,90.0
500.0,False,True,1.4199999570846558,21.54081916809082,1.2324827909469604,1.6996638774871826,14.0,2.4699392318725586,90.0
500.0,False,True,1.5199999809265137,20.463376998901367,1.438735008239746,1.4057412147521973,9.0,2.7346951961517334,90.0
500.0,False,True,1.1200000047683716,26.5245361328125,0.5940954685211182,0.8036535382270813,6.0,2.542832136154175,90.0
500.0,False,True,0.5,13.288329124450684,0.5217493176460266,0.7423105835914612,4.0,1.9955401420593262,90.0
500.0,False,True,0.3799999952316284,15.749313354492188,0.42375871539115906,0.7618127465248108,2.0,1.9176181554794312,90.0
500.0,False,True,1.5199999809265137,22.687358856201172,1.4171943664550781,1.1873527765274048,7.0,2.5298867225646973,90.0
500.0,False,True,1.5199999809265137,20.761472702026367,1.8856440782546997,1.5019859075546265,11.0,2.878878355026245,90.0
500.0,False,True,0.7400000095367432,21.740629196166992,0.37605470418930054,0.8013082146644592,4.0,2.1054675579071045,90.0
500.0,False,True,0.3799999952316284,11.996001243591309,0.21265146136283875,1.0554219484329224,4.0,2.05000901222229,90.0
500.0,False,True,1.5199999809265137,26.230323791503906,1.1085684299468994,1.3501653671264648,5.0,2.387397527694702,90.0
500.0,False,True,0.85999995470047,31.09534454345703,0.46218499541282654,0.9776536822319031,6.0,1.8763753175735474,90.0
500.0,False,True,1.0799999237060547,13.684078216552734,0.9949058890342712,1.5000016689300537,14.0,2.6016414165496826,90.0
500.0,False,True,1.0399999618530273,24.510866165161133,0.8797991275787354,0.7973081469535828,4.0,2.618330478668213,90.0
500.0,False,True,1.4199999570846558,19.39022445678711,1.0140790939331055,1.0060813426971436,8.0,2.2450695037841797,90.0
500.0,False,True,0.5600000023841858,11.67008113861084,0.544876754283905,0.7033321261405945,5.0,1.9864935874938965,90.0
500.0,False,True,1.2200000286102295,13.356725692749023,1.133548617362976,1.6332275867462158,13.0,2.59470796585083,90.0
500.0,False,True,0.3999999761581421,16.25798988342285,0.2601592242717743,0.9236311912536621,6.0,2.0506999492645264,90.0
500.0,False,True,1.7999999523162842,21.104581832885742,1.9826445579528809,1.7798138856887817,14.0,2.472270965576172,90.0
500.0,False,True,1.0399999618530273,11.061530113220215,0.8795960545539856,0.9564874768257141,6.0,2.3256938457489014,90.0
500.0,False,True,0.3799999952316284,13.742925643920898,0.3500194847583771,0.8563634753227234,7.0,2.0187315940856934,90.0
500.0,False,True,1.4800000190734863,33.143924713134766,1.4460148811340332,1.5992302894592285,14.0,2.60817289352417,90.0
500.0,False,True,1.0399999618530273,11.471468925476074,0.6708797812461853,0.9888452887535095,6.0,2.2109384536743164,90.0
500.0,False,True,1.1799999475479126,18.825281143188477,0.9421891570091248,1.662675380706787,6.0,2.2648253440856934,90.0
500.0,False,True,0.5399999618530273,12.55001449584961,0.4034076929092407,0.8477877974510193,4.0,2.039008140563965,90.0
500.0,False,True,1.2400000095367432,22.878564834594727,0.8178483247756958,1.0868769884109497,5.0,2.603440284729004,90.0
500.0,False,True,1.5399999618530273,22.902250289916992,1.4176433086395264,1.1049078702926636,5.0,2.529960870742798,90.0
500.0,False,True,0.5199999809265137,10.231623649597168,0.6088014841079712,0.9080848097801208,5.0,2.32788348197937,90.0
500.0,False,True,1.2799999713897705,11.613198280334473,1.2214170694351196,1.2549515962600708,8.0,2.6042613983154297,90.0
500.0,False,True,0.3999999761581421,12.998315811157227,0.3275080621242523,0.9995853304862976,4.0,2.0932207107543945,90.0
500.0,False,True,1.0399999618530273,14.14570140838623,0.9627097249031067,0.9426059126853943,6.0,2.287188768386841,90.0
500.0,False,True,1.0399999618530273,18.177640914916992,1.052150845527649,1.5625061988830566,14.0,2.519566774368286,90.0
500.0,False,True,0.41999998688697815,13.155097007751465,0.3847588896751404,0.8075282573699951,3.0,2.0789952278137207,90.0
500.0,False,True,1.4399999380111694,14.202994346618652,1.395067572593689,1.5299938917160034,14.0,2.6771762371063232,90.0
500.0,True,False,nan,1.971990942955017,0.0,1.5024404525756836,9.0,0.7212422490119934,90.0
500.0,True,False,nan,9.525903701782227,0.026896145194768906,1.7052088975906372,14.0,2.0639729499816895,90.0
500.0,True,False,nan,50.16059494018555,1.1565170288085938,0.6904451251029968,12.0,2.782726764678955,180.0
500.0,True,False,nan,45.369293212890625,1.140570044517517,0.9397270679473877,3.0,2.794395685195923,180.0
500.0,True,False,nan,48.2908821105957,0.7340468764305115,0.7583666443824768,9.0,2.722158908843994,180.0
500.0,True,False,nan,46.17349624633789,0.8510797023773193,0.8065009117126465,7.0,2.7593672275543213,180.0
500.0,True,False,nan,47.42441177368164,0.8117017149925232,0.7330528497695923,9.0,2.7099575996398926,180.0
500.0,True,False,nan,49.444820404052734,1.172385573387146,0.8277871012687683,5.0,2.863868236541748,180.0
500.0,True,False,nan,51.69825744628906,0.545210599899292,1.7052111625671387,14.0,2.6946041584014893,180.0
500.0,False,True,0.7999999523162842,22.03409767150879,0.874889612197876,2.0220651626586914,5.0,2.7206010818481445,180.0
500.0,False,True,0.6800000071525574,13.7460298538208,0.6079155802726746,0.9039788842201233,3.0,2.6344833374023438,180.0
500.0,False,True,0.8999999761581421,16.346073150634766,0.6844839453697205,0.7863059043884277,9.0,2.8020131587982178,180.0
500.0,False,True,0.9599999785423279,11.40361499786377,1.1729416847229004,0.7544467449188232,9.0,2.6848061084747314,180.0
500.0,False,True,0.6599999666213989,13.479931831359863,0.6863890290260315,1.0641629695892334,6.0,2.680265426635742,180.0
500.0,False,True,0.6399999856948853,10.485146522521973,0.7538833618164062,1.3666083812713623,9.0,2.718707799911499,180.0
500.0,False,True,0.7799999713897705,13.366803169250488,0.9736437797546387,0.8099144697189331,4.0,2.749873161315918,180.0
500.0,False,True,0.8799999952316284,11.633843421936035,0.8770790696144104,1.1987286806106567,7.0,2.8154821395874023,180.0
500.0,False,True,0.7999999523162842,15.307828903198242,0.8400550484657288,0.716205358505249,5.0,2.801130771636963,180.0
500.0,False,True,0.5799999833106995,16.211681365966797,0.738554835319519,1.502439022064209,9.0,2.7649085521698,180.0
500.0,False,True,0.5999999642372131,16.076047897338867,0.6614854335784912,1.449194073677063,5.0,2.689274311065674,180.0
500.0,False,True,0.8799999952316284,15.947397232055664,0.4073691666126251,0.9821447134017944,5.0,2.7314987182617188,180.0
500.0,False,True,0.6200000047683716,16.776968002319336,0.9251314997673035,1.382566213607788,8.0,2.728269577026367,180.0
500.0,False,True,0.8399999737739563,24.61797332763672,1.2748539447784424,1.6327241659164429,7.0,2.7457735538482666,180.0
500.0,False,True,0.3999999761581421,14.565274238586426,0.24218684434890747,1.2262201309204102,3.0,2.740628480911255,180.0
500.0,False,True,0.8999999761581421,17.096153259277344,0.44343969225883484,0.8935035467147827,3.0,2.7698872089385986,180.0
500.0,False,True,0.8399999737739563,21.246658325195312,1.023627519607544,1.5584863424301147,5.0,2.6011946201324463,180.0
500.0,False,True,0.7599999904632568,13.825798988342285,0.745173990726471,0.789029598236084,5.0,2.6412503719329834,180.0
500.0,False,True,0.6800000071525574,11.553875923156738,0.5664552450180054,0.9568547010421753,5.0,2.5609323978424072,180.0
500.0,False,True,0.7199999690055847,13.382984161376953,0.8245177865028381,1.0578765869140625,6.0,2.740743398666382,180.0
500.0,False,True,0.5999999642372131,17.15980339050293,0.7726477384567261,1.3192672729492188,5.0,2.7399957180023193,180.0
500.0,False,True,0.8199999928474426,37.398380279541016,0.8275738954544067,1.4675278663635254,11.0,2.630262851715088,180.0
500.0,False,True,0.5999999642372131,12.623028755187988,0.511099100112915,1.6996530294418335,14.0,2.669114828109741,180.0
500.0,False,True,1.7400000095367432,23.14217185974121,1.3347887992858887,1.1186339855194092,5.0,2.68556547164917,180.0
500.0,False,True,0.8799999952316284,18.013097763061523,1.0082327127456665,1.4057490825653076,9.0,2.770254135131836,180.0
500.0,False,True,0.9599999785423279,13.894556045532227,1.1031135320663452,0.8036606311798096,6.0,2.86029052734375,180.0
500.0,False,True,0.9399999976158142,16.68954849243164,0.735666036605835,0.7422168850898743,4.0,2.7816810607910156,180.0
500.0,False,True,1.3199999332427979,22.842117309570312,0.6565477848052979,0.7618201971054077,2.0,2.73187255859375,180.0
500.0,False,True,0.29999998211860657,11.861824035644531,0.4479399621486664,1.6794788837432861,7.0,2.6001617908477783,180.0
500.0,False,True,0.6800000071525574,13.14290714263916,0.8496281504631042,1.1873369216918945,7.0,2.636775016784668,180.0
500.0,False,True,1.1999999284744263,25.43104362487793,1.590752124786377,1.5021573305130005,11.0,2.8448119163513184,180.0
500.0,False,True,0.8799999952316284,15.663654327392578,0.7331759929656982,0.8013163208961487,4.0,2.797192335128784,180.0
500.0,False,True,0.35999998450279236,13.358780860900879,0.262287974357605,1.0554143190383911,4.0,2.5599067211151123,180.0
500.0,False,True,0.6200000047683716,16.27073097229004,0.6258081197738647,1.3501710891723633,5.0,2.671795129776001,180.0
500.0,False,True,1.1200000047683716,20.75282859802246,0.5166012644767761,0.9776486158370972,6.0,2.72699236869812,180.0
500.0,False,True,0.5999999642372131,11.389598846435547,0.8120995163917542,1.499996304512024,14.0,2.8054096698760986,180.0
500.0,False,True,0.9599999785423279,11.702519416809082,1.1762280464172363,0.7973026037216187,4.0,2.623241901397705,180.0
500.0,False,True,0.6800000071525574,12.950995445251465,0.7104901671409607,1.0060834884643555,8.0,2.772968053817749,180.0
500.0,False,True,0.7199999690055847,13.274444580078125,0.7038281559944153,0.7033284902572632,5.0,2.745738983154297,180.0
500.0,False,True,0.5799999833106995,10.684688568115234,0.7071862816810608,1.6332206726074219,13.0,2.7317094802856445,180.0
500.0,False,True,0.9199999570846558,12.254286766052246,0.8125835657119751,0.9236374497413635,6.0,2.6615893840789795,180.0
500.0,False,True,0.5799999833106995,11.697366714477539,0.5670308470726013,1.7798123359680176,14.0,2.6021831035614014,180.0
500.0,False,True,0.699999988079071,14.454318046569824,0.7044972777366638,0.9564895033836365,6.0,2.705563545227051,180.0
500.0,False,False,nan,33.75243377685547,3.4467110633850098,0.8563619256019592,7.0,2.7377216815948486,180.0
500.0,False,True,0.5999999642372131,11.87049388885498,0.6455159187316895,1.5992443561553955,14.0,2.743762969970703,180.0
500.0,False,True,0.6800000071525574,11.268828392028809,0.619097113609314,0.9888411164283752,6.0,2.6426961421966553,180.0
500.0,False,True,0.2800000011920929,10.331634521484375,0.42008814215660095,1.662676215171814,6.0,2.555896043777466,180.0
500.0,False,True,0.8999999761581421,13.197885513305664,1.0085233449935913,0.84778892993927,4.0,2.7552926540374756,180.0
500.0,False,True,1.1799999475479126,16.166790008544922,1.297387957572937,1.086564064025879,5.0,2.6862080097198486,180.0
500.0,False,True,0.7400000095367432,15.72574234008789,0.9434012174606323,1.1049034595489502,5.0,2.784102439880371,180.0
500.0,False,True,0.7599999904632568,15.413790702819824,0.7901265025138855,0.9080756902694702,5.0,2.684387683868408,180.0
500.0,False,True,0.8799999952316284,12.424956321716309,0.8103932738304138,1.2549465894699097,8.0,2.579829692840576,180.0
500.0,False,True,1.9399999380111694,21.75023651123047,1.0140869617462158,0.9994564652442932,4.0,2.6759119033813477,180.0
500.0,False,True,0.699999988079071,14.095840454101562,0.7494798302650452,0.9425963759422302,6.0,2.70670747756958,180.0
500.0,False,True,0.5999999642372131,12.840498924255371,0.6175426244735718,1.5625083446502686,14.0,2.721257448196411,180.0
500.0,False,True,0.5199999809265137,12.417780876159668,0.4936092495918274,0.8057146668434143,3.0,2.5760135650634766,180.0
500.0,False,True,0.8999999761581421,15.232597351074219,0.9177577495574951,1.5302079916000366,14.0,2.904977798461914,180.0
500.0,True,False,nan,3.472656488418579,0.03749421238899231,0.6904446482658386,12.0,1.7602118253707886,180.0
500.0,True,False,nan,48.392791748046875,0.21152201294898987,0.7583829760551453,9.0,2.0937371253967285,270.0
500.0,True,False,nan,46.5355224609375,0.22347240149974823,0.8061272501945496,6.0,2.008453130722046,270.0
500.0,True,False,nan,46.14866638183594,0.1792629212141037,0.8563610315322876,7.0,2.317246437072754,270.0
500.0,True,False,nan,53.7328987121582,0.08897434175014496,1.6967283487319946,11.0,2.542802333831787,270.0
500.0,True,False,nan,55.64708709716797,0.30662909150123596,1.467525839805603,11.0,2.5575454235076904,270.0
500.0,False,True,0.0,14.902552604675293,0.036648720502853394,2.022080421447754,5.0,2.6757869720458984,270.0
500.0,False,True,0.3199999928474426,20.536865234375,0.2532530725002289,0.9039800763130188,3.0,2.4698386192321777,270.0
500.0,False,True,0.3199999928474426,6.214574813842773,0.25033673644065857,0.7862975597381592,9.0,2.312765598297119,270.0
500.0,False,True,0.3400000035762787,10.936842918395996,0.29471221566200256,0.7544460892677307,9.0,2.896275520324707,270.0
500.0,False,True,0.29999998211860657,7.874570369720459,0.22028304636478424,1.0641570091247559,6.0,2.6156105995178223,270.0
500.0,False,True,0.35999998450279236,17.880455017089844,0.22736535966396332,1.3666138648986816,9.0,2.7129337787628174,270.0
500.0,False,True,0.3400000035762787,11.147793769836426,0.27996963262557983,0.8099213242530823,4.0,2.9019079208374023,270.0
500.0,False,True,0.3999999761581421,19.86687469482422,0.16604387760162354,1.1987251043319702,7.0,2.3808693885803223,270.0
500.0,False,True,0.35999998450279236,9.309157371520996,0.30915722250938416,0.7162085771560669,5.0,2.5623035430908203,270.0
500.0,False,True,0.3400000035762787,18.31396484375,0.0733378678560257,1.5024365186691284,9.0,2.4467499256134033,270.0
500.0,False,True,1.0,38.3207893371582,0.2990613579750061,0.8277908563613892,5.0,2.061004638671875,270.0
500.0,False,True,0.25999999046325684,9.535679817199707,0.1203542947769165,1.449180006980896,5.0,2.822495698928833,270.0
500.0,False,True,0.29999998211860657,8.615707397460938,0.1971411406993866,0.982138454914093,5.0,2.292332887649536,270.0
500.0,False,True,0.2800000011920929,15.198335647583008,0.09442569315433502,1.3825780153274536,8.0,2.347994565963745,270.0
500.0,False,True,0.3799999952316284,18.483686447143555,0.062423065304756165,1.6326872110366821,7.0,2.3766584396362305,270.0
500.0,False,True,0.29999998211860657,11.308552742004395,0.15860767662525177,1.2261790037155151,3.0,2.3811094760894775,270.0
500.0,False,True,0.29999998211860657,12.276084899902344,0.182183176279068,0.8935028314590454,3.0,2.0814218521118164,270.0
500.0,False,True,0.2800000011920929,15.156463623046875,0.12812870740890503,1.558498740196228,5.0,2.85931658744812,270.0
500.0,False,True,0.3199999928474426,17.608421325683594,0.3103982210159302,0.7890300154685974,5.0,2.5877327919006348,270.0
500.0,False,True,0.3199999928474426,16.29999542236328,0.31478357315063477,0.9568731188774109,5.0,2.8559911251068115,270.0
500.0,False,True,0.2800000011920929,11.52254581451416,0.1757124662399292,0.733050525188446,9.0,2.2183921337127686,270.0
500.0,False,True,0.3199999928474426,10.811301231384277,0.2633518874645233,1.0578675270080566,6.0,2.91251802444458,270.0
500.0,False,True,0.25999999046325684,10.753377914428711,0.14328597486019135,1.319272518157959,5.0,2.838409662246704,270.0
500.0,False,True,0.25999999046325684,12.067839622497559,0.11396806687116623,1.6996515989303589,14.0,2.7758002281188965,270.0
500.0,False,True,0.6200000047683716,23.81142234802246,0.30789875984191895,1.1186273097991943,5.0,2.5695533752441406,270.0
500.0,False,True,0.4599999785423279,17.22661590576172,0.29728519916534424,1.4057368040084839,9.0,2.803720712661743,270.0
500.0,False,True,0.3199999928474426,18.50834846496582,0.3239997625350952,0.8036640882492065,6.0,3.048786163330078,270.0
500.0,False,True,0.3199999928474426,8.018267631530762,0.2702471613883972,0.7422256469726562,4.0,2.332212209701538,270.0
500.0,False,True,0.2800000011920929,9.890022277832031,0.17815494537353516,0.7618149518966675,2.0,2.2038326263427734,270.0
500.0,False,True,0.25999999046325684,12.505695343017578,0.12928281724452972,1.6794767379760742,7.0,2.6171295642852783,270.0
500.0,False,True,0.29999998211860657,15.368202209472656,0.329208105802536,1.1873735189437866,7.0,3.067875623703003,270.0
500.0,False,True,0.29999998211860657,8.963088035583496,0.28671178221702576,1.5021401643753052,11.0,3.288356065750122,270.0
500.0,False,True,0.5799999833106995,27.16885757446289,0.2574811279773712,0.939723789691925,3.0,2.382016181945801,270.0
500.0,False,True,0.3199999928474426,10.359360694885254,0.2582843601703644,0.8013026714324951,4.0,2.410926103591919,270.0
500.0,False,True,0.29999998211860657,13.396360397338867,0.24187830090522766,1.055431604385376,4.0,2.4783716201782227,270.0
500.0,False,True,0.25999999046325684,9.80417537689209,0.12515966594219208,1.350167989730835,5.0,2.5237812995910645,270.0
500.0,False,True,0.4399999976158142,17.07698631286621,0.12144136428833008,0.9776548743247986,6.0,1.8714746236801147,270.0
500.0,False,True,0.5999999642372131,16.01368522644043,0.46379154920578003,1.5000065565109253,14.0,3.164900541305542,270.0
500.0,False,True,0.3199999928474426,14.35389518737793,0.304170161485672,0.7972961664199829,4.0,2.794857978820801,270.0
500.0,False,True,0.3199999928474426,16.050559997558594,0.16112138330936432,1.0060806274414062,8.0,2.326738119125366,270.0
500.0,False,True,0.3400000035762787,13.4581880569458,0.3189389407634735,0.7033302187919617,5.0,2.517136573791504,270.0
500.0,False,True,0.2800000011920929,15.793289184570312,0.3966059982776642,1.633222222328186,13.0,2.8815577030181885,270.0
500.0,False,True,0.29999998211860657,17.04517364501953,0.14847932755947113,0.6904456615447998,12.0,2.0478763580322266,270.0
500.0,False,True,0.41999998688697815,22.38473892211914,0.23350311815738678,0.9236302375793457,6.0,2.4564261436462402,270.0
500.0,False,True,0.25999999046325684,14.12350845336914,0.1291210949420929,1.7798467874526978,14.0,2.8986971378326416,270.0
500.0,False,True,0.3199999928474426,14.995039939880371,0.2760034203529358,0.9564903378486633,6.0,2.841928482055664,270.0
500.0,False,True,0.25999999046325684,10.786312103271484,0.13836044073104858,1.5992321968078613,14.0,2.850226640701294,270.0
500.0,False,True,0.3199999928474426,16.940275192260742,0.2847851514816284,0.9888471364974976,6.0,2.8780441284179688,270.0
500.0,False,True,0.25999999046325684,13.672871589660645,0.12634025514125824,1.662683367729187,6.0,2.643315315246582,270.0
500.0,False,True,0.3799999952316284,20.9923038482666,0.16992929577827454,0.8477771878242493,4.0,2.2932004928588867,270.0
500.0,False,True,0.35999998450279236,18.039594650268555,0.17473341524600983,1.0865837335586548,5.0,2.6304478645324707,270.0
500.0,False,True,0.29999998211860657,9.653168678283691,0.21362318098545074,1.1049081087112427,5.0,2.924506664276123,270.0
500.0,False,True,0.3199999928474426,16.553504943847656,0.30955037474632263,0.9080905914306641,5.0,2.834869861602783,270.0
500.0,False,True,0.29999998211860657,15.953361511230469,0.3925798535346985,1.2549723386764526,8.0,3.148472309112549,270.0
500.0,False,True,0.5,23.02653694152832,0.22263015806674957,0.9995845556259155,4.0,2.437816858291626,270.0
500.0,False,True,0.3199999928474426,7.349856376647949,0.2615373432636261,0.9425989389419556,6.0,2.606541633605957,270.0
500.0,False,True,0.25999999046325684,12.689242362976074,0.13835567235946655,1.5625097751617432,14.0,2.8332464694976807,270.0
500.0,False,True,0.29999998211860657,16.998836517333984,0.2846619188785553,0.8075202107429504,3.0,2.4289934635162354,270.0
500.0,False,True,0.8399999737739563,19.879966735839844,0.44981077313423157,1.5302118062973022,14.0,2.8013551235198975,270.0
500.0,True,False,nan,5.2453460693359375,0.02321983501315117,0.7583752274513245,9.0,1.3263112306594849,270.0
550.0,True,False,nan,47.19723129272461,0.09120617061853409,1.2261853218078613,3.0,3.3226864337921143,0.0
550.0,True,False,nan,47.50636291503906,0.10478641837835312,0.9776515960693359,6.0,3.0963058471679688,0.0
550.0,True,False,nan,48.1701774597168,0.14727985858917236,0.9018017053604126,3.0,3.2851693630218506,0.0
550.0,True,False,nan,48.87480926513672,0.15106940269470215,0.8277884125709534,5.0,3.3813202381134033,0.0
550.0,True,False,nan,45.958126068115234,0.31808993220329285,0.8061270117759705,6.0,3.0863068103790283,0.0
550.0,True,False,nan,45.99134063720703,0.34017831087112427,0.7583792209625244,9.0,2.8324010372161865,0.0
550.0,True,False,nan,49.83330154418945,0.34086284041404724,0.6824983954429626,12.0,3.08687424659729,0.0
550.0,True,False,nan,45.436256408691406,0.35231465101242065,0.8935015201568604,3.0,3.0565946102142334,0.0
550.0,True,False,nan,45.679901123046875,0.2647855877876282,0.9397146701812744,3.0,3.080263614654541,0.0
550.0,True,False,nan,48.369056701660156,0.27930209040641785,0.8564278483390808,7.0,3.070575714111328,0.0
550.0,True,False,nan,46.31539535522461,0.424400269985199,0.7618143558502197,2.0,3.004939556121826,0.0
550.0,True,False,nan,45.207557678222656,0.4824494421482086,0.733051598072052,9.0,2.9796299934387207,0.0
550.0,True,False,nan,45.46836471557617,0.9629654884338379,0.8099145293235779,4.0,3.1246988773345947,0.0
550.0,True,False,nan,46.490116119384766,1.6326128244400024,0.9821355938911438,5.0,3.288133382797241,0.0
550.0,True,False,nan,45.589412689208984,1.9677520990371704,0.754439115524292,9.0,2.936023473739624,0.0
550.0,False,True,0.19999998807907104,25.585824966430664,0.0,2.022071361541748,5.0,2.7087109088897705,0.0
550.0,False,True,1.1999999284744263,34.948822021484375,0.9420322775840759,0.7863143682479858,9.0,3.032198429107666,0.0
550.0,False,True,0.29999998211860657,24.30689239501953,0.253398060798645,1.06417715549469,6.0,3.001566171646118,0.0
550.0,False,True,0.2199999988079071,31.422832489013672,0.18627366423606873,1.366605520248413,9.0,2.9286203384399414,0.0
550.0,False,True,0.2800000011920929,32.98349380493164,0.18423232436180115,1.1987359523773193,7.0,3.124739646911621,0.0
550.0,False,True,0.9399999976158142,36.29010009765625,0.7750709056854248,0.7161998748779297,5.0,3.23268723487854,0.0
550.0,False,True,0.17999999225139618,21.634113311767578,0.053143419325351715,1.5024070739746094,9.0,2.8773608207702637,0.0
550.0,False,True,0.17999999225139618,22.247203826904297,0.122889943420887,1.4491909742355347,5.0,2.847553014755249,0.0
550.0,False,True,0.17999999225139618,23.215463638305664,0.08414681255817413,1.382563591003418,8.0,2.9382998943328857,0.0
550.0,False,True,0.2199999988079071,29.221290588378906,0.03455440327525139,1.6327308416366577,7.0,3.0376977920532227,0.0
550.0,False,True,0.2199999988079071,31.089143753051758,0.081734798848629,1.5584908723831177,5.0,2.9257750511169434,0.0
550.0,False,True,0.8399999737739563,32.17107009887695,1.0271350145339966,0.7890384197235107,5.0,2.937886953353882,0.0
550.0,False,True,0.7799999713897705,25.84972381591797,0.7045989036560059,0.9568734169006348,5.0,2.7611989974975586,0.0
550.0,False,True,0.29999998211860657,28.85332489013672,0.2844667434692383,1.0578734874725342,6.0,3.0136938095092773,0.0
550.0,False,True,0.5799999833106995,27.663414001464844,0.2094390094280243,1.3192640542984009,5.0,2.8949973583221436,0.0
550.0,False,True,0.4399999976158142,33.8037109375,0.24464818835258484,1.4675384759902954,11.0,2.791923999786377,0.0
550.0,False,True,0.17999999225139618,23.888080596923828,0.03645898774266243,1.6996510028839111,14.0,2.9098105430603027,0.0
550.0,False,True,0.8399999737739563,36.413124084472656,0.4793386459350586,1.118626594543457,5.0,2.9472873210906982,0.0
550.0,False,True,0.29999998211860657,33.6484260559082,0.11194891482591629,1.4057492017745972,9.0,2.920917510986328,0.0
550.0,False,True,0.8999999761581421,43.82101058959961,0.9733365774154663,0.8036575317382812,6.0,3.0029375553131104,0.0
550.0,False,True,1.0799999237060547,36.60613250732422,1.0031523704528809,0.7422142624855042,4.0,3.2832040786743164,0.0
550.0,False,True,0.17999999225139618,19.71067237854004,0.06854113936424255,1.679476022720337,7.0,2.518324375152588,0.0
550.0,False,True,0.85999995470047,34.13402557373047,0.4233546257019043,1.1873269081115723,7.0,3.056135654449463,0.0
550.0,False,True,0.5799999833106995,31.424924850463867,0.1970163881778717,1.5021429061889648,11.0,2.824453115463257,0.0
550.0,False,True,0.9799999594688416,29.133277893066406,0.03876814246177673,1.7052079439163208,14.0,3.0020864009857178,0.0
550.0,False,True,0.8999999761581421,42.45725631713867,0.8674783110618591,0.8013151288032532,4.0,3.1215813159942627,0.0
550.0,False,True,0.85999995470047,37.835853576660156,0.9674656987190247,1.0554238557815552,4.0,3.113725185394287,0.0
550.0,False,True,0.1599999964237213,21.1534481048584,0.15482239425182343,1.3501687049865723,5.0,2.91213321685791,0.0
550.0,False,True,0.29999998211860657,31.34475326538086,0.1262592077255249,1.4999972581863403,14.0,2.7908356189727783,0.0
550.0,False,True,1.159999966621399,42.64452362060547,1.1379480361938477,0.7973077893257141,4.0,3.031362533569336,0.0
550.0,False,True,0.2800000011920929,27.46444320678711,0.24927115440368652,1.0060844421386719,8.0,3.039578914642334,0.0
550.0,False,True,0.9199999570846558,35.02582931518555,0.8731143474578857,0.7033407092094421,5.0,3.2179908752441406,0.0
550.0,False,True,0.2199999988079071,29.910228729248047,0.21942605078220367,1.6332205533981323,13.0,2.6835880279541016,0.0
550.0,False,True,0.8799999952316284,44.43439483642578,0.7280600070953369,0.9236286282539368,6.0,3.0078396797180176,0.0
550.0,False,True,0.19999998807907104,28.146310806274414,0.03618725761771202,1.7798504829406738,14.0,2.8587486743927,0.0
550.0,False,True,0.8399999737739563,29.161237716674805,0.6049352288246155,0.9564743041992188,6.0,2.952489137649536,0.0
550.0,False,True,0.19999998807907104,27.075307846069336,0.05890776216983795,1.5992286205291748,14.0,2.976198434829712,0.0
550.0,False,True,0.7999999523162842,27.503854751586914,0.7458541989326477,0.9888387322425842,6.0,2.7704830169677734,0.0
550.0,False,True,0.1599999964237213,17.85287094116211,0.09941659867763519,1.662671685218811,6.0,2.465139627456665,0.0
550.0,False,True,0.6399999856948853,32.11393356323242,0.36083734035491943,0.8477869629859924,4.0,3.099652051925659,0.0
550.0,False,True,0.7999999523162842,38.28072738647461,0.4496254026889801,1.0865776538848877,5.0,3.0604443550109863,0.0
550.0,False,True,0.5999999642372131,31.944665908813477,0.3305823504924774,1.1049063205718994,5.0,2.967963457107544,0.0
550.0,False,True,0.85999995470047,35.382476806640625,0.8829500675201416,0.9080864787101746,5.0,2.97104811668396,0.0
550.0,False,True,0.7999999523162842,33.23655700683594,0.37291762232780457,1.2549666166305542,8.0,2.970606803894043,0.0
550.0,False,True,0.7999999523162842,33.965091705322266,0.5962621569633484,0.9994595050811768,4.0,2.941110134124756,0.0
550.0,False,True,0.4599999785423279,26.157608032226562,0.36132726073265076,0.9425863027572632,6.0,3.0572805404663086,0.0
550.0,False,True,0.19999998807907104,28.103595733642578,0.07951659709215164,1.5624568462371826,14.0,2.9730770587921143,0.0
550.0,False,True,0.85999995470047,31.843961715698242,0.9153903126716614,0.8075218200683594,3.0,3.0114221572875977,0.0
550.0,False,True,0.29999998211860657,33.15397644042969,0.10615386813879013,1.529995083808899,14.0,2.722116470336914,0.0
550.0,True,False,nan,47.50654220581055,0.10478736460208893,0.9776512384414673,6.0,3.09631609916687,0.0
550.0,True,False,nan,48.87465286254883,0.15106981992721558,0.8277855515480042,5.0,3.3813087940216064,0.0
550.0,True,False,nan,47.195106506347656,0.0912049263715744,1.2262479066848755,3.0,3.3226685523986816,0.0
550.0,True,False,nan,52.4930419921875,0.331594854593277,0.8100482821464539,5.0,3.0739104747772217,0.0
550.0,True,False,nan,49.832218170166016,0.3408735990524292,0.682497501373291,12.0,3.0868852138519287,0.0
550.0,True,False,nan,45.990623474121094,0.34017956256866455,0.7583765983581543,9.0,2.8324036598205566,0.0
550.0,True,False,nan,3.631354570388794,0.0,0.8099176287651062,4.0,0.6610600352287292,0.0
550.0,True,False,nan,35.89051818847656,0.17401421070098877,0.7330514788627625,16.0,2.9796340465545654,0.0
550.0,True,False,nan,37.8842887878418,0.28898823261260986,0.7618128061294556,2.0,3.0049386024475098,0.0
550.0,True,False,nan,49.87862014770508,0.43689703941345215,0.9776531457901001,6.0,2.079265832901001,90.0
550.0,True,False,nan,46.21943664550781,0.7996323704719543,1.69965398311615,14.0,2.7472736835479736,90.0
550.0,True,False,nan,47.29503631591797,0.8348134756088257,1.3501843214035034,5.0,2.6404035091400146,90.0
550.0,True,False,nan,45.02168655395508,0.8244327902793884,1.562504529953003,14.0,2.793728828430176,90.0
550.0,True,False,nan,47.888641357421875,1.062904715538025,1.5024399757385254,9.0,2.633890151977539,90.0
550.0,True,False,nan,46.72486114501953,1.063504934310913,1.7052083015441895,14.0,2.7012717723846436,90.0
550.0,True,False,nan,45.48331069946289,1.1116735935211182,1.6327216625213623,7.0,2.8582441806793213,90.0
550.0,True,False,nan,45.53972625732422,1.1302093267440796,1.198727011680603,7.0,2.7380547523498535,90.0
550.0,True,False,nan,51.951900482177734,0.4174475073814392,0.8277876377105713,5.0,2.2713780403137207,90.0
550.0,True,False,nan,50.6496467590332,0.6787071228027344,0.8879335522651672,3.0,2.0695512294769287,90.0
550.0,True,False,nan,47.883426666259766,0.9067487716674805,0.6904645562171936,12.0,2.1182687282562256,90.0
550.0,True,False,nan,48.17445755004883,0.5946987867355347,0.7583772540092468,9.0,2.196481943130493,90.0
550.0,False,True,1.1999999284744263,23.372095108032227,1.56062650680542,2.022073745727539,5.0,2.90301775932312,90.0
550.0,False,True,0.6599999666213989,25.11041831970215,0.35548150539398193,0.9039799571037292,3.0,2.254171848297119,90.0
550.0,False,True,1.100000023841858,24.242555618286133,0.763237714767456,0.7863154411315918,9.0,2.1494975090026855,90.0
550.0,False,True,0.9799999594688416,39.70053482055664,0.8919497132301331,0.7544399499893188,9.0,2.8504931926727295,90.0
550.0,False,True,1.1399999856948853,20.11603355407715,1.4191678762435913,1.0641813278198242,6.0,2.543468952178955,90.0
550.0,False,True,2.379999876022339,30.752920150756836,3.14447021484375,1.3673129081726074,10.0,2.749056816101074,90.0
550.0,False,True,0.7199999690055847,33.23324203491211,0.9179730415344238,0.8099210262298584,4.0,2.713158130645752,90.0
550.0,False,True,1.1200000047683716,19.928823471069336,0.8449640274047852,0.7162074446678162,5.0,2.317744493484497,90.0
550.0,False,True,1.7599999904632568,21.28022003173828,1.5022791624069214,1.4491970539093018,5.0,2.7442450523376465,90.0
550.0,False,True,0.699999988079071,19.717121124267578,0.3687036335468292,0.9821460843086243,5.0,2.0632293224334717,90.0
550.0,False,True,2.3999998569488525,32.67588424682617,3.021577835083008,1.382557988166809,8.0,2.7699878215789795,90.0
550.0,False,True,1.2799999713897705,28.216655731201172,0.5957530736923218,1.2262320518493652,3.0,2.1072990894317627,90.0
550.0,False,True,1.2200000286102295,25.424602508544922,1.4826594591140747,1.5584834814071655,5.0,3.0441031455993652,90.0
550.0,False,True,1.100000023841858,15.8927640914917,0.7110703587532043,0.7890320420265198,5.0,2.363201856613159,90.0
550.0,False,True,1.159999966621399,17.374217987060547,1.3571842908859253,0.9568475484848022,5.0,2.5103321075439453,90.0
550.0,False,True,0.3999999761581421,17.85654640197754,0.4514404833316803,0.7330542206764221,9.0,2.142855644226074,90.0
550.0,False,True,1.9799998998641968,30.251806259155273,2.6498961448669434,1.0578835010528564,6.0,2.743539333343506,90.0
550.0,False,True,1.2200000286102295,18.4771785736084,1.4538094997406006,1.3192709684371948,5.0,2.7958319187164307,90.0
550.0,False,True,1.459999918937683,23.831884384155273,1.407006859779358,1.4676896333694458,14.0,2.731801748275757,90.0
550.0,False,True,0.6599999666213989,23.743244171142578,0.70499187707901,1.132228970527649,5.0,2.666466474533081,90.0
550.0,False,True,1.1999999284744263,26.483509063720703,1.4220937490463257,1.4057921171188354,9.0,3.084824562072754,90.0
550.0,False,True,0.699999988079071,34.18000793457031,0.7214458584785461,0.8036567568778992,6.0,2.8441944122314453,90.0
550.0,False,True,1.0799999237060547,16.289796829223633,0.6990724205970764,0.742214024066925,4.0,2.1880393028259277,90.0
550.0,False,True,0.41999998688697815,18.670669555664062,0.45946651697158813,0.7618206143379211,2.0,2.1063899993896484,90.0
550.0,False,True,1.4800000190734863,22.92667007446289,1.6963728666305542,1.6794798374176025,7.0,2.5631179809570312,90.0
550.0,False,True,1.5,20.16426658630371,1.3816951513290405,1.1873397827148438,7.0,2.7863752841949463,90.0
550.0,False,True,1.7799999713897705,25.50811004638672,2.4221177101135254,1.5021443367004395,11.0,3.202335834503174,90.0
550.0,False,True,0.9799999594688416,22.200830459594727,0.8731434941291809,0.939720630645752,3.0,2.486158847808838,90.0
550.0,False,True,1.100000023841858,25.264978408813477,0.7065359950065613,0.8013142347335815,4.0,2.3392136096954346,90.0
550.0,False,True,1.2400000095367432,23.785381317138672,0.48842328786849976,1.0554221868515015,4.0,2.23760724067688,90.0
550.0,False,True,1.1999999284744263,26.864545822143555,1.446571946144104,1.5000187158584595,14.0,2.8443236351013184,90.0
550.0,False,True,1.1200000047683716,31.24519920349121,1.1001867055892944,0.7972984910011292,4.0,2.900146245956421,90.0
550.0,False,True,1.1799999475479126,16.852323532104492,1.19102942943573,1.0060805082321167,8.0,2.546539545059204,90.0
550.0,False,True,1.1399999856948853,14.232359886169434,0.7563586831092834,0.7033261060714722,5.0,2.216022491455078,90.0
550.0,False,True,1.2200000286102295,12.977574348449707,1.3448119163513184,1.6332157850265503,13.0,2.876847743988037,90.0
550.0,False,True,1.4399999380111694,29.310121536254883,0.5224008560180664,0.9236316084861755,6.0,2.2753102779388428,90.0
550.0,False,True,0.7999999523162842,24.34362030029297,0.37101519107818604,0.8061245679855347,6.0,2.0069527626037598,90.0
550.0,False,True,1.3199999332427979,21.52318572998047,1.7017167806625366,1.7798562049865723,14.0,2.747188091278076,90.0
550.0,False,True,1.659999966621399,19.01183319091797,1.6554876565933228,0.9564778208732605,6.0,2.627838373184204,90.0
550.0,False,True,0.85999995470047,24.095802307128906,0.6051609516143799,0.8564282059669495,7.0,2.2234749794006348,90.0
550.0,False,True,1.2200000286102295,12.23544692993164,1.448764681816101,1.599220633506775,14.0,2.8821489810943604,90.0
550.0,False,True,1.4800000190734863,17.9615421295166,1.3591111898422241,0.9888456463813782,6.0,2.474942207336426,90.0
550.0,False,True,1.159999966621399,16.98497772216797,1.1089507341384888,1.6626919507980347,6.0,2.4896392822265625,90.0
550.0,False,True,0.41999998688697815,15.150923728942871,0.44747990369796753,0.847786545753479,4.0,2.2285337448120117,90.0
550.0,False,True,1.1200000047683716,30.785865783691406,0.9076855182647705,1.0865763425827026,5.0,2.8924293518066406,90.0
550.0,False,True,1.059999942779541,21.628009796142578,0.9865602254867554,1.1049087047576904,5.0,2.697631359100342,90.0
550.0,False,True,1.459999918937683,19.606456756591797,0.8863763809204102,0.9080816507339478,5.0,2.5898261070251465,90.0
550.0,False,True,1.2999999523162842,15.84960651397705,1.4728606939315796,1.2549456357955933,8.0,2.8067517280578613,90.0
550.0,False,True,0.3799999952316284,15.04428768157959,0.35952240228652954,0.999296247959137,4.0,2.335237741470337,90.0
550.0,False,True,1.1200000047683716,19.346189498901367,1.462362289428711,0.9426159858703613,6.0,2.5579566955566406,90.0
550.0,False,True,0.4399999976158142,12.779102325439453,0.4512510299682617,0.8075302243232727,3.0,2.2607967853546143,90.0
550.0,False,True,1.1999999284744263,27.321727752685547,1.2868252992630005,1.5299935340881348,14.0,2.912405490875244,90.0
550.0,True,False,nan,49.8774528503418,0.43689924478530884,0.9776466488838196,6.0,2.0792737007141113,90.0
550.0,True,False,nan,12.709996223449707,0.10105239599943161,1.502347707748413,9.0,2.5308423042297363,90.0
550.0,True,False,nan,2.294990301132202,0.0,1.699652075767517,14.0,0.44724607467651367,90.0
550.0,True,False,nan,7.872478008270264,0.02790079638361931,1.7052035331726074,14.0,2.1033878326416016,90.0
550.0,True,False,nan,1.9613430500030518,0.0,1.3501664400100708,5.0,0.0,90.0
550.0,True,False,nan,2.4171085357666016,0.0,1.5624958276748657,14.0,0.0,90.0
550.0,True,False,nan,45.95883560180664,0.37780556082725525,0.85634446144104,7.0,3.0494282245635986,180.0
550.0,True,False,nan,46.37409210205078,0.404386967420578,0.8277866840362549,5.0,3.136838436126709,180.0
550.0,True,False,nan,45.093467712402344,0.4129059314727783,0.939719557762146,3.0,3.056070566177368,180.0
550.0,True,False,nan,45.2198600769043,0.5794841051101685,1.6327202320098877,7.0,2.984083414077759,180.0
550.0,True,False,nan,46.2059440612793,0.6507478356361389,2.022066116333008,5.0,2.8742740154266357,180.0
550.0,True,False,nan,46.70088577270508,0.8595720529556274,1.5584903955459595,5.0,2.8299031257629395,180.0
550.0,True,False,nan,45.47870635986328,0.9519123435020447,0.6824994087219238,12.0,3.0359129905700684,180.0
550.0,True,False,nan,46.10247802734375,1.195678472518921,0.7330493330955505,9.0,2.9506924152374268,180.0
550.0,True,False,nan,46.43683624267578,1.214066743850708,0.7618173360824585,2.0,2.9802286624908447,180.0
550.0,True,False,nan,47.63052749633789,1.001884937286377,0.9776527881622314,6.0,3.0700271129608154,180.0
550.0,True,False,nan,45.66563034057617,1.4385679960250854,0.8061254620552063,6.0,3.0596442222595215,180.0
550.0,True,False,nan,45.50678634643555,1.483237624168396,0.7583701610565186,9.0,2.9774553775787354,180.0
550.0,True,False,nan,48.01784133911133,1.4243179559707642,1.4683722257614136,9.0,2.8184099197387695,180.0
550.0,True,False,nan,45.38486099243164,1.6570988893508911,1.1322237253189087,5.0,2.93115496635437,180.0
550.0,True,False,nan,45.735713958740234,1.0548155307769775,1.7052093744277954,14.0,2.8999714851379395,180.0
550.0,True,False,nan,45.994720458984375,1.338699221611023,1.5024341344833374,9.0,3.012411117553711,180.0
550.0,True,False,nan,50.76388168334961,1.0999979972839355,0.9994540214538574,4.0,2.9733986854553223,180.0
550.0,False,True,0.8999999761581421,13.337271690368652,1.0332804918289185,0.9021733999252319,3.0,2.843024492263794,180.0
550.0,False,True,0.9799999594688416,17.532499313354492,0.872711718082428,0.7863121032714844,9.0,3.0741562843322754,180.0
550.0,False,True,1.3199999332427979,20.98084259033203,1.8080544471740723,0.7544455528259277,9.0,3.071418285369873,180.0
550.0,False,True,0.7799999713897705,15.44322681427002,0.8698596358299255,1.0641639232635498,6.0,2.9485692977905273,180.0
550.0,False,True,0.8999999761581421,11.12535572052002,0.9943253397941589,1.3666168451309204,9.0,2.9691994190216064,180.0
550.0,False,True,1.3199999332427979,16.165464401245117,1.6849195957183838,0.809908390045166,4.0,2.9640023708343506,180.0
550.0,False,True,0.9399999976158142,21.658536911010742,1.2415844202041626,1.1987282037734985,7.0,3.046912908554077,180.0
550.0,False,True,0.9599999785423279,15.106380462646484,1.1351497173309326,0.7162022590637207,5.0,3.0752038955688477,180.0
550.0,False,True,0.5999999642372131,19.565431594848633,0.8724918961524963,1.4491968154907227,5.0,2.9739010334014893,180.0
550.0,False,True,0.85999995470047,15.389707565307617,0.6116833090782166,0.9821391105651855,5.0,3.014500141143799,180.0
550.0,False,True,0.7999999523162842,21.05419921875,0.9969335198402405,1.3825732469558716,8.0,3.027569055557251,180.0
550.0,False,True,0.9599999785423279,17.09968376159668,0.47178688645362854,1.2262377738952637,3.0,2.8879194259643555,180.0
550.0,False,True,1.0,18.39256477355957,0.6065696477890015,0.8935003876686096,3.0,2.981213331222534,180.0
550.0,False,True,0.9199999570846558,16.47136878967285,0.9814788103103638,0.7890290021896362,5.0,2.9292306900024414,180.0
550.0,False,True,0.8999999761581421,11.715225219726562,0.8088390827178955,0.9568631052970886,5.0,2.830669403076172,180.0
550.0,False,True,0.7999999523162842,15.959413528442383,0.9958954453468323,1.057867407798767,6.0,3.01936936378479,180.0
550.0,False,True,1.1799999475479126,21.36658477783203,1.3695673942565918,1.3192654848098755,5.0,3.03818678855896,180.0
550.0,False,True,0.5799999833106995,12.818751335144043,0.6830289363861084,1.6996570825576782,14.0,2.926555871963501,180.0
550.0,False,True,1.459999918937683,26.955923080444336,2.0218355655670166,1.4057830572128296,9.0,3.0153725147247314,180.0
550.0,False,True,1.2599999904632568,17.229351043701172,1.5670859813690186,0.803662121295929,6.0,2.9787046909332275,180.0
550.0,False,True,0.9799999594688416,18.342689514160156,0.9582148194313049,0.7423111200332642,4.0,3.075758695602417,180.0
550.0,False,True,0.5799999833106995,11.605290412902832,0.6315486431121826,1.6794754266738892,7.0,2.8473548889160156,180.0
550.0,False,True,0.8999999761581421,10.96508502960205,1.0931233167648315,1.1873568296432495,7.0,2.85018253326416,180.0
550.0,False,True,1.8199999332427979,39.128074645996094,3.0078299045562744,1.5021507740020752,11.0,3.0797207355499268,180.0
550.0,False,True,0.9199999570846558,15.8783540725708,1.0076301097869873,0.8013137578964233,4.0,3.0342302322387695,180.0
550.0,False,True,0.3799999952316284,13.237106323242188,0.3341016173362732,1.0554218292236328,4.0,2.8114712238311768,180.0
550.0,False,True,0.6200000047683716,18.838674545288086,0.8368364572525024,1.350174903869629,5.0,2.9246389865875244,180.0
550.0,False,True,0.8799999952316284,18.777660369873047,1.1602131128311157,1.5000087022781372,14.0,3.043437957763672,180.0
550.0,False,True,1.3199999332427979,21.082054138183594,1.894808053970337,0.7973011136054993,4.0,2.967937707901001,180.0
550.0,False,True,0.8999999761581421,14.304649353027344,1.0408371686935425,1.006077766418457,8.0,3.0693321228027344,180.0
550.0,False,True,0.9599999785423279,13.2972412109375,1.0220332145690918,0.7033324241638184,5.0,3.037099838256836,180.0
550.0,False,True,0.8399999737739563,17.286502838134766,0.9451800584793091,1.6332252025604248,13.0,2.989841938018799,180.0
550.0,False,True,0.8799999952316284,17.467947006225586,1.0470114946365356,0.9236350059509277,6.0,2.823538303375244,180.0
550.0,False,True,0.8799999952316284,16.835445404052734,0.7840222120285034,1.779848575592041,14.0,2.836890459060669,180.0
550.0,False,True,0.8999999761581421,15.896032333374023,1.004862666130066,0.9564783573150635,6.0,3.0132951736450195,180.0
550.0,False,True,0.5799999833106995,13.818294525146484,0.8276898860931396,1.5992217063903809,14.0,2.9620862007141113,180.0
550.0,False,True,0.8999999761581421,13.295845031738281,0.9133121967315674,0.9888432025909424,6.0,2.9112672805786133,180.0
550.0,False,True,0.5799999833106995,10.873101234436035,0.5816217064857483,1.662675142288208,6.0,2.7779698371887207,180.0
550.0,False,True,1.3399999141693115,20.311222076416016,1.4466279745101929,0.8495638370513916,4.0,3.030569076538086,180.0
550.0,False,True,1.659999966621399,27.192188262939453,2.3780882358551025,1.0865826606750488,5.0,2.8678665161132812,180.0
550.0,False,True,1.1999999284744263,19.69821548461914,1.4697394371032715,1.1049138307571411,5.0,3.04079008102417,180.0
550.0,False,True,1.0199999809265137,15.482985496520996,1.0910112857818604,0.9080896973609924,5.0,2.8441503047943115,180.0
550.0,False,True,0.8799999952316284,10.987147331237793,1.0305521488189697,1.254944920539856,8.0,2.807727098464966,180.0
550.0,False,True,0.7999999523162842,15.549421310424805,0.958411693572998,0.9425977468490601,6.0,2.9714486598968506,180.0
550.0,False,True,0.5999999642372131,11.810944557189941,0.8131223917007446,1.5625014305114746,14.0,2.968291997909546,180.0
550.0,False,True,0.699999988079071,12.139485359191895,0.6422592997550964,0.8075194358825684,3.0,2.784519672393799,180.0
550.0,False,True,0.8399999737739563,23.43355369567871,1.2770848274230957,1.5299967527389526,14.0,3.066786766052246,180.0
550.0,True,False,nan,45.95963668823242,0.3778030276298523,0.8563596606254578,7.0,3.0494132041931152,180.0
550.0,True,False,nan,45.093143463134766,0.41290611028671265,0.9397168755531311,3.0,3.0560688972473145,180.0
550.0,True,False,nan,46.34428787231445,0.4042644202709198,0.8282787799835205,5.0,3.136993646621704,180.0
550.0,True,False,nan,21.635595321655273,0.24175506830215454,2.0220839977264404,5.0,2.8742685317993164,180.0
550.0,True,False,nan,29.54619026184082,0.3254022002220154,1.6327195167541504,7.0,2.984086513519287,180.0
550.0,True,False,nan,4.7691264152526855,0.0017312144627794623,1.5584789514541626,5.0,1.2562094926834106,180.0
550.0,True,False,nan,6.772422790527344,0.1379072070121765,0.7330474853515625,9.0,2.9506866931915283,180.0
550.0,True,False,nan,3.917466640472412,0.0,0.7618143558502197,7.0,0.0,180.0
550.0,True,False,nan,26.483455657958984,0.30918508768081665,0.6906871795654297,12.0,3.0359199047088623,180.0
550.0,True,False,nan,47.40310287475586,0.18229243159294128,0.8277904391288757,5.0,2.3088698387145996,270.0
550.0,True,False,nan,45.08152770996094,0.2425268292427063,0.7583704590797424,9.0,2.293592691421509,270.0
550.0,True,False,nan,45.98640823364258,0.41022634506225586,0.8563600182533264,7.0,2.5495221614837646,270.0
550.0,True,False,nan,47.0185432434082,0.5331276655197144,0.8061282634735107,6.0,2.257290840148926,270.0
550.0,True,False,nan,57.393470764160156,0.23186932504177094,1.705203890800476,14.0,2.821848154067993,270.0
550.0,True,False,nan,47.69615936279297,0.509217381477356,1.4675294160842896,11.0,2.6111528873443604,270.0
550.0,True,False,nan,50.45343017578125,0.29986825585365295,0.9397168159484863,3.0,2.6254422664642334,270.0
550.0,False,True,0.5199999809265137,18.474624633789062,0.13405874371528625,2.022080183029175,5.0,2.841587543487549,270.0
550.0,False,True,0.5,25.740745544433594,0.2971571385860443,0.9018129110336304,3.0,2.5579073429107666,270.0
550.0,False,True,0.3400000035762787,8.793792724609375,0.3195216655731201,0.7863206267356873,9.0,2.579028606414795,270.0
550.0,False,True,0.3400000035762787,15.869575500488281,0.3859707713127136,0.7544468641281128,9.0,3.108055830001831,270.0
550.0,False,True,0.3199999928474426,10.152551651000977,0.28478434681892395,1.0641881227493286,6.0,2.824005126953125,270.0
550.0,False,True,0.8199999928474426,20.94537925720215,0.41850295662879944,1.367336630821228,14.0,2.902151107788086,270.0
550.0,False,True,0.3400000035762787,15.24783706665039,0.32207345962524414,0.8099116683006287,4.0,3.125640869140625,270.0
550.0,False,True,0.7999999523162842,23.509565353393555,0.3520922362804413,1.1987313032150269,7.0,2.6372997760772705,270.0
550.0,False,True,0.3799999952316284,12.838746070861816,0.3661789298057556,0.7162036895751953,5.0,2.7348062992095947,270.0
550.0,False,True,1.100000023841858,22.390701293945312,0.11694455146789551,1.5024418830871582,9.0,2.70353102684021,270.0
550.0,False,True,0.25999999046325684,12.506010055541992,0.18028128147125244,1.449191927909851,5.0,2.7967798709869385,270.0
550.0,False,True,0.29999998211860657,12.558106422424316,0.26121824979782104,0.9821406602859497,5.0,2.5615596771240234,270.0
550.0,False,True,0.3799999952316284,19.136215209960938,0.13405458629131317,1.383988380432129,8.0,2.614912986755371,270.0
550.0,False,True,0.5,22.225130081176758,0.20218400657176971,1.632725477218628,7.0,2.6121606826782227,270.0
550.0,False,True,0.29999998211860657,17.882991790771484,0.213719442486763,1.226180911064148,3.0,2.6838555335998535,270.0
550.0,False,True,0.29999998211860657,15.224976539611816,0.2202216237783432,0.8935012221336365,3.0,2.2070250511169434,270.0
550.0,False,True,0.5199999809265137,18.38448715209961,0.29674676060676575,1.5584971904754639,5.0,2.7841598987579346,270.0
550.0,False,True,0.3400000035762787,20.1071834564209,0.35471728444099426,0.7890346646308899,5.0,2.7847535610198975,270.0
550.0,False,True,0.35999998450279236,19.5964412689209,0.4691275656223297,0.9568718671798706,5.0,3.0651586055755615,270.0
550.0,False,True,0.2800000011920929,14.636088371276855,0.21126900613307953,0.7330485582351685,9.0,2.291414260864258,270.0
550.0,False,True,0.3400000035762787,14.043088912963867,0.4203464388847351,1.057878017425537,6.0,3.1459691524505615,270.0
550.0,False,True,0.25999999046325684,13.702299118041992,0.19038026034832,1.3192689418792725,5.0,3.0221714973449707,270.0
550.0,False,True,0.25999999046325684,14.825738906860352,0.2740829586982727,1.699660062789917,14.0,2.795668125152588,270.0
550.0,False,True,1.5999999046325684,27.70879364013672,0.5197389125823975,1.1322218179702759,5.0,2.642204761505127,270.0
550.0,False,True,0.8199999928474426,22.135799407958984,0.5493999123573303,1.4057389497756958,9.0,2.964451551437378,270.0
550.0,False,True,0.8799999952316284,22.7511043548584,0.5111295580863953,0.8036563992500305,6.0,2.9102373123168945,270.0
550.0,False,True,0.3400000035762787,12.113459587097168,0.3351399004459381,0.7423111200332642,4.0,2.620375871658325,270.0
550.0,False,True,0.29999998211860657,13.57778549194336,0.23122020065784454,0.7618158459663391,2.0,2.2974605560302734,270.0
550.0,False,True,0.25999999046325684,14.158342361450195,0.2395685911178589,1.6794756650924683,7.0,2.698089599609375,270.0
550.0,False,True,0.8399999737739563,18.257123947143555,0.5951755046844482,1.1873496770858765,7.0,3.257885456085205,270.0
550.0,False,True,0.6200000047683716,12.419447898864746,0.5911373496055603,1.501977562904358,11.0,3.562479019165039,270.0
550.0,False,True,0.3199999928474426,16.216693878173828,0.32609203457832336,0.8013153076171875,4.0,2.576303720474243,270.0
550.0,False,True,0.3199999928474426,18.241605758666992,0.2889455258846283,1.0554332733154297,4.0,2.6645703315734863,270.0
550.0,False,True,0.25999999046325684,12.654338836669922,0.15832191705703735,1.350173830986023,5.0,2.7228312492370605,270.0
550.0,False,True,0.5799999833106995,27.52323341369629,0.18224813044071198,0.9776475429534912,6.0,2.0366439819335938,270.0
550.0,False,True,0.85999995470047,20.967063903808594,0.7421776056289673,1.5000085830688477,14.0,3.3842570781707764,270.0
550.0,False,True,0.3400000035762787,18.288047790527344,0.39747434854507446,0.7972984313964844,4.0,2.948228359222412,270.0
550.0,False,True,0.3799999952316284,19.525222778320312,0.2006368786096573,1.0060780048370361,8.0,2.587343454360962,270.0
550.0,False,True,0.3400000035762787,17.51960563659668,0.36283838748931885,0.7033323645591736,5.0,2.7082619667053223,270.0
550.0,False,True,0.8399999737739563,18.10746955871582,0.566551685333252,1.6332206726074219,13.0,3.110259771347046,270.0
550.0,False,True,0.47999998927116394,19.77399253845215,0.19682645797729492,0.6904392838478088,12.0,2.26790714263916,270.0
550.0,False,True,0.5199999809265137,25.1317195892334,0.2781432271003723,0.9236376881599426,6.0,2.416494846343994,270.0
550.0,False,True,0.3199999928474426,16.585493087768555,0.2956531345844269,1.7798572778701782,14.0,2.954920530319214,270.0
550.0,False,True,0.3400000035762787,18.017759323120117,0.39080914855003357,0.9564915299415588,6.0,3.0502419471740723,270.0
550.0,False,True,0.2800000011920929,13.314868927001953,0.3810189366340637,1.5992393493652344,14.0,3.072391986846924,270.0
550.0,False,True,0.3199999928474426,19.748870849609375,0.43339473009109497,0.9888418316841125,6.0,2.8513126373291016,270.0
550.0,False,True,0.2800000011920929,16.525423049926758,0.2618427574634552,1.662682056427002,6.0,2.690504312515259,270.0
550.0,False,True,0.4399999976158142,23.610017776489258,0.1999833881855011,0.8477824926376343,4.0,2.5504186153411865,270.0
550.0,False,True,0.7799999713897705,22.131704330444336,0.3499543368816376,1.0865800380706787,5.0,2.7590909004211426,270.0
550.0,False,True,0.29999998211860657,13.415170669555664,0.2555270791053772,1.1048979759216309,5.0,3.105722427368164,270.0
550.0,False,True,0.3400000035762787,19.968965530395508,0.4192092716693878,0.9080752730369568,5.0,3.017439126968384,270.0
550.0,False,True,0.85999995470047,18.401880264282227,0.6593067646026611,1.2549583911895752,8.0,3.1669371128082275,270.0
550.0,False,True,0.8799999952316284,25.31332015991211,0.34167733788490295,0.999454140663147,4.0,2.6125099658966064,270.0
550.0,False,True,0.3400000035762787,10.570006370544434,0.32306477427482605,0.9426114559173584,6.0,2.922055244445801,270.0
550.0,False,True,0.2800000011920929,15.543623924255371,0.3224658966064453,1.5624511241912842,14.0,2.931339740753174,270.0
550.0,False,True,0.29999998211860657,21.51577377319336,0.3203282952308655,0.8075272440910339,3.0,2.595738410949707,270.0
550.0,False,True,0.8199999928474426,26.269596099853516,0.65489262342453,1.5299981832504272,14.0,2.9982974529266357,270.0
600.0,True,False,nan,46.085906982421875,0.12675119936466217,0.8277913928031921,5.0,3.564648151397705,0.0
600.0,True,False,nan,50.1591682434082,0.10069809854030609,1.2262375354766846,3.0,3.5960164070129395,0.0
600.0,True,False,nan,50.28575134277344,0.11511902511119843,0.9776486754417419,6.0,3.3533811569213867,0.0
600.0,True,False,nan,50.03299331665039,0.1598052680492401,0.9039748311042786,3.0,3.4789698123931885,0.0
600.0,True,False,nan,45.510963439941406,0.1316983699798584,0.7544414401054382,9.0,3.0765721797943115,0.0
600.0,True,False,nan,45.117855072021484,0.1552644520998001,0.9821260571479797,5.0,3.5120365619659424,0.0
600.0,True,False,nan,47.570648193359375,0.14945051074028015,0.9236372113227844,6.0,3.2464582920074463,0.0
600.0,True,False,nan,45.6218376159668,0.16399091482162476,0.8036596775054932,6.0,3.1544930934906006,0.0
600.0,True,False,nan,46.60462951660156,0.3599199056625366,0.7583752274513245,9.0,3.0061662197113037,0.0
600.0,True,False,nan,47.599151611328125,0.3310241103172302,0.690443217754364,12.0,3.152479648590088,0.0
600.0,True,False,nan,49.949764251708984,0.32040083408355713,0.8100490570068359,5.0,3.3239006996154785,0.0
600.0,True,False,nan,46.6146125793457,0.34709903597831726,0.8935050964355469,3.0,3.3253421783447266,0.0
600.0,True,False,nan,45.75482940673828,0.3595033884048462,0.7618141770362854,2.0,3.2737650871276855,0.0
600.0,True,False,nan,47.00456237792969,0.3058589994907379,0.8563638925552368,7.0,3.357180118560791,0.0
600.0,True,False,nan,45.37584686279297,0.3589416444301605,0.7330510020256042,9.0,3.062281370162964,0.0
600.0,True,False,nan,51.354400634765625,0.2980272173881531,0.9397255182266235,3.0,3.314650535583496,0.0
600.0,True,False,nan,46.21875762939453,0.536325991153717,0.8099250197410583,4.0,3.2133536338806152,0.0
600.0,True,False,nan,47.913726806640625,1.3063899278640747,0.7422178387641907,4.0,3.269303798675537,0.0
600.0,True,False,nan,45.7083625793457,1.2826632261276245,0.7973055839538574,4.0,3.1775171756744385,0.0
600.0,True,False,nan,49.7091064453125,1.3662205934524536,0.8013137578964233,4.0,3.2904491424560547,0.0
600.0,True,False,nan,46.50377655029297,1.5067421197891235,0.7863104343414307,9.0,3.3003604412078857,0.0
600.0,True,False,nan,46.11948013305664,0.3286159038543701,1.467531442642212,11.0,3.0325493812561035,0.0
600.0,True,False,nan,45.1746940612793,0.6235340237617493,0.8495649099349976,4.0,3.3866279125213623,0.0
600.0,True,False,nan,46.03118896484375,0.9238868951797485,0.999458372592926,4.0,3.069354772567749,0.0
600.0,True,False,nan,46.554405212402344,0.9784165024757385,1.0865691900253296,5.0,3.1862101554870605,0.0
600.0,True,False,nan,47.88956832885742,0.8638725876808167,1.1322197914123535,5.0,3.2290589809417725,0.0
600.0,True,False,nan,45.890953063964844,0.3405736982822418,1.5023938417434692,9.0,3.1991653442382812,0.0
600.0,False,True,0.5600000023841858,28.3644962310791,0.009372387081384659,2.022076368331909,5.0,2.839428663253784,0.0
600.0,False,True,0.5,25.940563201904297,0.37262794375419617,1.0641789436340332,6.0,3.0921294689178467,0.0
600.0,False,True,0.7999999523162842,34.0738639831543,0.3138830363750458,1.3666070699691772,9.0,3.192366600036621,0.0
600.0,False,True,0.29999998211860657,34.810096740722656,0.2722460925579071,1.198730230331421,7.0,3.1920626163482666,0.0
600.0,False,True,0.9399999976158142,37.81713104248047,0.9519522190093994,0.7162061929702759,5.0,3.493272066116333,0.0
600.0,False,True,0.17999999225139618,23.904830932617188,0.20238955318927765,1.4491875171661377,5.0,3.1226553916931152,0.0
600.0,False,True,0.19999998807907104,26.032169342041016,0.14091451466083527,1.3825749158859253,8.0,3.2285869121551514,0.0
600.0,False,True,0.23999999463558197,32.22749328613281,0.06229107826948166,1.632736325263977,7.0,3.240690231323242,0.0
600.0,False,True,0.7799999713897705,32.76811218261719,0.16485466063022614,1.558480978012085,5.0,3.0387847423553467,0.0
600.0,False,True,0.85999995470047,35.00593185424805,0.9702456593513489,0.7890375256538391,5.0,3.222273111343384,0.0
600.0,False,True,0.7999999523162842,27.51337432861328,0.9203603267669678,0.9568658471107483,5.0,3.0671539306640625,0.0
600.0,False,True,0.5199999809265137,31.456090927124023,0.41206246614456177,1.0578703880310059,6.0,3.276792049407959,0.0
600.0,False,True,0.5600000023841858,29.504648208618164,0.3436349630355835,1.319270372390747,5.0,3.0989933013916016,0.0
600.0,False,True,0.19999998807907104,26.993921279907227,0.06594599038362503,1.6996510028839111,14.0,3.194390296936035,0.0
600.0,False,True,0.5600000023841858,37.028663635253906,0.1720283329486847,1.4057807922363281,9.0,3.0975704193115234,0.0
600.0,False,True,0.17999999225139618,24.454500198364258,0.17619411647319794,1.6794723272323608,7.0,2.8252053260803223,0.0
600.0,False,True,0.29999998211860657,37.406307220458984,0.44290149211883545,1.1873708963394165,7.0,3.282622814178467,0.0
600.0,False,True,0.5999999642372131,32.79685592651367,0.3593749701976776,1.5019818544387817,11.0,2.9157400131225586,0.0
600.0,False,True,0.4599999785423279,32.81645202636719,0.05481981113553047,1.6967254877090454,11.0,3.296437978744507,0.0
600.0,False,True,0.8799999952316284,37.818870544433594,1.1295921802520752,1.055416226387024,4.0,2.995601177215576,0.0
600.0,False,True,0.1599999964237213,21.72301483154297,0.23651853203773499,1.3501696586608887,5.0,2.9809226989746094,0.0
600.0,False,True,0.3199999928474426,33.94858932495117,0.1552095115184784,1.5000077486038208,14.0,2.964357376098633,0.0
600.0,False,True,0.5999999642372131,30.405628204345703,0.32034027576446533,1.0060820579528809,8.0,3.1279194355010986,0.0
600.0,False,True,0.9399999976158142,36.58573913574219,0.950474739074707,0.7033284902572632,5.0,3.241523027420044,0.0
600.0,False,True,0.7799999713897705,32.70450210571289,0.21883003413677216,1.633225440979004,13.0,2.8881349563598633,0.0
600.0,False,True,0.2199999988079071,31.433507919311523,0.05914359539747238,1.7798479795455933,14.0,3.0483336448669434,0.0
600.0,False,True,0.85999995470047,31.300657272338867,0.7368832230567932,0.9564810991287231,6.0,3.2405571937561035,0.0
600.0,False,True,0.19999998807907104,29.831941604614258,0.09542443603277206,1.5992207527160645,14.0,3.2127702236175537,0.0
600.0,False,True,0.7999999523162842,27.948720932006836,0.8403114676475525,0.9888466596603394,6.0,3.025790214538574,0.0
600.0,False,True,0.7999999523162842,21.304561614990234,0.2745640277862549,1.662680983543396,6.0,2.6897711753845215,0.0
600.0,False,True,1.1799999475479126,35.17041015625,0.8201989531517029,1.1049078702926636,5.0,3.177910804748535,0.0
600.0,False,True,0.85999995470047,37.978240966796875,1.0157870054244995,0.9080846905708313,5.0,3.210235357284546,0.0
600.0,False,True,0.8199999928474426,36.58711624145508,0.4672313630580902,1.254960060119629,8.0,3.235548496246338,0.0
600.0,False,True,0.6200000047683716,27.8092041015625,0.5057465434074402,0.9426120519638062,6.0,3.1322574615478516,0.0
600.0,False,True,0.19999998807907104,31.64325523376465,0.11199488490819931,1.5625126361846924,14.0,3.239891290664673,0.0
600.0,False,True,1.4199999570846558,33.51534652709961,0.9910523891448975,0.8075623512268066,3.0,3.0340576171875,0.0
600.0,False,True,0.3199999928474426,34.215232849121094,0.1369417905807495,1.5300043821334839,14.0,2.8023509979248047,0.0
600.0,True,False,nan,50.28587341308594,0.11511950194835663,0.9776538014411926,6.0,3.353384494781494,0.0
600.0,True,False,nan,46.0859489440918,0.1267508864402771,0.8277901411056519,5.0,3.564643621444702,0.0
600.0,True,False,nan,50.15970993041992,0.100699782371521,1.2262461185455322,3.0,3.5960118770599365,0.0
600.0,True,False,nan,45.117576599121094,0.15526226162910461,0.9821290373802185,5.0,3.5120229721069336,0.0
600.0,True,False,nan,46.604671478271484,0.3599229156970978,0.7583724856376648,9.0,3.0061733722686768,0.0
600.0,True,False,nan,50.297874450683594,0.31852880120277405,0.8061281442642212,6.0,3.3309173583984375,0.0
600.0,True,False,nan,47.59917068481445,0.33102506399154663,0.6904454231262207,12.0,3.152484178543091,0.0
600.0,True,False,nan,47.00437927246094,0.30586710572242737,0.8563411235809326,7.0,3.3571486473083496,0.0
600.0,True,False,nan,46.613731384277344,0.34710007905960083,0.8935022950172424,3.0,3.325326442718506,0.0
600.0,True,False,nan,45.754981994628906,0.35950490832328796,0.7618057727813721,2.0,3.273768663406372,0.0
600.0,True,False,nan,51.35441970825195,0.29802772402763367,0.9397242665290833,3.0,3.31465482711792,0.0
600.0,True,False,nan,45.376068115234375,0.35894259810447693,0.7330450415611267,9.0,3.0622808933258057,0.0
600.0,True,False,nan,2.2291460037231445,0.0,0.9039785265922546,3.0,0.31972548365592957,0.0
600.0,True,False,nan,5.520770072937012,0.019799131900072098,0.7544479966163635,9.0,1.168698787689209,0.0
600.0,True,False,nan,44.61186599731445,0.23271600902080536,0.8099128603935242,4.0,3.2133495807647705,0.0
600.0,True,False,nan,43.563621520996094,0.14929190278053284,0.923635721206665,6.0,3.246509552001953,0.0
600.0,True,False,nan,46.41666793823242,0.36987677216529846,0.9776518940925598,6.0,2.2773172855377197,90.0
600.0,True,False,nan,45.48686981201172,0.5776316523551941,0.7544441819190979,9.0,3.0915744304656982,90.0
600.0,True,False,nan,46.52738571166992,1.046759009361267,1.7052148580551147,14.0,2.890514850616455,90.0
600.0,True,False,nan,48.66543197631836,1.3187832832336426,1.502349853515625,9.0,2.883366823196411,90.0
600.0,True,False,nan,45.55607223510742,1.3332746028900146,1.0060838460922241,8.0,2.7726993560791016,90.0
600.0,True,False,nan,49.97282791137695,0.5108845233917236,0.8064958453178406,7.0,2.1799871921539307,90.0
600.0,True,False,nan,45.088436126708984,0.6595925092697144,0.8277860879898071,5.0,2.4826207160949707,90.0
600.0,True,False,nan,51.63828659057617,0.9880532026290894,0.8563524484634399,7.0,2.439739942550659,90.0
600.0,True,False,nan,47.269832611083984,0.6819121837615967,0.9397286772727966,3.0,2.6326286792755127,90.0
600.0,True,False,nan,50.94634246826172,1.0520879030227661,1.0554289817810059,4.0,2.431947708129883,90.0
600.0,False,True,1.1999999284744263,30.767061233520508,1.9911484718322754,2.0220842361450195,5.0,3.256894826889038,90.0
600.0,False,True,0.7199999690055847,30.34592628479004,0.457307904958725,0.9039767384529114,3.0,2.4266817569732666,90.0
600.0,False,True,0.699999988079071,25.547794342041016,0.5241289734840393,0.7583800554275513,9.0,2.3913638591766357,90.0
600.0,False,True,1.399999976158142,29.027324676513672,1.132283091545105,0.786297082901001,9.0,2.3128015995025635,90.0
600.0,False,True,1.8799999952316284,29.740367889404297,2.4143130779266357,1.0641783475875854,6.0,2.830756902694702,90.0
600.0,False,True,1.8199999332427979,20.63608741760254,1.9031414985656738,1.366608738899231,9.0,2.9667439460754395,90.0
600.0,False,True,1.1999999284744263,39.52040481567383,1.1444061994552612,0.8099240660667419,4.0,2.9546713829040527,90.0
600.0,False,True,1.459999918937683,23.03416633605957,1.7202646732330322,1.1987258195877075,7.0,2.9507498741149902,90.0
600.0,False,True,1.1799999475479126,23.474918365478516,1.0635395050048828,0.716204047203064,5.0,2.4686100482940674,90.0
600.0,False,True,1.6799999475479126,21.335969924926758,1.7737905979156494,1.4491850137710571,5.0,2.9762258529663086,90.0
600.0,False,True,0.699999988079071,25.78427505493164,0.45868542790412903,0.9821385741233826,5.0,2.215636730194092,90.0
600.0,False,True,1.7599999904632568,28.7431640625,2.5102124214172363,1.3825796842575073,8.0,2.960369348526001,90.0
600.0,False,True,2.319999933242798,29.596559524536133,3.139664888381958,1.632722020149231,7.0,3.068802833557129,90.0
600.0,False,True,1.2999999523162842,34.45122528076172,0.7519267797470093,1.2262369394302368,3.0,2.317237377166748,90.0
600.0,False,True,1.159999966621399,21.2447452545166,0.5361535549163818,0.8935085535049438,3.0,2.2424728870391846,90.0
600.0,False,True,1.6999999284744263,35.58848190307617,2.0990798473358154,1.5584911108016968,5.0,3.23449444770813,90.0
600.0,False,True,1.1399999856948853,18.43040657043457,0.8409295678138733,0.7890331149101257,5.0,2.5709338188171387,90.0
600.0,False,True,1.7799999713897705,25.704431533813477,2.1047699451446533,0.9568666219711304,5.0,2.7510359287261963,90.0
600.0,False,True,0.8399999737739563,23.13396644592285,0.7065629959106445,0.7330474257469177,9.0,2.328841209411621,90.0
600.0,False,True,1.5399999618530273,20.406625747680664,1.9229025840759277,1.0578861236572266,6.0,2.975696325302124,90.0
600.0,False,True,1.4800000190734863,23.169172286987305,2.1120519638061523,1.3192704916000366,5.0,3.015455961227417,90.0
600.0,False,True,1.4199999570846558,29.20232391357422,1.5075973272323608,1.4675277471542358,11.0,2.9768753051757812,90.0
600.0,False,True,1.9799998998641968,26.54201889038086,2.9020206928253174,1.6996514797210693,14.0,3.0240190029144287,90.0
600.0,False,True,1.2799999713897705,27.894275665283203,0.8144484162330627,1.1186299324035645,5.0,2.8693246841430664,90.0
600.0,False,True,1.4800000190734863,34.26139831542969,1.9607584476470947,1.4057344198226929,9.0,3.390660285949707,90.0
600.0,False,True,0.9599999785423279,40.596675872802734,0.8816131353378296,0.8036525249481201,6.0,3.1016664505004883,90.0
600.0,False,True,1.459999918937683,28.318096160888672,1.037132978439331,0.7422190308570862,4.0,2.376142740249634,90.0
600.0,False,True,0.7999999523162842,22.475128173828125,0.6936225295066833,0.7618154287338257,2.0,2.2894139289855957,90.0
600.0,False,True,1.459999918937683,22.499120712280273,2.0865843296051025,1.6794731616973877,7.0,2.8336703777313232,90.0
600.0,False,True,1.5399999618530273,22.63092613220215,1.9911606311798096,1.187347412109375,7.0,3.1107051372528076,90.0
600.0,False,True,1.899999976158142,33.65473175048828,3.3669216632843018,1.502142310142517,11.0,3.3970730304718018,90.0
600.0,False,True,1.4399999380111694,30.188735961914062,1.0879137516021729,0.8013107776641846,4.0,2.4549856185913086,90.0
600.0,False,True,1.6399999856948853,23.059551239013672,1.8793028593063354,1.350159764289856,5.0,2.877811908721924,90.0
600.0,False,True,1.5,33.699241638183594,1.95133638381958,1.500016212463379,14.0,3.0804941654205322,90.0
600.0,False,True,1.1799999475479126,40.10078048706055,1.2528988122940063,0.7973021864891052,4.0,3.1931729316711426,90.0
600.0,False,True,1.3799999952316284,23.265823364257812,1.1566427946090698,0.7033395171165466,5.0,2.4309823513031006,90.0
600.0,False,True,1.2400000095367432,18.547468185424805,1.6549865007400513,1.6332224607467651,13.0,3.094512939453125,90.0
600.0,False,True,0.7799999713897705,25.229812622070312,0.5300387740135193,0.6824999451637268,12.0,2.324352502822876,90.0
600.0,False,True,1.4199999570846558,35.91448974609375,0.7225831151008606,0.9236339330673218,6.0,2.4849014282226562,90.0
600.0,False,True,1.3399999141693115,20.37257194519043,1.9180207252502441,1.7798532247543335,14.0,2.9777355194091797,90.0
600.0,False,True,1.5199999809265137,18.842039108276367,1.5223222970962524,0.9564914107322693,6.0,2.841766119003296,90.0
600.0,False,True,1.2200000286102295,19.187591552734375,1.7350455522537231,1.5992169380187988,14.0,3.081395387649536,90.0
600.0,False,True,1.2200000286102295,19.756996154785156,1.2753745317459106,0.9888543486595154,6.0,2.6612982749938965,90.0
600.0,False,True,1.459999918937683,22.2574405670166,1.9755033254623413,1.6626724004745483,6.0,2.7959001064300537,90.0
600.0,False,True,0.8199999928474426,17.350461959838867,0.5915680527687073,0.8477815389633179,4.0,2.455141305923462,90.0
600.0,False,True,1.159999966621399,41.785823822021484,1.1943954229354858,1.0868767499923706,5.0,3.1014273166656494,90.0
600.0,False,True,1.059999942779541,24.782814025878906,1.1474897861480713,1.1048905849456787,5.0,2.902613401412964,90.0
600.0,False,True,1.0,19.983007431030273,1.0849000215530396,0.9080860614776611,5.0,2.8645076751708984,90.0
600.0,False,True,1.5199999809265137,21.072025299072266,1.9330296516418457,1.2549614906311035,8.0,3.0015296936035156,90.0
600.0,False,True,1.3199999332427979,20.834096908569336,0.6266698837280273,0.9995877146720886,4.0,2.601100206375122,90.0
600.0,False,True,1.2400000095367432,24.4365177154541,1.2753616571426392,0.9425991177558899,6.0,2.7278947830200195,90.0
600.0,False,True,1.5,28.15078353881836,2.3977138996124268,1.562505841255188,14.0,3.063560724258423,90.0
600.0,False,True,0.4399999976158142,14.150284767150879,0.5625931620597839,0.8057125210762024,3.0,2.480402946472168,90.0
600.0,False,True,1.2599999904632568,35.79682159423828,1.6891810894012451,1.5299960374832153,14.0,3.335522174835205,90.0
600.0,True,False,nan,46.416683197021484,0.36987218260765076,0.9776540994644165,6.0,2.277299642562866,90.0
600.0,True,False,nan,1.6007112264633179,0.0,1.5023967027664185,9.0,0.504306435585022,90.0
600.0,True,False,nan,10.815760612487793,0.055388305336236954,1.7052044868469238,14.0,2.4525833129882812,90.0
600.0,True,False,nan,50.109519958496094,0.40740954875946045,0.8563681840896606,7.0,3.333238124847412,180.0
600.0,True,False,nan,51.22634506225586,0.39370137453079224,0.8282814621925354,5.0,3.3806631565093994,180.0
600.0,True,False,nan,51.346099853515625,0.41229721903800964,0.9397252798080444,3.0,3.3371336460113525,180.0
600.0,True,False,nan,45.0010871887207,0.3932573199272156,0.8100470900535583,5.0,3.3305113315582275,180.0
600.0,True,False,nan,46.69844436645508,0.37300392985343933,1.6327327489852905,7.0,3.2894554138183594,180.0
600.0,True,False,nan,45.63181686401367,0.4114508330821991,1.1322284936904907,5.0,3.205004930496216,180.0
600.0,True,False,nan,45.018836975097656,0.4675580561161041,0.7583698034286499,9.0,3.195777654647827,180.0
600.0,True,False,nan,45.67284393310547,0.47351861000061035,2.022064208984375,5.0,3.061121940612793,180.0
600.0,True,False,nan,46.46663284301758,0.6390228867530823,0.8477627635002136,4.0,3.3376142978668213,180.0
600.0,True,False,nan,45.641395568847656,0.5122952461242676,1.4675277471542358,11.0,3.1483473777770996,180.0
600.0,True,False,nan,53.40932083129883,0.7077286839485168,0.6904457807540894,12.0,3.252631664276123,180.0
600.0,True,False,nan,46.428497314453125,0.7035576105117798,1.0865755081176758,5.0,3.180577516555786,180.0
600.0,True,False,nan,45.82967758178711,0.5476909279823303,1.7052102088928223,14.0,3.2020912170410156,180.0
600.0,True,False,nan,46.318660736083984,0.7583370804786682,1.374616265296936,6.0,3.3221709728240967,180.0
600.0,True,False,nan,48.14356231689453,0.7739443182945251,1.5585063695907593,5.0,3.040759325027466,180.0
600.0,True,False,nan,49.084415435791016,0.9345452189445496,1.405735969543457,9.0,3.182051181793213,180.0
600.0,True,False,nan,47.023651123046875,0.9590654969215393,1.3192613124847412,5.0,3.2527518272399902,180.0
600.0,True,False,nan,47.048126220703125,0.9075149893760681,1.5021427869796753,11.0,3.2483975887298584,180.0
600.0,True,False,nan,45.61873245239258,1.0507630109786987,0.7330514788627625,9.0,3.237653970718384,180.0
600.0,True,False,nan,46.301292419433594,2.017331838607788,1.1987202167510986,7.0,3.2633910179138184,180.0
600.0,True,False,nan,48.15495681762695,1.8947348594665527,0.9994550347328186,4.0,3.179015874862671,180.0
600.0,True,False,nan,49.173866271972656,1.5163309574127197,1.5024462938308716,9.0,3.2476556301116943,180.0
600.0,True,False,nan,48.334693908691406,3.0372676849365234,0.9776524901390076,6.0,3.4165830612182617,180.0
600.0,False,True,0.9599999785423279,17.949268341064453,1.3173083066940308,0.9018173813819885,3.0,3.20591402053833,180.0
600.0,False,True,0.9399999976158142,18.402690887451172,1.0713077783584595,0.7863150835037231,9.0,3.3338611125946045,180.0
600.0,False,True,2.200000047683716,37.45880126953125,3.8368031978607178,0.7544499039649963,9.0,3.2418413162231445,180.0
600.0,False,True,0.7199999690055847,14.779542922973633,1.0844265222549438,1.0641709566116333,6.0,3.233834743499756,180.0
600.0,False,True,0.8999999761581421,18.0067138671875,1.3080220222473145,1.3666136264801025,9.0,3.059701919555664,180.0
600.0,False,True,1.559999942779541,24.712615966796875,2.411768674850464,0.8099154829978943,4.0,3.1507761478424072,180.0
600.0,False,True,1.0,13.416406631469727,1.3936302661895752,0.716206431388855,5.0,3.308007001876831,180.0
600.0,False,True,1.159999966621399,25.61446189880371,1.6513731479644775,1.4491900205612183,5.0,3.2625772953033447,180.0
600.0,False,True,1.1399999856948853,15.858633995056152,0.8952047228813171,0.9821444749832153,5.0,3.257127046585083,180.0
600.0,False,True,0.85999995470047,12.341398239135742,0.799701988697052,1.2262262105941772,3.0,3.018463134765625,180.0
600.0,False,True,0.9399999976158142,19.375396728515625,0.8000029921531677,0.8935070633888245,3.0,3.2917165756225586,180.0
600.0,False,True,1.1200000047683716,17.01367950439453,1.2420889139175415,0.789029598236084,5.0,3.1739375591278076,180.0
600.0,False,True,0.8999999761581421,14.345159530639648,1.05652916431427,0.9568649530410767,5.0,3.1082863807678223,180.0
600.0,False,True,0.9199999570846558,12.084310531616211,1.2039179801940918,1.0578811168670654,6.0,3.2525274753570557,180.0
600.0,False,True,0.5600000023841858,15.759526252746582,0.897169828414917,1.699648141860962,14.0,3.13466739654541,180.0
600.0,False,True,1.9199999570846558,30.014450073242188,3.434298038482666,0.8036563396453857,6.0,3.179612159729004,180.0
600.0,False,True,0.9399999976158142,17.237764358520508,1.251865029335022,0.7422201633453369,4.0,3.3630592823028564,180.0
600.0,False,True,1.8399999141693115,31.12380599975586,2.2035155296325684,0.7618127465248108,2.0,3.285599708557129,180.0
600.0,False,True,0.85999995470047,13.483505249023438,0.7965670228004456,1.6794780492782593,7.0,3.0048441886901855,180.0
600.0,False,True,1.2200000286102295,18.06476593017578,1.68134605884552,1.1873493194580078,7.0,3.066699743270874,180.0
600.0,False,True,0.9599999785423279,12.52468490600586,1.2587562799453735,0.8013153076171875,4.0,3.1748414039611816,180.0
600.0,False,True,0.4399999976158142,10.385725975036621,0.45115429162979126,1.0554404258728027,4.0,3.092599868774414,180.0
600.0,False,True,0.8399999737739563,21.72817039489746,1.2488433122634888,1.350161075592041,5.0,3.2023448944091797,180.0
600.0,False,True,1.159999966621399,25.651872634887695,1.7308350801467896,1.5000014305114746,14.0,3.229501485824585,180.0
600.0,False,False,nan,40.544795989990234,5.619198799133301,0.7972931861877441,4.0,3.1964426040649414,180.0
600.0,False,True,1.5199999809265137,21.552003860473633,1.6537774801254272,1.006080985069275,8.0,3.3525378704071045,180.0
600.0,False,True,1.0,18.277280807495117,1.1941899061203003,0.7033331394195557,5.0,3.2162914276123047,180.0
600.0,False,True,0.8199999928474426,21.71105194091797,1.2275114059448242,1.6332229375839233,13.0,3.19797420501709,180.0
600.0,False,True,0.9399999976158142,32.159393310546875,1.2010120153427124,0.9236304759979248,6.0,3.011359691619873,180.0
600.0,False,True,0.85999995470047,21.876651763916016,1.1613562107086182,1.7798609733581543,14.0,3.06278395652771,180.0
600.0,False,True,0.9199999570846558,14.025598526000977,1.2435483932495117,0.956475019454956,6.0,3.2564656734466553,180.0
600.0,False,True,1.1799999475479126,18.789487838745117,1.3766021728515625,1.5992190837860107,14.0,3.1195144653320312,180.0
600.0,False,True,0.8999999761581421,14.070676803588867,1.1325360536575317,0.9888409972190857,6.0,3.161888837814331,180.0
600.0,False,True,0.8199999928474426,12.839099884033203,0.7382998466491699,1.662682056427002,6.0,3.034803628921509,180.0
600.0,False,True,1.5,26.778072357177734,2.328847646713257,1.1049021482467651,5.0,3.261390209197998,180.0
600.0,False,True,0.9399999976158142,13.83607006072998,1.338187575340271,0.9080826640129089,5.0,3.0425257682800293,180.0
600.0,False,True,1.1999999284744263,18.44597816467285,1.5623865127563477,1.2549729347229004,8.0,3.0409398078918457,180.0
600.0,False,True,0.9199999570846558,15.41338062286377,1.1893796920776367,0.9425954222679138,6.0,3.2534165382385254,180.0
600.0,False,True,0.9199999570846558,17.48202896118164,1.1952495574951172,1.5625118017196655,14.0,3.131007432937622,180.0
600.0,False,True,0.9199999570846558,14.108174324035645,0.91192227602005,0.8075228333473206,3.0,3.0747194290161133,180.0
600.0,False,True,1.7799999713897705,29.69847297668457,2.2253193855285645,1.5299934148788452,14.0,3.2394156455993652,180.0
600.0,True,False,nan,50.10918426513672,0.4074130952358246,0.856354296207428,7.0,3.3332440853118896,180.0
600.0,True,False,nan,51.34573745727539,0.4122968018054962,0.9397156238555908,3.0,3.337127447128296,180.0
600.0,True,False,nan,51.22610855102539,0.39382609724998474,0.827789306640625,5.0,3.380707025527954,180.0
600.0,True,False,nan,45.50204849243164,0.42357727885246277,0.8061316013336182,6.0,3.3405847549438477,180.0
600.0,True,False,nan,45.01858139038086,0.4675547182559967,0.7583733201026917,9.0,3.195777177810669,180.0
600.0,True,False,nan,46.69855880737305,0.3730047047138214,1.6327303647994995,7.0,3.2894606590270996,180.0
600.0,True,False,nan,45.63174819946289,0.4114520251750946,1.1322318315505981,5.0,3.205010414123535,180.0
600.0,True,False,nan,45.685157775878906,0.47347307205200195,2.022075891494751,5.0,3.060999870300293,180.0
600.0,True,False,nan,46.428653717041016,0.703555166721344,1.0865871906280518,5.0,3.1805758476257324,180.0
600.0,True,False,nan,45.56450653076172,0.7660961747169495,0.6825006604194641,12.0,3.2537691593170166,180.0
600.0,True,False,nan,4.468789100646973,0.02784685418009758,1.383999228477478,8.0,1.7730982303619385,180.0
600.0,True,False,nan,40.870697021484375,0.6487771272659302,1.5584750175476074,5.0,3.0407822132110596,180.0
600.0,True,False,nan,24.445613861083984,0.3988153338432312,1.3192802667617798,5.0,3.2527530193328857,180.0
600.0,True,False,nan,4.974687099456787,0.006193776149302721,1.4675278663635254,11.0,1.3573615550994873,180.0
600.0,True,False,nan,35.96638488769531,0.4781348407268524,1.405778169631958,9.0,3.181985855102539,180.0
600.0,True,False,nan,4.451882839202881,0.004311742726713419,1.5021439790725708,11.0,1.2737582921981812,180.0
600.0,True,False,nan,21.507802963256836,0.29057005047798157,1.7052109241485596,14.0,3.202097177505493,180.0
600.0,True,False,nan,53.781211853027344,0.2075960636138916,0.827788233757019,5.0,2.542447566986084,270.0
600.0,True,False,nan,48.688716888427734,0.21115481853485107,0.8563629388809204,7.0,2.768425703048706,270.0
600.0,True,False,nan,48.51924514770508,0.19174858927726746,0.8060945272445679,6.0,2.453535318374634,270.0
600.0,True,False,nan,49.793792724609375,0.39949503540992737,0.9397165179252625,3.0,2.888664484024048,270.0
600.0,True,False,nan,51.358970642089844,0.777926504611969,0.7583634853363037,9.0,2.52669358253479,270.0
600.0,True,False,nan,50.64372634887695,0.9271953105926514,1.4675369262695312,11.0,2.8575291633605957,270.0
600.0,True,False,nan,45.12881088256836,1.5910851955413818,0.8036479353904724,6.0,3.0164031982421875,270.0
600.0,True,False,nan,45.74937057495117,0.435718297958374,1.705214023590088,14.0,3.073212146759033,270.0
600.0,True,False,nan,48.76264190673828,0.4119913578033447,1.632705569267273,7.0,2.8600826263427734,270.0
600.0,True,False,nan,48.45331954956055,0.40336909890174866,1.5023772716522217,9.0,2.97288179397583,270.0
600.0,False,True,0.5600000023841858,25.34188461303711,0.39315617084503174,2.0220775604248047,5.0,2.944749355316162,270.0
600.0,False,True,0.6200000047683716,41.258548736572266,0.4089353084564209,0.9021715521812439,3.0,2.655958652496338,270.0
600.0,False,True,0.3400000035762787,13.206557273864746,0.3877420425415039,0.7863174676895142,9.0,2.846329689025879,270.0
600.0,False,True,0.85999995470047,19.721696853637695,0.5661717653274536,0.7544456720352173,9.0,3.268360137939453,270.0
600.0,False,True,0.3400000035762787,13.105456352233887,0.4069758355617523,1.0641838312149048,6.0,3.0260400772094727,270.0
600.0,False,True,0.7999999523162842,24.297807693481445,0.6220556497573853,1.3666061162948608,9.0,3.0658981800079346,270.0
600.0,False,True,0.85999995470047,18.94579315185547,0.5210709571838379,0.8099157810211182,4.0,3.0924901962280273,270.0
600.0,False,True,0.7599999904632568,27.270084381103516,0.59140545129776,1.198724627494812,7.0,2.898536443710327,270.0
600.0,False,True,0.3999999761581421,17.52169418334961,0.4507896900177002,0.7162047028541565,5.0,2.9519002437591553,270.0
600.0,False,True,0.3400000035762787,16.04094696044922,0.3619055449962616,1.449204921722412,5.0,2.921114683151245,270.0
600.0,False,True,0.3199999928474426,18.529970169067383,0.35067489743232727,0.9821314811706543,5.0,2.7088489532470703,270.0
600.0,False,True,0.4399999976158142,22.678653717041016,0.32199203968048096,1.3746201992034912,6.0,2.8489553928375244,270.0
600.0,False,True,0.5199999809265137,22.94774627685547,0.2862102687358856,1.2261656522750854,3.0,2.771026372909546,270.0
600.0,False,True,0.3199999928474426,19.384233474731445,0.2787427306175232,0.8935056328773499,3.0,2.351003885269165,270.0
600.0,False,True,0.8199999928474426,24.15793800354004,0.513759970664978,1.5584938526153564,5.0,2.9488093852996826,270.0
600.0,False,True,0.8399999737739563,22.396608352661133,0.5117978453636169,0.7890362739562988,5.0,2.9405198097229004,270.0
600.0,False,True,0.8399999737739563,22.325855255126953,0.6787269711494446,0.9568575024604797,5.0,3.0479602813720703,270.0
600.0,False,True,0.3199999928474426,17.858919143676758,0.29521575570106506,0.7330477833747864,9.0,2.5348188877105713,270.0
600.0,False,True,0.8399999737739563,16.882606506347656,0.6733049750328064,1.0578693151474,6.0,3.348767042160034,270.0
600.0,False,True,0.8199999928474426,17.334491729736328,0.4861619472503662,1.3192673921585083,5.0,3.199756383895874,270.0
600.0,False,True,0.5799999833106995,17.579927444458008,0.5283999443054199,1.699650526046753,14.0,2.9472498893737793,270.0
600.0,False,True,1.9399999380111694,30.13580322265625,0.7710503339767456,1.1322283744812012,5.0,2.866739273071289,270.0
600.0,False,True,0.7999999523162842,30.50977325439453,0.7390133142471313,1.4057787656784058,9.0,3.1403231620788574,270.0
600.0,False,True,0.3199999928474426,15.644721031188965,0.3919995129108429,0.7423107624053955,4.0,2.685939073562622,270.0
600.0,False,True,0.5199999809265137,17.552621841430664,0.33385297656059265,0.7618151903152466,2.0,2.4318201541900635,270.0
600.0,False,True,0.3799999952316284,16.31590461730957,0.4350923001766205,1.679476261138916,7.0,2.8868448734283447,270.0
600.0,False,True,0.8399999737739563,21.896257400512695,0.8794059157371521,1.1873637437820435,7.0,3.1833324432373047,270.0
600.0,False,True,0.8999999761581421,19.144224166870117,0.9465707540512085,1.5021424293518066,11.0,3.486717462539673,270.0
600.0,False,True,0.5,20.858675003051758,0.40207988023757935,0.8013147711753845,4.0,2.6650307178497314,270.0
600.0,False,True,0.3199999928474426,21.769203186035156,0.32656946778297424,1.055424451828003,4.0,2.739064931869507,270.0
600.0,False,True,0.3199999928474426,15.494890213012695,0.26821956038475037,1.350169062614441,5.0,2.8827502727508545,270.0
600.0,False,True,1.159999966621399,37.79120635986328,0.3825541138648987,0.9776432514190674,6.0,2.065354347229004,270.0
600.0,False,True,0.8399999737739563,28.321277618408203,0.975378155708313,1.5000123977661133,14.0,3.1968865394592285,270.0
600.0,False,True,0.8399999737739563,21.730892181396484,0.6807835698127747,0.7972955107688904,4.0,3.0809433460235596,270.0
600.0,False,True,0.4399999976158142,23.11538314819336,0.2774483263492584,1.0060782432556152,8.0,2.84574556350708,270.0
600.0,False,True,0.3400000035762787,20.94108009338379,0.4557711184024811,0.7033264636993408,5.0,2.8672869205474854,270.0
600.0,False,True,0.8199999928474426,22.687942504882812,0.8046143054962158,1.633225679397583,13.0,3.310924768447876,270.0
600.0,False,True,0.5600000023841858,28.19208335876465,0.28728339076042175,0.6904475688934326,12.0,2.4415910243988037,270.0
600.0,False,True,0.5600000023841858,36.63276672363281,0.3711816072463989,0.9236412644386292,6.0,2.6505911350250244,270.0
600.0,False,True,0.5600000023841858,18.91925621032715,0.45094844698905945,1.7798528671264648,14.0,2.891747236251831,270.0
600.0,False,True,0.8199999928474426,20.721771240234375,0.5555764436721802,0.9564720988273621,6.0,2.917287826538086,270.0
600.0,False,True,0.85999995470047,16.31420135498047,0.6532977223396301,1.599234938621521,14.0,3.2798879146575928,270.0
600.0,False,True,0.8199999928474426,22.141881942749023,0.675421953201294,0.988832414150238,6.0,2.9303839206695557,270.0
600.0,False,True,0.4399999976158142,18.145275115966797,0.39158931374549866,1.6626684665679932,6.0,2.8736412525177,270.0
600.0,False,True,0.47999998927116394,26.74407958984375,0.23771975934505463,0.8477630615234375,4.0,2.8047895431518555,270.0
600.0,False,True,0.7599999904632568,26.077524185180664,0.5965346693992615,1.0865718126296997,5.0,2.8837759494781494,270.0
600.0,False,True,0.3400000035762787,16.733741760253906,0.4268871247768402,1.1049062013626099,5.0,3.061099052429199,270.0
600.0,False,True,0.7999999523162842,22.24661636352539,0.6295741200447083,0.9080877900123596,5.0,3.192253351211548,270.0
600.0,False,True,0.85999995470047,21.794292449951172,0.9333584904670715,1.2549573183059692,8.0,3.186908483505249,270.0
600.0,False,False,nan,29.12146759033203,1.675525188446045,0.9994553923606873,4.0,2.8811264038085938,270.0
600.0,False,True,0.3400000035762787,13.79773235321045,0.3576892614364624,0.9425988793373108,6.0,2.886446714401245,270.0
600.0,False,True,0.8399999737739563,18.83783721923828,0.5494656562805176,1.5624992847442627,14.0,2.929581642150879,270.0
600.0,False,True,0.35999998450279236,23.43335723876953,0.4288804233074188,0.8075283765792847,3.0,2.77487850189209,270.0
600.0,False,True,0.7799999713897705,32.095375061035156,0.8044459223747253,1.529996395111084,14.0,3.17159366607666,270.0
600.0,True,False,nan,53.78086471557617,0.20759734511375427,0.8277884721755981,5.0,2.542445182800293,270.0
650.0,True,False,nan,48.14236831665039,0.13276731967926025,0.9018151760101318,3.0,3.6784143447875977,0.0
650.0,True,False,nan,48.69914627075195,0.1369902342557907,0.8277875781059265,5.0,3.7737233638763428,0.0
650.0,True,False,nan,45.978492736816406,0.14002057909965515,0.9821414351463318,5.0,3.726980686187744,0.0
650.0,True,False,nan,52.49252700805664,0.10757382959127426,1.2262370586395264,3.0,3.6924209594726562,0.0
650.0,True,False,nan,52.3004264831543,0.12683221697807312,0.9776489734649658,6.0,3.6032700538635254,0.0
650.0,True,False,nan,45.37382125854492,0.1216404139995575,0.9236381649971008,6.0,3.3368730545043945,0.0
650.0,True,False,nan,45.45790100097656,0.13966092467308044,0.7544418573379517,9.0,3.217949151992798,0.0
650.0,True,False,nan,45.380714416503906,0.13619191944599152,0.8099166750907898,4.0,3.323267936706543,0.0
650.0,True,False,nan,46.582916259765625,0.17652715742588043,0.8013155460357666,4.0,3.508117198944092,0.0
650.0,True,False,nan,45.598785400390625,0.1842743158340454,0.8064991235733032,7.0,3.43918776512146,0.0
650.0,True,False,nan,47.382991790771484,0.1759377419948578,0.8036676049232483,6.0,3.301090955734253,0.0
650.0,True,False,nan,47.51932907104492,0.37195441126823425,0.7583776116371155,9.0,3.2585649490356445,0.0
650.0,True,False,nan,48.894073486328125,0.3364144265651703,0.6904645562171936,12.0,3.3923022747039795,0.0
650.0,True,False,nan,50.073997497558594,0.35700708627700806,0.8877688646316528,3.0,3.402721405029297,0.0
650.0,True,False,nan,45.15135192871094,0.346913605928421,0.7330511212348938,9.0,3.274152994155884,0.0
650.0,True,False,nan,49.76716232299805,0.359345018863678,0.7618170976638794,2.0,3.5212998390197754,0.0
650.0,True,False,nan,50.441871643066406,0.31953418254852295,0.8563582897186279,7.0,3.3141677379608154,0.0
650.0,True,False,nan,54.77006912231445,0.3110506236553192,0.939725935459137,3.0,3.365100383758545,0.0
650.0,True,False,nan,47.229103088378906,0.3342512249946594,0.8477873802185059,4.0,3.3591861724853516,0.0
650.0,True,False,nan,48.10266876220703,0.29713740944862366,1.1322317123413086,5.0,3.485769748687744,0.0
650.0,True,False,nan,47.78955841064453,0.4488787055015564,0.7422239780426025,4.0,3.519629955291748,0.0
650.0,True,False,nan,49.526527404785156,0.07097761332988739,1.6967304944992065,11.0,3.5067591667175293,0.0
650.0,True,False,nan,50.35683822631836,0.4250938296318054,1.055434226989746,4.0,3.244415521621704,0.0
650.0,True,False,nan,47.84182357788086,0.38225269317626953,0.9994599223136902,4.0,3.2662274837493896,0.0
650.0,True,False,nan,45.41284942626953,0.6101085543632507,0.7972970604896545,4.0,3.3078036308288574,0.0
650.0,True,False,nan,45.08598327636719,0.769745945930481,0.7863242626190186,9.0,3.3132433891296387,0.0
650.0,True,False,nan,45.032047271728516,0.536999523639679,1.0865846872329712,5.0,3.3146395683288574,0.0
650.0,True,False,nan,45.676422119140625,0.3442954421043396,1.5584778785705566,5.0,3.170548677444458,0.0
650.0,True,False,nan,52.10274124145508,1.4999713897705078,0.7162086963653564,5.0,3.744347095489502,0.0
650.0,True,False,nan,45.342864990234375,1.036638855934143,1.1048996448516846,5.0,3.3519434928894043,0.0
650.0,True,False,nan,50.05438995361328,0.9287939071655273,1.5019805431365967,11.0,3.0083811283111572,0.0
650.0,False,True,0.9599999785423279,30.014497756958008,0.04514992982149124,2.0220768451690674,5.0,2.958451509475708,0.0
650.0,False,True,0.6200000047683716,27.704042434692383,0.5125755667686462,1.0641636848449707,6.0,3.198796033859253,0.0
650.0,False,True,0.8399999737739563,37.55137634277344,0.4576147794723511,1.366603136062622,9.0,3.4443180561065674,0.0
650.0,False,True,0.5999999642372131,38.704559326171875,0.3740531802177429,1.1987305879592896,7.0,3.4203855991363525,0.0
650.0,False,True,0.4399999976158142,26.283552169799805,0.10695881396532059,1.5024410486221313,9.0,3.2846949100494385,0.0
650.0,False,True,0.5399999618530273,25.48691177368164,0.2760436236858368,1.4492007493972778,5.0,3.392869234085083,0.0
650.0,False,True,0.35999998450279236,27.80404281616211,0.23221977055072784,1.383994460105896,8.0,3.494702100753784,0.0
650.0,False,True,0.5600000023841858,34.52002716064453,0.11540859192609787,1.6327176094055176,7.0,3.390305757522583,0.0
650.0,False,True,1.4199999570846558,37.78700637817383,0.9868627786636353,0.7890295386314392,5.0,3.495199203491211,0.0
650.0,False,True,0.8199999928474426,29.552316665649414,1.1288719177246094,0.9568562507629395,5.0,3.377303123474121,0.0
650.0,False,True,0.6200000047683716,34.21612548828125,0.48081591725349426,1.0578862428665161,6.0,3.537881851196289,0.0
650.0,False,True,1.399999976158142,31.28326416015625,0.6491114497184753,1.3192633390426636,5.0,3.285271167755127,0.0
650.0,False,True,1.0399999618530273,40.6468391418457,0.3919936418533325,1.4675358533859253,11.0,3.2634570598602295,0.0
650.0,False,True,0.19999998807907104,29.468591690063477,0.08965521305799484,1.6996463537216187,14.0,3.323878526687622,0.0
650.0,False,True,0.5999999642372131,38.82021713256836,0.30303430557250977,1.4057453870773315,9.0,3.21120285987854,0.0
650.0,False,True,0.7999999523162842,28.185562133789062,0.38341063261032104,1.6794793605804443,7.0,3.1328020095825195,0.0
650.0,False,True,0.5999999642372131,39.59136199951172,0.5164719223976135,1.1873412132263184,7.0,3.477205514907837,0.0
650.0,False,True,0.5600000023841858,23.43280601501465,0.30270230770111084,1.3501756191253662,5.0,3.0880024433135986,0.0
650.0,False,True,0.29999998211860657,37.68340301513672,0.18515199422836304,1.5000096559524536,14.0,3.16025710105896,0.0
650.0,False,True,0.5999999642372131,36.75164794921875,0.4875107407569885,1.00608229637146,8.0,3.2177693843841553,0.0
650.0,False,True,0.8999999761581421,39.193695068359375,1.1132251024246216,0.7033394575119019,5.0,3.4936070442199707,0.0
650.0,False,True,0.7999999523162842,34.806068420410156,0.29120245575904846,1.6332200765609741,13.0,3.0521867275238037,0.0
650.0,False,True,0.23999999463558197,32.85744857788086,0.09036020189523697,1.779853343963623,14.0,3.208704710006714,0.0
650.0,False,True,0.8999999761581421,34.18045425415039,0.7410598993301392,0.9564851522445679,6.0,3.5156633853912354,0.0
650.0,False,True,0.19999998807907104,32.3740119934082,0.13067449629306793,1.599229097366333,14.0,3.397196054458618,0.0
650.0,False,True,0.7999999523162842,31.01083755493164,0.960766077041626,0.9888375997543335,6.0,3.322202444076538,0.0
650.0,False,True,0.7400000095367432,25.20481300354004,0.4013209342956543,1.6626704931259155,6.0,2.965059995651245,0.0
650.0,False,True,0.8999999761581421,40.634037017822266,0.8488379120826721,0.9080842733383179,5.0,3.3807950019836426,0.0
650.0,False,True,0.85999995470047,39.22953414916992,0.5631012320518494,1.2549525499343872,8.0,3.456688165664673,0.0
650.0,False,True,0.6200000047683716,29.42690086364746,0.606688380241394,0.9425942301750183,6.0,3.2262206077575684,0.0
650.0,False,True,0.2199999988079071,34.35485076904297,0.14307574927806854,1.5625070333480835,14.0,3.4841506481170654,0.0
650.0,False,True,0.9399999976158142,39.574398040771484,1.0033237934112549,0.8075242638587952,3.0,3.1139161586761475,0.0
650.0,False,True,0.5600000023841858,35.519744873046875,0.17235277593135834,1.5299971103668213,14.0,3.0013792514801025,0.0
650.0,True,False,nan,52.29991149902344,0.12683244049549103,0.9776431322097778,6.0,3.60326886177063,0.0
650.0,True,False,nan,48.699485778808594,0.13699039816856384,0.8277884721755981,5.0,3.7737343311309814,0.0
650.0,True,False,nan,52.49245071411133,0.10757293552160263,1.2262301445007324,3.0,3.6924400329589844,0.0
650.0,True,False,nan,45.3936653137207,0.18421630561351776,0.8061279058456421,6.0,3.423933982849121,0.0
650.0,True,False,nan,48.14229202270508,0.1327665150165558,0.9018104076385498,3.0,3.6784205436706543,0.0
650.0,True,False,nan,45.97846221923828,0.14002056419849396,0.9821414351463318,5.0,3.726978302001953,0.0
650.0,True,False,nan,45.37379837036133,0.12164025008678436,0.9236365556716919,6.0,3.3368513584136963,0.0
650.0,True,False,nan,46.582977294921875,0.17652687430381775,0.8013218641281128,4.0,3.5081207752227783,0.0
650.0,True,False,nan,47.51948547363281,0.371953547000885,0.7583670616149902,9.0,3.258563280105591,0.0
650.0,True,False,nan,48.76171112060547,0.3388180434703827,0.6824976205825806,12.0,3.3925814628601074,0.0
650.0,True,False,nan,50.44232940673828,0.31953275203704834,0.8563632369041443,7.0,3.314171075820923,0.0
650.0,True,False,nan,50.88103103637695,0.3568926453590393,0.893505334854126,3.0,3.369175434112549,0.0
650.0,True,False,nan,49.76718521118164,0.35934606194496155,0.7618152499198914,2.0,3.5212972164154053,0.0
650.0,True,False,nan,45.15161895751953,0.3469141125679016,0.7330482006072998,9.0,3.274155616760254,0.0
650.0,True,False,nan,54.77022171020508,0.3110524117946625,0.9397222399711609,3.0,3.365098476409912,0.0
650.0,True,False,nan,45.38084030151367,0.13619160652160645,0.8099091053009033,4.0,3.3232779502868652,0.0
650.0,True,False,nan,45.457786560058594,0.13965971767902374,0.7544474005699158,9.0,3.2179412841796875,0.0
650.0,True,False,nan,6.089271545410156,0.020050296559929848,0.7863091230392456,9.0,1.1549564599990845,0.0
650.0,True,False,nan,3.13437819480896,0.0,1.1322298049926758,5.0,0.42540979385375977,0.0
650.0,True,False,nan,40.525413513183594,0.30523693561553955,0.7422207593917847,4.0,3.5196309089660645,0.0
650.0,True,False,nan,40.445186614990234,0.33190131187438965,1.0554192066192627,4.0,3.244398593902588,0.0
650.0,True,False,nan,13.24520206451416,0.05606860667467117,0.7972972393035889,4.0,2.0111889839172363,0.0
650.0,True,False,nan,9.405440330505371,0.04784531518816948,0.8477859497070312,4.0,1.9543243646621704,0.0
650.0,True,False,nan,3.572537422180176,0.004259352572262287,1.086862564086914,5.0,1.3696010112762451,0.0
650.0,True,False,nan,51.04786682128906,0.38630980253219604,0.9776516556739807,6.0,2.5233423709869385,90.0
650.0,True,False,nan,47.46613311767578,0.6086432933807373,0.754447877407074,9.0,3.237086057662964,90.0
650.0,True,False,nan,47.70741271972656,0.38640695810317993,0.8277865648269653,5.0,2.6891977787017822,90.0
650.0,True,False,nan,47.14602279663086,0.5817908048629761,1.0868631601333618,5.0,3.3818399906158447,90.0
650.0,True,False,nan,46.02120590209961,0.6485241651535034,0.8099179267883301,4.0,3.1948156356811523,90.0
650.0,True,False,nan,47.659523010253906,0.5800414085388184,0.8036695122718811,6.0,3.3389556407928467,90.0
650.0,True,False,nan,48.572566986083984,0.4345088303089142,1.705212116241455,14.0,3.126338243484497,90.0
650.0,True,False,nan,47.96700668334961,0.6780261993408203,0.797303318977356,4.0,3.3785879611968994,90.0
650.0,True,False,nan,46.61744689941406,0.5484222173690796,1.5585010051727295,5.0,3.3904500007629395,90.0
650.0,True,False,nan,45.14358139038086,0.7423481345176697,1.5019867420196533,11.0,3.556241750717163,90.0
650.0,True,False,nan,46.18998336791992,1.3877346515655518,2.0220813751220703,5.0,3.500136613845825,90.0
650.0,True,False,nan,48.089481353759766,1.5097311735153198,1.5024365186691284,9.0,3.1481988430023193,90.0
650.0,True,False,nan,45.36956787109375,0.7393322587013245,0.690464198589325,12.0,2.5518479347229004,90.0
650.0,True,False,nan,45.67138671875,1.5926930904388428,1.6327022314071655,7.0,3.2775826454162598,90.0
650.0,True,False,nan,47.46247100830078,0.8975666761398315,0.8563603758811951,7.0,2.609717607498169,90.0
650.0,True,False,nan,45.31407165527344,1.1890062093734741,0.7863097190856934,9.0,2.49830961227417,90.0
650.0,True,False,nan,45.26234436035156,1.0927613973617554,0.9397250413894653,3.0,2.92710280418396,90.0
650.0,True,False,nan,46.776153564453125,1.1386563777923584,1.4675346612930298,11.0,3.1186814308166504,90.0
650.0,True,False,nan,49.36708450317383,1.020301103591919,0.7618125677108765,2.0,2.4725048542022705,90.0
650.0,True,False,nan,46.81293487548828,0.922554075717926,1.1322346925735474,5.0,3.127674102783203,90.0
650.0,True,False,nan,47.697906494140625,0.9420676827430725,0.847785234451294,4.0,2.6832191944122314,90.0
650.0,True,False,nan,46.19254684448242,2.228886842727661,0.9568606019020081,5.0,2.9953298568725586,90.0
650.0,True,False,nan,47.17831802368164,2.2369472980499268,1.6626789569854736,6.0,3.075599193572998,90.0
650.0,True,False,nan,50.16776657104492,0.7342324256896973,0.9994586110115051,4.0,2.8066680431365967,90.0
650.0,True,False,nan,45.26701354980469,1.320464015007019,0.8064977526664734,7.0,2.3760509490966797,90.0
650.0,False,True,1.6200000047683716,35.814613342285156,0.8343282341957092,0.9021896123886108,3.0,2.5866475105285645,90.0
650.0,False,False,nan,30.2402286529541,1.5276867151260376,0.7583763003349304,9.0,2.5829288959503174,90.0
650.0,False,True,1.6200000047683716,18.000141143798828,1.7903016805648804,1.0642063617706299,6.0,3.07346773147583,90.0
650.0,False,True,1.8799999952316284,24.385805130004883,2.1771113872528076,1.3673827648162842,10.0,3.2487058639526367,90.0
650.0,False,True,1.459999918937683,27.0697021484375,1.9051616191864014,1.198732852935791,7.0,3.164914131164551,90.0
650.0,False,True,1.0799999237060547,25.957439422607422,1.1463232040405273,0.7162017822265625,5.0,2.6712536811828613,90.0
650.0,False,True,1.7799999713897705,28.315462112426758,2.600454092025757,1.4491902589797974,5.0,3.238115072250366,90.0
650.0,False,True,1.3399999141693115,29.779993057250977,0.5991548299789429,0.9821333885192871,5.0,2.3924520015716553,90.0
650.0,False,True,2.3999998569488525,36.71652603149414,3.7001020908355713,1.3825666904449463,8.0,3.2416293621063232,90.0
650.0,False,True,2.0999999046325684,39.64251708984375,1.5687557458877563,1.2262417078018188,3.0,2.52003812789917,90.0
650.0,False,True,0.699999988079071,22.27664566040039,0.6661643385887146,0.893500566482544,3.0,2.3968570232391357,90.0
650.0,False,True,1.1799999475479126,20.602853775024414,0.91225266456604,0.7890378832817078,5.0,2.6831870079040527,90.0
650.0,False,True,2.059999942779541,29.828378677368164,1.1039347648620605,0.7330482602119446,9.0,2.505124092102051,90.0
650.0,False,True,1.899999976158142,22.71120834350586,2.5120341777801514,1.0579354763031006,6.0,3.2840020656585693,90.0
650.0,False,True,1.7599999904632568,28.65338897705078,2.7710273265838623,1.3192634582519531,5.0,3.244335651397705,90.0
650.0,False,True,1.4800000190734863,23.679943084716797,2.584041118621826,1.6996629238128662,14.0,3.2605984210968018,90.0
650.0,False,False,nan,43.695369720458984,3.744717597961426,1.4057395458221436,9.0,3.418869972229004,90.0
650.0,False,True,1.5,24.36834716796875,1.312326192855835,0.7422215938568115,4.0,2.559264898300171,90.0
650.0,False,True,1.7999999523162842,26.133054733276367,2.760159969329834,1.6794759035110474,7.0,3.091911554336548,90.0
650.0,False,True,1.7999999523162842,30.146085739135742,2.484135627746582,1.1873356103897095,7.0,3.3412578105926514,90.0
650.0,False,True,1.0799999237060547,31.98282241821289,0.9662699699401855,0.8013190627098083,4.0,2.6246883869171143,90.0
650.0,False,True,1.3600000143051147,16.46820068359375,0.6485527753829956,1.055420160293579,4.0,2.6312854290008545,90.0
650.0,False,False,nan,38.115596771240234,4.3787760734558105,1.3501728773117065,5.0,3.101341485977173,90.0
650.0,False,True,1.5799999237060547,41.33247756958008,2.220046043395996,1.5000108480453491,14.0,3.3402745723724365,90.0
650.0,False,True,1.4199999570846558,22.182937622070312,1.5295612812042236,1.0060826539993286,8.0,2.9435787200927734,90.0
650.0,False,True,1.1200000047683716,20.93732452392578,1.1916462182998657,0.7033237218856812,5.0,2.610808849334717,90.0
650.0,False,True,1.5,29.517288208007812,2.0686252117156982,1.6332238912582397,13.0,3.3507466316223145,90.0
650.0,False,True,1.4800000190734863,31.009008407592773,0.8465458750724792,0.9236305356025696,6.0,2.706206798553467,90.0
650.0,False,True,1.3199999332427979,24.92793083190918,1.987196445465088,1.77982497215271,14.0,3.1977195739746094,90.0
650.0,False,True,1.4800000190734863,21.24207878112793,1.5097328424453735,0.956480860710144,6.0,3.0804495811462402,90.0
650.0,False,True,1.5,23.659229278564453,2.170830249786377,1.5992157459259033,14.0,3.2984280586242676,90.0
650.0,False,True,1.1399999856948853,20.280277252197266,1.2575019598007202,0.9888311624526978,6.0,2.888181686401367,90.0
650.0,False,True,1.059999942779541,30.577695846557617,1.316254734992981,1.1048942804336548,5.0,3.157057046890259,90.0
650.0,False,True,1.1200000047683716,24.73015594482422,1.4309407472610474,0.9080895185470581,5.0,3.153379201889038,90.0
650.0,False,True,1.5399999618530273,25.330224990844727,2.346142292022705,1.2549532651901245,8.0,3.3270928859710693,90.0
650.0,False,True,1.399999976158142,21.81613540649414,1.5407016277313232,0.9426144361495972,6.0,3.0044236183166504,90.0
650.0,False,True,1.4800000190734863,19.292821884155273,2.3675034046173096,1.5625048875808716,14.0,3.292952060699463,90.0
650.0,False,True,1.0399999618530273,17.516897201538086,0.7004486918449402,0.8074917793273926,3.0,2.6863324642181396,90.0
650.0,False,True,1.7999999523162842,44.82972717285156,2.981452465057373,1.5299897193908691,14.0,3.542823314666748,90.0
650.0,True,False,nan,51.04863357543945,0.3863126039505005,0.9776564836502075,6.0,2.523341417312622,90.0
650.0,True,False,nan,1.6005890369415283,0.0,1.502382755279541,9.0,0.5446633696556091,90.0
650.0,True,False,nan,13.703106880187988,0.1978614628314972,0.8277885913848877,5.0,2.6891939640045166,90.0
650.0,True,False,nan,2.0265164375305176,0.0,1.5584979057312012,5.0,0.0,90.0
650.0,True,False,nan,39.50106430053711,0.41712671518325806,1.705208420753479,14.0,3.126330614089966,90.0
650.0,True,False,nan,31.30000114440918,0.4940309524536133,1.0868624448776245,5.0,3.3819291591644287,90.0
650.0,True,False,nan,47.083221435546875,0.41197991371154785,0.8563591241836548,7.0,3.5606088638305664,180.0
650.0,True,False,nan,48.73982620239258,0.4269680380821228,0.7583736181259155,9.0,3.4119255542755127,180.0
650.0,True,False,nan,52.31510925292969,0.4125833511352539,0.8277899026870728,5.0,3.709838628768921,180.0
650.0,True,False,nan,54.12089157104492,0.43551746010780334,0.939714789390564,3.0,3.6558704376220703,180.0
650.0,True,False,nan,49.41196823120117,0.41654860973358154,0.8100468516349792,5.0,3.61966872215271,180.0
650.0,True,False,nan,45.78722381591797,0.436064749956131,1.3786184787750244,6.0,3.5814402103424072,180.0
650.0,True,False,nan,49.389068603515625,0.3845486342906952,1.632723093032837,7.0,3.5463106632232666,180.0
650.0,True,False,nan,49.34397888183594,0.43513694405555725,1.1322283744812012,5.0,3.516824960708618,180.0
650.0,True,False,nan,51.96271896362305,0.5069894194602966,0.847780168056488,4.0,3.563375234603882,180.0
650.0,True,False,nan,45.90474319458008,0.36661022901535034,2.022078514099121,5.0,3.2814524173736572,180.0
650.0,True,False,nan,45.24699401855469,0.5304484963417053,0.6904451847076416,12.0,3.497992753982544,180.0
650.0,True,False,nan,47.72336959838867,0.5162371397018433,1.086575984954834,5.0,3.477973461151123,180.0
650.0,True,False,nan,49.46989059448242,0.524530291557312,1.1987348794937134,7.0,3.484117269515991,180.0
650.0,True,False,nan,47.146827697753906,0.47941911220550537,1.5584906339645386,5.0,3.3256919384002686,180.0
650.0,True,False,nan,46.590354919433594,0.4473576843738556,1.467530369758606,11.0,3.4906280040740967,180.0
650.0,True,False,nan,47.100059509277344,0.5217312574386597,1.4057904481887817,9.0,3.3863539695739746,180.0
650.0,True,False,nan,47.936214447021484,0.4535703957080841,1.7052090167999268,14.0,3.4790844917297363,180.0
650.0,True,False,nan,45.783634185791016,0.48886728286743164,0.9994590282440186,4.0,3.3626461029052734,180.0
650.0,True,False,nan,45.74763107299805,0.6435143351554871,0.7330467700958252,9.0,3.5139479637145996,180.0
650.0,True,False,nan,45.928531646728516,0.5616281032562256,1.31926691532135,5.0,3.466637372970581,180.0
650.0,True,False,nan,45.94136428833008,0.5962752103805542,1.5024354457855225,9.0,3.5372352600097656,180.0
650.0,True,False,nan,47.71261978149414,0.7149113416671753,0.7618046402931213,2.0,3.6153781414031982,180.0
650.0,True,False,nan,45.8129768371582,0.5746054649353027,0.9776387810707092,6.0,3.6386635303497314,180.0
650.0,True,False,nan,47.27436828613281,0.7053631544113159,1.0060834884643555,8.0,3.644028663635254,180.0
650.0,True,False,nan,46.02920913696289,0.5643373727798462,0.9236384630203247,6.0,3.3111417293548584,180.0
650.0,True,False,nan,45.427467346191406,0.7691680192947388,1.104907751083374,5.0,3.4376420974731445,180.0
650.0,True,False,nan,47.313926696777344,0.6165816187858582,1.679468035697937,7.0,3.272582530975342,180.0
650.0,True,False,nan,46.33013153076172,0.9042751789093018,1.5021462440490723,11.0,3.3625917434692383,180.0
650.0,True,False,nan,46.33099365234375,1.230708360671997,0.7972998023033142,4.0,3.3751718997955322,180.0
650.0,True,False,nan,45.29713439941406,1.0443012714385986,1.4491909742355347,5.0,3.516611099243164,180.0
650.0,True,False,nan,46.408329010009766,1.3118656873703003,0.7544411420822144,9.0,3.407738208770752,180.0
650.0,True,False,nan,46.732872009277344,1.2626066207885742,0.8099188804626465,4.0,3.2939987182617188,180.0
650.0,True,False,nan,48.25667190551758,0.9136390089988708,1.662663459777832,6.0,3.294656753540039,180.0
650.0,True,False,nan,46.04270935058594,1.6133368015289307,0.8036450743675232,6.0,3.4316675662994385,180.0
650.0,True,False,nan,47.278953552246094,1.516161561012268,0.9039726257324219,3.0,3.3314831256866455,180.0
650.0,True,False,nan,46.28453063964844,3.334097146987915,1.3501681089401245,5.0,3.4992563724517822,180.0
650.0,False,True,0.9599999785423279,18.290071487426758,1.3484753370285034,0.786307156085968,9.0,3.5674896240234375,180.0
650.0,False,True,0.7599999904632568,15.210939407348633,1.289103627204895,1.0641674995422363,6.0,3.499502182006836,180.0
650.0,False,True,1.1200000047683716,26.994020462036133,1.8814239501953125,1.3666050434112549,9.0,3.1813621520996094,180.0
650.0,False,True,1.1200000047683716,15.526104927062988,1.6593338251113892,0.7162019610404968,5.0,3.493612289428711,180.0
650.0,False,True,0.9199999570846558,13.837639808654785,1.1053998470306396,0.9821493029594421,5.0,3.4426352977752686,180.0
650.0,False,True,0.9399999976158142,23.763303756713867,1.2102065086364746,1.2262294292449951,3.0,3.413478136062622,180.0
650.0,False,True,0.7599999904632568,16.173643112182617,1.046431541442871,0.8935055732727051,3.0,3.514932155609131,180.0
650.0,False,True,1.0,15.583946228027344,1.5008726119995117,0.7890324592590332,5.0,3.3251736164093018,180.0
650.0,False,True,0.9799999594688416,15.040472984313965,1.2509490251541138,0.95685875415802,5.0,3.37538480758667,180.0
650.0,False,True,1.2599999904632568,16.028348922729492,1.7265002727508545,1.057881474494934,6.0,3.45880126953125,180.0
650.0,False,True,0.8999999761581421,19.21971321105957,1.2595882415771484,1.699651837348938,14.0,3.2908289432525635,180.0
650.0,False,True,1.3399999141693115,19.97396469116211,1.8409391641616821,0.7423139810562134,4.0,3.595388650894165,180.0
650.0,False,True,1.4800000190734863,28.03426742553711,2.441201686859131,1.1873332262039185,7.0,3.330768346786499,180.0
650.0,False,True,1.2599999904632568,16.170909881591797,1.6944235563278198,0.801307737827301,4.0,3.2785160541534424,180.0
650.0,False,True,1.1200000047683716,16.79071044921875,0.7397879362106323,1.055424451828003,4.0,3.3034493923187256,180.0
650.0,False,True,1.7799999713897705,30.465011596679688,2.7175674438476562,1.500009298324585,14.0,3.408539056777954,180.0
650.0,False,True,1.0,15.318511009216309,1.4517332315444946,0.7033396363258362,5.0,3.3930716514587402,180.0
650.0,False,True,1.1399999856948853,26.671476364135742,1.9065967798233032,1.633227825164795,13.0,3.3575940132141113,180.0
650.0,False,True,1.1200000047683716,26.83439826965332,1.7532316446304321,1.779831886291504,14.0,3.3091259002685547,180.0
650.0,False,True,1.1200000047683716,15.208207130432129,1.6656391620635986,0.9564866423606873,6.0,3.484804391860962,180.0
650.0,False,True,1.1999999284744263,24.48564910888672,2.01550030708313,1.5993114709854126,14.0,3.2961604595184326,180.0
650.0,False,True,0.8799999952316284,13.857759475708008,1.3159284591674805,0.9888314008712769,6.0,3.343367576599121,180.0
650.0,False,True,1.2400000095367432,17.5935001373291,1.763845443725586,0.9080716967582703,5.0,3.2171082496643066,180.0
650.0,False,True,1.4800000190734863,25.162349700927734,2.0153892040252686,1.2549630403518677,8.0,3.308560371398926,180.0
650.0,False,True,0.9599999785423279,17.070568084716797,1.4477519989013672,0.9426190257072449,6.0,3.5223147869110107,180.0
650.0,False,True,0.8999999761581421,22.699474334716797,1.5831630229949951,1.5625075101852417,14.0,3.3283355236053467,180.0
650.0,False,True,1.1999999284744263,17.709157943725586,1.1743576526641846,0.8075306415557861,3.0,3.3356592655181885,180.0
650.0,False,True,2.1399998664855957,31.570859909057617,4.04899787902832,1.5299948453903198,14.0,3.477637529373169,180.0
650.0,True,False,nan,47.08332443237305,0.41198164224624634,0.8563461303710938,7.0,3.5606095790863037,180.0
650.0,True,False,nan,52.31481170654297,0.4125838577747345,0.8277889490127563,5.0,3.7098441123962402,180.0
650.0,True,False,nan,54.12085723876953,0.4355177581310272,0.9397159814834595,3.0,3.655874729156494,180.0
650.0,True,False,nan,48.43768310546875,0.419189453125,0.8064994215965271,7.0,3.6137516498565674,180.0
650.0,True,False,nan,48.74009704589844,0.4269706904888153,0.7583702206611633,9.0,3.411921501159668,180.0
650.0,True,False,nan,51.963531494140625,0.506982147693634,0.8477791547775269,4.0,3.5633785724639893,180.0
650.0,True,False,nan,49.388790130615234,0.38454484939575195,1.6327345371246338,7.0,3.546306610107422,180.0
650.0,True,False,nan,49.34416580200195,0.4351363182067871,1.1322283744812012,5.0,3.51682186126709,180.0
650.0,True,False,nan,45.248626708984375,0.5304478406906128,0.6904638409614563,12.0,3.4980437755584717,180.0
650.0,True,False,nan,51.09303665161133,0.4689062237739563,1.3825578689575195,8.0,3.5944671630859375,180.0
650.0,True,False,nan,45.90497589111328,0.3666083514690399,2.022073745727539,5.0,3.281440258026123,180.0
650.0,True,False,nan,47.92958068847656,0.4535878598690033,1.705203890800476,14.0,3.4790539741516113,180.0
650.0,True,False,nan,47.723106384277344,0.5162391662597656,1.086567997932434,5.0,3.4779648780822754,180.0
650.0,True,False,nan,46.59049987792969,0.4473584294319153,1.467531442642212,11.0,3.490626096725464,180.0
650.0,True,False,nan,47.14673614501953,0.4794163703918457,1.5585038661956787,5.0,3.3256773948669434,180.0
650.0,True,False,nan,45.748008728027344,0.6435133814811707,0.7330518364906311,9.0,3.5139501094818115,180.0
650.0,True,False,nan,49.4696044921875,0.5245301723480225,1.1987301111221313,7.0,3.4841158390045166,180.0
650.0,True,False,nan,45.92816162109375,0.5616291761398315,1.3192646503448486,5.0,3.4666407108306885,180.0
650.0,True,False,nan,47.09199523925781,0.5217912793159485,1.4057457447052002,9.0,3.3865199089050293,180.0
650.0,True,False,nan,47.71307373046875,0.7149050831794739,0.7618184089660645,2.0,3.615382432937622,180.0
650.0,True,False,nan,45.813392639160156,0.5746009945869446,0.9776531457901001,6.0,3.6386616230010986,180.0
650.0,True,False,nan,45.42721176147461,0.7691751718521118,1.1048980951309204,5.0,3.437659740447998,180.0
650.0,True,False,nan,28.469013214111328,0.39990097284317017,1.5023876428604126,9.0,3.537231206893921,180.0
650.0,True,False,nan,3.855544090270996,0.18909306824207306,0.8036559224128723,6.0,3.260549306869507,180.0
650.0,True,False,nan,5.4888014793396,0.14094336330890656,1.6794753074645996,7.0,3.199439525604248,180.0
650.0,True,False,nan,36.15239715576172,0.6036977767944336,1.5021415948867798,11.0,3.362590789794922,180.0
650.0,True,False,nan,19.57754135131836,0.49292922019958496,0.7972965240478516,4.0,3.375187397003174,180.0
650.0,True,False,nan,8.925570487976074,0.22026559710502625,1.006081223487854,7.0,3.644031047821045,180.0
650.0,True,False,nan,5.299938678741455,0.20664946734905243,1.662670612335205,6.0,3.294656991958618,180.0
650.0,True,False,nan,38.29929733276367,0.4637652039527893,0.9994567036628723,4.0,3.362661361694336,180.0
650.0,True,False,nan,46.0674934387207,0.22795195877552032,0.8277868628501892,5.0,2.750290870666504,270.0
650.0,True,False,nan,46.37226486206055,0.26094919443130493,0.9397215247154236,3.0,3.1360926628112793,270.0
650.0,True,False,nan,49.57699966430664,0.2368331253528595,0.8563615679740906,7.0,3.0041041374206543,270.0
650.0,True,False,nan,48.562339782714844,0.22597862780094147,0.7583690881729126,9.0,2.734924793243408,270.0
650.0,True,False,nan,52.133453369140625,0.2130911946296692,0.8064972758293152,7.0,2.6905722618103027,270.0
650.0,True,False,nan,45.49861145019531,0.30771076679229736,0.9236336350440979,6.0,2.8923966884613037,270.0
650.0,True,False,nan,51.00701141357422,0.30562472343444824,0.902173638343811,3.0,2.7322800159454346,270.0
650.0,True,False,nan,45.764896392822266,0.15685804188251495,1.696733832359314,11.0,3.3241655826568604,270.0
650.0,True,False,nan,49.25492858886719,0.19175922870635986,0.9776515960693359,6.0,2.2041733264923096,270.0
650.0,True,False,nan,51.07798385620117,0.9612672924995422,0.6904447078704834,12.0,2.7096266746520996,270.0
650.0,True,False,nan,50.273353576660156,0.6033709049224854,1.5024383068084717,9.0,3.231351852416992,270.0
650.0,True,False,nan,45.06958770751953,0.7132948040962219,0.8477832078933716,4.0,3.054269552230835,270.0
650.0,False,True,0.8199999928474426,35.37709426879883,0.571148157119751,2.0220823287963867,5.0,3.085322856903076,270.0
650.0,False,True,0.4599999785423279,16.21980094909668,0.4541495442390442,0.7863158583641052,9.0,2.8988776206970215,270.0
650.0,False,True,0.8199999928474426,22.21220588684082,0.602439284324646,0.7544524669647217,9.0,3.122852087020874,270.0
650.0,False,True,0.8199999928474426,15.781943321228027,0.6338016986846924,1.064162015914917,6.0,3.2082712650299072,270.0
650.0,False,True,0.7799999713897705,30.337989807128906,0.8039126992225647,1.3666138648986816,9.0,3.0965359210968018,270.0
650.0,False,True,0.8199999928474426,22.032121658325195,0.6809312105178833,0.809916079044342,4.0,3.1798477172851562,270.0
650.0,False,True,0.7999999523162842,31.034700393676758,0.8558057546615601,1.1987382173538208,7.0,3.1412367820739746,270.0
650.0,False,True,0.6200000047683716,21.501039505004883,0.5632654428482056,0.7162009477615356,5.0,3.0532479286193848,270.0
650.0,False,True,0.8199999928474426,19.730337142944336,0.5827751755714417,1.4491968154907227,5.0,3.1198389530181885,270.0
650.0,False,True,0.3199999928474426,22.932830810546875,0.3918667137622833,0.9821479320526123,5.0,2.7365949153900146,270.0
650.0,False,True,0.7799999713897705,27.960805892944336,0.645710289478302,1.3825623989105225,8.0,3.1528539657592773,270.0
650.0,False,True,0.7799999713897705,32.916954040527344,0.6302260160446167,1.6327393054962158,7.0,3.1185081005096436,270.0
650.0,False,True,0.7999999523162842,40.32900619506836,0.5107932090759277,1.2262393236160278,3.0,2.5150370597839355,270.0
650.0,False,True,0.5600000023841858,23.513296127319336,0.3515397608280182,0.8935070037841797,3.0,2.5763556957244873,270.0
650.0,False,True,0.7999999523162842,33.61771011352539,0.8073532581329346,1.5584959983825684,5.0,3.0776474475860596,270.0
650.0,False,True,0.7599999904632568,25.380123138427734,0.6979442238807678,0.7890409827232361,5.0,3.0256741046905518,270.0
650.0,False,True,0.8199999928474426,24.330320358276367,0.9152436256408691,0.9568696022033691,5.0,3.131035089492798,270.0
650.0,False,True,0.5,21.34406852722168,0.3435384929180145,0.7330531477928162,9.0,2.749192714691162,270.0
650.0,False,True,0.8199999928474426,20.07733154296875,0.8423308730125427,1.0578869581222534,6.0,3.1927192211151123,270.0
650.0,False,True,0.7999999523162842,21.708162307739258,0.6408465504646301,1.3192689418792725,5.0,3.026271343231201,270.0
650.0,False,True,2.2799999713897705,41.683738708496094,2.234614610671997,1.4675323963165283,11.0,3.1003243923187256,270.0
650.0,False,True,0.85999995470047,22.607492446899414,0.7457143664360046,1.699668526649475,14.0,3.126335382461548,270.0
650.0,False,True,0.9599999785423279,35.88540267944336,0.9986401200294495,1.1186285018920898,5.0,3.1069579124450684,270.0
650.0,False,True,1.3799999952316284,39.48326110839844,1.2813506126403809,1.4057366847991943,9.0,3.2947630882263184,270.0
650.0,False,True,0.7400000095367432,28.386442184448242,0.713596761226654,0.8036534190177917,6.0,3.132434129714966,270.0
650.0,False,True,0.5799999833106995,19.200366973876953,0.46836057305336,0.7422206401824951,4.0,2.7806460857391357,270.0
650.0,False,True,0.85999995470047,21.241727828979492,0.39688098430633545,0.7618173956871033,2.0,2.6711230278015137,270.0
650.0,False,True,0.7999999523162842,20.38811683654785,0.6609651446342468,1.6794697046279907,7.0,3.1167070865631104,270.0
650.0,False,True,0.8199999928474426,27.675254821777344,1.2129855155944824,1.1873586177825928,7.0,3.2376229763031006,270.0
650.0,False,True,1.1999999284744263,24.765193939208984,1.3017942905426025,1.5021514892578125,11.0,3.6710093021392822,270.0
650.0,False,True,0.5799999833106995,23.34150505065918,0.43921396136283875,0.801308274269104,4.0,2.784456729888916,270.0
650.0,False,True,0.3799999952316284,24.430574417114258,0.42098313570022583,1.0554285049438477,4.0,2.8855273723602295,270.0
650.0,False,True,0.7999999523162842,20.7401123046875,0.4897758662700653,1.3501641750335693,5.0,3.0722715854644775,270.0
650.0,False,True,1.1999999284744263,36.23355484008789,1.5029418468475342,1.500006914138794,14.0,3.377100706100464,270.0
650.0,False,True,0.7799999713897705,24.29598045349121,0.7574233412742615,0.7973000407218933,4.0,2.9756569862365723,270.0
650.0,False,True,0.7199999690055847,26.57538414001465,0.4380092918872833,1.006087064743042,8.0,3.0992841720581055,270.0
650.0,False,True,0.85999995470047,23.279333114624023,0.6148068904876709,0.7033267021179199,5.0,3.029754161834717,270.0
650.0,False,True,0.8199999928474426,31.579208374023438,1.3601244688034058,1.6332224607467651,13.0,3.312458038330078,270.0
650.0,False,True,0.8199999928474426,25.769519805908203,0.7574763894081116,1.7798104286193848,14.0,3.085846424102783,270.0
650.0,False,True,0.7999999523162842,22.840084075927734,0.8081793785095215,0.9564926028251648,6.0,3.1127114295959473,270.0
650.0,False,True,0.85999995470047,22.964258193969727,0.8956030607223511,1.5992324352264404,14.0,3.298736095428467,270.0
650.0,False,True,0.7999999523162842,23.402647018432617,0.9049726724624634,0.9888420104980469,6.0,3.1401822566986084,270.0
650.0,False,True,0.7799999713897705,21.76151466369629,0.593876302242279,1.6626777648925781,6.0,3.1124699115753174,270.0
650.0,False,True,0.7999999523162842,30.45467758178711,0.833427906036377,1.086568832397461,5.0,2.925877332687378,270.0
650.0,False,True,0.7999999523162842,19.551721572875977,0.6620752811431885,1.1048989295959473,5.0,3.1361989974975586,270.0
650.0,False,True,0.7799999713897705,25.21922492980957,0.7965030074119568,0.9080853462219238,5.0,3.054780960083008,270.0
650.0,False,True,0.8399999737739563,27.55864715576172,1.246489405632019,1.254961371421814,8.0,3.3608710765838623,270.0
650.0,False,True,0.7999999523162842,31.491670608520508,0.8672801852226257,0.9994586110115051,4.0,3.1132612228393555,270.0
650.0,False,True,0.35999998450279236,16.656600952148438,0.5186085104942322,0.9425954222679138,6.0,3.0272905826568604,270.0
650.0,False,True,0.8399999737739563,25.84357452392578,0.8330640196800232,1.5625011920928955,14.0,3.1090986728668213,270.0
650.0,False,True,0.5799999833106995,25.63964080810547,0.5282085537910461,0.8075212240219116,3.0,2.908548355102539,270.0
650.0,False,True,1.4199999570846558,39.94098663330078,1.4819567203521729,1.5299921035766602,14.0,3.332310438156128,270.0
650.0,True,False,nan,46.067195892333984,0.22795411944389343,0.827789843082428,5.0,2.7502858638763428,270.0
650.0,True,False,nan,49.577110290527344,0.23683348298072815,0.8563615679740906,7.0,3.0041043758392334,270.0
650.0,True,False,nan,45.518672943115234,0.21237726509571075,0.8100409507751465,5.0,2.6676974296569824,270.0
650.0,True,False,nan,49.255271911621094,0.19175784289836884,0.9776519536972046,6.0,2.204174280166626,270.0
650.0,True,False,nan,36.27873611450195,0.2675621509552002,0.9397274851799011,3.0,3.1360890865325928,270.0
700.0,True,False,nan,49.701560974121094,0.14051982760429382,0.9021721482276917,3.0,3.6924214363098145,0.0
700.0,True,False,nan,50.50705337524414,0.1435823142528534,0.8277891278266907,5.0,3.761474609375,0.0
700.0,True,False,nan,48.3421745300293,0.15151973068714142,0.9821469187736511,5.0,3.9316651821136475,0.0
700.0,True,False,nan,55.03206253051758,0.11871926486492157,1.2261818647384644,3.0,3.9507951736450195,0.0
700.0,True,False,nan,46.93928527832031,0.15424829721450806,0.8013141751289368,4.0,3.710386037826538,0.0
700.0,True,False,nan,54.213134765625,0.13672035932540894,0.9776517748832703,6.0,3.823838233947754,0.0
700.0,True,False,nan,48.11325454711914,0.13236171007156372,0.9236322641372681,6.0,3.546923875808716,0.0
700.0,True,False,nan,46.483253479003906,0.16562508046627045,0.8060926198959351,6.0,3.6506872177124023,0.0
700.0,True,False,nan,47.00505447387695,0.14641419053077698,0.7544462084770203,9.0,3.3612873554229736,0.0
700.0,True,False,nan,47.01027297973633,0.14456379413604736,0.8099125027656555,4.0,3.4568121433258057,0.0
700.0,True,False,nan,45.356929779052734,0.14240704476833344,1.1186294555664062,5.0,3.686791181564331,0.0
700.0,True,False,nan,45.14727020263672,0.15001076459884644,0.8036583065986633,6.0,3.4066216945648193,0.0
700.0,True,False,nan,47.62110900878906,0.16593384742736816,0.9397237300872803,3.0,3.537370204925537,0.0
700.0,True,False,nan,46.87147521972656,0.1515974998474121,0.7973009347915649,4.0,3.4578444957733154,0.0
700.0,True,False,nan,45.34492492675781,0.327670693397522,0.6904473304748535,12.0,3.506700038909912,0.0
700.0,True,False,nan,46.94664001464844,0.3894389271736145,0.7583764791488647,9.0,3.4169187545776367,0.0
700.0,True,False,nan,49.445716857910156,0.3723451495170593,0.8934986591339111,3.0,3.637874126434326,0.0
700.0,True,False,nan,45.5817756652832,0.3520084321498871,0.7330439686775208,9.0,3.371272087097168,0.0
700.0,True,False,nan,49.15049743652344,0.3587624430656433,0.7618148922920227,2.0,3.5441458225250244,0.0
700.0,True,False,nan,50.69900894165039,0.3278646469116211,0.8563599586486816,7.0,3.529468536376953,0.0
700.0,True,False,nan,46.54339599609375,0.40268033742904663,0.7422173023223877,4.0,3.7135512828826904,0.0
700.0,True,False,nan,45.13234329223633,0.345176100730896,0.8477886319160461,4.0,3.569492816925049,0.0
700.0,True,False,nan,46.49886703491211,0.08551031351089478,1.6967287063598633,11.0,3.7382595539093018,0.0
700.0,True,False,nan,51.157752990722656,0.43954816460609436,1.0554198026657104,4.0,3.472398281097412,0.0
700.0,True,False,nan,45.39720153808594,0.39903223514556885,0.9995900988578796,4.0,3.499725818634033,0.0
700.0,True,False,nan,46.75776672363281,0.4483324885368347,0.7863073945045471,9.0,3.548264741897583,0.0
700.0,True,False,nan,51.94442367553711,0.22924892604351044,1.4675300121307373,11.0,3.455923318862915,0.0
700.0,True,False,nan,49.42033004760742,0.2904582917690277,1.006086826324463,8.0,3.397512197494507,0.0
700.0,True,False,nan,50.47272872924805,0.4699128568172455,0.8075248003005981,3.0,3.233642101287842,0.0
700.0,True,False,nan,46.1147575378418,0.4941007196903229,0.7162033319473267,5.0,3.967285394668579,0.0
700.0,True,False,nan,47.07403564453125,0.49407491087913513,0.7033233046531677,5.0,3.672037363052368,0.0
700.0,True,False,nan,45.98103713989258,0.3120271563529968,1.0865744352340698,5.0,3.437695264816284,0.0
700.0,True,False,nan,45.35175704956055,0.2549988031387329,1.1987265348434448,7.0,3.606513500213623,0.0
700.0,True,False,nan,45.73133850097656,0.4890179932117462,0.7890331745147705,5.0,3.734147310256958,0.0
700.0,True,False,nan,46.882999420166016,0.4227534830570221,1.5021467208862305,11.0,3.1048216819763184,0.0
700.0,True,False,nan,45.37211227416992,0.5754678249359131,1.104904055595398,5.0,3.5378975868225098,0.0
700.0,True,False,nan,47.67979049682617,0.3328590393066406,1.5584968328475952,5.0,3.2745823860168457,0.0
700.0,True,False,nan,46.96547317504883,0.6013122797012329,1.3192678689956665,5.0,3.460919141769409,0.0
700.0,True,False,nan,45.95218276977539,0.14293597638607025,2.0220556259155273,5.0,3.0970206260681152,0.0
700.0,True,False,nan,48.35479736328125,0.19717860221862793,1.502394199371338,9.0,3.533302068710327,0.0
700.0,True,False,nan,51.304012298583984,0.4108526408672333,1.3840025663375854,8.0,3.5043210983276367,0.0
700.0,True,False,nan,46.32387924194336,0.28454655408859253,1.6327346563339233,7.0,3.500622510910034,0.0
700.0,False,True,0.6200000047683716,29.171232223510742,0.6255881786346436,1.064162015914917,6.0,3.3361642360687256,0.0
700.0,False,True,0.85999995470047,39.76093673706055,0.5374048948287964,1.3666083812713623,9.0,3.656644582748413,0.0
700.0,False,True,0.5999999642372131,27.26885414123535,0.3812344968318939,1.4491938352584839,5.0,3.3888580799102783,0.0
700.0,False,True,0.8199999928474426,29.849123001098633,1.3269954919815063,0.9568755626678467,5.0,3.3067145347595215,0.0
700.0,False,True,0.6200000047683716,36.78239440917969,0.5957944393157959,1.0578694343566895,6.0,3.770432233810425,0.0
700.0,False,True,0.2199999988079071,31.977272033691406,0.1255691647529602,1.6996530294418335,14.0,3.535783290863037,0.0
700.0,False,True,1.3600000143051147,40.143646240234375,0.5798211693763733,1.4057400226593018,9.0,3.2729737758636475,0.0
700.0,False,True,0.7599999904632568,31.57982063293457,0.4371628761291504,1.6794793605804443,7.0,3.4279332160949707,0.0
700.0,False,True,0.6200000047683716,41.58084487915039,0.5839769840240479,1.1873576641082764,7.0,3.6185312271118164,0.0
700.0,False,True,0.6200000047683716,26.91598129272461,0.4914267361164093,1.3501697778701782,5.0,3.2956929206848145,0.0
700.0,False,True,0.5199999809265137,38.727638244628906,0.2499369978904724,1.5000189542770386,14.0,3.2640552520751953,0.0
700.0,False,True,0.7999999523162842,37.11699676513672,0.3504428565502167,1.633224606513977,13.0,3.2233223915100098,0.0
700.0,False,True,0.29999998211860657,34.1268424987793,0.11980995535850525,1.7798174619674683,14.0,3.3784983158111572,0.0
700.0,False,True,0.8999999761581421,35.85533142089844,0.8215320110321045,0.9564893841743469,6.0,3.769693613052368,0.0
700.0,False,True,0.29999998211860657,35.16696548461914,0.1725369691848755,1.5992487668991089,14.0,3.5606164932250977,0.0
700.0,False,True,0.8399999737739563,33.08745193481445,1.078125238418579,0.9888378381729126,6.0,3.6186985969543457,0.0
700.0,False,True,0.7199999690055847,26.881437301635742,0.546109676361084,1.6626887321472168,6.0,3.21838116645813,0.0
700.0,False,True,0.8999999761581421,42.53059768676758,0.9659090042114258,0.9080841541290283,5.0,3.625265121459961,0.0
700.0,False,True,0.8799999952316284,42.001304626464844,0.618162989616394,1.2549487352371216,8.0,3.642235279083252,0.0
700.0,False,True,0.6200000047683716,31.980485916137695,0.7536328434944153,0.9425979852676392,6.0,3.465421199798584,0.0
700.0,False,True,0.2800000011920929,36.74784851074219,0.17491759359836578,1.562506914138794,14.0,3.683295249938965,0.0
700.0,False,True,0.8399999737739563,38.06403732299805,0.3634606599807739,1.5302070379257202,14.0,3.1964964866638184,0.0
700.0,True,False,nan,54.21332550048828,0.13672055304050446,0.9776505827903748,6.0,3.8238439559936523,0.0
700.0,True,False,nan,50.50703811645508,0.14358215034008026,0.827786386013031,5.0,3.761479377746582,0.0
700.0,True,False,nan,55.03049850463867,0.11872297525405884,1.226231336593628,3.0,3.9509217739105225,0.0
700.0,True,False,nan,46.48317337036133,0.16562211513519287,0.8061282634735107,6.0,3.6506991386413574,0.0
700.0,True,False,nan,49.701725006103516,0.14055666327476501,0.9018082618713379,3.0,3.692444324493408,0.0
700.0,True,False,nan,48.3421745300293,0.15152019262313843,0.9821344017982483,5.0,3.9316558837890625,0.0
700.0,True,False,nan,47.62104034423828,0.16593334078788757,0.9397249817848206,3.0,3.5373685359954834,0.0
700.0,True,False,nan,48.11374282836914,0.1323613077402115,0.9236411452293396,6.0,3.5469624996185303,0.0
700.0,True,False,nan,45.356903076171875,0.14240777492523193,1.118628978729248,5.0,3.6867897510528564,0.0
700.0,True,False,nan,46.93928527832031,0.15424853563308716,0.8013148307800293,4.0,3.7103850841522217,0.0
700.0,True,False,nan,47.004878997802734,0.14641299843788147,0.75445157289505,9.0,3.3612897396087646,0.0
700.0,True,False,nan,47.01027297973633,0.14456267654895782,0.8099157214164734,4.0,3.456822395324707,0.0
700.0,True,False,nan,46.872188568115234,0.15160015225410461,0.7973011136054993,4.0,3.457822561264038,0.0
700.0,True,False,nan,45.34489059448242,0.32964250445365906,0.6824962496757507,12.0,3.50703763961792,0.0
700.0,True,False,nan,46.94668197631836,0.3894379436969757,0.7583699226379395,9.0,3.416912794113159,0.0
700.0,True,False,nan,50.69932556152344,0.327860951423645,0.8563610315322876,7.0,3.5294792652130127,0.0
700.0,True,False,nan,49.44564437866211,0.37234312295913696,0.8935052752494812,3.0,3.6378655433654785,0.0
700.0,True,False,nan,49.15054702758789,0.358763188123703,0.7618160247802734,2.0,3.5441503524780273,0.0
700.0,True,False,nan,45.58155822753906,0.35200437903404236,0.7330513000488281,9.0,3.371269702911377,0.0
700.0,True,False,nan,46.5433464050293,0.4026793837547302,0.742218017578125,4.0,3.713549852371216,0.0
700.0,True,False,nan,45.13217544555664,0.3451777994632721,0.8477861881256104,4.0,3.569489002227783,0.0
700.0,True,False,nan,51.15742874145508,0.4395454525947571,1.05543053150177,4.0,3.4724080562591553,0.0
700.0,True,False,nan,45.3975715637207,0.3990282118320465,0.9995869398117065,4.0,3.4997291564941406,0.0
700.0,True,False,nan,54.727577209472656,0.22765794396400452,1.4674495458602905,14.0,3.4554624557495117,0.0
700.0,True,False,nan,46.73036575317383,0.08518578112125397,1.7052123546600342,14.0,3.7358856201171875,0.0
700.0,True,False,nan,41.356903076171875,0.4061957001686096,0.7863185405731201,9.0,3.5482888221740723,0.0
700.0,True,False,nan,1.6016889810562134,0.0,0.7162107229232788,9.0,0.0,0.0
700.0,True,False,nan,8.843268394470215,0.003747272305190563,1.5584995746612549,5.0,2.0929601192474365,0.0
700.0,True,False,nan,1.9561474323272705,0.0,0.8036559820175171,6.0,0.3984263837337494,0.0
700.0,True,False,nan,35.800106048583984,0.062216661870479584,1.502143144607544,11.0,3.1048007011413574,0.0
700.0,True,False,nan,2.471163511276245,0.0010338234715163708,0.7033271789550781,5.0,0.5539038181304932,0.0
700.0,True,False,nan,43.8823356628418,0.2252226322889328,1.0865813493728638,4.0,3.4376962184906006,0.0
700.0,True,False,nan,39.96000671386719,0.1476069688796997,1.1049097776412964,5.0,3.537896156311035,0.0
700.0,True,False,nan,35.73661422729492,0.31379562616348267,0.8075253963470459,3.0,3.233640193939209,0.0
700.0,True,False,nan,50.89432144165039,0.3904638886451721,0.9776490926742554,6.0,2.74147629737854,90.0
700.0,True,False,nan,49.82465744018555,0.620238721370697,0.7544435262680054,9.0,3.452249765396118,90.0
700.0,True,False,nan,45.195068359375,0.6475659608840942,0.809916615486145,4.0,3.3858466148376465,90.0
700.0,True,False,nan,51.19301986694336,0.41694751381874084,0.8277904391288757,5.0,2.798902750015259,90.0
700.0,True,False,nan,45.62526321411133,0.5354880094528198,1.5584802627563477,5.0,3.6815760135650635,90.0
700.0,True,False,nan,48.55800247192383,0.5828737616539001,0.8036558628082275,6.0,3.5437095165252686,90.0
700.0,True,False,nan,45.448150634765625,0.4405333399772644,1.7052102088928223,14.0,3.345310926437378,90.0
700.0,True,False,nan,47.75874328613281,0.6686591506004333,0.7972971200942993,4.0,3.597543239593506,90.0
700.0,True,False,nan,50.609535217285156,0.6007665991783142,1.086864948272705,5.0,3.617068290710449,90.0
700.0,True,False,nan,46.523109436035156,0.4640396535396576,1.5299991369247437,14.0,3.757056713104248,90.0
700.0,True,False,nan,47.119117736816406,0.4640747904777527,2.022071361541748,5.0,3.657609224319458,90.0
700.0,True,False,nan,45.39945602416992,0.5375694036483765,1.1186282634735107,5.0,3.4491424560546875,90.0
700.0,True,False,nan,49.73556900024414,0.5816426873207092,1.4057422876358032,9.0,3.6588306427001953,90.0
700.0,True,False,nan,46.17750930786133,0.5255774259567261,0.939728319644928,3.0,3.1649744510650635,90.0
700.0,True,False,nan,46.16010665893555,0.5194935202598572,1.5000152587890625,14.0,3.6639392375946045,90.0
700.0,True,False,nan,48.413230895996094,0.5656787753105164,1.6327389478683472,7.0,3.5057075023651123,90.0
700.0,True,False,nan,47.56159973144531,0.44137874245643616,1.4675308465957642,11.0,3.4265902042388916,90.0
700.0,True,False,nan,45.4306640625,0.6954010128974915,1.5019919872283936,11.0,3.7774980068206787,90.0
700.0,True,False,nan,47.56462478637695,0.5455003380775452,0.6904643177986145,12.0,2.7792513370513916,90.0
700.0,True,False,nan,45.58970642089844,0.4433523416519165,0.8061270117759705,6.0,2.6063072681427,90.0
700.0,True,False,nan,45.51151657104492,0.34002724289894104,1.2262327671051025,3.0,2.641859769821167,90.0
700.0,True,False,nan,47.0009880065918,1.0023586750030518,0.8563660979270935,7.0,2.82332181930542,90.0
700.0,True,False,nan,45.25608444213867,1.7086055278778076,1.6794710159301758,7.0,3.403505325317383,90.0
700.0,True,False,nan,47.622589111328125,1.056113839149475,0.7618120312690735,2.0,2.6505229473114014,90.0
700.0,True,False,nan,46.52627182006836,0.8398634791374207,0.9236298203468323,6.0,2.87274169921875,90.0
700.0,True,False,nan,45.36668014526367,1.7953919172286987,1.5024415254592896,9.0,3.337299108505249,90.0
700.0,True,False,nan,45.755855560302734,1.0972894430160522,0.7330490350723267,9.0,2.718851089477539,90.0
700.0,True,False,nan,46.68622589111328,1.6208661794662476,1.6626697778701782,6.0,3.3721206188201904,90.0
700.0,True,False,nan,45.86017990112305,1.4291261434555054,1.1049143075942993,5.0,3.498075485229492,90.0
700.0,True,False,nan,46.455562591552734,2.0319740772247314,1.3501814603805542,5.0,3.3620569705963135,90.0
700.0,True,False,nan,45.223167419433594,1.7054646015167236,0.7863066792488098,9.0,2.668774366378784,90.0
700.0,True,False,nan,49.05012512207031,0.8737682104110718,0.8477774858474731,4.0,2.8515267372131348,90.0
700.0,True,False,nan,46.239044189453125,1.23390793800354,0.7583778500556946,9.0,2.775766372680664,90.0
700.0,False,True,1.559999942779541,41.009246826171875,1.2925795316696167,0.9039769172668457,3.0,2.7578790187835693,90.0
700.0,False,True,2.1399998664855957,22.697385787963867,2.756862163543701,1.0641679763793945,6.0,3.3150362968444824,90.0
700.0,False,True,2.1399998664855957,29.52947235107422,2.702517032623291,1.3666045665740967,9.0,3.4639225006103516,90.0
700.0,False,False,nan,36.58696746826172,3.613393545150757,1.1987276077270508,7.0,3.4904096126556396,90.0
700.0,False,True,1.159999966621399,31.62769317626953,1.4290132522583008,0.7162115573883057,5.0,2.8408961296081543,90.0
700.0,False,False,nan,43.42832565307617,5.589584827423096,1.4491878747940063,5.0,3.496742010116577,90.0
700.0,False,True,1.7799999713897705,34.11967468261719,1.0762443542480469,0.9821431636810303,5.0,2.5556623935699463,90.0
700.0,False,True,2.0399999618530273,33.21367645263672,3.750826358795166,1.3746140003204346,6.0,3.5109782218933105,90.0
700.0,False,True,1.159999966621399,26.398475646972656,0.8623461723327637,0.8934984803199768,3.0,2.560817241668701,90.0
700.0,False,True,1.1799999475479126,26.315338134765625,1.0387791395187378,0.7888619899749756,5.0,2.8608500957489014,90.0
700.0,False,True,2.1599998474121094,27.175765991210938,3.508230209350586,0.9568603038787842,5.0,3.255689859390259,90.0
700.0,False,False,nan,27.41024398803711,3.4477362632751465,1.0578715801239014,6.0,3.5224928855895996,90.0
700.0,False,True,2.4600000381469727,35.55556106567383,4.176745414733887,1.319278597831726,5.0,3.4481003284454346,90.0
700.0,False,True,1.459999918937683,22.969562530517578,2.588792324066162,1.699661135673523,14.0,3.468529462814331,90.0
700.0,False,True,1.2400000095367432,27.98118019104004,1.4359478950500488,0.7422230243682861,4.0,2.734443187713623,90.0
700.0,False,True,1.5799999237060547,39.702880859375,2.767571449279785,1.187348484992981,7.0,3.5907671451568604,90.0
700.0,False,True,1.2599999904632568,35.65311813354492,1.3688498735427856,0.8013191223144531,4.0,2.82415771484375,90.0
700.0,False,True,0.6800000071525574,20.91678810119629,0.7230547666549683,1.0554207563400269,4.0,2.810089111328125,90.0
700.0,False,True,2.5,32.331382751464844,3.0789735317230225,1.0060856342315674,8.0,3.1288390159606934,90.0
700.0,False,True,1.7799999713897705,25.684297561645508,1.621838927268982,0.7033274173736572,5.0,2.8369927406311035,90.0
700.0,False,True,1.4800000190734863,36.05988693237305,2.67056941986084,1.633227825164795,13.0,3.554823637008667,90.0
700.0,False,True,1.5,31.85201072692871,2.812112331390381,1.779853343963623,14.0,3.4268429279327393,90.0
700.0,False,True,1.6799999475479126,25.732118606567383,1.5756317377090454,0.9564797282218933,6.0,3.301299810409546,90.0
700.0,False,True,1.5,33.39837646484375,2.908384323120117,1.5992324352264404,14.0,3.5844171047210693,90.0
700.0,False,True,1.4199999570846558,22.509300231933594,1.5121721029281616,0.9883244037628174,6.0,3.1691863536834717,90.0
700.0,False,True,1.1200000047683716,31.091066360473633,1.5870814323425293,0.9080808162689209,5.0,3.3641233444213867,90.0
700.0,False,True,1.5399999618530273,33.487369537353516,2.8599648475646973,1.254959225654602,8.0,3.5746021270751953,90.0
700.0,False,True,1.100000023841858,34.23027801513672,0.9114404916763306,0.999459981918335,4.0,2.989424705505371,90.0
700.0,False,True,1.2599999904632568,31.532169342041016,1.4937125444412231,0.9425967335700989,6.0,3.2301666736602783,90.0
700.0,False,True,1.4800000190734863,25.605684280395508,2.7917580604553223,1.5625123977661133,14.0,3.5451173782348633,90.0
700.0,False,True,0.9399999976158142,17.109600067138672,0.796793520450592,0.8075129985809326,3.0,2.8750863075256348,90.0
700.0,True,False,nan,50.89486312866211,0.3904625475406647,0.9776477813720703,6.0,2.7414801120758057,90.0
700.0,True,False,nan,50.51128387451172,0.6012821793556213,1.0865774154663086,5.0,3.6222429275512695,90.0
700.0,True,False,nan,45.44728088378906,0.44053536653518677,1.7052134275436401,14.0,3.345301866531372,90.0
700.0,True,False,nan,45.63513946533203,0.5355434417724609,1.5584990978240967,5.0,3.6823954582214355,90.0
700.0,True,False,nan,29.004138946533203,0.39373093843460083,2.0220696926116943,5.0,3.6575920581817627,90.0
700.0,True,False,nan,34.82898712158203,0.3972916603088379,0.8277879357337952,5.0,2.7988855838775635,90.0
700.0,True,False,nan,34.93790817260742,0.4989466965198517,1.6327025890350342,7.0,3.5058906078338623,90.0
700.0,True,False,nan,5.5478596687316895,0.014528782106935978,1.2262451648712158,3.0,1.7128812074661255,90.0
700.0,True,False,nan,3.964226007461548,0.0,1.4683703184127808,9.0,1.3931812047958374,90.0
700.0,True,False,nan,39.36163330078125,0.5443918704986572,1.405737280845642,9.0,3.6589877605438232,90.0
700.0,True,False,nan,3.917466640472412,0.0,0.7618114948272705,7.0,0.0,90.0
700.0,True,False,nan,26.42616081237793,0.461570680141449,1.5019840002059937,11.0,3.7774817943573,90.0
700.0,True,False,nan,19.59600257873535,0.4989670217037201,0.7972967028617859,4.0,3.597543478012085,90.0
700.0,True,False,nan,21.6710147857666,0.24470660090446472,0.690446138381958,21.0,2.779235363006592,90.0
700.0,True,False,nan,2.7714223861694336,0.0,0.9236343502998352,6.0,0.4958634078502655,90.0
700.0,True,False,nan,14.953512191772461,0.17049458622932434,0.8061223030090332,6.0,2.6063034534454346,90.0
700.0,True,False,nan,11.90638542175293,0.12966784834861755,0.8563641309738159,7.0,2.595355272293091,90.0
700.0,True,False,nan,16.204132080078125,0.1568284034729004,1.530002474784851,14.0,3.4771032333374023,90.0
700.0,True,False,nan,47.86382293701172,0.43515342473983765,0.7583725452423096,9.0,3.658292055130005,180.0
700.0,True,False,nan,50.8193244934082,0.4229440987110138,0.8277925252914429,5.0,4.1189351081848145,180.0
700.0,True,False,nan,51.379207611083984,0.44233620166778564,0.9397225379943848,3.0,3.933588981628418,180.0
700.0,True,False,nan,46.731563568115234,0.42395004630088806,0.8061283230781555,6.0,3.862178087234497,180.0
700.0,True,False,nan,52.04947280883789,0.44513142108917236,0.8563507795333862,7.0,3.785268783569336,180.0
700.0,True,False,nan,45.45563507080078,0.446810781955719,1.3825666904449463,8.0,3.871634006500244,180.0
700.0,True,False,nan,45.103553771972656,0.4055696427822113,1.632735013961792,7.0,3.7936575412750244,180.0
700.0,True,False,nan,45.99750518798828,0.41351428627967834,1.5585001707077026,5.0,3.788167953491211,180.0
700.0,True,False,nan,46.20109176635742,0.4497738778591156,1.1322243213653564,5.0,3.7395594120025635,180.0
700.0,True,False,nan,46.42416000366211,0.49715763330459595,0.6824951171875,12.0,3.7695140838623047,180.0
700.0,True,False,nan,50.90422058105469,0.5128945708274841,0.847761332988739,4.0,3.8003225326538086,180.0
700.0,True,False,nan,46.93594741821289,0.3767334520816803,2.022066593170166,5.0,3.496943950653076,180.0
700.0,True,False,nan,50.613441467285156,0.5138503313064575,1.1987179517745972,7.0,3.77694034576416,180.0
700.0,True,False,nan,50.45315933227539,0.44204989075660706,1.468376636505127,9.0,3.954484224319458,180.0
700.0,True,False,nan,47.912471771240234,0.4890550374984741,1.4057469367980957,9.0,3.752620220184326,180.0
700.0,True,False,nan,50.03714370727539,0.4330330193042755,1.7052046060562134,14.0,3.699514389038086,180.0
700.0,True,False,nan,47.37441635131836,0.5453311204910278,1.006079077720642,8.0,3.8835885524749756,180.0
700.0,True,False,nan,49.88743209838867,0.5188411474227905,1.0865894556045532,5.0,3.837860584259033,180.0
700.0,True,False,nan,49.71556091308594,0.48513978719711304,0.9994574785232544,4.0,3.582749605178833,180.0
700.0,True,False,nan,49.30237579345703,0.4935261607170105,1.5024372339248657,9.0,3.7999396324157715,180.0
700.0,True,False,nan,50.0700569152832,0.5002078413963318,1.4491816759109497,5.0,3.764756202697754,180.0
700.0,True,False,nan,46.14788818359375,0.578827440738678,0.7330514788627625,9.0,3.8049092292785645,180.0
700.0,True,False,nan,47.05126190185547,0.5163601040840149,1.3192635774612427,5.0,3.7027525901794434,180.0
700.0,True,False,nan,50.85432815551758,0.5511499643325806,0.7618167996406555,2.0,3.873055934906006,180.0
700.0,True,False,nan,46.52577209472656,0.5214068293571472,1.350162148475647,5.0,3.76961088180542,180.0
700.0,True,False,nan,49.09140396118164,0.48604393005371094,0.9236295223236084,6.0,3.5643298625946045,180.0
700.0,True,False,nan,45.943180084228516,0.5548182725906372,0.9039764404296875,3.0,3.460491418838501,180.0
700.0,True,False,nan,47.0736198425293,0.5428087711334229,1.5021448135375977,11.0,3.5206263065338135,180.0
700.0,True,False,nan,46.77364730834961,0.4715203642845154,0.9776523113250732,6.0,3.816540002822876,180.0
700.0,True,False,nan,46.62595748901367,0.608172595500946,1.1049110889434814,5.0,3.6481618881225586,180.0
700.0,True,False,nan,46.764381408691406,0.5696536898612976,1.5300018787384033,14.0,4.277716636657715,180.0
700.0,True,False,nan,48.61701965332031,0.6041072010993958,1.6794732809066772,7.0,3.459263324737549,180.0
700.0,True,False,nan,45.37156677246094,0.8988977670669556,0.7972981333732605,4.0,3.672184705734253,180.0
700.0,True,False,nan,50.04766082763672,0.5847960710525513,1.6626701354980469,6.0,3.503831148147583,180.0
700.0,True,False,nan,45.14720916748047,1.1216262578964233,0.7544445991516113,9.0,3.627377510070801,180.0
700.0,True,False,nan,46.01569366455078,1.083815097808838,0.809917151927948,4.0,3.5503931045532227,180.0
700.0,True,False,nan,46.538997650146484,1.201395034790039,0.8036554455757141,6.0,3.7885823249816895,180.0
700.0,True,False,nan,47.81319808959961,1.3631185293197632,1.2262325286865234,3.0,3.567305326461792,180.0
700.0,True,False,nan,46.005584716796875,1.8187834024429321,1.5000134706497192,14.0,3.7583112716674805,180.0
700.0,True,False,nan,45.12491989135742,2.3834116458892822,1.633215069770813,13.0,3.556227922439575,180.0
700.0,False,True,1.2999999523162842,21.6737060546875,1.941236972808838,0.7863150238990784,9.0,3.8082799911499023,180.0
700.0,False,True,1.3199999332427979,18.420467376708984,2.015519857406616,1.0641627311706543,6.0,3.76235032081604,180.0
700.0,False,True,2.440000057220459,33.09461212158203,4.171611785888672,1.3666191101074219,9.0,3.3422646522521973,180.0
700.0,False,True,1.5999999046325684,22.745460510253906,2.60837984085083,0.7162033319473267,5.0,3.674792528152466,180.0
700.0,False,True,0.9599999785423279,13.903839111328125,1.3961557149887085,0.9821418523788452,5.0,3.594128370285034,180.0
700.0,False,True,1.5199999809265137,20.051401138305664,1.682818055152893,0.8935045003890991,3.0,3.7828903198242188,180.0
700.0,False,True,1.100000023841858,18.009300231933594,1.804425597190857,0.7890328764915466,5.0,3.4789516925811768,180.0
700.0,False,True,0.9399999976158142,14.450406074523926,1.4599019289016724,0.9568702578544617,5.0,3.6343326568603516,180.0
700.0,False,True,1.5199999809265137,22.680034637451172,2.4132418632507324,1.0579264163970947,6.0,3.6403870582580566,180.0
700.0,False,True,1.1399999856948853,25.434415817260742,1.8340113162994385,1.6996551752090454,14.0,3.465883731842041,180.0
700.0,False,True,1.559999942779541,25.7562255859375,2.58595609664917,0.7422141432762146,4.0,3.782831907272339,180.0
700.0,False,True,2.119999885559082,34.13656997680664,4.2212347984313965,1.1873420476913452,7.0,3.587662935256958,180.0
700.0,False,True,1.3600000143051147,24.518199920654297,2.364229440689087,0.8013176918029785,4.0,3.4353561401367188,180.0
700.0,False,True,1.2400000095367432,20.646800994873047,0.9952988028526306,1.0554382801055908,4.0,3.537245988845825,180.0
700.0,False,True,1.1399999856948853,17.20286750793457,1.8022918701171875,0.7033272385597229,5.0,3.547290086746216,180.0
700.0,False,True,2.0999999046325684,31.65228271484375,3.4437053203582764,1.7798435688018799,14.0,3.504427194595337,180.0
700.0,False,True,1.2799999713897705,20.600339889526367,2.0201077461242676,0.9564787149429321,6.0,3.558870553970337,180.0
700.0,False,True,1.4399999380111694,29.27217674255371,2.4624722003936768,1.5992282629013062,14.0,3.4256412982940674,180.0
700.0,False,True,0.9799999594688416,17.043556213378906,1.5908318758010864,0.9888349175453186,6.0,3.4001924991607666,180.0
700.0,False,True,1.5199999809265137,23.219465255737305,2.273184299468994,0.9080836772918701,5.0,3.4926462173461914,180.0
700.0,False,True,1.7999999523162842,30.972801208496094,2.790168523788452,1.2549399137496948,8.0,3.558866024017334,180.0
700.0,False,True,1.3600000143051147,19.514450073242188,2.146378755569458,0.9426103234291077,6.0,3.7703943252563477,180.0
700.0,False,True,1.4399999380111694,26.941770553588867,2.1950995922088623,1.5625020265579224,14.0,3.444636106491089,180.0
700.0,False,True,1.1200000047683716,16.853361129760742,1.4685012102127075,0.8075640797615051,3.0,3.6122169494628906,180.0
700.0,True,False,nan,50.81928253173828,0.42294588685035706,0.8277896046638489,5.0,4.118938446044922,180.0
700.0,True,False,nan,51.379512786865234,0.44233638048171997,0.9397261142730713,3.0,3.933584451675415,180.0
700.0,True,False,nan,52.04981994628906,0.4451305866241455,0.8563596606254578,7.0,3.785259246826172,180.0
700.0,True,False,nan,47.86372375488281,0.4351554811000824,0.7583737373352051,9.0,3.6582911014556885,180.0
700.0,True,False,nan,47.55038070678711,0.4242478311061859,0.8065066337585449,7.0,3.8662960529327393,180.0
700.0,True,False,nan,50.90422439575195,0.5128891468048096,0.8477814197540283,4.0,3.800326108932495,180.0
700.0,True,False,nan,46.61402893066406,0.44726353883743286,1.3782026767730713,6.0,3.8734076023101807,180.0
700.0,True,False,nan,46.278133392333984,0.49475181102752686,0.6904429793357849,12.0,3.76930832862854,180.0
700.0,True,False,nan,45.10340118408203,0.40561550855636597,1.632706642150879,7.0,3.793858528137207,180.0
700.0,True,False,nan,45.99725341796875,0.4135144352912903,1.5585004091262817,5.0,3.78816556930542,180.0
700.0,True,False,nan,46.2010612487793,0.44977447390556335,1.1322282552719116,5.0,3.7395644187927246,180.0
700.0,True,False,nan,50.61336898803711,0.5138486623764038,1.198729157447815,7.0,3.7769434452056885,180.0
700.0,True,False,nan,50.129150390625,0.4480018615722656,1.4675323963165283,11.0,4.007452964782715,180.0
700.0,True,False,nan,50.03733825683594,0.43303170800209045,1.7052088975906372,14.0,3.6995301246643066,180.0
700.0,True,False,nan,50.85425567626953,0.5511509776115417,0.7618157863616943,2.0,3.873055934906006,180.0
700.0,True,False,nan,47.3741340637207,0.5453291535377502,1.0060820579528809,8.0,3.8835885524749756,180.0
700.0,True,False,nan,49.8871955871582,0.5188445448875427,1.086579442024231,5.0,3.8378727436065674,180.0
700.0,True,False,nan,46.93581771850586,0.37672945857048035,2.0220847129821777,5.0,3.4969518184661865,180.0
700.0,True,False,nan,49.71500778198242,0.48514029383659363,0.9994595050811768,4.0,3.582761764526367,180.0
700.0,True,False,nan,46.14883041381836,0.5788243412971497,0.7330513000488281,9.0,3.804896116256714,180.0
700.0,True,False,nan,47.912410736083984,0.4890540540218353,1.405747413635254,9.0,3.7526068687438965,180.0
700.0,True,False,nan,49.302425384521484,0.4935261309146881,1.5024334192276,9.0,3.7999401092529297,180.0
700.0,True,False,nan,50.06969451904297,0.5002064108848572,1.4491853713989258,5.0,3.7647483348846436,180.0
700.0,True,False,nan,47.0511474609375,0.5163587331771851,1.3192641735076904,5.0,3.702753782272339,180.0
700.0,True,False,nan,46.5263557434082,0.5214049816131592,1.3501640558242798,5.0,3.7696146965026855,180.0
700.0,True,False,nan,46.774017333984375,0.47151973843574524,0.9776555895805359,6.0,3.8165483474731445,180.0
700.0,True,False,nan,47.06974792480469,0.5427802801132202,1.5019886493682861,11.0,3.5210375785827637,180.0
700.0,True,False,nan,46.6258544921875,0.6081733107566833,1.1049127578735352,5.0,3.648160934448242,180.0
700.0,True,False,nan,46.76448059082031,0.5696557760238647,1.5299931764602661,14.0,4.277723789215088,180.0
700.0,True,False,nan,49.09331512451172,0.4860535264015198,0.9236208200454712,6.0,3.5643150806427,180.0
700.0,True,False,nan,45.370548248291016,0.8988956212997437,0.7972961664199829,4.0,3.6721670627593994,180.0
700.0,True,False,nan,30.828411102294922,0.5219066143035889,0.9018272161483765,3.0,3.441080331802368,180.0
700.0,True,False,nan,39.64549255371094,0.8256910443305969,0.7544501423835754,9.0,3.6274502277374268,180.0
700.0,True,False,nan,38.03968048095703,0.8141894936561584,0.8099199533462524,4.0,3.5503687858581543,180.0
700.0,True,False,nan,3.558149576187134,0.02159079536795616,1.226241946220398,8.0,2.3218424320220947,180.0
700.0,True,False,nan,22.900129318237305,0.4207596182823181,0.803659200668335,5.0,3.788569927215576,180.0
700.0,True,False,nan,12.922682762145996,0.28652703762054443,1.6794722080230713,7.0,3.4592671394348145,180.0
700.0,True,False,nan,30.90802001953125,0.4220729470252991,1.6626776456832886,6.0,3.5038211345672607,180.0
700.0,True,False,nan,46.80000686645508,0.2529323697090149,0.8277893662452698,5.0,2.9897162914276123,270.0
700.0,True,False,nan,48.88020706176758,0.2802598476409912,0.939725399017334,3.0,3.331819772720337,270.0
700.0,True,False,nan,46.33671951293945,0.17369428277015686,1.7052112817764282,14.0,3.5284459590911865,270.0
700.0,True,False,nan,45.89971923828125,0.23524397611618042,0.8100488781929016,5.0,2.906332492828369,270.0
700.0,True,False,nan,53.29804992675781,0.2619679272174835,0.8563610911369324,7.0,3.214994192123413,270.0
700.0,True,False,nan,51.27042770385742,0.24639299511909485,0.7583798766136169,9.0,2.9654958248138428,270.0
700.0,True,False,nan,47.560455322265625,0.33094552159309387,0.9018076062202454,3.0,2.9700706005096436,270.0
700.0,True,False,nan,48.72479248046875,0.20408135652542114,0.9776563048362732,6.0,2.401494264602661,270.0
700.0,True,False,nan,48.985252380371094,0.23172326385974884,0.6824983954429626,12.0,2.859773635864258,270.0
700.0,True,False,nan,50.125457763671875,0.33319199085235596,0.923632025718689,6.0,3.118417739868164,270.0
700.0,True,False,nan,48.28363800048828,0.28509756922721863,0.8477805256843567,4.0,3.298750400543213,270.0
700.0,True,False,nan,48.91470718383789,0.24784937500953674,1.226243257522583,3.0,2.629798412322998,270.0
700.0,True,False,nan,45.24878692626953,0.26630353927612305,1.4675291776657104,11.0,3.3199501037597656,270.0
700.0,True,False,nan,47.00935745239258,0.35472187399864197,1.132216453552246,5.0,3.345980644226074,270.0
700.0,True,False,nan,49.51128005981445,0.44099023938179016,0.8036565184593201,6.0,3.212543249130249,270.0
700.0,True,False,nan,47.518001556396484,0.25701525807380676,2.022068738937378,5.0,3.2189388275146484,270.0
700.0,True,False,nan,46.99647521972656,0.41987931728363037,1.4057406187057495,9.0,3.261509895324707,270.0
700.0,True,False,nan,46.43989944458008,0.43363311886787415,1.5299978256225586,14.0,3.46623158454895,270.0
700.0,True,False,nan,46.025848388671875,0.8565838932991028,1.502373218536377,9.0,3.4694042205810547,270.0
700.0,True,False,nan,48.88695526123047,1.2233271598815918,1.6327323913574219,7.0,3.3305411338806152,270.0
700.0,True,False,nan,46.76487731933594,0.7747883796691895,0.7618173360824585,2.0,2.8964035511016846,270.0
700.0,True,False,nan,56.20930480957031,0.8155146837234497,1.3782016038894653,6.0,3.3662102222442627,270.0
700.0,False,True,0.6200000047683716,19.846776962280273,0.5359932780265808,0.7863131761550903,9.0,2.924769163131714,270.0
700.0,False,True,0.7999999523162842,40.4215087890625,0.6915584802627563,0.7544416785240173,9.0,3.169792890548706,270.0
700.0,False,True,0.7999999523162842,18.75433921813965,0.782389223575592,1.0641828775405884,6.0,3.3037426471710205,270.0
700.0,False,True,0.7999999523162842,35.78231430053711,1.000688910484314,1.366606593132019,9.0,3.3244314193725586,270.0
700.0,False,True,0.7599999904632568,25.5505428314209,0.6709930300712585,0.8099197149276733,4.0,3.297882318496704,270.0
700.0,False,True,0.9199999570846558,36.457481384277344,1.4153422117233276,1.1987255811691284,7.0,3.379896640777588,270.0
700.0,False,True,0.85999995470047,23.916027069091797,0.6455314755439758,0.7162099480628967,5.0,3.172201633453369,270.0
700.0,False,True,0.8199999928474426,24.50438690185547,0.8292667865753174,1.449188232421875,5.0,3.273911714553833,270.0
700.0,False,True,0.6200000047683716,26.017070770263672,0.465606689453125,0.9821386933326721,5.0,2.7863478660583496,270.0
700.0,False,True,1.1200000047683716,39.66358947753906,0.7506152987480164,0.8935064673423767,3.0,2.7999351024627686,270.0
700.0,False,True,1.4199999570846558,44.805458068847656,1.422776460647583,1.5584993362426758,5.0,3.173247814178467,270.0
700.0,False,True,0.8199999928474426,27.21923065185547,0.8013848662376404,0.7890369892120361,5.0,3.265133857727051,270.0
700.0,False,True,1.4199999570846558,27.01949691772461,1.4792646169662476,0.9568720459938049,5.0,3.394800901412964,270.0
700.0,False,True,0.85999995470047,31.162092208862305,0.4677862226963043,0.7330468893051147,9.0,2.9832096099853516,270.0
700.0,False,True,0.9599999785423279,23.73871612548828,1.2515488862991333,1.0578781366348267,6.0,3.3460628986358643,270.0
700.0,False,True,0.7999999523162842,26.873605728149414,0.8912475109100342,1.3192676305770874,5.0,3.272620439529419,270.0
700.0,False,True,0.85999995470047,29.2663631439209,1.095410943031311,1.6996504068374634,14.0,3.3670871257781982,270.0
700.0,False,True,0.5999999642372131,22.11052703857422,0.52118319272995,0.7422205209732056,4.0,2.901658296585083,270.0
700.0,False,True,0.7799999713897705,26.5986328125,1.0174634456634521,1.6794745922088623,7.0,3.3837196826934814,270.0
700.0,False,True,1.3600000143051147,34.99711608886719,1.9001684188842773,1.187361240386963,7.0,3.395390748977661,270.0
700.0,False,True,1.2200000286102295,32.65956497192383,1.8158589601516724,1.5021536350250244,11.0,3.8003737926483154,270.0
700.0,False,True,0.8399999737739563,35.73713684082031,0.6013418436050415,0.8013136386871338,4.0,2.908332109451294,270.0
700.0,False,True,0.5199999809265137,27.012386322021484,0.5123626589775085,1.0554230213165283,4.0,3.042741298675537,270.0
700.0,False,True,0.7999999523162842,25.37750244140625,0.7161218523979187,1.3501639366149902,5.0,3.337517499923706,270.0
700.0,False,True,2.440000057220459,42.8116569519043,3.4145126342773438,1.5000032186508179,14.0,3.5489351749420166,270.0
700.0,False,True,0.8199999928474426,41.254737854003906,0.7561655640602112,0.7972971200942993,4.0,3.227681875228882,270.0
700.0,False,True,0.7599999904632568,30.484220504760742,0.7538280487060547,1.0060853958129883,8.0,3.3804140090942383,270.0
700.0,False,True,0.8399999737739563,26.3074951171875,0.6484825015068054,0.7033336162567139,5.0,3.1120731830596924,270.0
700.0,False,True,1.4399999380111694,38.33291244506836,1.9817079305648804,1.6332240104675293,13.0,3.387897253036499,270.0
700.0,False,True,0.7999999523162842,33.01996612548828,1.1516221761703491,1.779848337173462,14.0,3.3111119270324707,270.0
700.0,False,True,0.7999999523162842,25.21050453186035,1.0556690692901611,0.9564900398254395,6.0,3.3755102157592773,270.0
700.0,False,True,0.85999995470047,31.100976943969727,1.413548469543457,1.5992387533187866,14.0,3.4033732414245605,270.0
700.0,False,True,0.8799999952316284,26.616544723510742,1.3097509145736694,0.9888389706611633,6.0,3.384122848510742,270.0
700.0,False,True,0.7599999904632568,25.587621688842773,0.9113717079162598,1.66267991065979,6.0,3.3789758682250977,270.0
700.0,False,True,0.7599999904632568,37.93537139892578,0.907910168170929,1.0865691900253296,5.0,3.1270594596862793,270.0
700.0,False,True,0.7799999713897705,24.734865188598633,0.9177119135856628,1.1049094200134277,5.0,3.2814559936523438,270.0
700.0,False,True,0.8199999928474426,27.18893051147461,1.182411789894104,0.9080950021743774,5.0,3.2885677814483643,270.0
700.0,False,True,1.4399999380111694,36.36176300048828,1.9615455865859985,1.2549562454223633,8.0,3.5230493545532227,270.0
700.0,False,True,0.7799999713897705,36.33359909057617,0.9136339426040649,0.9994581341743469,4.0,3.35194993019104,270.0
700.0,False,True,0.7799999713897705,19.01789093017578,0.7097388505935669,0.942599892616272,6.0,3.247529983520508,270.0
700.0,False,True,0.8399999737739563,32.226253509521484,1.1406413316726685,1.562501072883606,14.0,3.3253769874572754,270.0
700.0,False,True,0.5799999833106995,27.432239532470703,0.5876824259757996,0.8075261116027832,3.0,3.1516685485839844,270.0
700.0,True,False,nan,46.79986572265625,0.25293245911598206,0.827785313129425,5.0,2.989712953567505,270.0
700.0,True,False,nan,53.296836853027344,0.2619696259498596,0.8563659191131592,7.0,3.2150001525878906,270.0
700.0,True,False,nan,48.8796501159668,0.28025856614112854,0.9397233724594116,3.0,3.3318123817443848,270.0
700.0,True,False,nan,45.826507568359375,0.23565711081027985,0.8061285614967346,6.0,2.913825273513794,270.0
700.0,True,False,nan,47.56117630004883,0.3308565616607666,0.9021767377853394,3.0,2.9700584411621094,270.0
700.0,True,False,nan,51.27167510986328,0.2463940680027008,0.7583674788475037,9.0,2.9654951095581055,270.0
700.0,True,False,nan,49.290313720703125,0.33674418926239014,0.923627495765686,6.0,3.1180334091186523,270.0
700.0,True,False,nan,48.72471618652344,0.20408497750759125,0.9776483774185181,6.0,2.401487112045288,270.0
700.0,True,False,nan,46.3365592956543,0.17369474470615387,1.7052115201950073,14.0,3.528441905975342,270.0
700.0,True,False,nan,1.9215247631072998,0.0,1.2261863946914673,8.0,0.0,270.0
700.0,True,False,nan,38.344810485839844,0.24879251420497894,1.4675325155258179,11.0,3.3199470043182373,270.0
700.0,True,False,nan,25.383819580078125,0.19193780422210693,1.1322226524353027,5.0,3.3459765911102295,270.0
700.0,True,False,nan,3.8050343990325928,0.04541498422622681,0.6904468536376953,12.0,1.8179965019226074,270.0
